[2025-02-15 21:01:18,373 I 439 439] core_worker_process.cc:107: Constructing CoreWorkerProcess. pid: 439
[2025-02-15 21:01:18,458 I 439 439] io_service_pool.cc:35: IOServicePool is running with 1 io_service.
[2025-02-15 21:01:18,463 I 439 439] grpc_server.cc:134: worker server started, listening on port 36875.
[2025-02-15 21:01:18,474 I 439 439] core_worker.cc:275: Initializing worker at address: 172.19.0.2:36875 worker_id=3970c51d553f9efebfac18b437e14a333906459757c94570f01e268c node_id=752ac4f92daae43b5e6788582e57659b4a80764e0181b1cee6c12bc5
[2025-02-15 21:01:18,474 I 439 439] task_event_buffer.cc:257: Reporting task events to GCS every 1000ms.
[2025-02-15 21:01:18,478 I 439 439] core_worker.cc:703: Adjusted worker niceness to 15
[2025-02-15 21:01:18,478 I 439 1009] core_worker.cc:642: Event stats:


Global stats: 10 total (8 active)
Queueing time: mean = 23.088 us, max = 200.919 us, min = 29.963 us, total = 230.882 us
Execution time:  mean = 1.583 us, total = 15.833 us
Event stats:
	PeriodicalRunner.RunFnPeriodically - 5 total (3 active, 1 running), Execution time: mean = 3.167 us, total = 15.833 us, Queueing time: mean = 46.176 us, max = 200.919 us, min = 29.963 us, total = 230.882 us
	ray::rpc::InternalPubSubGcsService.grpc_client.GcsSubscriberCommandBatch - 1 total (1 active), Execution time: mean = 0.000 s, total = 0.000 s, Queueing time: mean = 0.000 s, max = -0.000 s, min = 9223372036.855 s, total = 0.000 s
	ray::rpc::InternalPubSubGcsService.grpc_client.GcsSubscriberPoll - 1 total (1 active), Execution time: mean = 0.000 s, total = 0.000 s, Queueing time: mean = 0.000 s, max = -0.000 s, min = 9223372036.855 s, total = 0.000 s
	CoreWorker.ExitIfParentRayletDies - 1 total (1 active), Execution time: mean = 0.000 s, total = 0.000 s, Queueing time: mean = 0.000 s, max = -0.000 s, min = 9223372036.855 s, total = 0.000 s
	ray::rpc::WorkerInfoGcsService.grpc_client.AddWorkerInfo - 1 total (1 active), Execution time: mean = 0.000 s, total = 0.000 s, Queueing time: mean = 0.000 s, max = -0.000 s, min = 9223372036.855 s, total = 0.000 s
	Publisher.CheckDeadSubscribers - 1 total (1 active), Execution time: mean = 0.000 s, total = 0.000 s, Queueing time: mean = 0.000 s, max = -0.000 s, min = 9223372036.855 s, total = 0.000 s

-----------------
Task Event stats:

IO Service Stats:

Global stats: 1 total (1 active)
Queueing time: mean = 0.000 s, max = -0.000 s, min = 9223372036.855 s, total = 0.000 s
Execution time:  mean = 0.000 s, total = 0.000 s
Event stats:
	PeriodicalRunner.RunFnPeriodically - 1 total (1 active), Execution time: mean = 0.000 s, total = 0.000 s, Queueing time: mean = 0.000 s, max = -0.000 s, min = 9223372036.855 s, total = 0.000 s
Other Stats:
	grpc_in_progress:0
	current number of task status events in buffer: 0
	current number of profile events in buffer: 0
	current number of dropped task attempts tracked: 0
	total task events sent: 0 MiB
	total number of task attempts sent: 0
	total number of task attempts dropped reported: 0
	total number of sent failure: 0
	num status task events dropped: 0
	num profile task events dropped: 0


[2025-02-15 21:01:18,478 I 439 439] event.cc:491: Ray Event initialized for CORE_WORKER
[2025-02-15 21:01:18,478 I 439 439] event.cc:491: Ray Event initialized for EXPORT_TASK
[2025-02-15 21:01:18,478 I 439 439] event.cc:322: Set ray event level to warning
[2025-02-15 21:01:18,483 I 439 1009] accessor.cc:762: Received notification for node, IsAlive = 1 node_id=752ac4f92daae43b5e6788582e57659b4a80764e0181b1cee6c12bc5
[2025-02-15 21:01:18,483 I 439 1009] core_worker.cc:4754: Number of alive nodes:1
[2025-02-15 21:01:28,468 W 439 964] metric_exporter.cc:105: [1] Export metrics to agent failed: RpcError: RPC Error message: failed to connect to all addresses; last error: UNKNOWN: ipv4:127.0.0.1:61139: Failed to connect to remote host: Connection refused; RPC Error details: . This won't affect Ray, but you can lose metrics from the cluster.
[2025-02-15 21:02:18,479 I 439 1009] core_worker.cc:642: Event stats:


Global stats: 875 total (8 active)
Queueing time: mean = 120.929 us, max = 24.506 ms, min = -0.025 s, total = 105.813 ms
Execution time:  mean = 69.505 us, total = 60.817 ms
Event stats:
	CoreWorker.RecoverObjects - 600 total (1 active), Execution time: mean = 5.685 us, total = 3.411 ms, Queueing time: mean = 141.423 us, max = 5.658 ms, min = -0.001 s, total = 84.854 ms
	CoreWorker.ExitIfParentRayletDies - 61 total (1 active), Execution time: mean = 6.475 us, total = 394.958 us, Queueing time: mean = 59.177 us, max = 24.493 ms, min = -0.025 s, total = 3.610 ms
	NodeManagerService.grpc_client.ReportWorkerBacklog - 60 total (0 active), Execution time: mean = 585.820 us, total = 35.149 ms, Queueing time: mean = 0.000 s, max = -0.000 s, min = 9223372036.855 s, total = 0.000 s
	CoreWorker.InternalHeartbeat - 60 total (1 active), Execution time: mean = 91.320 us, total = 5.479 ms, Queueing time: mean = 58.389 us, max = 24.506 ms, min = -0.025 s, total = 3.503 ms
	NodeManagerService.grpc_client.ReportWorkerBacklog.OnReplyReceived - 60 total (0 active), Execution time: mean = 13.132 us, total = 787.929 us, Queueing time: mean = 28.195 us, max = 199.042 us, min = 17.361 us, total = 1.692 ms
	CoreWorker.RecordMetrics - 12 total (1 active), Execution time: mean = 14.685 us, total = 176.217 us, Queueing time: mean = 188.269 us, max = 13.131 ms, min = -0.012 s, total = 2.259 ms
	PeriodicalRunner.RunFnPeriodically - 7 total (0 active), Execution time: mean = 78.192 us, total = 547.341 us, Queueing time: mean = 250.703 us, max = 520.050 us, min = 25.908 us, total = 1.755 ms
	CoreWorker.GCStreamingGeneratorMetadata - 6 total (1 active), Execution time: mean = 3.345 us, total = 20.067 us, Queueing time: mean = 1.340 ms, max = 13.016 ms, min = -0.012 s, total = 8.038 ms
	ray::rpc::NodeInfoGcsService.grpc_client.GetAllNodeInfo.OnReplyReceived - 1 total (0 active), Execution time: mean = 106.933 us, total = 106.933 us, Queueing time: mean = 20.297 us, max = 20.297 us, min = 20.297 us, total = 20.297 us
	ray::rpc::WorkerInfoGcsService.grpc_client.AddWorkerInfo - 1 total (0 active), Execution time: mean = 6.261 ms, total = 6.261 ms, Queueing time: mean = 0.000 s, max = -0.000 s, min = 9223372036.855 s, total = 0.000 s
	ray::rpc::InternalPubSubGcsService.grpc_client.GcsSubscriberPoll - 1 total (1 active), Execution time: mean = 0.000 s, total = 0.000 s, Queueing time: mean = 0.000 s, max = -0.000 s, min = 9223372036.855 s, total = 0.000 s
	ray::rpc::InternalPubSubGcsService.grpc_client.GcsSubscriberCommandBatch - 1 total (0 active), Execution time: mean = 5.677 ms, total = 5.677 ms, Queueing time: mean = 0.000 s, max = -0.000 s, min = 9223372036.855 s, total = 0.000 s
	ray::rpc::InternalPubSubGcsService.grpc_client.GcsSubscriberCommandBatch.OnReplyReceived - 1 total (0 active), Execution time: mean = 93.927 us, total = 93.927 us, Queueing time: mean = 28.616 us, max = 28.616 us, min = 28.616 us, total = 28.616 us
	ray::rpc::NodeInfoGcsService.grpc_client.GetAllNodeInfo - 1 total (0 active), Execution time: mean = 2.684 ms, total = 2.684 ms, Queueing time: mean = 0.000 s, max = -0.000 s, min = 9223372036.855 s, total = 0.000 s
	ray::rpc::WorkerInfoGcsService.grpc_client.AddWorkerInfo.OnReplyReceived - 1 total (0 active), Execution time: mean = 28.289 us, total = 28.289 us, Queueing time: mean = 52.690 us, max = 52.690 us, min = 52.690 us, total = 52.690 us
	CoreWorker.PrintEventStats - 1 total (1 active, 1 running), Execution time: mean = 0.000 s, total = 0.000 s, Queueing time: mean = 0.000 s, max = -0.000 s, min = 9223372036.855 s, total = 0.000 s
	Publisher.CheckDeadSubscribers - 1 total (1 active), Execution time: mean = 0.000 s, total = 0.000 s, Queueing time: mean = 0.000 s, max = -0.000 s, min = 9223372036.855 s, total = 0.000 s

-----------------
Task Event stats:

IO Service Stats:

Global stats: 181 total (1 active)
Queueing time: mean = 257.805 us, max = 24.498 ms, min = -0.009 s, total = 46.663 ms
Execution time:  mean = 180.134 us, total = 32.604 ms
Event stats:
	CoreWorker.deadline_timer.flush_task_events - 60 total (1 active), Execution time: mean = 94.677 us, total = 5.681 ms, Queueing time: mean = 677.670 us, max = 24.498 ms, min = -0.009 s, total = 40.660 ms
	ray::rpc::TaskInfoGcsService.grpc_client.AddTaskEventData - 60 total (0 active), Execution time: mean = 425.169 us, total = 25.510 ms, Queueing time: mean = 0.000 s, max = -0.000 s, min = 9223372036.855 s, total = 0.000 s
	ray::rpc::TaskInfoGcsService.grpc_client.AddTaskEventData.OnReplyReceived - 60 total (0 active), Execution time: mean = 18.941 us, total = 1.136 ms, Queueing time: mean = 27.232 us, max = 188.577 us, min = 11.397 us, total = 1.634 ms
	PeriodicalRunner.RunFnPeriodically - 1 total (0 active), Execution time: mean = 277.054 us, total = 277.054 us, Queueing time: mean = 4.369 ms, max = 4.369 ms, min = 4.369 ms, total = 4.369 ms
Other Stats:
	grpc_in_progress:0
	current number of task status events in buffer: 0
	current number of profile events in buffer: 0
	current number of dropped task attempts tracked: 0
	total task events sent: 0 MiB
	total number of task attempts sent: 0
	total number of task attempts dropped reported: 0
	total number of sent failure: 0
	num status task events dropped: 0
	num profile task events dropped: 0


[2025-02-15 21:03:18,480 I 439 1009] core_worker.cc:642: Event stats:


Global stats: 1733 total (8 active)
Queueing time: mean = 127.488 us, max = 24.506 ms, min = -0.027 s, total = 220.937 ms
Execution time:  mean = 61.010 us, total = 105.730 ms
Event stats:
	CoreWorker.RecoverObjects - 1199 total (1 active), Execution time: mean = 5.519 us, total = 6.617 ms, Queueing time: mean = 155.977 us, max = 5.658 ms, min = -0.001 s, total = 187.016 ms
	CoreWorker.ExitIfParentRayletDies - 121 total (1 active), Execution time: mean = 8.282 us, total = 1.002 ms, Queueing time: mean = 53.408 us, max = 24.493 ms, min = -0.027 s, total = 6.462 ms
	NodeManagerService.grpc_client.ReportWorkerBacklog - 120 total (0 active), Execution time: mean = 577.375 us, total = 69.285 ms, Queueing time: mean = 0.000 s, max = -0.000 s, min = 9223372036.855 s, total = 0.000 s
	CoreWorker.InternalHeartbeat - 120 total (1 active), Execution time: mean = 92.930 us, total = 11.152 ms, Queueing time: mean = 99.228 us, max = 24.506 ms, min = -0.027 s, total = 11.907 ms
	NodeManagerService.grpc_client.ReportWorkerBacklog.OnReplyReceived - 120 total (0 active), Execution time: mean = 13.859 us, total = 1.663 ms, Queueing time: mean = 28.912 us, max = 199.042 us, min = 17.361 us, total = 3.469 ms
	CoreWorker.RecordMetrics - 24 total (1 active), Execution time: mean = 15.681 us, total = 376.352 us, Queueing time: mean = 137.466 us, max = 13.131 ms, min = -0.012 s, total = 3.299 ms
	CoreWorker.GCStreamingGeneratorMetadata - 12 total (1 active), Execution time: mean = 3.588 us, total = 43.059 us, Queueing time: mean = 385.012 us, max = 13.016 ms, min = -0.012 s, total = 4.620 ms
	PeriodicalRunner.RunFnPeriodically - 7 total (0 active), Execution time: mean = 78.192 us, total = 547.341 us, Queueing time: mean = 250.703 us, max = 520.050 us, min = 25.908 us, total = 1.755 ms
	CoreWorker.PrintEventStats - 2 total (1 active, 1 running), Execution time: mean = 96.909 us, total = 193.819 us, Queueing time: mean = 1.153 ms, max = 2.306 ms, min = 2.306 ms, total = 2.306 ms
	ray::rpc::NodeInfoGcsService.grpc_client.GetAllNodeInfo.OnReplyReceived - 1 total (0 active), Execution time: mean = 106.933 us, total = 106.933 us, Queueing time: mean = 20.297 us, max = 20.297 us, min = 20.297 us, total = 20.297 us
	ray::rpc::WorkerInfoGcsService.grpc_client.AddWorkerInfo - 1 total (0 active), Execution time: mean = 6.261 ms, total = 6.261 ms, Queueing time: mean = 0.000 s, max = -0.000 s, min = 9223372036.855 s, total = 0.000 s
	ray::rpc::InternalPubSubGcsService.grpc_client.GcsSubscriberPoll - 1 total (1 active), Execution time: mean = 0.000 s, total = 0.000 s, Queueing time: mean = 0.000 s, max = -0.000 s, min = 9223372036.855 s, total = 0.000 s
	ray::rpc::InternalPubSubGcsService.grpc_client.GcsSubscriberCommandBatch - 1 total (0 active), Execution time: mean = 5.677 ms, total = 5.677 ms, Queueing time: mean = 0.000 s, max = -0.000 s, min = 9223372036.855 s, total = 0.000 s
	ray::rpc::InternalPubSubGcsService.grpc_client.GcsSubscriberCommandBatch.OnReplyReceived - 1 total (0 active), Execution time: mean = 93.927 us, total = 93.927 us, Queueing time: mean = 28.616 us, max = 28.616 us, min = 28.616 us, total = 28.616 us
	ray::rpc::NodeInfoGcsService.grpc_client.GetAllNodeInfo - 1 total (0 active), Execution time: mean = 2.684 ms, total = 2.684 ms, Queueing time: mean = 0.000 s, max = -0.000 s, min = 9223372036.855 s, total = 0.000 s
	ray::rpc::WorkerInfoGcsService.grpc_client.AddWorkerInfo.OnReplyReceived - 1 total (0 active), Execution time: mean = 28.289 us, total = 28.289 us, Queueing time: mean = 52.690 us, max = 52.690 us, min = 52.690 us, total = 52.690 us
	Publisher.CheckDeadSubscribers - 1 total (1 active), Execution time: mean = 0.000 s, total = 0.000 s, Queueing time: mean = 0.000 s, max = -0.000 s, min = 9223372036.855 s, total = 0.000 s

-----------------
Task Event stats:

IO Service Stats:

Global stats: 361 total (1 active)
Queueing time: mean = 260.383 us, max = 24.498 ms, min = -0.009 s, total = 93.998 ms
Execution time:  mean = 201.461 us, total = 72.727 ms
Event stats:
	CoreWorker.deadline_timer.flush_task_events - 120 total (1 active), Execution time: mean = 103.168 us, total = 12.380 ms, Queueing time: mean = 720.308 us, max = 24.498 ms, min = -0.009 s, total = 86.437 ms
	ray::rpc::TaskInfoGcsService.grpc_client.AddTaskEventData - 120 total (0 active), Execution time: mean = 481.594 us, total = 57.791 ms, Queueing time: mean = 0.000 s, max = -0.000 s, min = 9223372036.855 s, total = 0.000 s
	ray::rpc::TaskInfoGcsService.grpc_client.AddTaskEventData.OnReplyReceived - 120 total (0 active), Execution time: mean = 18.990 us, total = 2.279 ms, Queueing time: mean = 26.607 us, max = 188.577 us, min = 11.397 us, total = 3.193 ms
	PeriodicalRunner.RunFnPeriodically - 1 total (0 active), Execution time: mean = 277.054 us, total = 277.054 us, Queueing time: mean = 4.369 ms, max = 4.369 ms, min = 4.369 ms, total = 4.369 ms
Other Stats:
	grpc_in_progress:0
	current number of task status events in buffer: 0
	current number of profile events in buffer: 0
	current number of dropped task attempts tracked: 0
	total task events sent: 0 MiB
	total number of task attempts sent: 0
	total number of task attempts dropped reported: 0
	total number of sent failure: 0
	num status task events dropped: 0
	num profile task events dropped: 0


[2025-02-15 21:04:18,480 I 439 1009] core_worker.cc:642: Event stats:


Global stats: 2591 total (8 active)
Queueing time: mean = 117.479 us, max = 25.131 ms, min = -0.027 s, total = 304.388 ms
Execution time:  mean = 56.810 us, total = 147.195 ms
Event stats:
	CoreWorker.RecoverObjects - 1798 total (1 active), Execution time: mean = 5.798 us, total = 10.425 ms, Queueing time: mean = 143.883 us, max = 5.658 ms, min = -0.001 s, total = 258.701 ms
	CoreWorker.ExitIfParentRayletDies - 181 total (1 active), Execution time: mean = 8.544 us, total = 1.547 ms, Queueing time: mean = 53.992 us, max = 25.095 ms, min = -0.027 s, total = 9.773 ms
	NodeManagerService.grpc_client.ReportWorkerBacklog - 180 total (0 active), Execution time: mean = 550.996 us, total = 99.179 ms, Queueing time: mean = 0.000 s, max = -0.000 s, min = 9223372036.855 s, total = 0.000 s
	CoreWorker.InternalHeartbeat - 180 total (1 active), Execution time: mean = 94.826 us, total = 17.069 ms, Queueing time: mean = 85.965 us, max = 25.131 ms, min = -0.027 s, total = 15.474 ms
	NodeManagerService.grpc_client.ReportWorkerBacklog.OnReplyReceived - 180 total (0 active), Execution time: mean = 14.277 us, total = 2.570 ms, Queueing time: mean = 31.707 us, max = 199.042 us, min = 17.361 us, total = 5.707 ms
	CoreWorker.RecordMetrics - 36 total (1 active), Execution time: mean = 15.483 us, total = 557.388 us, Queueing time: mean = 119.076 us, max = 13.131 ms, min = -0.012 s, total = 4.287 ms
	CoreWorker.GCStreamingGeneratorMetadata - 18 total (1 active), Execution time: mean = 3.470 us, total = 62.459 us, Queueing time: mean = 345.956 us, max = 13.016 ms, min = -0.012 s, total = 6.227 ms
	PeriodicalRunner.RunFnPeriodically - 7 total (0 active), Execution time: mean = 78.192 us, total = 547.341 us, Queueing time: mean = 250.703 us, max = 520.050 us, min = 25.908 us, total = 1.755 ms
	CoreWorker.PrintEventStats - 3 total (1 active, 1 running), Execution time: mean = 129.394 us, total = 388.182 us, Queueing time: mean = 787.362 us, max = 2.306 ms, min = 56.463 us, total = 2.362 ms
	ray::rpc::NodeInfoGcsService.grpc_client.GetAllNodeInfo.OnReplyReceived - 1 total (0 active), Execution time: mean = 106.933 us, total = 106.933 us, Queueing time: mean = 20.297 us, max = 20.297 us, min = 20.297 us, total = 20.297 us
	ray::rpc::WorkerInfoGcsService.grpc_client.AddWorkerInfo - 1 total (0 active), Execution time: mean = 6.261 ms, total = 6.261 ms, Queueing time: mean = 0.000 s, max = -0.000 s, min = 9223372036.855 s, total = 0.000 s
	ray::rpc::InternalPubSubGcsService.grpc_client.GcsSubscriberPoll - 1 total (1 active), Execution time: mean = 0.000 s, total = 0.000 s, Queueing time: mean = 0.000 s, max = -0.000 s, min = 9223372036.855 s, total = 0.000 s
	ray::rpc::InternalPubSubGcsService.grpc_client.GcsSubscriberCommandBatch - 1 total (0 active), Execution time: mean = 5.677 ms, total = 5.677 ms, Queueing time: mean = 0.000 s, max = -0.000 s, min = 9223372036.855 s, total = 0.000 s
	ray::rpc::InternalPubSubGcsService.grpc_client.GcsSubscriberCommandBatch.OnReplyReceived - 1 total (0 active), Execution time: mean = 93.927 us, total = 93.927 us, Queueing time: mean = 28.616 us, max = 28.616 us, min = 28.616 us, total = 28.616 us
	ray::rpc::NodeInfoGcsService.grpc_client.GetAllNodeInfo - 1 total (0 active), Execution time: mean = 2.684 ms, total = 2.684 ms, Queueing time: mean = 0.000 s, max = -0.000 s, min = 9223372036.855 s, total = 0.000 s
	ray::rpc::WorkerInfoGcsService.grpc_client.AddWorkerInfo.OnReplyReceived - 1 total (0 active), Execution time: mean = 28.289 us, total = 28.289 us, Queueing time: mean = 52.690 us, max = 52.690 us, min = 52.690 us, total = 52.690 us
	Publisher.CheckDeadSubscribers - 1 total (1 active), Execution time: mean = 0.000 s, total = 0.000 s, Queueing time: mean = 0.000 s, max = -0.000 s, min = 9223372036.855 s, total = 0.000 s

-----------------
Task Event stats:

IO Service Stats:

Global stats: 541 total (1 active)
Queueing time: mean = 241.459 us, max = 24.498 ms, min = -0.009 s, total = 130.629 ms
Execution time:  mean = 196.748 us, total = 106.441 ms
Event stats:
	CoreWorker.deadline_timer.flush_task_events - 180 total (1 active), Execution time: mean = 104.098 us, total = 18.738 ms, Queueing time: mean = 672.857 us, max = 24.498 ms, min = -0.009 s, total = 121.114 ms
	ray::rpc::TaskInfoGcsService.grpc_client.AddTaskEventData - 180 total (0 active), Execution time: mean = 466.864 us, total = 84.036 ms, Queueing time: mean = 0.000 s, max = -0.000 s, min = 9223372036.855 s, total = 0.000 s
	ray::rpc::TaskInfoGcsService.grpc_client.AddTaskEventData.OnReplyReceived - 180 total (0 active), Execution time: mean = 18.837 us, total = 3.391 ms, Queueing time: mean = 28.592 us, max = 188.577 us, min = 11.397 us, total = 5.147 ms
	PeriodicalRunner.RunFnPeriodically - 1 total (0 active), Execution time: mean = 277.054 us, total = 277.054 us, Queueing time: mean = 4.369 ms, max = 4.369 ms, min = 4.369 ms, total = 4.369 ms
Other Stats:
	grpc_in_progress:0
	current number of task status events in buffer: 0
	current number of profile events in buffer: 0
	current number of dropped task attempts tracked: 0
	total task events sent: 0 MiB
	total number of task attempts sent: 0
	total number of task attempts dropped reported: 0
	total number of sent failure: 0
	num status task events dropped: 0
	num profile task events dropped: 0


[2025-02-15 21:05:18,480 I 439 1009] core_worker.cc:642: Event stats:


Global stats: 3449 total (8 active)
Queueing time: mean = 124.194 us, max = 26.020 ms, min = -0.027 s, total = 428.345 ms
Execution time:  mean = 64.607 us, total = 222.831 ms
Event stats:
	CoreWorker.RecoverObjects - 2397 total (1 active), Execution time: mean = 5.950 us, total = 14.263 ms, Queueing time: mean = 149.282 us, max = 7.539 ms, min = -0.001 s, total = 357.829 ms
	CoreWorker.ExitIfParentRayletDies - 241 total (1 active), Execution time: mean = 8.663 us, total = 2.088 ms, Queueing time: mean = 53.977 us, max = 26.020 ms, min = -0.027 s, total = 13.008 ms
	NodeManagerService.grpc_client.ReportWorkerBacklog - 240 total (0 active), Execution time: mean = 666.969 us, total = 160.073 ms, Queueing time: mean = 0.000 s, max = -0.000 s, min = 9223372036.855 s, total = 0.000 s
	CoreWorker.InternalHeartbeat - 240 total (1 active), Execution time: mean = 94.873 us, total = 22.770 ms, Queueing time: mean = 98.346 us, max = 26.013 ms, min = -0.027 s, total = 23.603 ms
	NodeManagerService.grpc_client.ReportWorkerBacklog.OnReplyReceived - 240 total (0 active), Execution time: mean = 28.552 us, total = 6.853 ms, Queueing time: mean = 31.705 us, max = 199.042 us, min = 17.361 us, total = 7.609 ms
	CoreWorker.RecordMetrics - 48 total (1 active), Execution time: mean = 15.315 us, total = 735.107 us, Queueing time: mean = 90.209 us, max = 15.312 ms, min = -0.014 s, total = 4.330 ms
	CoreWorker.GCStreamingGeneratorMetadata - 24 total (1 active), Execution time: mean = 3.439 us, total = 82.527 us, Queueing time: mean = 734.965 us, max = 15.261 ms, min = -0.012 s, total = 17.639 ms
	PeriodicalRunner.RunFnPeriodically - 7 total (0 active), Execution time: mean = 78.192 us, total = 547.341 us, Queueing time: mean = 250.703 us, max = 520.050 us, min = 25.908 us, total = 1.755 ms
	CoreWorker.PrintEventStats - 4 total (1 active, 1 running), Execution time: mean = 142.376 us, total = 569.504 us, Queueing time: mean = 617.550 us, max = 2.306 ms, min = 56.463 us, total = 2.470 ms
	ray::rpc::NodeInfoGcsService.grpc_client.GetAllNodeInfo.OnReplyReceived - 1 total (0 active), Execution time: mean = 106.933 us, total = 106.933 us, Queueing time: mean = 20.297 us, max = 20.297 us, min = 20.297 us, total = 20.297 us
	ray::rpc::WorkerInfoGcsService.grpc_client.AddWorkerInfo - 1 total (0 active), Execution time: mean = 6.261 ms, total = 6.261 ms, Queueing time: mean = 0.000 s, max = -0.000 s, min = 9223372036.855 s, total = 0.000 s
	ray::rpc::InternalPubSubGcsService.grpc_client.GcsSubscriberPoll - 1 total (1 active), Execution time: mean = 0.000 s, total = 0.000 s, Queueing time: mean = 0.000 s, max = -0.000 s, min = 9223372036.855 s, total = 0.000 s
	ray::rpc::InternalPubSubGcsService.grpc_client.GcsSubscriberCommandBatch - 1 total (0 active), Execution time: mean = 5.677 ms, total = 5.677 ms, Queueing time: mean = 0.000 s, max = -0.000 s, min = 9223372036.855 s, total = 0.000 s
	ray::rpc::InternalPubSubGcsService.grpc_client.GcsSubscriberCommandBatch.OnReplyReceived - 1 total (0 active), Execution time: mean = 93.927 us, total = 93.927 us, Queueing time: mean = 28.616 us, max = 28.616 us, min = 28.616 us, total = 28.616 us
	ray::rpc::NodeInfoGcsService.grpc_client.GetAllNodeInfo - 1 total (0 active), Execution time: mean = 2.684 ms, total = 2.684 ms, Queueing time: mean = 0.000 s, max = -0.000 s, min = 9223372036.855 s, total = 0.000 s
	ray::rpc::WorkerInfoGcsService.grpc_client.AddWorkerInfo.OnReplyReceived - 1 total (0 active), Execution time: mean = 28.289 us, total = 28.289 us, Queueing time: mean = 52.690 us, max = 52.690 us, min = 52.690 us, total = 52.690 us
	Publisher.CheckDeadSubscribers - 1 total (1 active), Execution time: mean = 0.000 s, total = 0.000 s, Queueing time: mean = 0.000 s, max = -0.000 s, min = 9223372036.855 s, total = 0.000 s

-----------------
Task Event stats:

IO Service Stats:

Global stats: 721 total (1 active)
Queueing time: mean = 233.470 us, max = 26.111 ms, min = -0.009 s, total = 168.332 ms
Execution time:  mean = 217.357 us, total = 156.714 ms
Event stats:
	CoreWorker.deadline_timer.flush_task_events - 240 total (1 active), Execution time: mean = 115.732 us, total = 27.776 ms, Queueing time: mean = 652.070 us, max = 26.111 ms, min = -0.009 s, total = 156.497 ms
	ray::rpc::TaskInfoGcsService.grpc_client.AddTaskEventData - 240 total (0 active), Execution time: mean = 517.663 us, total = 124.239 ms, Queueing time: mean = 0.000 s, max = -0.000 s, min = 9223372036.855 s, total = 0.000 s
	ray::rpc::TaskInfoGcsService.grpc_client.AddTaskEventData.OnReplyReceived - 240 total (0 active), Execution time: mean = 18.427 us, total = 4.423 ms, Queueing time: mean = 31.110 us, max = 449.071 us, min = 11.397 us, total = 7.467 ms
	PeriodicalRunner.RunFnPeriodically - 1 total (0 active), Execution time: mean = 277.054 us, total = 277.054 us, Queueing time: mean = 4.369 ms, max = 4.369 ms, min = 4.369 ms, total = 4.369 ms
Other Stats:
	grpc_in_progress:0
	current number of task status events in buffer: 0
	current number of profile events in buffer: 0
	current number of dropped task attempts tracked: 0
	total task events sent: 0 MiB
	total number of task attempts sent: 0
	total number of task attempts dropped reported: 0
	total number of sent failure: 0
	num status task events dropped: 0
	num profile task events dropped: 0


[2025-02-15 21:06:18,480 I 439 1009] core_worker.cc:642: Event stats:


Global stats: 4308 total (8 active)
Queueing time: mean = 119.044 us, max = 26.020 ms, min = -0.027 s, total = 512.843 ms
Execution time:  mean = 62.923 us, total = 271.071 ms
Event stats:
	CoreWorker.RecoverObjects - 2996 total (1 active), Execution time: mean = 6.044 us, total = 18.109 ms, Queueing time: mean = 146.857 us, max = 7.539 ms, min = -0.001 s, total = 439.984 ms
	CoreWorker.ExitIfParentRayletDies - 301 total (1 active), Execution time: mean = 8.615 us, total = 2.593 ms, Queueing time: mean = 55.754 us, max = 26.020 ms, min = -0.027 s, total = 16.782 ms
	NodeManagerService.grpc_client.ReportWorkerBacklog - 300 total (0 active), Execution time: mean = 650.726 us, total = 195.218 ms, Queueing time: mean = 0.000 s, max = -0.000 s, min = 9223372036.855 s, total = 0.000 s
	CoreWorker.InternalHeartbeat - 300 total (1 active), Execution time: mean = 99.726 us, total = 29.918 ms, Queueing time: mean = 92.356 us, max = 26.013 ms, min = -0.027 s, total = 27.707 ms
	NodeManagerService.grpc_client.ReportWorkerBacklog.OnReplyReceived - 300 total (0 active), Execution time: mean = 26.846 us, total = 8.054 ms, Queueing time: mean = 34.281 us, max = 199.042 us, min = 17.361 us, total = 10.284 ms
	CoreWorker.RecordMetrics - 60 total (1 active), Execution time: mean = 15.673 us, total = 940.361 us, Queueing time: mean = 88.354 us, max = 15.312 ms, min = -0.014 s, total = 5.301 ms
	CoreWorker.GCStreamingGeneratorMetadata - 30 total (1 active), Execution time: mean = 3.471 us, total = 104.125 us, Queueing time: mean = 248.830 us, max = 15.261 ms, min = -0.014 s, total = 7.465 ms
	PeriodicalRunner.RunFnPeriodically - 7 total (0 active), Execution time: mean = 78.192 us, total = 547.341 us, Queueing time: mean = 250.703 us, max = 520.050 us, min = 25.908 us, total = 1.755 ms
	CoreWorker.PrintEventStats - 5 total (1 active, 1 running), Execution time: mean = 146.271 us, total = 731.353 us, Queueing time: mean = 494.762 us, max = 2.306 ms, min = 3.612 us, total = 2.474 ms
	Publisher.CheckDeadSubscribers - 2 total (1 active), Execution time: mean = 2.820 us, total = 5.639 us, Queueing time: mean = 494.961 us, max = 989.922 us, min = 989.922 us, total = 989.922 us
	ray::rpc::WorkerInfoGcsService.grpc_client.AddWorkerInfo - 1 total (0 active), Execution time: mean = 6.261 ms, total = 6.261 ms, Queueing time: mean = 0.000 s, max = -0.000 s, min = 9223372036.855 s, total = 0.000 s
	ray::rpc::NodeInfoGcsService.grpc_client.GetAllNodeInfo.OnReplyReceived - 1 total (0 active), Execution time: mean = 106.933 us, total = 106.933 us, Queueing time: mean = 20.297 us, max = 20.297 us, min = 20.297 us, total = 20.297 us
	ray::rpc::InternalPubSubGcsService.grpc_client.GcsSubscriberCommandBatch - 1 total (0 active), Execution time: mean = 5.677 ms, total = 5.677 ms, Queueing time: mean = 0.000 s, max = -0.000 s, min = 9223372036.855 s, total = 0.000 s
	ray::rpc::InternalPubSubGcsService.grpc_client.GcsSubscriberCommandBatch.OnReplyReceived - 1 total (0 active), Execution time: mean = 93.927 us, total = 93.927 us, Queueing time: mean = 28.616 us, max = 28.616 us, min = 28.616 us, total = 28.616 us
	ray::rpc::NodeInfoGcsService.grpc_client.GetAllNodeInfo - 1 total (0 active), Execution time: mean = 2.684 ms, total = 2.684 ms, Queueing time: mean = 0.000 s, max = -0.000 s, min = 9223372036.855 s, total = 0.000 s
	ray::rpc::WorkerInfoGcsService.grpc_client.AddWorkerInfo.OnReplyReceived - 1 total (0 active), Execution time: mean = 28.289 us, total = 28.289 us, Queueing time: mean = 52.690 us, max = 52.690 us, min = 52.690 us, total = 52.690 us
	ray::rpc::InternalPubSubGcsService.grpc_client.GcsSubscriberPoll - 1 total (1 active), Execution time: mean = 0.000 s, total = 0.000 s, Queueing time: mean = 0.000 s, max = -0.000 s, min = 9223372036.855 s, total = 0.000 s

-----------------
Task Event stats:

IO Service Stats:

Global stats: 901 total (1 active)
Queueing time: mean = 232.292 us, max = 26.111 ms, min = -0.009 s, total = 209.295 ms
Execution time:  mean = 222.752 us, total = 200.700 ms
Event stats:
	CoreWorker.deadline_timer.flush_task_events - 300 total (1 active), Execution time: mean = 117.368 us, total = 35.210 ms, Queueing time: mean = 651.645 us, max = 26.111 ms, min = -0.009 s, total = 195.493 ms
	ray::rpc::TaskInfoGcsService.grpc_client.AddTaskEventData - 300 total (0 active), Execution time: mean = 531.650 us, total = 159.495 ms, Queueing time: mean = 0.000 s, max = -0.000 s, min = 9223372036.855 s, total = 0.000 s
	ray::rpc::TaskInfoGcsService.grpc_client.AddTaskEventData.OnReplyReceived - 300 total (0 active), Execution time: mean = 19.059 us, total = 5.718 ms, Queueing time: mean = 31.444 us, max = 449.071 us, min = 11.397 us, total = 9.433 ms
	PeriodicalRunner.RunFnPeriodically - 1 total (0 active), Execution time: mean = 277.054 us, total = 277.054 us, Queueing time: mean = 4.369 ms, max = 4.369 ms, min = 4.369 ms, total = 4.369 ms
Other Stats:
	grpc_in_progress:0
	current number of task status events in buffer: 0
	current number of profile events in buffer: 0
	current number of dropped task attempts tracked: 0
	total task events sent: 0 MiB
	total number of task attempts sent: 0
	total number of task attempts dropped reported: 0
	total number of sent failure: 0
	num status task events dropped: 0
	num profile task events dropped: 0


[2025-02-15 21:07:18,481 I 439 1009] core_worker.cc:642: Event stats:


Global stats: 5165 total (8 active)
Queueing time: mean = 114.410 us, max = 26.020 ms, min = -0.027 s, total = 590.928 ms
Execution time:  mean = 63.840 us, total = 329.731 ms
Event stats:
	CoreWorker.RecoverObjects - 3595 total (1 active), Execution time: mean = 5.970 us, total = 21.462 ms, Queueing time: mean = 139.795 us, max = 7.539 ms, min = -0.001 s, total = 502.563 ms
	NodeManagerService.grpc_client.ReportWorkerBacklog - 360 total (0 active), Execution time: mean = 671.093 us, total = 241.593 ms, Queueing time: mean = 0.000 s, max = -0.000 s, min = 9223372036.855 s, total = 0.000 s
	CoreWorker.InternalHeartbeat - 360 total (1 active), Execution time: mean = 102.287 us, total = 36.823 ms, Queueing time: mean = 91.556 us, max = 26.013 ms, min = -0.027 s, total = 32.960 ms
	CoreWorker.ExitIfParentRayletDies - 360 total (1 active), Execution time: mean = 8.403 us, total = 3.025 ms, Queueing time: mean = 55.861 us, max = 26.020 ms, min = -0.027 s, total = 20.110 ms
	NodeManagerService.grpc_client.ReportWorkerBacklog.OnReplyReceived - 360 total (0 active), Execution time: mean = 25.459 us, total = 9.165 ms, Queueing time: mean = 37.401 us, max = 199.042 us, min = 11.524 us, total = 13.464 ms
	CoreWorker.RecordMetrics - 72 total (1 active), Execution time: mean = 16.048 us, total = 1.155 ms, Queueing time: mean = 75.369 us, max = 15.312 ms, min = -0.014 s, total = 5.427 ms
	CoreWorker.GCStreamingGeneratorMetadata - 36 total (1 active), Execution time: mean = 3.433 us, total = 123.572 us, Queueing time: mean = 304.665 us, max = 15.261 ms, min = -0.014 s, total = 10.968 ms
	PeriodicalRunner.RunFnPeriodically - 7 total (0 active), Execution time: mean = 78.192 us, total = 547.341 us, Queueing time: mean = 250.703 us, max = 520.050 us, min = 25.908 us, total = 1.755 ms
	CoreWorker.PrintEventStats - 6 total (1 active, 1 running), Execution time: mean = 163.243 us, total = 979.460 us, Queueing time: mean = 431.671 us, max = 2.306 ms, min = 3.612 us, total = 2.590 ms
	Publisher.CheckDeadSubscribers - 2 total (1 active), Execution time: mean = 2.820 us, total = 5.639 us, Queueing time: mean = 494.961 us, max = 989.922 us, min = 989.922 us, total = 989.922 us
	ray::rpc::WorkerInfoGcsService.grpc_client.AddWorkerInfo - 1 total (0 active), Execution time: mean = 6.261 ms, total = 6.261 ms, Queueing time: mean = 0.000 s, max = -0.000 s, min = 9223372036.855 s, total = 0.000 s
	ray::rpc::NodeInfoGcsService.grpc_client.GetAllNodeInfo.OnReplyReceived - 1 total (0 active), Execution time: mean = 106.933 us, total = 106.933 us, Queueing time: mean = 20.297 us, max = 20.297 us, min = 20.297 us, total = 20.297 us
	ray::rpc::InternalPubSubGcsService.grpc_client.GcsSubscriberCommandBatch - 1 total (0 active), Execution time: mean = 5.677 ms, total = 5.677 ms, Queueing time: mean = 0.000 s, max = -0.000 s, min = 9223372036.855 s, total = 0.000 s
	ray::rpc::InternalPubSubGcsService.grpc_client.GcsSubscriberCommandBatch.OnReplyReceived - 1 total (0 active), Execution time: mean = 93.927 us, total = 93.927 us, Queueing time: mean = 28.616 us, max = 28.616 us, min = 28.616 us, total = 28.616 us
	ray::rpc::NodeInfoGcsService.grpc_client.GetAllNodeInfo - 1 total (0 active), Execution time: mean = 2.684 ms, total = 2.684 ms, Queueing time: mean = 0.000 s, max = -0.000 s, min = 9223372036.855 s, total = 0.000 s
	ray::rpc::WorkerInfoGcsService.grpc_client.AddWorkerInfo.OnReplyReceived - 1 total (0 active), Execution time: mean = 28.289 us, total = 28.289 us, Queueing time: mean = 52.690 us, max = 52.690 us, min = 52.690 us, total = 52.690 us
	ray::rpc::InternalPubSubGcsService.grpc_client.GcsSubscriberPoll - 1 total (1 active), Execution time: mean = 0.000 s, total = 0.000 s, Queueing time: mean = 0.000 s, max = -0.000 s, min = 9223372036.855 s, total = 0.000 s

-----------------
Task Event stats:

IO Service Stats:

Global stats: 1081 total (1 active)
Queueing time: mean = 220.402 us, max = 26.111 ms, min = -0.009 s, total = 238.254 ms
Execution time:  mean = 220.482 us, total = 238.341 ms
Event stats:
	CoreWorker.deadline_timer.flush_task_events - 360 total (1 active), Execution time: mean = 118.084 us, total = 42.510 ms, Queueing time: mean = 618.746 us, max = 26.111 ms, min = -0.009 s, total = 222.748 ms
	ray::rpc::TaskInfoGcsService.grpc_client.AddTaskEventData - 360 total (0 active), Execution time: mean = 523.748 us, total = 188.549 ms, Queueing time: mean = 0.000 s, max = -0.000 s, min = 9223372036.855 s, total = 0.000 s
	ray::rpc::TaskInfoGcsService.grpc_client.AddTaskEventData.OnReplyReceived - 360 total (0 active), Execution time: mean = 19.456 us, total = 7.004 ms, Queueing time: mean = 30.937 us, max = 449.071 us, min = 9.294 us, total = 11.137 ms
	PeriodicalRunner.RunFnPeriodically - 1 total (0 active), Execution time: mean = 277.054 us, total = 277.054 us, Queueing time: mean = 4.369 ms, max = 4.369 ms, min = 4.369 ms, total = 4.369 ms
Other Stats:
	grpc_in_progress:0
	current number of task status events in buffer: 0
	current number of profile events in buffer: 0
	current number of dropped task attempts tracked: 0
	total task events sent: 0 MiB
	total number of task attempts sent: 0
	total number of task attempts dropped reported: 0
	total number of sent failure: 0
	num status task events dropped: 0
	num profile task events dropped: 0


[2025-02-15 21:08:18,481 I 439 1009] core_worker.cc:642: Event stats:


Global stats: 6023 total (8 active)
Queueing time: mean = 115.183 us, max = 26.020 ms, min = -0.027 s, total = 693.746 ms
Execution time:  mean = 67.413 us, total = 406.026 ms
Event stats:
	CoreWorker.RecoverObjects - 4194 total (1 active), Execution time: mean = 5.918 us, total = 24.819 ms, Queueing time: mean = 141.074 us, max = 7.539 ms, min = -0.001 s, total = 591.666 ms
	NodeManagerService.grpc_client.ReportWorkerBacklog - 420 total (0 active), Execution time: mean = 725.811 us, total = 304.841 ms, Queueing time: mean = 0.000 s, max = -0.000 s, min = 9223372036.855 s, total = 0.000 s
	CoreWorker.InternalHeartbeat - 420 total (1 active), Execution time: mean = 105.588 us, total = 44.347 ms, Queueing time: mean = 104.845 us, max = 26.013 ms, min = -0.027 s, total = 44.035 ms
	CoreWorker.ExitIfParentRayletDies - 420 total (1 active), Execution time: mean = 8.518 us, total = 3.577 ms, Queueing time: mean = 61.898 us, max = 26.020 ms, min = -0.027 s, total = 25.997 ms
	NodeManagerService.grpc_client.ReportWorkerBacklog.OnReplyReceived - 420 total (0 active), Execution time: mean = 24.494 us, total = 10.288 ms, Queueing time: mean = 39.459 us, max = 334.384 us, min = 11.524 us, total = 16.573 ms
	CoreWorker.RecordMetrics - 84 total (1 active), Execution time: mean = 16.204 us, total = 1.361 ms, Queueing time: mean = 81.218 us, max = 15.312 ms, min = -0.014 s, total = 6.822 ms
	CoreWorker.GCStreamingGeneratorMetadata - 42 total (1 active), Execution time: mean = 4.401 us, total = 184.839 us, Queueing time: mean = 76.031 us, max = 15.261 ms, min = -0.014 s, total = 3.193 ms
	CoreWorker.PrintEventStats - 7 total (1 active, 1 running), Execution time: mean = 172.103 us, total = 1.205 ms, Queueing time: mean = 373.335 us, max = 2.306 ms, min = 3.612 us, total = 2.613 ms
	PeriodicalRunner.RunFnPeriodically - 7 total (0 active), Execution time: mean = 78.192 us, total = 547.341 us, Queueing time: mean = 250.703 us, max = 520.050 us, min = 25.908 us, total = 1.755 ms
	Publisher.CheckDeadSubscribers - 2 total (1 active), Execution time: mean = 2.820 us, total = 5.639 us, Queueing time: mean = 494.961 us, max = 989.922 us, min = 989.922 us, total = 989.922 us
	ray::rpc::WorkerInfoGcsService.grpc_client.AddWorkerInfo - 1 total (0 active), Execution time: mean = 6.261 ms, total = 6.261 ms, Queueing time: mean = 0.000 s, max = -0.000 s, min = 9223372036.855 s, total = 0.000 s
	ray::rpc::NodeInfoGcsService.grpc_client.GetAllNodeInfo.OnReplyReceived - 1 total (0 active), Execution time: mean = 106.933 us, total = 106.933 us, Queueing time: mean = 20.297 us, max = 20.297 us, min = 20.297 us, total = 20.297 us
	ray::rpc::InternalPubSubGcsService.grpc_client.GcsSubscriberCommandBatch - 1 total (0 active), Execution time: mean = 5.677 ms, total = 5.677 ms, Queueing time: mean = 0.000 s, max = -0.000 s, min = 9223372036.855 s, total = 0.000 s
	ray::rpc::InternalPubSubGcsService.grpc_client.GcsSubscriberCommandBatch.OnReplyReceived - 1 total (0 active), Execution time: mean = 93.927 us, total = 93.927 us, Queueing time: mean = 28.616 us, max = 28.616 us, min = 28.616 us, total = 28.616 us
	ray::rpc::NodeInfoGcsService.grpc_client.GetAllNodeInfo - 1 total (0 active), Execution time: mean = 2.684 ms, total = 2.684 ms, Queueing time: mean = 0.000 s, max = -0.000 s, min = 9223372036.855 s, total = 0.000 s
	ray::rpc::WorkerInfoGcsService.grpc_client.AddWorkerInfo.OnReplyReceived - 1 total (0 active), Execution time: mean = 28.289 us, total = 28.289 us, Queueing time: mean = 52.690 us, max = 52.690 us, min = 52.690 us, total = 52.690 us
	ray::rpc::InternalPubSubGcsService.grpc_client.GcsSubscriberPoll - 1 total (1 active), Execution time: mean = 0.000 s, total = 0.000 s, Queueing time: mean = 0.000 s, max = -0.000 s, min = 9223372036.855 s, total = 0.000 s

-----------------
Task Event stats:

IO Service Stats:

Global stats: 1261 total (1 active)
Queueing time: mean = 220.708 us, max = 26.111 ms, min = -0.009 s, total = 278.313 ms
Execution time:  mean = 226.130 us, total = 285.150 ms
Event stats:
	CoreWorker.deadline_timer.flush_task_events - 420 total (1 active), Execution time: mean = 120.099 us, total = 50.442 ms, Queueing time: mean = 620.709 us, max = 26.111 ms, min = -0.009 s, total = 260.698 ms
	ray::rpc::TaskInfoGcsService.grpc_client.AddTaskEventData - 420 total (0 active), Execution time: mean = 538.152 us, total = 226.024 ms, Queueing time: mean = 0.000 s, max = -0.000 s, min = 9223372036.855 s, total = 0.000 s
	ray::rpc::TaskInfoGcsService.grpc_client.AddTaskEventData.OnReplyReceived - 420 total (0 active), Execution time: mean = 20.018 us, total = 8.407 ms, Queueing time: mean = 31.540 us, max = 449.071 us, min = 9.294 us, total = 13.247 ms
	PeriodicalRunner.RunFnPeriodically - 1 total (0 active), Execution time: mean = 277.054 us, total = 277.054 us, Queueing time: mean = 4.369 ms, max = 4.369 ms, min = 4.369 ms, total = 4.369 ms
Other Stats:
	grpc_in_progress:0
	current number of task status events in buffer: 0
	current number of profile events in buffer: 0
	current number of dropped task attempts tracked: 0
	total task events sent: 0 MiB
	total number of task attempts sent: 0
	total number of task attempts dropped reported: 0
	total number of sent failure: 0
	num status task events dropped: 0
	num profile task events dropped: 0


[2025-02-15 21:09:18,481 I 439 1009] core_worker.cc:642: Event stats:


Global stats: 6882 total (8 active)
Queueing time: mean = 115.576 us, max = 26.020 ms, min = -0.027 s, total = 795.394 ms
Execution time:  mean = 65.488 us, total = 450.686 ms
Event stats:
	CoreWorker.RecoverObjects - 4794 total (1 active), Execution time: mean = 5.863 us, total = 28.105 ms, Queueing time: mean = 140.481 us, max = 7.539 ms, min = -0.001 s, total = 673.468 ms
	NodeManagerService.grpc_client.ReportWorkerBacklog - 480 total (0 active), Execution time: mean = 705.531 us, total = 338.655 ms, Queueing time: mean = 0.000 s, max = -0.000 s, min = 9223372036.855 s, total = 0.000 s
	CoreWorker.InternalHeartbeat - 480 total (1 active), Execution time: mean = 104.548 us, total = 50.183 ms, Queueing time: mean = 103.873 us, max = 26.013 ms, min = -0.027 s, total = 49.859 ms
	CoreWorker.ExitIfParentRayletDies - 480 total (1 active), Execution time: mean = 8.425 us, total = 4.044 ms, Queueing time: mean = 66.282 us, max = 26.020 ms, min = -0.027 s, total = 31.815 ms
	NodeManagerService.grpc_client.ReportWorkerBacklog.OnReplyReceived - 480 total (0 active), Execution time: mean = 23.103 us, total = 11.089 ms, Queueing time: mean = 38.654 us, max = 334.384 us, min = 11.524 us, total = 18.554 ms
	CoreWorker.RecordMetrics - 96 total (1 active), Execution time: mean = 16.807 us, total = 1.613 ms, Queueing time: mean = 75.279 us, max = 15.312 ms, min = -0.014 s, total = 7.227 ms
	CoreWorker.GCStreamingGeneratorMetadata - 48 total (1 active), Execution time: mean = 4.397 us, total = 211.046 us, Queueing time: mean = 181.878 us, max = 15.261 ms, min = -0.014 s, total = 8.730 ms
	CoreWorker.PrintEventStats - 8 total (1 active, 1 running), Execution time: mean = 172.688 us, total = 1.382 ms, Queueing time: mean = 361.806 us, max = 2.306 ms, min = 3.612 us, total = 2.894 ms
	PeriodicalRunner.RunFnPeriodically - 7 total (0 active), Execution time: mean = 78.192 us, total = 547.341 us, Queueing time: mean = 250.703 us, max = 520.050 us, min = 25.908 us, total = 1.755 ms
	Publisher.CheckDeadSubscribers - 2 total (1 active), Execution time: mean = 2.820 us, total = 5.639 us, Queueing time: mean = 494.961 us, max = 989.922 us, min = 989.922 us, total = 989.922 us
	ray::rpc::WorkerInfoGcsService.grpc_client.AddWorkerInfo - 1 total (0 active), Execution time: mean = 6.261 ms, total = 6.261 ms, Queueing time: mean = 0.000 s, max = -0.000 s, min = 9223372036.855 s, total = 0.000 s
	ray::rpc::NodeInfoGcsService.grpc_client.GetAllNodeInfo.OnReplyReceived - 1 total (0 active), Execution time: mean = 106.933 us, total = 106.933 us, Queueing time: mean = 20.297 us, max = 20.297 us, min = 20.297 us, total = 20.297 us
	ray::rpc::InternalPubSubGcsService.grpc_client.GcsSubscriberCommandBatch - 1 total (0 active), Execution time: mean = 5.677 ms, total = 5.677 ms, Queueing time: mean = 0.000 s, max = -0.000 s, min = 9223372036.855 s, total = 0.000 s
	ray::rpc::InternalPubSubGcsService.grpc_client.GcsSubscriberCommandBatch.OnReplyReceived - 1 total (0 active), Execution time: mean = 93.927 us, total = 93.927 us, Queueing time: mean = 28.616 us, max = 28.616 us, min = 28.616 us, total = 28.616 us
	ray::rpc::NodeInfoGcsService.grpc_client.GetAllNodeInfo - 1 total (0 active), Execution time: mean = 2.684 ms, total = 2.684 ms, Queueing time: mean = 0.000 s, max = -0.000 s, min = 9223372036.855 s, total = 0.000 s
	ray::rpc::WorkerInfoGcsService.grpc_client.AddWorkerInfo.OnReplyReceived - 1 total (0 active), Execution time: mean = 28.289 us, total = 28.289 us, Queueing time: mean = 52.690 us, max = 52.690 us, min = 52.690 us, total = 52.690 us
	ray::rpc::InternalPubSubGcsService.grpc_client.GcsSubscriberPoll - 1 total (1 active), Execution time: mean = 0.000 s, total = 0.000 s, Queueing time: mean = 0.000 s, max = -0.000 s, min = 9223372036.855 s, total = 0.000 s

-----------------
Task Event stats:

IO Service Stats:

Global stats: 1441 total (1 active)
Queueing time: mean = 215.416 us, max = 26.111 ms, min = -0.009 s, total = 310.414 ms
Execution time:  mean = 228.780 us, total = 329.672 ms
Event stats:
	CoreWorker.deadline_timer.flush_task_events - 480 total (1 active), Execution time: mean = 123.320 us, total = 59.194 ms, Queueing time: mean = 604.915 us, max = 26.111 ms, min = -0.009 s, total = 290.359 ms
	ray::rpc::TaskInfoGcsService.grpc_client.AddTaskEventData - 480 total (0 active), Execution time: mean = 542.466 us, total = 260.384 ms, Queueing time: mean = 0.000 s, max = -0.000 s, min = 9223372036.855 s, total = 0.000 s
	ray::rpc::TaskInfoGcsService.grpc_client.AddTaskEventData.OnReplyReceived - 480 total (0 active), Execution time: mean = 20.455 us, total = 9.818 ms, Queueing time: mean = 32.679 us, max = 449.071 us, min = 9.294 us, total = 15.686 ms
	PeriodicalRunner.RunFnPeriodically - 1 total (0 active), Execution time: mean = 277.054 us, total = 277.054 us, Queueing time: mean = 4.369 ms, max = 4.369 ms, min = 4.369 ms, total = 4.369 ms
Other Stats:
	grpc_in_progress:0
	current number of task status events in buffer: 0
	current number of profile events in buffer: 0
	current number of dropped task attempts tracked: 0
	total task events sent: 0 MiB
	total number of task attempts sent: 0
	total number of task attempts dropped reported: 0
	total number of sent failure: 0
	num status task events dropped: 0
	num profile task events dropped: 0


[2025-02-15 21:10:18,481 I 439 1009] core_worker.cc:642: Event stats:


Global stats: 7740 total (8 active)
Queueing time: mean = 111.991 us, max = 26.020 ms, min = -0.027 s, total = 866.809 ms
Execution time:  mean = 64.776 us, total = 501.366 ms
Event stats:
	CoreWorker.RecoverObjects - 5393 total (1 active), Execution time: mean = 5.859 us, total = 31.600 ms, Queueing time: mean = 137.202 us, max = 7.539 ms, min = -0.001 s, total = 739.931 ms
	NodeManagerService.grpc_client.ReportWorkerBacklog - 540 total (0 active), Execution time: mean = 697.065 us, total = 376.415 ms, Queueing time: mean = 0.000 s, max = -0.000 s, min = 9223372036.855 s, total = 0.000 s
	CoreWorker.InternalHeartbeat - 540 total (1 active), Execution time: mean = 107.015 us, total = 57.788 ms, Queueing time: mean = 102.879 us, max = 26.013 ms, min = -0.027 s, total = 55.555 ms
	CoreWorker.ExitIfParentRayletDies - 540 total (1 active), Execution time: mean = 8.241 us, total = 4.450 ms, Queueing time: mean = 65.149 us, max = 26.020 ms, min = -0.027 s, total = 35.180 ms
	NodeManagerService.grpc_client.ReportWorkerBacklog.OnReplyReceived - 540 total (0 active), Execution time: mean = 22.278 us, total = 12.030 ms, Queueing time: mean = 38.807 us, max = 334.384 us, min = 11.524 us, total = 20.956 ms
	CoreWorker.RecordMetrics - 108 total (1 active), Execution time: mean = 17.214 us, total = 1.859 ms, Queueing time: mean = 71.127 us, max = 15.312 ms, min = -0.014 s, total = 7.682 ms
	CoreWorker.GCStreamingGeneratorMetadata - 54 total (1 active), Execution time: mean = 4.282 us, total = 231.201 us, Queueing time: mean = 31.547 us, max = 15.261 ms, min = -0.014 s, total = 1.704 ms
	CoreWorker.PrintEventStats - 9 total (1 active, 1 running), Execution time: mean = 176.496 us, total = 1.588 ms, Queueing time: mean = 328.411 us, max = 2.306 ms, min = 3.612 us, total = 2.956 ms
	PeriodicalRunner.RunFnPeriodically - 7 total (0 active), Execution time: mean = 78.192 us, total = 547.341 us, Queueing time: mean = 250.703 us, max = 520.050 us, min = 25.908 us, total = 1.755 ms
	Publisher.CheckDeadSubscribers - 2 total (1 active), Execution time: mean = 2.820 us, total = 5.639 us, Queueing time: mean = 494.961 us, max = 989.922 us, min = 989.922 us, total = 989.922 us
	ray::rpc::WorkerInfoGcsService.grpc_client.AddWorkerInfo - 1 total (0 active), Execution time: mean = 6.261 ms, total = 6.261 ms, Queueing time: mean = 0.000 s, max = -0.000 s, min = 9223372036.855 s, total = 0.000 s
	ray::rpc::NodeInfoGcsService.grpc_client.GetAllNodeInfo.OnReplyReceived - 1 total (0 active), Execution time: mean = 106.933 us, total = 106.933 us, Queueing time: mean = 20.297 us, max = 20.297 us, min = 20.297 us, total = 20.297 us
	ray::rpc::InternalPubSubGcsService.grpc_client.GcsSubscriberCommandBatch - 1 total (0 active), Execution time: mean = 5.677 ms, total = 5.677 ms, Queueing time: mean = 0.000 s, max = -0.000 s, min = 9223372036.855 s, total = 0.000 s
	ray::rpc::InternalPubSubGcsService.grpc_client.GcsSubscriberCommandBatch.OnReplyReceived - 1 total (0 active), Execution time: mean = 93.927 us, total = 93.927 us, Queueing time: mean = 28.616 us, max = 28.616 us, min = 28.616 us, total = 28.616 us
	ray::rpc::NodeInfoGcsService.grpc_client.GetAllNodeInfo - 1 total (0 active), Execution time: mean = 2.684 ms, total = 2.684 ms, Queueing time: mean = 0.000 s, max = -0.000 s, min = 9223372036.855 s, total = 0.000 s
	ray::rpc::WorkerInfoGcsService.grpc_client.AddWorkerInfo.OnReplyReceived - 1 total (0 active), Execution time: mean = 28.289 us, total = 28.289 us, Queueing time: mean = 52.690 us, max = 52.690 us, min = 52.690 us, total = 52.690 us
	ray::rpc::InternalPubSubGcsService.grpc_client.GcsSubscriberPoll - 1 total (1 active), Execution time: mean = 0.000 s, total = 0.000 s, Queueing time: mean = 0.000 s, max = -0.000 s, min = 9223372036.855 s, total = 0.000 s

-----------------
Task Event stats:

IO Service Stats:

Global stats: 1621 total (1 active)
Queueing time: mean = 209.719 us, max = 26.111 ms, min = -0.009 s, total = 339.954 ms
Execution time:  mean = 227.094 us, total = 368.119 ms
Event stats:
	CoreWorker.deadline_timer.flush_task_events - 540 total (1 active), Execution time: mean = 123.277 us, total = 66.570 ms, Queueing time: mean = 589.251 us, max = 26.111 ms, min = -0.009 s, total = 318.196 ms
	ray::rpc::TaskInfoGcsService.grpc_client.AddTaskEventData - 540 total (0 active), Execution time: mean = 537.435 us, total = 290.215 ms, Queueing time: mean = 0.000 s, max = -0.000 s, min = 9223372036.855 s, total = 0.000 s
	ray::rpc::TaskInfoGcsService.grpc_client.AddTaskEventData.OnReplyReceived - 540 total (0 active), Execution time: mean = 20.476 us, total = 11.057 ms, Queueing time: mean = 32.204 us, max = 449.071 us, min = 9.294 us, total = 17.390 ms
	PeriodicalRunner.RunFnPeriodically - 1 total (0 active), Execution time: mean = 277.054 us, total = 277.054 us, Queueing time: mean = 4.369 ms, max = 4.369 ms, min = 4.369 ms, total = 4.369 ms
Other Stats:
	grpc_in_progress:0
	current number of task status events in buffer: 0
	current number of profile events in buffer: 0
	current number of dropped task attempts tracked: 0
	total task events sent: 0 MiB
	total number of task attempts sent: 0
	total number of task attempts dropped reported: 0
	total number of sent failure: 0
	num status task events dropped: 0
	num profile task events dropped: 0


[2025-02-15 21:11:18,482 I 439 1009] core_worker.cc:642: Event stats:


Global stats: 8601 total (8 active)
Queueing time: mean = 114.669 us, max = 26.020 ms, min = -0.027 s, total = 986.267 ms
Execution time:  mean = 69.630 ms, total = 598.892 s
Event stats:
	CoreWorker.RecoverObjects - 5992 total (1 active), Execution time: mean = 5.801 us, total = 34.759 ms, Queueing time: mean = 140.297 us, max = 7.539 ms, min = -0.001 s, total = 840.661 ms
	NodeManagerService.grpc_client.ReportWorkerBacklog - 600 total (0 active), Execution time: mean = 700.204 us, total = 420.122 ms, Queueing time: mean = 0.000 s, max = -0.000 s, min = 9223372036.855 s, total = 0.000 s
	CoreWorker.InternalHeartbeat - 600 total (1 active), Execution time: mean = 106.508 us, total = 63.905 ms, Queueing time: mean = 99.458 us, max = 26.013 ms, min = -0.027 s, total = 59.675 ms
	CoreWorker.ExitIfParentRayletDies - 600 total (1 active), Execution time: mean = 8.212 us, total = 4.927 ms, Queueing time: mean = 65.047 us, max = 26.020 ms, min = -0.027 s, total = 39.028 ms
	NodeManagerService.grpc_client.ReportWorkerBacklog.OnReplyReceived - 600 total (0 active), Execution time: mean = 21.686 us, total = 13.012 ms, Queueing time: mean = 39.420 us, max = 334.384 us, min = 11.524 us, total = 23.652 ms
	CoreWorker.RecordMetrics - 120 total (1 active), Execution time: mean = 17.065 us, total = 2.048 ms, Queueing time: mean = 69.886 us, max = 15.312 ms, min = -0.014 s, total = 8.386 ms
	CoreWorker.GCStreamingGeneratorMetadata - 60 total (1 active), Execution time: mean = 4.270 us, total = 256.204 us, Queueing time: mean = 148.780 us, max = 15.261 ms, min = -0.014 s, total = 8.927 ms
	CoreWorker.PrintEventStats - 10 total (1 active, 1 running), Execution time: mean = 182.452 us, total = 1.825 ms, Queueing time: mean = 291.329 us, max = 2.306 ms, min = -0.000 s, total = 2.913 ms
	PeriodicalRunner.RunFnPeriodically - 7 total (0 active), Execution time: mean = 78.192 us, total = 547.341 us, Queueing time: mean = 250.703 us, max = 520.050 us, min = 25.908 us, total = 1.755 ms
	Publisher.CheckDeadSubscribers - 3 total (1 active), Execution time: mean = 2.963 us, total = 8.888 us, Queueing time: mean = 385.219 us, max = 989.922 us, min = 165.736 us, total = 1.156 ms
	ray::rpc::InternalPubSubGcsService.grpc_client.GcsSubscriberPoll - 2 total (1 active), Execution time: mean = 299.168 s, total = 598.335 s, Queueing time: mean = 0.000 s, max = -0.000 s, min = 9223372036.855 s, total = 0.000 s
	ray::rpc::WorkerInfoGcsService.grpc_client.AddWorkerInfo - 1 total (0 active), Execution time: mean = 6.261 ms, total = 6.261 ms, Queueing time: mean = 0.000 s, max = -0.000 s, min = 9223372036.855 s, total = 0.000 s
	ray::rpc::NodeInfoGcsService.grpc_client.GetAllNodeInfo.OnReplyReceived - 1 total (0 active), Execution time: mean = 106.933 us, total = 106.933 us, Queueing time: mean = 20.297 us, max = 20.297 us, min = 20.297 us, total = 20.297 us
	ray::rpc::InternalPubSubGcsService.grpc_client.GcsSubscriberCommandBatch - 1 total (0 active), Execution time: mean = 5.677 ms, total = 5.677 ms, Queueing time: mean = 0.000 s, max = -0.000 s, min = 9223372036.855 s, total = 0.000 s
	ray::rpc::InternalPubSubGcsService.grpc_client.GcsSubscriberCommandBatch.OnReplyReceived - 1 total (0 active), Execution time: mean = 93.927 us, total = 93.927 us, Queueing time: mean = 28.616 us, max = 28.616 us, min = 28.616 us, total = 28.616 us
	ray::rpc::NodeInfoGcsService.grpc_client.GetAllNodeInfo - 1 total (0 active), Execution time: mean = 2.684 ms, total = 2.684 ms, Queueing time: mean = 0.000 s, max = -0.000 s, min = 9223372036.855 s, total = 0.000 s
	ray::rpc::WorkerInfoGcsService.grpc_client.AddWorkerInfo.OnReplyReceived - 1 total (0 active), Execution time: mean = 28.289 us, total = 28.289 us, Queueing time: mean = 52.690 us, max = 52.690 us, min = 52.690 us, total = 52.690 us
	ray::rpc::InternalPubSubGcsService.grpc_client.GcsSubscriberPoll.OnReplyReceived - 1 total (0 active), Execution time: mean = 80.545 us, total = 80.545 us, Queueing time: mean = 13.121 us, max = 13.121 us, min = 13.121 us, total = 13.121 us

-----------------
Task Event stats:

IO Service Stats:

Global stats: 1801 total (1 active)
Queueing time: mean = 213.200 us, max = 26.111 ms, min = -0.009 s, total = 383.973 ms
Execution time:  mean = 225.225 us, total = 405.630 ms
Event stats:
	CoreWorker.deadline_timer.flush_task_events - 600 total (1 active), Execution time: mean = 122.108 us, total = 73.265 ms, Queueing time: mean = 600.667 us, max = 26.111 ms, min = -0.009 s, total = 360.400 ms
	ray::rpc::TaskInfoGcsService.grpc_client.AddTaskEventData - 600 total (0 active), Execution time: mean = 533.173 us, total = 319.904 ms, Queueing time: mean = 0.000 s, max = -0.000 s, min = 9223372036.855 s, total = 0.000 s
	ray::rpc::TaskInfoGcsService.grpc_client.AddTaskEventData.OnReplyReceived - 600 total (0 active), Execution time: mean = 20.307 us, total = 12.184 ms, Queueing time: mean = 32.007 us, max = 449.071 us, min = 9.294 us, total = 19.204 ms
	PeriodicalRunner.RunFnPeriodically - 1 total (0 active), Execution time: mean = 277.054 us, total = 277.054 us, Queueing time: mean = 4.369 ms, max = 4.369 ms, min = 4.369 ms, total = 4.369 ms
Other Stats:
	grpc_in_progress:0
	current number of task status events in buffer: 0
	current number of profile events in buffer: 0
	current number of dropped task attempts tracked: 0
	total task events sent: 0 MiB
	total number of task attempts sent: 0
	total number of task attempts dropped reported: 0
	total number of sent failure: 0
	num status task events dropped: 0
	num profile task events dropped: 0


[2025-02-15 21:12:18,482 I 439 1009] core_worker.cc:642: Event stats:


Global stats: 9459 total (8 active)
Queueing time: mean = 112.627 us, max = 26.020 ms, min = -0.027 s, total = 1.065 s
Execution time:  mean = 63.321 ms, total = 598.957 s
Event stats:
	CoreWorker.RecoverObjects - 6591 total (1 active), Execution time: mean = 5.766 us, total = 38.001 ms, Queueing time: mean = 138.813 us, max = 7.539 ms, min = -0.001 s, total = 914.917 ms
	NodeManagerService.grpc_client.ReportWorkerBacklog - 660 total (0 active), Execution time: mean = 717.032 us, total = 473.241 ms, Queueing time: mean = 0.000 s, max = -0.000 s, min = 9223372036.855 s, total = 0.000 s
	CoreWorker.InternalHeartbeat - 660 total (1 active), Execution time: mean = 106.781 us, total = 70.476 ms, Queueing time: mean = 99.587 us, max = 26.013 ms, min = -0.027 s, total = 65.728 ms
	CoreWorker.ExitIfParentRayletDies - 660 total (1 active), Execution time: mean = 8.056 us, total = 5.317 ms, Queueing time: mean = 63.529 us, max = 26.020 ms, min = -0.027 s, total = 41.929 ms
	NodeManagerService.grpc_client.ReportWorkerBacklog.OnReplyReceived - 660 total (0 active), Execution time: mean = 21.276 us, total = 14.042 ms, Queueing time: mean = 40.286 us, max = 334.384 us, min = 11.524 us, total = 26.589 ms
	CoreWorker.RecordMetrics - 132 total (1 active), Execution time: mean = 16.832 us, total = 2.222 ms, Queueing time: mean = 66.730 us, max = 15.312 ms, min = -0.014 s, total = 8.808 ms
	CoreWorker.GCStreamingGeneratorMetadata - 66 total (1 active), Execution time: mean = 4.129 us, total = 272.536 us, Queueing time: mean = 20.894 us, max = 15.261 ms, min = -0.014 s, total = 1.379 ms
	CoreWorker.PrintEventStats - 11 total (1 active, 1 running), Execution time: mean = 186.583 us, total = 2.052 ms, Queueing time: mean = 269.107 us, max = 2.306 ms, min = -0.000 s, total = 2.960 ms
	PeriodicalRunner.RunFnPeriodically - 7 total (0 active), Execution time: mean = 78.192 us, total = 547.341 us, Queueing time: mean = 250.703 us, max = 520.050 us, min = 25.908 us, total = 1.755 ms
	Publisher.CheckDeadSubscribers - 3 total (1 active), Execution time: mean = 2.963 us, total = 8.888 us, Queueing time: mean = 385.219 us, max = 989.922 us, min = 165.736 us, total = 1.156 ms
	ray::rpc::InternalPubSubGcsService.grpc_client.GcsSubscriberPoll - 2 total (1 active), Execution time: mean = 299.168 s, total = 598.335 s, Queueing time: mean = 0.000 s, max = -0.000 s, min = 9223372036.855 s, total = 0.000 s
	ray::rpc::WorkerInfoGcsService.grpc_client.AddWorkerInfo - 1 total (0 active), Execution time: mean = 6.261 ms, total = 6.261 ms, Queueing time: mean = 0.000 s, max = -0.000 s, min = 9223372036.855 s, total = 0.000 s
	ray::rpc::NodeInfoGcsService.grpc_client.GetAllNodeInfo.OnReplyReceived - 1 total (0 active), Execution time: mean = 106.933 us, total = 106.933 us, Queueing time: mean = 20.297 us, max = 20.297 us, min = 20.297 us, total = 20.297 us
	ray::rpc::InternalPubSubGcsService.grpc_client.GcsSubscriberCommandBatch - 1 total (0 active), Execution time: mean = 5.677 ms, total = 5.677 ms, Queueing time: mean = 0.000 s, max = -0.000 s, min = 9223372036.855 s, total = 0.000 s
	ray::rpc::InternalPubSubGcsService.grpc_client.GcsSubscriberCommandBatch.OnReplyReceived - 1 total (0 active), Execution time: mean = 93.927 us, total = 93.927 us, Queueing time: mean = 28.616 us, max = 28.616 us, min = 28.616 us, total = 28.616 us
	ray::rpc::NodeInfoGcsService.grpc_client.GetAllNodeInfo - 1 total (0 active), Execution time: mean = 2.684 ms, total = 2.684 ms, Queueing time: mean = 0.000 s, max = -0.000 s, min = 9223372036.855 s, total = 0.000 s
	ray::rpc::WorkerInfoGcsService.grpc_client.AddWorkerInfo.OnReplyReceived - 1 total (0 active), Execution time: mean = 28.289 us, total = 28.289 us, Queueing time: mean = 52.690 us, max = 52.690 us, min = 52.690 us, total = 52.690 us
	ray::rpc::InternalPubSubGcsService.grpc_client.GcsSubscriberPoll.OnReplyReceived - 1 total (0 active), Execution time: mean = 80.545 us, total = 80.545 us, Queueing time: mean = 13.121 us, max = 13.121 us, min = 13.121 us, total = 13.121 us

-----------------
Task Event stats:

IO Service Stats:

Global stats: 1981 total (1 active)
Queueing time: mean = 210.668 us, max = 26.111 ms, min = -0.009 s, total = 417.334 ms
Execution time:  mean = 222.497 us, total = 440.768 ms
Event stats:
	CoreWorker.deadline_timer.flush_task_events - 660 total (1 active), Execution time: mean = 121.219 us, total = 80.005 ms, Queueing time: mean = 594.465 us, max = 26.111 ms, min = -0.009 s, total = 392.347 ms
	ray::rpc::TaskInfoGcsService.grpc_client.AddTaskEventData - 660 total (0 active), Execution time: mean = 526.156 us, total = 347.263 ms, Queueing time: mean = 0.000 s, max = -0.000 s, min = 9223372036.855 s, total = 0.000 s
	ray::rpc::TaskInfoGcsService.grpc_client.AddTaskEventData.OnReplyReceived - 660 total (0 active), Execution time: mean = 20.034 us, total = 13.222 ms, Queueing time: mean = 31.241 us, max = 449.071 us, min = 9.294 us, total = 20.619 ms
	PeriodicalRunner.RunFnPeriodically - 1 total (0 active), Execution time: mean = 277.054 us, total = 277.054 us, Queueing time: mean = 4.369 ms, max = 4.369 ms, min = 4.369 ms, total = 4.369 ms
Other Stats:
	grpc_in_progress:0
	current number of task status events in buffer: 0
	current number of profile events in buffer: 0
	current number of dropped task attempts tracked: 0
	total task events sent: 0 MiB
	total number of task attempts sent: 0
	total number of task attempts dropped reported: 0
	total number of sent failure: 0
	num status task events dropped: 0
	num profile task events dropped: 0


[2025-02-15 21:13:18,482 I 439 1009] core_worker.cc:642: Event stats:


Global stats: 10317 total (8 active)
Queueing time: mean = 114.912 us, max = 26.020 ms, min = -0.027 s, total = 1.186 s
Execution time:  mean = 58.065 ms, total = 599.053 s
Event stats:
	CoreWorker.RecoverObjects - 7190 total (1 active), Execution time: mean = 5.761 us, total = 41.420 ms, Queueing time: mean = 139.514 us, max = 7.539 ms, min = -0.001 s, total = 1.003 s
	NodeManagerService.grpc_client.ReportWorkerBacklog - 720 total (0 active), Execution time: mean = 774.455 us, total = 557.608 ms, Queueing time: mean = 0.000 s, max = -0.000 s, min = 9223372036.855 s, total = 0.000 s
	CoreWorker.InternalHeartbeat - 720 total (1 active), Execution time: mean = 107.515 us, total = 77.411 ms, Queueing time: mean = 104.180 us, max = 26.013 ms, min = -0.027 s, total = 75.010 ms
	CoreWorker.ExitIfParentRayletDies - 720 total (1 active), Execution time: mean = 8.013 us, total = 5.769 ms, Queueing time: mean = 71.088 us, max = 26.020 ms, min = -0.027 s, total = 51.183 ms
	NodeManagerService.grpc_client.ReportWorkerBacklog.OnReplyReceived - 720 total (0 active), Execution time: mean = 21.151 us, total = 15.228 ms, Queueing time: mean = 40.961 us, max = 334.384 us, min = 11.388 us, total = 29.492 ms
	CoreWorker.RecordMetrics - 144 total (1 active), Execution time: mean = 16.944 us, total = 2.440 ms, Queueing time: mean = 66.675 us, max = 15.312 ms, min = -0.014 s, total = 9.601 ms
	CoreWorker.GCStreamingGeneratorMetadata - 72 total (1 active), Execution time: mean = 4.229 us, total = 304.486 us, Queueing time: mean = 153.924 us, max = 15.261 ms, min = -0.014 s, total = 11.083 ms
	CoreWorker.PrintEventStats - 12 total (1 active, 1 running), Execution time: mean = 185.493 us, total = 2.226 ms, Queueing time: mean = 253.945 us, max = 2.306 ms, min = -0.000 s, total = 3.047 ms
	PeriodicalRunner.RunFnPeriodically - 7 total (0 active), Execution time: mean = 78.192 us, total = 547.341 us, Queueing time: mean = 250.703 us, max = 520.050 us, min = 25.908 us, total = 1.755 ms
	Publisher.CheckDeadSubscribers - 3 total (1 active), Execution time: mean = 2.963 us, total = 8.888 us, Queueing time: mean = 385.219 us, max = 989.922 us, min = 165.736 us, total = 1.156 ms
	ray::rpc::InternalPubSubGcsService.grpc_client.GcsSubscriberPoll - 2 total (1 active), Execution time: mean = 299.168 s, total = 598.335 s, Queueing time: mean = 0.000 s, max = -0.000 s, min = 9223372036.855 s, total = 0.000 s
	ray::rpc::WorkerInfoGcsService.grpc_client.AddWorkerInfo - 1 total (0 active), Execution time: mean = 6.261 ms, total = 6.261 ms, Queueing time: mean = 0.000 s, max = -0.000 s, min = 9223372036.855 s, total = 0.000 s
	ray::rpc::NodeInfoGcsService.grpc_client.GetAllNodeInfo.OnReplyReceived - 1 total (0 active), Execution time: mean = 106.933 us, total = 106.933 us, Queueing time: mean = 20.297 us, max = 20.297 us, min = 20.297 us, total = 20.297 us
	ray::rpc::InternalPubSubGcsService.grpc_client.GcsSubscriberCommandBatch - 1 total (0 active), Execution time: mean = 5.677 ms, total = 5.677 ms, Queueing time: mean = 0.000 s, max = -0.000 s, min = 9223372036.855 s, total = 0.000 s
	ray::rpc::InternalPubSubGcsService.grpc_client.GcsSubscriberCommandBatch.OnReplyReceived - 1 total (0 active), Execution time: mean = 93.927 us, total = 93.927 us, Queueing time: mean = 28.616 us, max = 28.616 us, min = 28.616 us, total = 28.616 us
	ray::rpc::NodeInfoGcsService.grpc_client.GetAllNodeInfo - 1 total (0 active), Execution time: mean = 2.684 ms, total = 2.684 ms, Queueing time: mean = 0.000 s, max = -0.000 s, min = 9223372036.855 s, total = 0.000 s
	ray::rpc::WorkerInfoGcsService.grpc_client.AddWorkerInfo.OnReplyReceived - 1 total (0 active), Execution time: mean = 28.289 us, total = 28.289 us, Queueing time: mean = 52.690 us, max = 52.690 us, min = 52.690 us, total = 52.690 us
	ray::rpc::InternalPubSubGcsService.grpc_client.GcsSubscriberPoll.OnReplyReceived - 1 total (0 active), Execution time: mean = 80.545 us, total = 80.545 us, Queueing time: mean = 13.121 us, max = 13.121 us, min = 13.121 us, total = 13.121 us

-----------------
Task Event stats:

IO Service Stats:

Global stats: 2161 total (1 active)
Queueing time: mean = 209.186 us, max = 26.111 ms, min = -0.009 s, total = 452.051 ms
Execution time:  mean = 225.238 us, total = 486.740 ms
Event stats:
	CoreWorker.deadline_timer.flush_task_events - 720 total (1 active), Execution time: mean = 121.836 us, total = 87.722 ms, Queueing time: mean = 590.378 us, max = 26.111 ms, min = -0.009 s, total = 425.072 ms
	ray::rpc::TaskInfoGcsService.grpc_client.AddTaskEventData - 720 total (0 active), Execution time: mean = 533.451 us, total = 384.085 ms, Queueing time: mean = 0.000 s, max = -0.000 s, min = 9223372036.855 s, total = 0.000 s
	ray::rpc::TaskInfoGcsService.grpc_client.AddTaskEventData.OnReplyReceived - 720 total (0 active), Execution time: mean = 20.356 us, total = 14.656 ms, Queueing time: mean = 31.403 us, max = 449.071 us, min = 9.294 us, total = 22.610 ms
	PeriodicalRunner.RunFnPeriodically - 1 total (0 active), Execution time: mean = 277.054 us, total = 277.054 us, Queueing time: mean = 4.369 ms, max = 4.369 ms, min = 4.369 ms, total = 4.369 ms
Other Stats:
	grpc_in_progress:0
	current number of task status events in buffer: 0
	current number of profile events in buffer: 0
	current number of dropped task attempts tracked: 0
	total task events sent: 0 MiB
	total number of task attempts sent: 0
	total number of task attempts dropped reported: 0
	total number of sent failure: 0
	num status task events dropped: 0
	num profile task events dropped: 0


[2025-02-15 21:14:18,483 I 439 1009] core_worker.cc:642: Event stats:


Global stats: 11175 total (8 active)
Queueing time: mean = 121.792 us, max = 26.020 ms, min = -0.027 s, total = 1.361 s
Execution time:  mean = 53.611 ms, total = 599.104 s
Event stats:
	CoreWorker.RecoverObjects - 7789 total (1 active), Execution time: mean = 5.752 us, total = 44.803 ms, Queueing time: mean = 147.188 us, max = 9.132 ms, min = -0.001 s, total = 1.146 s
	NodeManagerService.grpc_client.ReportWorkerBacklog - 780 total (0 active), Execution time: mean = 764.292 us, total = 596.148 ms, Queueing time: mean = 0.000 s, max = -0.000 s, min = 9223372036.855 s, total = 0.000 s
	CoreWorker.InternalHeartbeat - 780 total (1 active), Execution time: mean = 108.164 us, total = 84.368 ms, Queueing time: mean = 111.855 us, max = 26.013 ms, min = -0.027 s, total = 87.247 ms
	CoreWorker.ExitIfParentRayletDies - 780 total (1 active), Execution time: mean = 7.984 us, total = 6.228 ms, Queueing time: mean = 75.108 us, max = 26.020 ms, min = -0.027 s, total = 58.584 ms
	NodeManagerService.grpc_client.ReportWorkerBacklog.OnReplyReceived - 780 total (0 active), Execution time: mean = 21.087 us, total = 16.448 ms, Queueing time: mean = 40.536 us, max = 334.384 us, min = 11.388 us, total = 31.618 ms
	CoreWorker.RecordMetrics - 156 total (1 active), Execution time: mean = 17.234 us, total = 2.689 ms, Queueing time: mean = 64.501 us, max = 15.312 ms, min = -0.014 s, total = 10.062 ms
	CoreWorker.GCStreamingGeneratorMetadata - 78 total (1 active), Execution time: mean = 4.212 us, total = 328.555 us, Queueing time: mean = 267.976 us, max = 15.261 ms, min = -0.014 s, total = 20.902 ms
	CoreWorker.PrintEventStats - 13 total (1 active, 1 running), Execution time: mean = 187.354 us, total = 2.436 ms, Queueing time: mean = 241.619 us, max = 2.306 ms, min = -0.000 s, total = 3.141 ms
	PeriodicalRunner.RunFnPeriodically - 7 total (0 active), Execution time: mean = 78.192 us, total = 547.341 us, Queueing time: mean = 250.703 us, max = 520.050 us, min = 25.908 us, total = 1.755 ms
	Publisher.CheckDeadSubscribers - 3 total (1 active), Execution time: mean = 2.963 us, total = 8.888 us, Queueing time: mean = 385.219 us, max = 989.922 us, min = 165.736 us, total = 1.156 ms
	ray::rpc::InternalPubSubGcsService.grpc_client.GcsSubscriberPoll - 2 total (1 active), Execution time: mean = 299.168 s, total = 598.335 s, Queueing time: mean = 0.000 s, max = -0.000 s, min = 9223372036.855 s, total = 0.000 s
	ray::rpc::WorkerInfoGcsService.grpc_client.AddWorkerInfo - 1 total (0 active), Execution time: mean = 6.261 ms, total = 6.261 ms, Queueing time: mean = 0.000 s, max = -0.000 s, min = 9223372036.855 s, total = 0.000 s
	ray::rpc::NodeInfoGcsService.grpc_client.GetAllNodeInfo.OnReplyReceived - 1 total (0 active), Execution time: mean = 106.933 us, total = 106.933 us, Queueing time: mean = 20.297 us, max = 20.297 us, min = 20.297 us, total = 20.297 us
	ray::rpc::InternalPubSubGcsService.grpc_client.GcsSubscriberCommandBatch - 1 total (0 active), Execution time: mean = 5.677 ms, total = 5.677 ms, Queueing time: mean = 0.000 s, max = -0.000 s, min = 9223372036.855 s, total = 0.000 s
	ray::rpc::InternalPubSubGcsService.grpc_client.GcsSubscriberCommandBatch.OnReplyReceived - 1 total (0 active), Execution time: mean = 93.927 us, total = 93.927 us, Queueing time: mean = 28.616 us, max = 28.616 us, min = 28.616 us, total = 28.616 us
	ray::rpc::NodeInfoGcsService.grpc_client.GetAllNodeInfo - 1 total (0 active), Execution time: mean = 2.684 ms, total = 2.684 ms, Queueing time: mean = 0.000 s, max = -0.000 s, min = 9223372036.855 s, total = 0.000 s
	ray::rpc::WorkerInfoGcsService.grpc_client.AddWorkerInfo.OnReplyReceived - 1 total (0 active), Execution time: mean = 28.289 us, total = 28.289 us, Queueing time: mean = 52.690 us, max = 52.690 us, min = 52.690 us, total = 52.690 us
	ray::rpc::InternalPubSubGcsService.grpc_client.GcsSubscriberPoll.OnReplyReceived - 1 total (0 active), Execution time: mean = 80.545 us, total = 80.545 us, Queueing time: mean = 13.121 us, max = 13.121 us, min = 13.121 us, total = 13.121 us

-----------------
Task Event stats:

IO Service Stats:

Global stats: 2341 total (1 active)
Queueing time: mean = 211.217 us, max = 26.111 ms, min = -0.009 s, total = 494.458 ms
Execution time:  mean = 233.429 us, total = 546.456 ms
Event stats:
	CoreWorker.deadline_timer.flush_task_events - 780 total (1 active), Execution time: mean = 123.540 us, total = 96.362 ms, Queueing time: mean = 596.588 us, max = 26.111 ms, min = -0.009 s, total = 465.339 ms
	ray::rpc::TaskInfoGcsService.grpc_client.AddTaskEventData - 780 total (0 active), Execution time: mean = 556.079 us, total = 433.741 ms, Queueing time: mean = 0.000 s, max = -0.000 s, min = 9223372036.855 s, total = 0.000 s
	ray::rpc::TaskInfoGcsService.grpc_client.AddTaskEventData.OnReplyReceived - 780 total (0 active), Execution time: mean = 20.611 us, total = 16.076 ms, Queueing time: mean = 31.731 us, max = 449.071 us, min = 9.294 us, total = 24.750 ms
	PeriodicalRunner.RunFnPeriodically - 1 total (0 active), Execution time: mean = 277.054 us, total = 277.054 us, Queueing time: mean = 4.369 ms, max = 4.369 ms, min = 4.369 ms, total = 4.369 ms
Other Stats:
	grpc_in_progress:0
	current number of task status events in buffer: 0
	current number of profile events in buffer: 0
	current number of dropped task attempts tracked: 0
	total task events sent: 0 MiB
	total number of task attempts sent: 0
	total number of task attempts dropped reported: 0
	total number of sent failure: 0
	num status task events dropped: 0
	num profile task events dropped: 0


[2025-02-15 21:15:18,483 I 439 1009] core_worker.cc:642: Event stats:


Global stats: 12033 total (8 active)
Queueing time: mean = 120.059 us, max = 26.020 ms, min = -0.027 s, total = 1.445 s
Execution time:  mean = 49.792 ms, total = 599.143 s
Event stats:
	CoreWorker.RecoverObjects - 8388 total (1 active), Execution time: mean = 5.765 us, total = 48.356 ms, Queueing time: mean = 146.284 us, max = 9.132 ms, min = -0.001 s, total = 1.227 s
	NodeManagerService.grpc_client.ReportWorkerBacklog - 840 total (0 active), Execution time: mean = 741.382 us, total = 622.761 ms, Queueing time: mean = 0.000 s, max = -0.000 s, min = 9223372036.855 s, total = 0.000 s
	CoreWorker.InternalHeartbeat - 840 total (1 active), Execution time: mean = 107.743 us, total = 90.504 ms, Queueing time: mean = 107.974 us, max = 26.013 ms, min = -0.027 s, total = 90.698 ms
	CoreWorker.ExitIfParentRayletDies - 840 total (1 active), Execution time: mean = 7.905 us, total = 6.640 ms, Queueing time: mean = 77.141 us, max = 26.020 ms, min = -0.027 s, total = 64.798 ms
	NodeManagerService.grpc_client.ReportWorkerBacklog.OnReplyReceived - 840 total (0 active), Execution time: mean = 20.575 us, total = 17.283 ms, Queueing time: mean = 39.797 us, max = 334.384 us, min = 11.388 us, total = 33.430 ms
	CoreWorker.RecordMetrics - 168 total (1 active), Execution time: mean = 17.278 us, total = 2.903 ms, Queueing time: mean = 64.056 us, max = 15.312 ms, min = -0.014 s, total = 10.761 ms
	CoreWorker.GCStreamingGeneratorMetadata - 84 total (1 active), Execution time: mean = 4.243 us, total = 356.423 us, Queueing time: mean = 140.268 us, max = 15.261 ms, min = -0.014 s, total = 11.783 ms
	CoreWorker.PrintEventStats - 14 total (1 active, 1 running), Execution time: mean = 207.954 us, total = 2.911 ms, Queueing time: mean = 224.290 us, max = 2.306 ms, min = -0.000 s, total = 3.140 ms
	PeriodicalRunner.RunFnPeriodically - 7 total (0 active), Execution time: mean = 78.192 us, total = 547.341 us, Queueing time: mean = 250.703 us, max = 520.050 us, min = 25.908 us, total = 1.755 ms
	Publisher.CheckDeadSubscribers - 3 total (1 active), Execution time: mean = 2.963 us, total = 8.888 us, Queueing time: mean = 385.219 us, max = 989.922 us, min = 165.736 us, total = 1.156 ms
	ray::rpc::InternalPubSubGcsService.grpc_client.GcsSubscriberPoll - 2 total (1 active), Execution time: mean = 299.168 s, total = 598.335 s, Queueing time: mean = 0.000 s, max = -0.000 s, min = 9223372036.855 s, total = 0.000 s
	ray::rpc::WorkerInfoGcsService.grpc_client.AddWorkerInfo - 1 total (0 active), Execution time: mean = 6.261 ms, total = 6.261 ms, Queueing time: mean = 0.000 s, max = -0.000 s, min = 9223372036.855 s, total = 0.000 s
	ray::rpc::NodeInfoGcsService.grpc_client.GetAllNodeInfo.OnReplyReceived - 1 total (0 active), Execution time: mean = 106.933 us, total = 106.933 us, Queueing time: mean = 20.297 us, max = 20.297 us, min = 20.297 us, total = 20.297 us
	ray::rpc::InternalPubSubGcsService.grpc_client.GcsSubscriberCommandBatch - 1 total (0 active), Execution time: mean = 5.677 ms, total = 5.677 ms, Queueing time: mean = 0.000 s, max = -0.000 s, min = 9223372036.855 s, total = 0.000 s
	ray::rpc::InternalPubSubGcsService.grpc_client.GcsSubscriberCommandBatch.OnReplyReceived - 1 total (0 active), Execution time: mean = 93.927 us, total = 93.927 us, Queueing time: mean = 28.616 us, max = 28.616 us, min = 28.616 us, total = 28.616 us
	ray::rpc::NodeInfoGcsService.grpc_client.GetAllNodeInfo - 1 total (0 active), Execution time: mean = 2.684 ms, total = 2.684 ms, Queueing time: mean = 0.000 s, max = -0.000 s, min = 9223372036.855 s, total = 0.000 s
	ray::rpc::WorkerInfoGcsService.grpc_client.AddWorkerInfo.OnReplyReceived - 1 total (0 active), Execution time: mean = 28.289 us, total = 28.289 us, Queueing time: mean = 52.690 us, max = 52.690 us, min = 52.690 us, total = 52.690 us
	ray::rpc::InternalPubSubGcsService.grpc_client.GcsSubscriberPoll.OnReplyReceived - 1 total (0 active), Execution time: mean = 80.545 us, total = 80.545 us, Queueing time: mean = 13.121 us, max = 13.121 us, min = 13.121 us, total = 13.121 us

-----------------
Task Event stats:

IO Service Stats:

Global stats: 2521 total (1 active)
Queueing time: mean = 210.035 us, max = 26.111 ms, min = -0.009 s, total = 529.497 ms
Execution time:  mean = 233.004 us, total = 587.403 ms
Event stats:
	CoreWorker.deadline_timer.flush_task_events - 840 total (1 active), Execution time: mean = 124.356 us, total = 104.459 ms, Queueing time: mean = 593.561 us, max = 26.111 ms, min = -0.009 s, total = 498.592 ms
	ray::rpc::TaskInfoGcsService.grpc_client.AddTaskEventData - 840 total (0 active), Execution time: mean = 553.811 us, total = 465.202 ms, Queueing time: mean = 0.000 s, max = -0.000 s, min = 9223372036.855 s, total = 0.000 s
	ray::rpc::TaskInfoGcsService.grpc_client.AddTaskEventData.OnReplyReceived - 840 total (0 active), Execution time: mean = 20.792 us, total = 17.465 ms, Queueing time: mean = 31.592 us, max = 449.071 us, min = 9.294 us, total = 26.537 ms
	PeriodicalRunner.RunFnPeriodically - 1 total (0 active), Execution time: mean = 277.054 us, total = 277.054 us, Queueing time: mean = 4.369 ms, max = 4.369 ms, min = 4.369 ms, total = 4.369 ms
Other Stats:
	grpc_in_progress:0
	current number of task status events in buffer: 0
	current number of profile events in buffer: 0
	current number of dropped task attempts tracked: 0
	total task events sent: 0 MiB
	total number of task attempts sent: 0
	total number of task attempts dropped reported: 0
	total number of sent failure: 0
	num status task events dropped: 0
	num profile task events dropped: 0


[2025-02-15 21:16:18,483 I 439 1009] core_worker.cc:642: Event stats:


Global stats: 12894 total (8 active)
Queueing time: mean = 119.408 us, max = 26.020 ms, min = -0.027 s, total = 1.540 s
Execution time:  mean = 69.753 ms, total = 899.392 s
Event stats:
	CoreWorker.RecoverObjects - 8987 total (1 active), Execution time: mean = 5.673 us, total = 50.981 ms, Queueing time: mean = 144.790 us, max = 9.132 ms, min = -0.001 s, total = 1.301 s
	NodeManagerService.grpc_client.ReportWorkerBacklog - 900 total (0 active), Execution time: mean = 738.952 us, total = 665.057 ms, Queueing time: mean = 0.000 s, max = -0.000 s, min = 9223372036.855 s, total = 0.000 s
	CoreWorker.InternalHeartbeat - 900 total (1 active), Execution time: mean = 106.993 us, total = 96.294 ms, Queueing time: mean = 106.934 us, max = 26.013 ms, min = -0.027 s, total = 96.240 ms
	CoreWorker.ExitIfParentRayletDies - 900 total (1 active), Execution time: mean = 7.767 us, total = 6.990 ms, Queueing time: mean = 75.662 us, max = 26.020 ms, min = -0.027 s, total = 68.095 ms
	NodeManagerService.grpc_client.ReportWorkerBacklog.OnReplyReceived - 900 total (0 active), Execution time: mean = 20.242 us, total = 18.218 ms, Queueing time: mean = 39.649 us, max = 334.384 us, min = 11.388 us, total = 35.684 ms
	CoreWorker.RecordMetrics - 180 total (1 active), Execution time: mean = 17.057 us, total = 3.070 ms, Queueing time: mean = 61.926 us, max = 15.312 ms, min = -0.014 s, total = 11.147 ms
	CoreWorker.GCStreamingGeneratorMetadata - 90 total (1 active), Execution time: mean = 4.165 us, total = 374.811 us, Queueing time: mean = 231.458 us, max = 15.261 ms, min = -0.014 s, total = 20.831 ms
	CoreWorker.PrintEventStats - 15 total (1 active, 1 running), Execution time: mean = 204.861 us, total = 3.073 ms, Queueing time: mean = 209.038 us, max = 2.306 ms, min = -0.000 s, total = 3.136 ms
	PeriodicalRunner.RunFnPeriodically - 7 total (0 active), Execution time: mean = 78.192 us, total = 547.341 us, Queueing time: mean = 250.703 us, max = 520.050 us, min = 25.908 us, total = 1.755 ms
	Publisher.CheckDeadSubscribers - 4 total (1 active), Execution time: mean = 4.654 us, total = 18.616 us, Queueing time: mean = 325.478 us, max = 989.922 us, min = 146.255 us, total = 1.302 ms
	ray::rpc::InternalPubSubGcsService.grpc_client.GcsSubscriberPoll - 3 total (1 active), Execution time: mean = 299.511 s, total = 898.532 s, Queueing time: mean = 0.000 s, max = -0.000 s, min = 9223372036.855 s, total = 0.000 s
	ray::rpc::InternalPubSubGcsService.grpc_client.GcsSubscriberPoll.OnReplyReceived - 2 total (0 active), Execution time: mean = 125.103 us, total = 250.207 us, Queueing time: mean = 64.252 us, max = 115.383 us, min = 13.121 us, total = 128.504 us
	ray::rpc::WorkerInfoGcsService.grpc_client.AddWorkerInfo - 1 total (0 active), Execution time: mean = 6.261 ms, total = 6.261 ms, Queueing time: mean = 0.000 s, max = -0.000 s, min = 9223372036.855 s, total = 0.000 s
	ray::rpc::NodeInfoGcsService.grpc_client.GetAllNodeInfo.OnReplyReceived - 1 total (0 active), Execution time: mean = 106.933 us, total = 106.933 us, Queueing time: mean = 20.297 us, max = 20.297 us, min = 20.297 us, total = 20.297 us
	ray::rpc::InternalPubSubGcsService.grpc_client.GcsSubscriberCommandBatch - 1 total (0 active), Execution time: mean = 5.677 ms, total = 5.677 ms, Queueing time: mean = 0.000 s, max = -0.000 s, min = 9223372036.855 s, total = 0.000 s
	ray::rpc::InternalPubSubGcsService.grpc_client.GcsSubscriberCommandBatch.OnReplyReceived - 1 total (0 active), Execution time: mean = 93.927 us, total = 93.927 us, Queueing time: mean = 28.616 us, max = 28.616 us, min = 28.616 us, total = 28.616 us
	ray::rpc::NodeInfoGcsService.grpc_client.GetAllNodeInfo - 1 total (0 active), Execution time: mean = 2.684 ms, total = 2.684 ms, Queueing time: mean = 0.000 s, max = -0.000 s, min = 9223372036.855 s, total = 0.000 s
	ray::rpc::WorkerInfoGcsService.grpc_client.AddWorkerInfo.OnReplyReceived - 1 total (0 active), Execution time: mean = 28.289 us, total = 28.289 us, Queueing time: mean = 52.690 us, max = 52.690 us, min = 52.690 us, total = 52.690 us

-----------------
Task Event stats:

IO Service Stats:

Global stats: 2701 total (1 active)
Queueing time: mean = 211.991 us, max = 26.111 ms, min = -0.009 s, total = 572.589 ms
Execution time:  mean = 229.487 us, total = 619.845 ms
Event stats:
	CoreWorker.deadline_timer.flush_task_events - 900 total (1 active), Execution time: mean = 123.077 us, total = 110.769 ms, Queueing time: mean = 600.380 us, max = 26.111 ms, min = -0.009 s, total = 540.342 ms
	ray::rpc::TaskInfoGcsService.grpc_client.AddTaskEventData - 900 total (0 active), Execution time: mean = 544.824 us, total = 490.341 ms, Queueing time: mean = 0.000 s, max = -0.000 s, min = 9223372036.855 s, total = 0.000 s
	ray::rpc::TaskInfoGcsService.grpc_client.AddTaskEventData.OnReplyReceived - 900 total (0 active), Execution time: mean = 20.508 us, total = 18.457 ms, Queueing time: mean = 30.976 us, max = 449.071 us, min = 9.294 us, total = 27.878 ms
	PeriodicalRunner.RunFnPeriodically - 1 total (0 active), Execution time: mean = 277.054 us, total = 277.054 us, Queueing time: mean = 4.369 ms, max = 4.369 ms, min = 4.369 ms, total = 4.369 ms
Other Stats:
	grpc_in_progress:0
	current number of task status events in buffer: 0
	current number of profile events in buffer: 0
	current number of dropped task attempts tracked: 0
	total task events sent: 0 MiB
	total number of task attempts sent: 0
	total number of task attempts dropped reported: 0
	total number of sent failure: 0
	num status task events dropped: 0
	num profile task events dropped: 0


[2025-02-15 21:17:18,483 I 439 1009] core_worker.cc:642: Event stats:


Global stats: 13753 total (8 active)
Queueing time: mean = 116.779 us, max = 26.020 ms, min = -0.027 s, total = 1.606 s
Execution time:  mean = 65.401 ms, total = 899.462 s
Event stats:
	CoreWorker.RecoverObjects - 9587 total (1 active), Execution time: mean = 5.622 us, total = 53.894 ms, Queueing time: mean = 142.467 us, max = 9.132 ms, min = -0.001 s, total = 1.366 s
	NodeManagerService.grpc_client.ReportWorkerBacklog - 960 total (0 active), Execution time: mean = 753.144 us, total = 723.018 ms, Queueing time: mean = 0.000 s, max = -0.000 s, min = 9223372036.855 s, total = 0.000 s
	CoreWorker.InternalHeartbeat - 960 total (1 active), Execution time: mean = 108.383 us, total = 104.048 ms, Queueing time: mean = 106.571 us, max = 26.013 ms, min = -0.027 s, total = 102.308 ms
	CoreWorker.ExitIfParentRayletDies - 960 total (1 active), Execution time: mean = 7.683 us, total = 7.375 ms, Queueing time: mean = 74.247 us, max = 26.020 ms, min = -0.027 s, total = 71.277 ms
	NodeManagerService.grpc_client.ReportWorkerBacklog.OnReplyReceived - 960 total (0 active), Execution time: mean = 20.079 us, total = 19.276 ms, Queueing time: mean = 39.975 us, max = 334.384 us, min = 11.388 us, total = 38.376 ms
	CoreWorker.RecordMetrics - 192 total (1 active), Execution time: mean = 17.239 us, total = 3.310 ms, Queueing time: mean = 60.816 us, max = 15.312 ms, min = -0.014 s, total = 11.677 ms
	CoreWorker.GCStreamingGeneratorMetadata - 96 total (1 active), Execution time: mean = 4.286 us, total = 411.454 us, Queueing time: mean = 105.113 us, max = 15.261 ms, min = -0.014 s, total = 10.091 ms
	CoreWorker.PrintEventStats - 16 total (1 active, 1 running), Execution time: mean = 202.222 us, total = 3.236 ms, Queueing time: mean = 200.697 us, max = 2.306 ms, min = -0.000 s, total = 3.211 ms
	PeriodicalRunner.RunFnPeriodically - 7 total (0 active), Execution time: mean = 78.192 us, total = 547.341 us, Queueing time: mean = 250.703 us, max = 520.050 us, min = 25.908 us, total = 1.755 ms
	Publisher.CheckDeadSubscribers - 4 total (1 active), Execution time: mean = 4.654 us, total = 18.616 us, Queueing time: mean = 325.478 us, max = 989.922 us, min = 146.255 us, total = 1.302 ms
	ray::rpc::InternalPubSubGcsService.grpc_client.GcsSubscriberPoll - 3 total (1 active), Execution time: mean = 299.511 s, total = 898.532 s, Queueing time: mean = 0.000 s, max = -0.000 s, min = 9223372036.855 s, total = 0.000 s
	ray::rpc::InternalPubSubGcsService.grpc_client.GcsSubscriberPoll.OnReplyReceived - 2 total (0 active), Execution time: mean = 125.103 us, total = 250.207 us, Queueing time: mean = 64.252 us, max = 115.383 us, min = 13.121 us, total = 128.504 us
	ray::rpc::WorkerInfoGcsService.grpc_client.AddWorkerInfo - 1 total (0 active), Execution time: mean = 6.261 ms, total = 6.261 ms, Queueing time: mean = 0.000 s, max = -0.000 s, min = 9223372036.855 s, total = 0.000 s
	ray::rpc::NodeInfoGcsService.grpc_client.GetAllNodeInfo.OnReplyReceived - 1 total (0 active), Execution time: mean = 106.933 us, total = 106.933 us, Queueing time: mean = 20.297 us, max = 20.297 us, min = 20.297 us, total = 20.297 us
	ray::rpc::InternalPubSubGcsService.grpc_client.GcsSubscriberCommandBatch - 1 total (0 active), Execution time: mean = 5.677 ms, total = 5.677 ms, Queueing time: mean = 0.000 s, max = -0.000 s, min = 9223372036.855 s, total = 0.000 s
	ray::rpc::InternalPubSubGcsService.grpc_client.GcsSubscriberCommandBatch.OnReplyReceived - 1 total (0 active), Execution time: mean = 93.927 us, total = 93.927 us, Queueing time: mean = 28.616 us, max = 28.616 us, min = 28.616 us, total = 28.616 us
	ray::rpc::NodeInfoGcsService.grpc_client.GetAllNodeInfo - 1 total (0 active), Execution time: mean = 2.684 ms, total = 2.684 ms, Queueing time: mean = 0.000 s, max = -0.000 s, min = 9223372036.855 s, total = 0.000 s
	ray::rpc::WorkerInfoGcsService.grpc_client.AddWorkerInfo.OnReplyReceived - 1 total (0 active), Execution time: mean = 28.289 us, total = 28.289 us, Queueing time: mean = 52.690 us, max = 52.690 us, min = 52.690 us, total = 52.690 us

-----------------
Task Event stats:

IO Service Stats:

Global stats: 2881 total (1 active)
Queueing time: mean = 209.217 us, max = 26.111 ms, min = -0.009 s, total = 602.755 ms
Execution time:  mean = 227.907 us, total = 656.600 ms
Event stats:
	CoreWorker.deadline_timer.flush_task_events - 960 total (1 active), Execution time: mean = 122.784 us, total = 117.872 ms, Queueing time: mean = 591.969 us, max = 26.111 ms, min = -0.009 s, total = 568.290 ms
	ray::rpc::TaskInfoGcsService.grpc_client.AddTaskEventData - 960 total (0 active), Execution time: mean = 540.458 us, total = 518.840 ms, Queueing time: mean = 0.000 s, max = -0.000 s, min = 9223372036.855 s, total = 0.000 s
	ray::rpc::TaskInfoGcsService.grpc_client.AddTaskEventData.OnReplyReceived - 960 total (0 active), Execution time: mean = 20.429 us, total = 19.612 ms, Queueing time: mean = 31.350 us, max = 831.829 us, min = 9.294 us, total = 30.096 ms
	PeriodicalRunner.RunFnPeriodically - 1 total (0 active), Execution time: mean = 277.054 us, total = 277.054 us, Queueing time: mean = 4.369 ms, max = 4.369 ms, min = 4.369 ms, total = 4.369 ms
Other Stats:
	grpc_in_progress:0
	current number of task status events in buffer: 0
	current number of profile events in buffer: 0
	current number of dropped task attempts tracked: 0
	total task events sent: 0 MiB
	total number of task attempts sent: 0
	total number of task attempts dropped reported: 0
	total number of sent failure: 0
	num status task events dropped: 0
	num profile task events dropped: 0


[2025-02-15 21:18:18,483 I 439 1009] core_worker.cc:642: Event stats:


Global stats: 14611 total (8 active)
Queueing time: mean = 117.156 us, max = 26.020 ms, min = -0.027 s, total = 1.712 s
Execution time:  mean = 61.565 ms, total = 899.533 s
Event stats:
	CoreWorker.RecoverObjects - 10186 total (1 active), Execution time: mean = 5.642 us, total = 57.466 ms, Queueing time: mean = 142.400 us, max = 9.132 ms, min = -0.001 s, total = 1.450 s
	NodeManagerService.grpc_client.ReportWorkerBacklog - 1020 total (0 active), Execution time: mean = 764.921 us, total = 780.220 ms, Queueing time: mean = 0.000 s, max = -0.000 s, min = 9223372036.855 s, total = 0.000 s
	CoreWorker.InternalHeartbeat - 1020 total (1 active), Execution time: mean = 110.044 us, total = 112.245 ms, Queueing time: mean = 106.157 us, max = 26.013 ms, min = -0.027 s, total = 108.280 ms
	CoreWorker.ExitIfParentRayletDies - 1020 total (1 active), Execution time: mean = 7.683 us, total = 7.836 ms, Queueing time: mean = 73.338 us, max = 26.020 ms, min = -0.027 s, total = 74.804 ms
	NodeManagerService.grpc_client.ReportWorkerBacklog.OnReplyReceived - 1020 total (0 active), Execution time: mean = 20.005 us, total = 20.405 ms, Queueing time: mean = 39.909 us, max = 334.384 us, min = 11.388 us, total = 40.708 ms
	CoreWorker.RecordMetrics - 204 total (1 active), Execution time: mean = 17.280 us, total = 3.525 ms, Queueing time: mean = 60.863 us, max = 15.480 ms, min = -0.014 s, total = 12.416 ms
	CoreWorker.GCStreamingGeneratorMetadata - 102 total (1 active), Execution time: mean = 4.326 us, total = 441.218 us, Queueing time: mean = 181.741 us, max = 15.261 ms, min = -0.014 s, total = 18.538 ms
	CoreWorker.PrintEventStats - 17 total (1 active, 1 running), Execution time: mean = 204.476 us, total = 3.476 ms, Queueing time: mean = 191.200 us, max = 2.306 ms, min = -0.000 s, total = 3.250 ms
	PeriodicalRunner.RunFnPeriodically - 7 total (0 active), Execution time: mean = 78.192 us, total = 547.341 us, Queueing time: mean = 250.703 us, max = 520.050 us, min = 25.908 us, total = 1.755 ms
	Publisher.CheckDeadSubscribers - 4 total (1 active), Execution time: mean = 4.654 us, total = 18.616 us, Queueing time: mean = 325.478 us, max = 989.922 us, min = 146.255 us, total = 1.302 ms
	ray::rpc::InternalPubSubGcsService.grpc_client.GcsSubscriberPoll - 3 total (1 active), Execution time: mean = 299.511 s, total = 898.532 s, Queueing time: mean = 0.000 s, max = -0.000 s, min = 9223372036.855 s, total = 0.000 s
	ray::rpc::InternalPubSubGcsService.grpc_client.GcsSubscriberPoll.OnReplyReceived - 2 total (0 active), Execution time: mean = 125.103 us, total = 250.207 us, Queueing time: mean = 64.252 us, max = 115.383 us, min = 13.121 us, total = 128.504 us
	ray::rpc::WorkerInfoGcsService.grpc_client.AddWorkerInfo - 1 total (0 active), Execution time: mean = 6.261 ms, total = 6.261 ms, Queueing time: mean = 0.000 s, max = -0.000 s, min = 9223372036.855 s, total = 0.000 s
	ray::rpc::NodeInfoGcsService.grpc_client.GetAllNodeInfo.OnReplyReceived - 1 total (0 active), Execution time: mean = 106.933 us, total = 106.933 us, Queueing time: mean = 20.297 us, max = 20.297 us, min = 20.297 us, total = 20.297 us
	ray::rpc::InternalPubSubGcsService.grpc_client.GcsSubscriberCommandBatch - 1 total (0 active), Execution time: mean = 5.677 ms, total = 5.677 ms, Queueing time: mean = 0.000 s, max = -0.000 s, min = 9223372036.855 s, total = 0.000 s
	ray::rpc::InternalPubSubGcsService.grpc_client.GcsSubscriberCommandBatch.OnReplyReceived - 1 total (0 active), Execution time: mean = 93.927 us, total = 93.927 us, Queueing time: mean = 28.616 us, max = 28.616 us, min = 28.616 us, total = 28.616 us
	ray::rpc::NodeInfoGcsService.grpc_client.GetAllNodeInfo - 1 total (0 active), Execution time: mean = 2.684 ms, total = 2.684 ms, Queueing time: mean = 0.000 s, max = -0.000 s, min = 9223372036.855 s, total = 0.000 s
	ray::rpc::WorkerInfoGcsService.grpc_client.AddWorkerInfo.OnReplyReceived - 1 total (0 active), Execution time: mean = 28.289 us, total = 28.289 us, Queueing time: mean = 52.690 us, max = 52.690 us, min = 52.690 us, total = 52.690 us

-----------------
Task Event stats:

IO Service Stats:

Global stats: 3061 total (1 active)
Queueing time: mean = 212.638 us, max = 26.111 ms, min = -0.009 s, total = 650.885 ms
Execution time:  mean = 227.486 us, total = 696.336 ms
Event stats:
	CoreWorker.deadline_timer.flush_task_events - 1020 total (1 active), Execution time: mean = 122.819 us, total = 125.276 ms, Queueing time: mean = 602.504 us, max = 26.111 ms, min = -0.009 s, total = 614.554 ms
	ray::rpc::TaskInfoGcsService.grpc_client.AddTaskEventData - 1020 total (0 active), Execution time: mean = 539.127 us, total = 549.910 ms, Queueing time: mean = 0.000 s, max = -0.000 s, min = 9223372036.855 s, total = 0.000 s
	ray::rpc::TaskInfoGcsService.grpc_client.AddTaskEventData.OnReplyReceived - 1020 total (0 active), Execution time: mean = 20.464 us, total = 20.873 ms, Queueing time: mean = 31.336 us, max = 831.829 us, min = 9.294 us, total = 31.962 ms
	PeriodicalRunner.RunFnPeriodically - 1 total (0 active), Execution time: mean = 277.054 us, total = 277.054 us, Queueing time: mean = 4.369 ms, max = 4.369 ms, min = 4.369 ms, total = 4.369 ms
Other Stats:
	grpc_in_progress:0
	current number of task status events in buffer: 0
	current number of profile events in buffer: 0
	current number of dropped task attempts tracked: 0
	total task events sent: 0 MiB
	total number of task attempts sent: 0
	total number of task attempts dropped reported: 0
	total number of sent failure: 0
	num status task events dropped: 0
	num profile task events dropped: 0


[2025-02-15 21:19:18,484 I 439 1009] core_worker.cc:642: Event stats:


Global stats: 15469 total (8 active)
Queueing time: mean = 115.777 us, max = 26.020 ms, min = -0.027 s, total = 1.791 s
Execution time:  mean = 58.155 ms, total = 899.605 s
Event stats:
	CoreWorker.RecoverObjects - 10785 total (1 active), Execution time: mean = 5.662 us, total = 61.069 ms, Queueing time: mean = 140.343 us, max = 9.132 ms, min = -0.001 s, total = 1.514 s
	NodeManagerService.grpc_client.ReportWorkerBacklog - 1080 total (0 active), Execution time: mean = 775.095 us, total = 837.103 ms, Queueing time: mean = 0.000 s, max = -0.000 s, min = 9223372036.855 s, total = 0.000 s
	CoreWorker.InternalHeartbeat - 1080 total (1 active), Execution time: mean = 111.735 us, total = 120.674 ms, Queueing time: mean = 105.336 us, max = 26.013 ms, min = -0.027 s, total = 113.763 ms
	CoreWorker.ExitIfParentRayletDies - 1080 total (1 active), Execution time: mean = 7.638 us, total = 8.249 ms, Queueing time: mean = 72.054 us, max = 26.020 ms, min = -0.027 s, total = 77.818 ms
	NodeManagerService.grpc_client.ReportWorkerBacklog.OnReplyReceived - 1080 total (0 active), Execution time: mean = 19.897 us, total = 21.489 ms, Queueing time: mean = 40.112 us, max = 334.384 us, min = 11.388 us, total = 43.320 ms
	CoreWorker.RecordMetrics - 216 total (1 active), Execution time: mean = 20.228 us, total = 4.369 ms, Queueing time: mean = 59.870 us, max = 15.480 ms, min = -0.014 s, total = 12.932 ms
	CoreWorker.GCStreamingGeneratorMetadata - 108 total (1 active), Execution time: mean = 4.330 us, total = 467.655 us, Queueing time: mean = 211.428 us, max = 15.261 ms, min = -0.014 s, total = 22.834 ms
	CoreWorker.PrintEventStats - 18 total (1 active, 1 running), Execution time: mean = 204.119 us, total = 3.674 ms, Queueing time: mean = 189.069 us, max = 2.306 ms, min = -0.000 s, total = 3.403 ms
	PeriodicalRunner.RunFnPeriodically - 7 total (0 active), Execution time: mean = 78.192 us, total = 547.341 us, Queueing time: mean = 250.703 us, max = 520.050 us, min = 25.908 us, total = 1.755 ms
	Publisher.CheckDeadSubscribers - 4 total (1 active), Execution time: mean = 4.654 us, total = 18.616 us, Queueing time: mean = 325.478 us, max = 989.922 us, min = 146.255 us, total = 1.302 ms
	ray::rpc::InternalPubSubGcsService.grpc_client.GcsSubscriberPoll - 3 total (1 active), Execution time: mean = 299.511 s, total = 898.532 s, Queueing time: mean = 0.000 s, max = -0.000 s, min = 9223372036.855 s, total = 0.000 s
	ray::rpc::InternalPubSubGcsService.grpc_client.GcsSubscriberPoll.OnReplyReceived - 2 total (0 active), Execution time: mean = 125.103 us, total = 250.207 us, Queueing time: mean = 64.252 us, max = 115.383 us, min = 13.121 us, total = 128.504 us
	ray::rpc::WorkerInfoGcsService.grpc_client.AddWorkerInfo - 1 total (0 active), Execution time: mean = 6.261 ms, total = 6.261 ms, Queueing time: mean = 0.000 s, max = -0.000 s, min = 9223372036.855 s, total = 0.000 s
	ray::rpc::NodeInfoGcsService.grpc_client.GetAllNodeInfo.OnReplyReceived - 1 total (0 active), Execution time: mean = 106.933 us, total = 106.933 us, Queueing time: mean = 20.297 us, max = 20.297 us, min = 20.297 us, total = 20.297 us
	ray::rpc::InternalPubSubGcsService.grpc_client.GcsSubscriberCommandBatch - 1 total (0 active), Execution time: mean = 5.677 ms, total = 5.677 ms, Queueing time: mean = 0.000 s, max = -0.000 s, min = 9223372036.855 s, total = 0.000 s
	ray::rpc::InternalPubSubGcsService.grpc_client.GcsSubscriberCommandBatch.OnReplyReceived - 1 total (0 active), Execution time: mean = 93.927 us, total = 93.927 us, Queueing time: mean = 28.616 us, max = 28.616 us, min = 28.616 us, total = 28.616 us
	ray::rpc::NodeInfoGcsService.grpc_client.GetAllNodeInfo - 1 total (0 active), Execution time: mean = 2.684 ms, total = 2.684 ms, Queueing time: mean = 0.000 s, max = -0.000 s, min = 9223372036.855 s, total = 0.000 s
	ray::rpc::WorkerInfoGcsService.grpc_client.AddWorkerInfo.OnReplyReceived - 1 total (0 active), Execution time: mean = 28.289 us, total = 28.289 us, Queueing time: mean = 52.690 us, max = 52.690 us, min = 52.690 us, total = 52.690 us

-----------------
Task Event stats:

IO Service Stats:

Global stats: 3241 total (1 active)
Queueing time: mean = 209.299 us, max = 26.111 ms, min = -0.009 s, total = 678.337 ms
Execution time:  mean = 227.026 us, total = 735.790 ms
Event stats:
	CoreWorker.deadline_timer.flush_task_events - 1080 total (1 active), Execution time: mean = 122.933 us, total = 132.768 ms, Queueing time: mean = 592.675 us, max = 26.111 ms, min = -0.009 s, total = 640.089 ms
	ray::rpc::TaskInfoGcsService.grpc_client.AddTaskEventData - 1080 total (0 active), Execution time: mean = 537.448 us, total = 580.444 ms, Queueing time: mean = 0.000 s, max = -0.000 s, min = 9223372036.855 s, total = 0.000 s
	ray::rpc::TaskInfoGcsService.grpc_client.AddTaskEventData.OnReplyReceived - 1080 total (0 active), Execution time: mean = 20.650 us, total = 22.302 ms, Queueing time: mean = 31.369 us, max = 831.829 us, min = 9.294 us, total = 33.879 ms
	PeriodicalRunner.RunFnPeriodically - 1 total (0 active), Execution time: mean = 277.054 us, total = 277.054 us, Queueing time: mean = 4.369 ms, max = 4.369 ms, min = 4.369 ms, total = 4.369 ms
Other Stats:
	grpc_in_progress:0
	current number of task status events in buffer: 0
	current number of profile events in buffer: 0
	current number of dropped task attempts tracked: 0
	total task events sent: 0 MiB
	total number of task attempts sent: 0
	total number of task attempts dropped reported: 0
	total number of sent failure: 0
	num status task events dropped: 0
	num profile task events dropped: 0


[2025-02-15 21:20:18,484 I 439 1009] core_worker.cc:642: Event stats:


Global stats: 16327 total (8 active)
Queueing time: mean = 114.383 us, max = 26.020 ms, min = -0.027 s, total = 1.868 s
Execution time:  mean = 55.103 ms, total = 899.668 s
Event stats:
	CoreWorker.RecoverObjects - 11384 total (1 active), Execution time: mean = 5.627 us, total = 64.059 ms, Queueing time: mean = 139.136 us, max = 9.132 ms, min = -0.001 s, total = 1.584 s
	NodeManagerService.grpc_client.ReportWorkerBacklog - 1140 total (0 active), Execution time: mean = 779.043 us, total = 888.109 ms, Queueing time: mean = 0.000 s, max = -0.000 s, min = 9223372036.855 s, total = 0.000 s
	CoreWorker.InternalHeartbeat - 1140 total (1 active), Execution time: mean = 111.997 us, total = 127.677 ms, Queueing time: mean = 104.100 us, max = 26.013 ms, min = -0.027 s, total = 118.674 ms
	CoreWorker.ExitIfParentRayletDies - 1140 total (1 active), Execution time: mean = 7.601 us, total = 8.666 ms, Queueing time: mean = 70.070 us, max = 26.020 ms, min = -0.027 s, total = 79.879 ms
	NodeManagerService.grpc_client.ReportWorkerBacklog.OnReplyReceived - 1140 total (0 active), Execution time: mean = 19.893 us, total = 22.678 ms, Queueing time: mean = 40.495 us, max = 334.384 us, min = 11.388 us, total = 46.164 ms
	CoreWorker.RecordMetrics - 228 total (1 active), Execution time: mean = 20.005 us, total = 4.561 ms, Queueing time: mean = 50.100 us, max = 15.480 ms, min = -0.014 s, total = 11.423 ms
	CoreWorker.GCStreamingGeneratorMetadata - 114 total (1 active), Execution time: mean = 4.299 us, total = 490.035 us, Queueing time: mean = 180.887 us, max = 15.261 ms, min = -0.014 s, total = 20.621 ms
	CoreWorker.PrintEventStats - 19 total (1 active, 1 running), Execution time: mean = 203.969 us, total = 3.875 ms, Queueing time: mean = 187.642 us, max = 2.306 ms, min = -0.000 s, total = 3.565 ms
	PeriodicalRunner.RunFnPeriodically - 7 total (0 active), Execution time: mean = 78.192 us, total = 547.341 us, Queueing time: mean = 250.703 us, max = 520.050 us, min = 25.908 us, total = 1.755 ms
	Publisher.CheckDeadSubscribers - 4 total (1 active), Execution time: mean = 4.654 us, total = 18.616 us, Queueing time: mean = 325.478 us, max = 989.922 us, min = 146.255 us, total = 1.302 ms
	ray::rpc::InternalPubSubGcsService.grpc_client.GcsSubscriberPoll - 3 total (1 active), Execution time: mean = 299.511 s, total = 898.532 s, Queueing time: mean = 0.000 s, max = -0.000 s, min = 9223372036.855 s, total = 0.000 s
	ray::rpc::InternalPubSubGcsService.grpc_client.GcsSubscriberPoll.OnReplyReceived - 2 total (0 active), Execution time: mean = 125.103 us, total = 250.207 us, Queueing time: mean = 64.252 us, max = 115.383 us, min = 13.121 us, total = 128.504 us
	ray::rpc::WorkerInfoGcsService.grpc_client.AddWorkerInfo - 1 total (0 active), Execution time: mean = 6.261 ms, total = 6.261 ms, Queueing time: mean = 0.000 s, max = -0.000 s, min = 9223372036.855 s, total = 0.000 s
	ray::rpc::NodeInfoGcsService.grpc_client.GetAllNodeInfo.OnReplyReceived - 1 total (0 active), Execution time: mean = 106.933 us, total = 106.933 us, Queueing time: mean = 20.297 us, max = 20.297 us, min = 20.297 us, total = 20.297 us
	ray::rpc::InternalPubSubGcsService.grpc_client.GcsSubscriberCommandBatch - 1 total (0 active), Execution time: mean = 5.677 ms, total = 5.677 ms, Queueing time: mean = 0.000 s, max = -0.000 s, min = 9223372036.855 s, total = 0.000 s
	ray::rpc::InternalPubSubGcsService.grpc_client.GcsSubscriberCommandBatch.OnReplyReceived - 1 total (0 active), Execution time: mean = 93.927 us, total = 93.927 us, Queueing time: mean = 28.616 us, max = 28.616 us, min = 28.616 us, total = 28.616 us
	ray::rpc::NodeInfoGcsService.grpc_client.GetAllNodeInfo - 1 total (0 active), Execution time: mean = 2.684 ms, total = 2.684 ms, Queueing time: mean = 0.000 s, max = -0.000 s, min = 9223372036.855 s, total = 0.000 s
	ray::rpc::WorkerInfoGcsService.grpc_client.AddWorkerInfo.OnReplyReceived - 1 total (0 active), Execution time: mean = 28.289 us, total = 28.289 us, Queueing time: mean = 52.690 us, max = 52.690 us, min = 52.690 us, total = 52.690 us

-----------------
Task Event stats:

IO Service Stats:

Global stats: 3421 total (1 active)
Queueing time: mean = 209.976 us, max = 26.111 ms, min = -0.009 s, total = 718.328 ms
Execution time:  mean = 225.454 us, total = 771.280 ms
Event stats:
	CoreWorker.deadline_timer.flush_task_events - 1140 total (1 active), Execution time: mean = 122.453 us, total = 139.597 ms, Queueing time: mean = 595.304 us, max = 26.111 ms, min = -0.009 s, total = 678.646 ms
	ray::rpc::TaskInfoGcsService.grpc_client.AddTaskEventData - 1140 total (0 active), Execution time: mean = 533.336 us, total = 608.003 ms, Queueing time: mean = 0.000 s, max = -0.000 s, min = 9223372036.855 s, total = 0.000 s
	ray::rpc::TaskInfoGcsService.grpc_client.AddTaskEventData.OnReplyReceived - 1140 total (0 active), Execution time: mean = 20.529 us, total = 23.403 ms, Queueing time: mean = 30.976 us, max = 831.829 us, min = 9.294 us, total = 35.313 ms
	PeriodicalRunner.RunFnPeriodically - 1 total (0 active), Execution time: mean = 277.054 us, total = 277.054 us, Queueing time: mean = 4.369 ms, max = 4.369 ms, min = 4.369 ms, total = 4.369 ms
Other Stats:
	grpc_in_progress:0
	current number of task status events in buffer: 0
	current number of profile events in buffer: 0
	current number of dropped task attempts tracked: 0
	total task events sent: 0 MiB
	total number of task attempts sent: 0
	total number of task attempts dropped reported: 0
	total number of sent failure: 0
	num status task events dropped: 0
	num profile task events dropped: 0


[2025-02-15 21:21:18,484 I 439 1009] core_worker.cc:642: Event stats:


Global stats: 17189 total (8 active)
Queueing time: mean = 113.262 us, max = 26.020 ms, min = -0.027 s, total = 1.947 s
Execution time:  mean = 69.807 ms, total = 1199.905 s
Event stats:
	CoreWorker.RecoverObjects - 11984 total (1 active), Execution time: mean = 5.624 us, total = 67.396 ms, Queueing time: mean = 136.995 us, max = 9.567 ms, min = -0.002 s, total = 1.642 s
	NodeManagerService.grpc_client.ReportWorkerBacklog - 1200 total (0 active), Execution time: mean = 786.171 us, total = 943.405 ms, Queueing time: mean = 0.000 s, max = -0.000 s, min = 9223372036.855 s, total = 0.000 s
	CoreWorker.InternalHeartbeat - 1200 total (1 active), Execution time: mean = 112.748 us, total = 135.297 ms, Queueing time: mean = 105.042 us, max = 26.013 ms, min = -0.027 s, total = 126.051 ms
	CoreWorker.ExitIfParentRayletDies - 1200 total (1 active), Execution time: mean = 7.597 us, total = 9.116 ms, Queueing time: mean = 70.351 us, max = 26.020 ms, min = -0.027 s, total = 84.421 ms
	NodeManagerService.grpc_client.ReportWorkerBacklog.OnReplyReceived - 1200 total (0 active), Execution time: mean = 19.714 us, total = 23.657 ms, Queueing time: mean = 40.698 us, max = 334.384 us, min = 11.388 us, total = 48.837 ms
	CoreWorker.RecordMetrics - 240 total (1 active), Execution time: mean = 20.025 us, total = 4.806 ms, Queueing time: mean = 59.940 us, max = 15.480 ms, min = -0.014 s, total = 14.386 ms
	CoreWorker.GCStreamingGeneratorMetadata - 120 total (1 active), Execution time: mean = 4.278 us, total = 513.398 us, Queueing time: mean = 213.924 us, max = 15.261 ms, min = -0.014 s, total = 25.671 ms
	CoreWorker.PrintEventStats - 20 total (1 active, 1 running), Execution time: mean = 202.683 us, total = 4.054 ms, Queueing time: mean = 112.314 us, max = 2.306 ms, min = -0.001 s, total = 2.246 ms
	PeriodicalRunner.RunFnPeriodically - 7 total (0 active), Execution time: mean = 78.192 us, total = 547.341 us, Queueing time: mean = 250.703 us, max = 520.050 us, min = 25.908 us, total = 1.755 ms
	Publisher.CheckDeadSubscribers - 5 total (1 active), Execution time: mean = 4.457 us, total = 22.283 us, Queueing time: mean = 298.537 us, max = 989.922 us, min = 146.255 us, total = 1.493 ms
	ray::rpc::InternalPubSubGcsService.grpc_client.GcsSubscriberPoll - 4 total (1 active), Execution time: mean = 299.675 s, total = 1198.701 s, Queueing time: mean = 0.000 s, max = -0.000 s, min = 9223372036.855 s, total = 0.000 s
	ray::rpc::InternalPubSubGcsService.grpc_client.GcsSubscriberPoll.OnReplyReceived - 3 total (0 active), Execution time: mean = 117.780 us, total = 353.340 us, Queueing time: mean = 47.012 us, max = 115.383 us, min = 12.533 us, total = 141.037 us
	ray::rpc::WorkerInfoGcsService.grpc_client.AddWorkerInfo - 1 total (0 active), Execution time: mean = 6.261 ms, total = 6.261 ms, Queueing time: mean = 0.000 s, max = -0.000 s, min = 9223372036.855 s, total = 0.000 s
	ray::rpc::NodeInfoGcsService.grpc_client.GetAllNodeInfo.OnReplyReceived - 1 total (0 active), Execution time: mean = 106.933 us, total = 106.933 us, Queueing time: mean = 20.297 us, max = 20.297 us, min = 20.297 us, total = 20.297 us
	ray::rpc::InternalPubSubGcsService.grpc_client.GcsSubscriberCommandBatch - 1 total (0 active), Execution time: mean = 5.677 ms, total = 5.677 ms, Queueing time: mean = 0.000 s, max = -0.000 s, min = 9223372036.855 s, total = 0.000 s
	ray::rpc::InternalPubSubGcsService.grpc_client.GcsSubscriberCommandBatch.OnReplyReceived - 1 total (0 active), Execution time: mean = 93.927 us, total = 93.927 us, Queueing time: mean = 28.616 us, max = 28.616 us, min = 28.616 us, total = 28.616 us
	ray::rpc::NodeInfoGcsService.grpc_client.GetAllNodeInfo - 1 total (0 active), Execution time: mean = 2.684 ms, total = 2.684 ms, Queueing time: mean = 0.000 s, max = -0.000 s, min = 9223372036.855 s, total = 0.000 s
	ray::rpc::WorkerInfoGcsService.grpc_client.AddWorkerInfo.OnReplyReceived - 1 total (0 active), Execution time: mean = 28.289 us, total = 28.289 us, Queueing time: mean = 52.690 us, max = 52.690 us, min = 52.690 us, total = 52.690 us

-----------------
Task Event stats:

IO Service Stats:

Global stats: 3601 total (1 active)
Queueing time: mean = 205.474 us, max = 26.111 ms, min = -0.015 s, total = 739.913 ms
Execution time:  mean = 226.757 us, total = 816.550 ms
Event stats:
	CoreWorker.deadline_timer.flush_task_events - 1200 total (1 active), Execution time: mean = 123.298 us, total = 147.958 ms, Queueing time: mean = 582.166 us, max = 26.111 ms, min = -0.015 s, total = 698.599 ms
	ray::rpc::TaskInfoGcsService.grpc_client.AddTaskEventData - 1200 total (0 active), Execution time: mean = 536.371 us, total = 643.645 ms, Queueing time: mean = 0.000 s, max = -0.000 s, min = 9223372036.855 s, total = 0.000 s
	ray::rpc::TaskInfoGcsService.grpc_client.AddTaskEventData.OnReplyReceived - 1200 total (0 active), Execution time: mean = 20.559 us, total = 24.671 ms, Queueing time: mean = 30.788 us, max = 831.829 us, min = 9.294 us, total = 36.946 ms
	PeriodicalRunner.RunFnPeriodically - 1 total (0 active), Execution time: mean = 277.054 us, total = 277.054 us, Queueing time: mean = 4.369 ms, max = 4.369 ms, min = 4.369 ms, total = 4.369 ms
Other Stats:
	grpc_in_progress:0
	current number of task status events in buffer: 0
	current number of profile events in buffer: 0
	current number of dropped task attempts tracked: 0
	total task events sent: 0 MiB
	total number of task attempts sent: 0
	total number of task attempts dropped reported: 0
	total number of sent failure: 0
	num status task events dropped: 0
	num profile task events dropped: 0


[2025-02-15 21:22:18,484 I 439 1009] core_worker.cc:642: Event stats:


Global stats: 18047 total (8 active)
Queueing time: mean = 112.111 us, max = 26.174 ms, min = -0.028 s, total = 2.023 s
Execution time:  mean = 66.491 ms, total = 1199.970 s
Event stats:
	CoreWorker.RecoverObjects - 12583 total (1 active), Execution time: mean = 5.587 us, total = 70.297 ms, Queueing time: mean = 136.349 us, max = 9.567 ms, min = -0.002 s, total = 1.716 s
	NodeManagerService.grpc_client.ReportWorkerBacklog - 1260 total (0 active), Execution time: mean = 792.006 us, total = 997.928 ms, Queueing time: mean = 0.000 s, max = -0.000 s, min = 9223372036.855 s, total = 0.000 s
	CoreWorker.InternalHeartbeat - 1260 total (1 active), Execution time: mean = 112.233 us, total = 141.413 ms, Queueing time: mean = 104.246 us, max = 26.174 ms, min = -0.028 s, total = 131.350 ms
	CoreWorker.ExitIfParentRayletDies - 1260 total (1 active), Execution time: mean = 7.592 us, total = 9.566 ms, Queueing time: mean = 67.726 us, max = 26.126 ms, min = -0.028 s, total = 85.335 ms
	NodeManagerService.grpc_client.ReportWorkerBacklog.OnReplyReceived - 1260 total (0 active), Execution time: mean = 19.550 us, total = 24.633 ms, Queueing time: mean = 40.251 us, max = 334.384 us, min = 11.388 us, total = 50.717 ms
	CoreWorker.RecordMetrics - 252 total (1 active), Execution time: mean = 19.863 us, total = 5.006 ms, Queueing time: mean = 49.543 us, max = 15.480 ms, min = -0.014 s, total = 12.485 ms
	CoreWorker.GCStreamingGeneratorMetadata - 126 total (1 active), Execution time: mean = 4.224 us, total = 532.276 us, Queueing time: mean = 163.883 us, max = 15.261 ms, min = -0.014 s, total = 20.649 ms
	CoreWorker.PrintEventStats - 21 total (1 active, 1 running), Execution time: mean = 200.999 us, total = 4.221 ms, Queueing time: mean = 169.405 us, max = 2.306 ms, min = -0.001 s, total = 3.557 ms
	PeriodicalRunner.RunFnPeriodically - 7 total (0 active), Execution time: mean = 78.192 us, total = 547.341 us, Queueing time: mean = 250.703 us, max = 520.050 us, min = 25.908 us, total = 1.755 ms
	Publisher.CheckDeadSubscribers - 5 total (1 active), Execution time: mean = 4.457 us, total = 22.283 us, Queueing time: mean = 298.537 us, max = 989.922 us, min = 146.255 us, total = 1.493 ms
	ray::rpc::InternalPubSubGcsService.grpc_client.GcsSubscriberPoll - 4 total (1 active), Execution time: mean = 299.675 s, total = 1198.701 s, Queueing time: mean = 0.000 s, max = -0.000 s, min = 9223372036.855 s, total = 0.000 s
	ray::rpc::InternalPubSubGcsService.grpc_client.GcsSubscriberPoll.OnReplyReceived - 3 total (0 active), Execution time: mean = 117.780 us, total = 353.340 us, Queueing time: mean = 47.012 us, max = 115.383 us, min = 12.533 us, total = 141.037 us
	ray::rpc::WorkerInfoGcsService.grpc_client.AddWorkerInfo - 1 total (0 active), Execution time: mean = 6.261 ms, total = 6.261 ms, Queueing time: mean = 0.000 s, max = -0.000 s, min = 9223372036.855 s, total = 0.000 s
	ray::rpc::NodeInfoGcsService.grpc_client.GetAllNodeInfo.OnReplyReceived - 1 total (0 active), Execution time: mean = 106.933 us, total = 106.933 us, Queueing time: mean = 20.297 us, max = 20.297 us, min = 20.297 us, total = 20.297 us
	ray::rpc::InternalPubSubGcsService.grpc_client.GcsSubscriberCommandBatch - 1 total (0 active), Execution time: mean = 5.677 ms, total = 5.677 ms, Queueing time: mean = 0.000 s, max = -0.000 s, min = 9223372036.855 s, total = 0.000 s
	ray::rpc::InternalPubSubGcsService.grpc_client.GcsSubscriberCommandBatch.OnReplyReceived - 1 total (0 active), Execution time: mean = 93.927 us, total = 93.927 us, Queueing time: mean = 28.616 us, max = 28.616 us, min = 28.616 us, total = 28.616 us
	ray::rpc::NodeInfoGcsService.grpc_client.GetAllNodeInfo - 1 total (0 active), Execution time: mean = 2.684 ms, total = 2.684 ms, Queueing time: mean = 0.000 s, max = -0.000 s, min = 9223372036.855 s, total = 0.000 s
	ray::rpc::WorkerInfoGcsService.grpc_client.AddWorkerInfo.OnReplyReceived - 1 total (0 active), Execution time: mean = 28.289 us, total = 28.289 us, Queueing time: mean = 52.690 us, max = 52.690 us, min = 52.690 us, total = 52.690 us

-----------------
Task Event stats:

IO Service Stats:

Global stats: 3781 total (1 active)
Queueing time: mean = 207.544 us, max = 26.139 ms, min = -0.015 s, total = 784.723 ms
Execution time:  mean = 226.221 us, total = 855.342 ms
Event stats:
	CoreWorker.deadline_timer.flush_task_events - 1260 total (1 active), Execution time: mean = 123.384 us, total = 155.464 ms, Queueing time: mean = 588.722 us, max = 26.139 ms, min = -0.015 s, total = 741.789 ms
	ray::rpc::TaskInfoGcsService.grpc_client.AddTaskEventData - 1260 total (0 active), Execution time: mean = 534.743 us, total = 673.776 ms, Queueing time: mean = 0.000 s, max = -0.000 s, min = 9223372036.855 s, total = 0.000 s
	ray::rpc::TaskInfoGcsService.grpc_client.AddTaskEventData.OnReplyReceived - 1260 total (0 active), Execution time: mean = 20.496 us, total = 25.825 ms, Queueing time: mean = 30.607 us, max = 831.829 us, min = 9.294 us, total = 38.565 ms
	PeriodicalRunner.RunFnPeriodically - 1 total (0 active), Execution time: mean = 277.054 us, total = 277.054 us, Queueing time: mean = 4.369 ms, max = 4.369 ms, min = 4.369 ms, total = 4.369 ms
Other Stats:
	grpc_in_progress:0
	current number of task status events in buffer: 0
	current number of profile events in buffer: 0
	current number of dropped task attempts tracked: 0
	total task events sent: 0 MiB
	total number of task attempts sent: 0
	total number of task attempts dropped reported: 0
	total number of sent failure: 0
	num status task events dropped: 0
	num profile task events dropped: 0


[2025-02-15 21:23:18,485 I 439 1009] core_worker.cc:642: Event stats:


Global stats: 18905 total (8 active)
Queueing time: mean = 111.903 us, max = 26.174 ms, min = -0.028 s, total = 2.116 s
Execution time:  mean = 63.477 ms, total = 1200.037 s
Event stats:
	CoreWorker.RecoverObjects - 13182 total (1 active), Execution time: mean = 5.556 us, total = 73.233 ms, Queueing time: mean = 133.946 us, max = 9.567 ms, min = -0.008 s, total = 1.766 s
	NodeManagerService.grpc_client.ReportWorkerBacklog - 1320 total (0 active), Execution time: mean = 797.438 us, total = 1.053 s, Queueing time: mean = 0.000 s, max = -0.000 s, min = 9223372036.855 s, total = 0.000 s
	CoreWorker.InternalHeartbeat - 1320 total (1 active), Execution time: mean = 112.364 us, total = 148.320 ms, Queueing time: mean = 105.462 us, max = 26.174 ms, min = -0.028 s, total = 139.210 ms
	CoreWorker.ExitIfParentRayletDies - 1320 total (1 active), Execution time: mean = 7.540 us, total = 9.953 ms, Queueing time: mean = 85.554 us, max = 26.126 ms, min = -0.028 s, total = 112.931 ms
	NodeManagerService.grpc_client.ReportWorkerBacklog.OnReplyReceived - 1320 total (0 active), Execution time: mean = 19.551 us, total = 25.808 ms, Queueing time: mean = 40.555 us, max = 334.384 us, min = 9.461 us, total = 53.532 ms
	CoreWorker.RecordMetrics - 264 total (1 active), Execution time: mean = 19.798 us, total = 5.227 ms, Queueing time: mean = 58.069 us, max = 15.480 ms, min = -0.014 s, total = 15.330 ms
	CoreWorker.GCStreamingGeneratorMetadata - 132 total (1 active), Execution time: mean = 4.197 us, total = 554.046 us, Queueing time: mean = 174.150 us, max = 15.261 ms, min = -0.014 s, total = 22.988 ms
	CoreWorker.PrintEventStats - 22 total (1 active, 1 running), Execution time: mean = 200.360 us, total = 4.408 ms, Queueing time: mean = 107.233 us, max = 2.306 ms, min = -0.001 s, total = 2.359 ms
	PeriodicalRunner.RunFnPeriodically - 7 total (0 active), Execution time: mean = 78.192 us, total = 547.341 us, Queueing time: mean = 250.703 us, max = 520.050 us, min = 25.908 us, total = 1.755 ms
	Publisher.CheckDeadSubscribers - 5 total (1 active), Execution time: mean = 4.457 us, total = 22.283 us, Queueing time: mean = 298.537 us, max = 989.922 us, min = 146.255 us, total = 1.493 ms
	ray::rpc::InternalPubSubGcsService.grpc_client.GcsSubscriberPoll - 4 total (1 active), Execution time: mean = 299.675 s, total = 1198.701 s, Queueing time: mean = 0.000 s, max = -0.000 s, min = 9223372036.855 s, total = 0.000 s
	ray::rpc::InternalPubSubGcsService.grpc_client.GcsSubscriberPoll.OnReplyReceived - 3 total (0 active), Execution time: mean = 117.780 us, total = 353.340 us, Queueing time: mean = 47.012 us, max = 115.383 us, min = 12.533 us, total = 141.037 us
	ray::rpc::WorkerInfoGcsService.grpc_client.AddWorkerInfo - 1 total (0 active), Execution time: mean = 6.261 ms, total = 6.261 ms, Queueing time: mean = 0.000 s, max = -0.000 s, min = 9223372036.855 s, total = 0.000 s
	ray::rpc::NodeInfoGcsService.grpc_client.GetAllNodeInfo.OnReplyReceived - 1 total (0 active), Execution time: mean = 106.933 us, total = 106.933 us, Queueing time: mean = 20.297 us, max = 20.297 us, min = 20.297 us, total = 20.297 us
	ray::rpc::InternalPubSubGcsService.grpc_client.GcsSubscriberCommandBatch - 1 total (0 active), Execution time: mean = 5.677 ms, total = 5.677 ms, Queueing time: mean = 0.000 s, max = -0.000 s, min = 9223372036.855 s, total = 0.000 s
	ray::rpc::InternalPubSubGcsService.grpc_client.GcsSubscriberCommandBatch.OnReplyReceived - 1 total (0 active), Execution time: mean = 93.927 us, total = 93.927 us, Queueing time: mean = 28.616 us, max = 28.616 us, min = 28.616 us, total = 28.616 us
	ray::rpc::NodeInfoGcsService.grpc_client.GetAllNodeInfo - 1 total (0 active), Execution time: mean = 2.684 ms, total = 2.684 ms, Queueing time: mean = 0.000 s, max = -0.000 s, min = 9223372036.855 s, total = 0.000 s
	ray::rpc::WorkerInfoGcsService.grpc_client.AddWorkerInfo.OnReplyReceived - 1 total (0 active), Execution time: mean = 28.289 us, total = 28.289 us, Queueing time: mean = 52.690 us, max = 52.690 us, min = 52.690 us, total = 52.690 us

-----------------
Task Event stats:

IO Service Stats:

Global stats: 3961 total (1 active)
Queueing time: mean = 203.655 us, max = 26.139 ms, min = -0.015 s, total = 806.677 ms
Execution time:  mean = 226.408 us, total = 896.801 ms
Event stats:
	CoreWorker.deadline_timer.flush_task_events - 1320 total (1 active), Execution time: mean = 123.663 us, total = 163.236 ms, Queueing time: mean = 577.077 us, max = 26.139 ms, min = -0.015 s, total = 761.742 ms
	ray::rpc::TaskInfoGcsService.grpc_client.AddTaskEventData - 1320 total (0 active), Execution time: mean = 535.062 us, total = 706.281 ms, Queueing time: mean = 0.000 s, max = -0.000 s, min = 9223372036.855 s, total = 0.000 s
	ray::rpc::TaskInfoGcsService.grpc_client.AddTaskEventData.OnReplyReceived - 1320 total (0 active), Execution time: mean = 20.460 us, total = 27.007 ms, Queueing time: mean = 30.732 us, max = 831.829 us, min = 9.294 us, total = 40.566 ms
	PeriodicalRunner.RunFnPeriodically - 1 total (0 active), Execution time: mean = 277.054 us, total = 277.054 us, Queueing time: mean = 4.369 ms, max = 4.369 ms, min = 4.369 ms, total = 4.369 ms
Other Stats:
	grpc_in_progress:0
	current number of task status events in buffer: 0
	current number of profile events in buffer: 0
	current number of dropped task attempts tracked: 0
	total task events sent: 0 MiB
	total number of task attempts sent: 0
	total number of task attempts dropped reported: 0
	total number of sent failure: 0
	num status task events dropped: 0
	num profile task events dropped: 0


[2025-02-15 21:24:18,485 I 439 1009] core_worker.cc:642: Event stats:


Global stats: 19764 total (8 active)
Queueing time: mean = 111.353 us, max = 26.174 ms, min = -0.029 s, total = 2.201 s
Execution time:  mean = 60.722 ms, total = 1200.106 s
Event stats:
	CoreWorker.RecoverObjects - 13782 total (1 active), Execution time: mean = 5.497 us, total = 75.754 ms, Queueing time: mean = 133.941 us, max = 9.567 ms, min = -0.008 s, total = 1.846 s
	NodeManagerService.grpc_client.ReportWorkerBacklog - 1380 total (0 active), Execution time: mean = 804.889 us, total = 1.111 s, Queueing time: mean = 0.000 s, max = -0.000 s, min = 9223372036.855 s, total = 0.000 s
	CoreWorker.InternalHeartbeat - 1380 total (1 active), Execution time: mean = 112.348 us, total = 155.040 ms, Queueing time: mean = 104.899 us, max = 26.174 ms, min = -0.029 s, total = 144.761 ms
	CoreWorker.ExitIfParentRayletDies - 1380 total (1 active), Execution time: mean = 7.480 us, total = 10.323 ms, Queueing time: mean = 83.701 us, max = 26.126 ms, min = -0.029 s, total = 115.507 ms
	NodeManagerService.grpc_client.ReportWorkerBacklog.OnReplyReceived - 1380 total (0 active), Execution time: mean = 19.518 us, total = 26.935 ms, Queueing time: mean = 40.917 us, max = 334.384 us, min = 9.461 us, total = 56.466 ms
	CoreWorker.RecordMetrics - 276 total (1 active), Execution time: mean = 19.617 us, total = 5.414 ms, Queueing time: mean = 58.116 us, max = 15.480 ms, min = -0.014 s, total = 16.040 ms
	CoreWorker.GCStreamingGeneratorMetadata - 138 total (1 active), Execution time: mean = 4.127 us, total = 569.465 us, Queueing time: mean = 108.127 us, max = 15.261 ms, min = -0.014 s, total = 14.921 ms
	CoreWorker.PrintEventStats - 23 total (1 active, 1 running), Execution time: mean = 200.865 us, total = 4.620 ms, Queueing time: mean = 157.069 us, max = 2.306 ms, min = -0.001 s, total = 3.613 ms
	PeriodicalRunner.RunFnPeriodically - 7 total (0 active), Execution time: mean = 78.192 us, total = 547.341 us, Queueing time: mean = 250.703 us, max = 520.050 us, min = 25.908 us, total = 1.755 ms
	Publisher.CheckDeadSubscribers - 5 total (1 active), Execution time: mean = 4.457 us, total = 22.283 us, Queueing time: mean = 298.537 us, max = 989.922 us, min = 146.255 us, total = 1.493 ms
	ray::rpc::InternalPubSubGcsService.grpc_client.GcsSubscriberPoll - 4 total (1 active), Execution time: mean = 299.675 s, total = 1198.701 s, Queueing time: mean = 0.000 s, max = -0.000 s, min = 9223372036.855 s, total = 0.000 s
	ray::rpc::InternalPubSubGcsService.grpc_client.GcsSubscriberPoll.OnReplyReceived - 3 total (0 active), Execution time: mean = 117.780 us, total = 353.340 us, Queueing time: mean = 47.012 us, max = 115.383 us, min = 12.533 us, total = 141.037 us
	ray::rpc::WorkerInfoGcsService.grpc_client.AddWorkerInfo - 1 total (0 active), Execution time: mean = 6.261 ms, total = 6.261 ms, Queueing time: mean = 0.000 s, max = -0.000 s, min = 9223372036.855 s, total = 0.000 s
	ray::rpc::NodeInfoGcsService.grpc_client.GetAllNodeInfo.OnReplyReceived - 1 total (0 active), Execution time: mean = 106.933 us, total = 106.933 us, Queueing time: mean = 20.297 us, max = 20.297 us, min = 20.297 us, total = 20.297 us
	ray::rpc::InternalPubSubGcsService.grpc_client.GcsSubscriberCommandBatch - 1 total (0 active), Execution time: mean = 5.677 ms, total = 5.677 ms, Queueing time: mean = 0.000 s, max = -0.000 s, min = 9223372036.855 s, total = 0.000 s
	ray::rpc::InternalPubSubGcsService.grpc_client.GcsSubscriberCommandBatch.OnReplyReceived - 1 total (0 active), Execution time: mean = 93.927 us, total = 93.927 us, Queueing time: mean = 28.616 us, max = 28.616 us, min = 28.616 us, total = 28.616 us
	ray::rpc::NodeInfoGcsService.grpc_client.GetAllNodeInfo - 1 total (0 active), Execution time: mean = 2.684 ms, total = 2.684 ms, Queueing time: mean = 0.000 s, max = -0.000 s, min = 9223372036.855 s, total = 0.000 s
	ray::rpc::WorkerInfoGcsService.grpc_client.AddWorkerInfo.OnReplyReceived - 1 total (0 active), Execution time: mean = 28.289 us, total = 28.289 us, Queueing time: mean = 52.690 us, max = 52.690 us, min = 52.690 us, total = 52.690 us

-----------------
Task Event stats:

IO Service Stats:

Global stats: 4141 total (1 active)
Queueing time: mean = 207.304 us, max = 26.139 ms, min = -0.015 s, total = 858.446 ms
Execution time:  mean = 224.459 us, total = 929.486 ms
Event stats:
	CoreWorker.deadline_timer.flush_task_events - 1380 total (1 active), Execution time: mean = 122.616 us, total = 169.210 ms, Queueing time: mean = 588.391 us, max = 26.139 ms, min = -0.015 s, total = 811.980 ms
	ray::rpc::TaskInfoGcsService.grpc_client.AddTaskEventData - 1380 total (0 active), Execution time: mean = 530.395 us, total = 731.945 ms, Queueing time: mean = 0.000 s, max = -0.000 s, min = 9223372036.855 s, total = 0.000 s
	ray::rpc::TaskInfoGcsService.grpc_client.AddTaskEventData.OnReplyReceived - 1380 total (0 active), Execution time: mean = 20.329 us, total = 28.053 ms, Queueing time: mean = 30.506 us, max = 831.829 us, min = 9.294 us, total = 42.098 ms
	PeriodicalRunner.RunFnPeriodically - 1 total (0 active), Execution time: mean = 277.054 us, total = 277.054 us, Queueing time: mean = 4.369 ms, max = 4.369 ms, min = 4.369 ms, total = 4.369 ms
Other Stats:
	grpc_in_progress:0
	current number of task status events in buffer: 0
	current number of profile events in buffer: 0
	current number of dropped task attempts tracked: 0
	total task events sent: 0 MiB
	total number of task attempts sent: 0
	total number of task attempts dropped reported: 0
	total number of sent failure: 0
	num status task events dropped: 0
	num profile task events dropped: 0


[2025-02-15 21:25:18,485 I 439 1009] core_worker.cc:642: Event stats:


Global stats: 20622 total (8 active)
Queueing time: mean = 112.291 us, max = 26.174 ms, min = -0.029 s, total = 2.316 s
Execution time:  mean = 58.199 ms, total = 1200.176 s
Event stats:
	CoreWorker.RecoverObjects - 14381 total (1 active), Execution time: mean = 5.456 us, total = 78.460 ms, Queueing time: mean = 132.545 us, max = 9.567 ms, min = -0.016 s, total = 1.906 s
	NodeManagerService.grpc_client.ReportWorkerBacklog - 1440 total (0 active), Execution time: mean = 811.646 us, total = 1.169 s, Queueing time: mean = 0.000 s, max = -0.000 s, min = 9223372036.855 s, total = 0.000 s
	CoreWorker.InternalHeartbeat - 1440 total (1 active), Execution time: mean = 112.713 us, total = 162.307 ms, Queueing time: mean = 104.873 us, max = 26.174 ms, min = -0.029 s, total = 151.017 ms
	CoreWorker.ExitIfParentRayletDies - 1440 total (1 active), Execution time: mean = 7.505 us, total = 10.807 ms, Queueing time: mean = 108.568 us, max = 26.126 ms, min = -0.029 s, total = 156.338 ms
	NodeManagerService.grpc_client.ReportWorkerBacklog.OnReplyReceived - 1440 total (0 active), Execution time: mean = 19.427 us, total = 27.975 ms, Queueing time: mean = 41.180 us, max = 334.384 us, min = 9.461 us, total = 59.300 ms
	CoreWorker.RecordMetrics - 288 total (1 active), Execution time: mean = 19.567 us, total = 5.635 ms, Queueing time: mean = 57.581 us, max = 15.480 ms, min = -0.014 s, total = 16.583 ms
	CoreWorker.GCStreamingGeneratorMetadata - 144 total (1 active), Execution time: mean = 4.067 us, total = 585.615 us, Queueing time: mean = 132.552 us, max = 15.261 ms, min = -0.014 s, total = 19.087 ms
	CoreWorker.PrintEventStats - 24 total (1 active, 1 running), Execution time: mean = 199.000 us, total = 4.776 ms, Queueing time: mean = 154.632 us, max = 2.306 ms, min = -0.001 s, total = 3.711 ms
	PeriodicalRunner.RunFnPeriodically - 7 total (0 active), Execution time: mean = 78.192 us, total = 547.341 us, Queueing time: mean = 250.703 us, max = 520.050 us, min = 25.908 us, total = 1.755 ms
	Publisher.CheckDeadSubscribers - 5 total (1 active), Execution time: mean = 4.457 us, total = 22.283 us, Queueing time: mean = 298.537 us, max = 989.922 us, min = 146.255 us, total = 1.493 ms
	ray::rpc::InternalPubSubGcsService.grpc_client.GcsSubscriberPoll - 4 total (1 active), Execution time: mean = 299.675 s, total = 1198.701 s, Queueing time: mean = 0.000 s, max = -0.000 s, min = 9223372036.855 s, total = 0.000 s
	ray::rpc::InternalPubSubGcsService.grpc_client.GcsSubscriberPoll.OnReplyReceived - 3 total (0 active), Execution time: mean = 117.780 us, total = 353.340 us, Queueing time: mean = 47.012 us, max = 115.383 us, min = 12.533 us, total = 141.037 us
	ray::rpc::WorkerInfoGcsService.grpc_client.AddWorkerInfo - 1 total (0 active), Execution time: mean = 6.261 ms, total = 6.261 ms, Queueing time: mean = 0.000 s, max = -0.000 s, min = 9223372036.855 s, total = 0.000 s
	ray::rpc::NodeInfoGcsService.grpc_client.GetAllNodeInfo.OnReplyReceived - 1 total (0 active), Execution time: mean = 106.933 us, total = 106.933 us, Queueing time: mean = 20.297 us, max = 20.297 us, min = 20.297 us, total = 20.297 us
	ray::rpc::InternalPubSubGcsService.grpc_client.GcsSubscriberCommandBatch - 1 total (0 active), Execution time: mean = 5.677 ms, total = 5.677 ms, Queueing time: mean = 0.000 s, max = -0.000 s, min = 9223372036.855 s, total = 0.000 s
	ray::rpc::InternalPubSubGcsService.grpc_client.GcsSubscriberCommandBatch.OnReplyReceived - 1 total (0 active), Execution time: mean = 93.927 us, total = 93.927 us, Queueing time: mean = 28.616 us, max = 28.616 us, min = 28.616 us, total = 28.616 us
	ray::rpc::NodeInfoGcsService.grpc_client.GetAllNodeInfo - 1 total (0 active), Execution time: mean = 2.684 ms, total = 2.684 ms, Queueing time: mean = 0.000 s, max = -0.000 s, min = 9223372036.855 s, total = 0.000 s
	ray::rpc::WorkerInfoGcsService.grpc_client.AddWorkerInfo.OnReplyReceived - 1 total (0 active), Execution time: mean = 28.289 us, total = 28.289 us, Queueing time: mean = 52.690 us, max = 52.690 us, min = 52.690 us, total = 52.690 us

-----------------
Task Event stats:

IO Service Stats:

Global stats: 4318 total (1 active)
Queueing time: mean = 208.555 us, max = 26.139 ms, min = -0.015 s, total = 900.539 ms
Execution time:  mean = 223.816 us, total = 966.439 ms
Event stats:
	CoreWorker.deadline_timer.flush_task_events - 1439 total (1 active), Execution time: mean = 122.906 us, total = 176.862 ms, Queueing time: mean = 592.082 us, max = 26.139 ms, min = -0.015 s, total = 852.007 ms
	ray::rpc::TaskInfoGcsService.grpc_client.AddTaskEventData - 1439 total (0 active), Execution time: mean = 528.182 us, total = 760.053 ms, Queueing time: mean = 0.000 s, max = -0.000 s, min = 9223372036.855 s, total = 0.000 s
	ray::rpc::TaskInfoGcsService.grpc_client.AddTaskEventData.OnReplyReceived - 1439 total (0 active), Execution time: mean = 20.324 us, total = 29.247 ms, Queueing time: mean = 30.690 us, max = 831.829 us, min = 9.294 us, total = 44.164 ms
	PeriodicalRunner.RunFnPeriodically - 1 total (0 active), Execution time: mean = 277.054 us, total = 277.054 us, Queueing time: mean = 4.369 ms, max = 4.369 ms, min = 4.369 ms, total = 4.369 ms
Other Stats:
	grpc_in_progress:0
	current number of task status events in buffer: 0
	current number of profile events in buffer: 0
	current number of dropped task attempts tracked: 0
	total task events sent: 0 MiB
	total number of task attempts sent: 0
	total number of task attempts dropped reported: 0
	total number of sent failure: 0
	num status task events dropped: 0
	num profile task events dropped: 0


[2025-02-15 21:26:18,485 I 439 1009] core_worker.cc:642: Event stats:


Global stats: 21483 total (8 active)
Queueing time: mean = 113.832 us, max = 28.926 ms, min = -0.029 s, total = 2.445 s
Execution time:  mean = 69.844 ms, total = 1500.461 s
Event stats:
	CoreWorker.RecoverObjects - 14980 total (1 active), Execution time: mean = 5.419 us, total = 81.171 ms, Queueing time: mean = 130.874 us, max = 9.567 ms, min = -0.016 s, total = 1.960 s
	NodeManagerService.grpc_client.ReportWorkerBacklog - 1500 total (0 active), Execution time: mean = 818.981 us, total = 1.228 s, Queueing time: mean = 0.000 s, max = -0.000 s, min = 9223372036.855 s, total = 0.000 s
	CoreWorker.InternalHeartbeat - 1500 total (1 active), Execution time: mean = 113.134 us, total = 169.702 ms, Queueing time: mean = 104.541 us, max = 28.926 ms, min = -0.029 s, total = 156.811 ms
	CoreWorker.ExitIfParentRayletDies - 1500 total (1 active), Execution time: mean = 7.462 us, total = 11.192 ms, Queueing time: mean = 141.180 us, max = 28.765 ms, min = -0.029 s, total = 211.770 ms
	NodeManagerService.grpc_client.ReportWorkerBacklog.OnReplyReceived - 1500 total (0 active), Execution time: mean = 19.373 us, total = 29.059 ms, Queueing time: mean = 41.329 us, max = 334.384 us, min = 9.461 us, total = 61.994 ms
	CoreWorker.RecordMetrics - 300 total (1 active), Execution time: mean = 19.407 us, total = 5.822 ms, Queueing time: mean = 55.746 us, max = 18.236 ms, min = -0.016 s, total = 16.724 ms
	CoreWorker.GCStreamingGeneratorMetadata - 150 total (1 active), Execution time: mean = 4.015 us, total = 602.250 us, Queueing time: mean = 202.735 us, max = 17.503 ms, min = -0.014 s, total = 30.410 ms
	CoreWorker.PrintEventStats - 25 total (1 active, 1 running), Execution time: mean = 198.387 us, total = 4.960 ms, Queueing time: mean = 153.065 us, max = 2.306 ms, min = -0.001 s, total = 3.827 ms
	PeriodicalRunner.RunFnPeriodically - 7 total (0 active), Execution time: mean = 78.192 us, total = 547.341 us, Queueing time: mean = 250.703 us, max = 520.050 us, min = 25.908 us, total = 1.755 ms
	Publisher.CheckDeadSubscribers - 6 total (1 active), Execution time: mean = 4.301 us, total = 25.809 us, Queueing time: mean = 233.711 us, max = 989.922 us, min = -0.000 s, total = 1.402 ms
	ray::rpc::InternalPubSubGcsService.grpc_client.GcsSubscriberPoll - 5 total (1 active), Execution time: mean = 299.783 s, total = 1498.915 s, Queueing time: mean = 0.000 s, max = -0.000 s, min = 9223372036.855 s, total = 0.000 s
	ray::rpc::InternalPubSubGcsService.grpc_client.GcsSubscriberPoll.OnReplyReceived - 4 total (0 active), Execution time: mean = 109.891 us, total = 439.565 us, Queueing time: mean = 38.209 us, max = 115.383 us, min = 11.801 us, total = 152.838 us
	ray::rpc::WorkerInfoGcsService.grpc_client.AddWorkerInfo - 1 total (0 active), Execution time: mean = 6.261 ms, total = 6.261 ms, Queueing time: mean = 0.000 s, max = -0.000 s, min = 9223372036.855 s, total = 0.000 s
	ray::rpc::NodeInfoGcsService.grpc_client.GetAllNodeInfo.OnReplyReceived - 1 total (0 active), Execution time: mean = 106.933 us, total = 106.933 us, Queueing time: mean = 20.297 us, max = 20.297 us, min = 20.297 us, total = 20.297 us
	ray::rpc::InternalPubSubGcsService.grpc_client.GcsSubscriberCommandBatch - 1 total (0 active), Execution time: mean = 5.677 ms, total = 5.677 ms, Queueing time: mean = 0.000 s, max = -0.000 s, min = 9223372036.855 s, total = 0.000 s
	ray::rpc::InternalPubSubGcsService.grpc_client.GcsSubscriberCommandBatch.OnReplyReceived - 1 total (0 active), Execution time: mean = 93.927 us, total = 93.927 us, Queueing time: mean = 28.616 us, max = 28.616 us, min = 28.616 us, total = 28.616 us
	ray::rpc::NodeInfoGcsService.grpc_client.GetAllNodeInfo - 1 total (0 active), Execution time: mean = 2.684 ms, total = 2.684 ms, Queueing time: mean = 0.000 s, max = -0.000 s, min = 9223372036.855 s, total = 0.000 s
	ray::rpc::WorkerInfoGcsService.grpc_client.AddWorkerInfo.OnReplyReceived - 1 total (0 active), Execution time: mean = 28.289 us, total = 28.289 us, Queueing time: mean = 52.690 us, max = 52.690 us, min = 52.690 us, total = 52.690 us

-----------------
Task Event stats:

IO Service Stats:

Global stats: 4498 total (1 active)
Queueing time: mean = 211.374 us, max = 29.455 ms, min = -0.015 s, total = 950.762 ms
Execution time:  mean = 223.258 us, total = 1.004 s
Event stats:
	CoreWorker.deadline_timer.flush_task_events - 1499 total (1 active), Execution time: mean = 123.283 us, total = 184.801 ms, Queueing time: mean = 600.917 us, max = 29.455 ms, min = -0.015 s, total = 900.775 ms
	ray::rpc::TaskInfoGcsService.grpc_client.AddTaskEventData - 1499 total (0 active), Execution time: mean = 526.195 us, total = 788.766 ms, Queueing time: mean = 0.000 s, max = -0.000 s, min = 9223372036.855 s, total = 0.000 s
	ray::rpc::TaskInfoGcsService.grpc_client.AddTaskEventData.OnReplyReceived - 1499 total (0 active), Execution time: mean = 20.259 us, total = 30.369 ms, Queueing time: mean = 30.433 us, max = 831.829 us, min = 9.294 us, total = 45.619 ms
	PeriodicalRunner.RunFnPeriodically - 1 total (0 active), Execution time: mean = 277.054 us, total = 277.054 us, Queueing time: mean = 4.369 ms, max = 4.369 ms, min = 4.369 ms, total = 4.369 ms
Other Stats:
	grpc_in_progress:0
	current number of task status events in buffer: 0
	current number of profile events in buffer: 0
	current number of dropped task attempts tracked: 0
	total task events sent: 0 MiB
	total number of task attempts sent: 0
	total number of task attempts dropped reported: 0
	total number of sent failure: 0
	num status task events dropped: 0
	num profile task events dropped: 0


[2025-02-15 21:27:18,485 I 439 1009] core_worker.cc:642: Event stats:


Global stats: 22342 total (8 active)
Queueing time: mean = 114.299 us, max = 29.363 ms, min = -0.031 s, total = 2.554 s
Execution time:  mean = 67.162 ms, total = 1500.526 s
Event stats:
	CoreWorker.RecoverObjects - 15580 total (1 active), Execution time: mean = 5.381 us, total = 83.830 ms, Queueing time: mean = 129.301 us, max = 9.567 ms, min = -0.016 s, total = 2.015 s
	NodeManagerService.grpc_client.ReportWorkerBacklog - 1560 total (0 active), Execution time: mean = 820.982 us, total = 1.281 s, Queueing time: mean = 0.000 s, max = -0.000 s, min = 9223372036.855 s, total = 0.000 s
	CoreWorker.InternalHeartbeat - 1560 total (1 active), Execution time: mean = 113.475 us, total = 177.021 ms, Queueing time: mean = 104.205 us, max = 29.363 ms, min = -0.031 s, total = 162.560 ms
	CoreWorker.ExitIfParentRayletDies - 1560 total (1 active), Execution time: mean = 7.440 us, total = 11.606 ms, Queueing time: mean = 172.019 us, max = 29.324 ms, min = -0.029 s, total = 268.349 ms
	NodeManagerService.grpc_client.ReportWorkerBacklog.OnReplyReceived - 1560 total (0 active), Execution time: mean = 19.424 us, total = 30.302 ms, Queueing time: mean = 41.763 us, max = 334.384 us, min = 9.461 us, total = 65.150 ms
	CoreWorker.RecordMetrics - 312 total (1 active), Execution time: mean = 19.309 us, total = 6.024 ms, Queueing time: mean = 56.155 us, max = 18.236 ms, min = -0.016 s, total = 17.520 ms
	CoreWorker.GCStreamingGeneratorMetadata - 156 total (1 active), Execution time: mean = 3.957 us, total = 617.336 us, Queueing time: mean = 118.487 us, max = 17.503 ms, min = -0.017 s, total = 18.484 ms
	CoreWorker.PrintEventStats - 26 total (1 active, 1 running), Execution time: mean = 196.328 us, total = 5.105 ms, Queueing time: mean = 141.531 us, max = 2.306 ms, min = -0.001 s, total = 3.680 ms
	PeriodicalRunner.RunFnPeriodically - 7 total (0 active), Execution time: mean = 78.192 us, total = 547.341 us, Queueing time: mean = 250.703 us, max = 520.050 us, min = 25.908 us, total = 1.755 ms
	Publisher.CheckDeadSubscribers - 6 total (1 active), Execution time: mean = 4.301 us, total = 25.809 us, Queueing time: mean = 233.711 us, max = 989.922 us, min = -0.000 s, total = 1.402 ms
	ray::rpc::InternalPubSubGcsService.grpc_client.GcsSubscriberPoll - 5 total (1 active), Execution time: mean = 299.783 s, total = 1498.915 s, Queueing time: mean = 0.000 s, max = -0.000 s, min = 9223372036.855 s, total = 0.000 s
	ray::rpc::InternalPubSubGcsService.grpc_client.GcsSubscriberPoll.OnReplyReceived - 4 total (0 active), Execution time: mean = 109.891 us, total = 439.565 us, Queueing time: mean = 38.209 us, max = 115.383 us, min = 11.801 us, total = 152.838 us
	ray::rpc::WorkerInfoGcsService.grpc_client.AddWorkerInfo - 1 total (0 active), Execution time: mean = 6.261 ms, total = 6.261 ms, Queueing time: mean = 0.000 s, max = -0.000 s, min = 9223372036.855 s, total = 0.000 s
	ray::rpc::NodeInfoGcsService.grpc_client.GetAllNodeInfo.OnReplyReceived - 1 total (0 active), Execution time: mean = 106.933 us, total = 106.933 us, Queueing time: mean = 20.297 us, max = 20.297 us, min = 20.297 us, total = 20.297 us
	ray::rpc::InternalPubSubGcsService.grpc_client.GcsSubscriberCommandBatch - 1 total (0 active), Execution time: mean = 5.677 ms, total = 5.677 ms, Queueing time: mean = 0.000 s, max = -0.000 s, min = 9223372036.855 s, total = 0.000 s
	ray::rpc::InternalPubSubGcsService.grpc_client.GcsSubscriberCommandBatch.OnReplyReceived - 1 total (0 active), Execution time: mean = 93.927 us, total = 93.927 us, Queueing time: mean = 28.616 us, max = 28.616 us, min = 28.616 us, total = 28.616 us
	ray::rpc::NodeInfoGcsService.grpc_client.GetAllNodeInfo - 1 total (0 active), Execution time: mean = 2.684 ms, total = 2.684 ms, Queueing time: mean = 0.000 s, max = -0.000 s, min = 9223372036.855 s, total = 0.000 s
	ray::rpc::WorkerInfoGcsService.grpc_client.AddWorkerInfo.OnReplyReceived - 1 total (0 active), Execution time: mean = 28.289 us, total = 28.289 us, Queueing time: mean = 52.690 us, max = 52.690 us, min = 52.690 us, total = 52.690 us

-----------------
Task Event stats:

IO Service Stats:

Global stats: 4678 total (1 active)
Queueing time: mean = 213.937 us, max = 29.455 ms, min = -0.015 s, total = 1.001 s
Execution time:  mean = 222.513 us, total = 1.041 s
Event stats:
	CoreWorker.deadline_timer.flush_task_events - 1559 total (1 active), Execution time: mean = 123.221 us, total = 192.101 ms, Queueing time: mean = 608.767 us, max = 29.455 ms, min = -0.015 s, total = 949.068 ms
	ray::rpc::TaskInfoGcsService.grpc_client.AddTaskEventData - 1559 total (0 active), Execution time: mean = 524.086 us, total = 817.050 ms, Queueing time: mean = 0.000 s, max = -0.000 s, min = 9223372036.855 s, total = 0.000 s
	ray::rpc::TaskInfoGcsService.grpc_client.AddTaskEventData.OnReplyReceived - 1559 total (0 active), Execution time: mean = 20.198 us, total = 31.489 ms, Queueing time: mean = 30.381 us, max = 831.829 us, min = 9.294 us, total = 47.363 ms
	PeriodicalRunner.RunFnPeriodically - 1 total (0 active), Execution time: mean = 277.054 us, total = 277.054 us, Queueing time: mean = 4.369 ms, max = 4.369 ms, min = 4.369 ms, total = 4.369 ms
Other Stats:
	grpc_in_progress:0
	current number of task status events in buffer: 0
	current number of profile events in buffer: 0
	current number of dropped task attempts tracked: 0
	total task events sent: 0 MiB
	total number of task attempts sent: 0
	total number of task attempts dropped reported: 0
	total number of sent failure: 0
	num status task events dropped: 0
	num profile task events dropped: 0


[2025-02-15 21:28:18,486 I 439 1009] core_worker.cc:642: Event stats:


Global stats: 23200 total (8 active)
Queueing time: mean = 115.508 us, max = 29.363 ms, min = -0.031 s, total = 2.680 s
Execution time:  mean = 64.680 ms, total = 1500.585 s
Event stats:
	CoreWorker.RecoverObjects - 16179 total (1 active), Execution time: mean = 5.353 us, total = 86.612 ms, Queueing time: mean = 127.767 us, max = 9.567 ms, min = -0.016 s, total = 2.067 s
	NodeManagerService.grpc_client.ReportWorkerBacklog - 1620 total (0 active), Execution time: mean = 820.148 us, total = 1.329 s, Queueing time: mean = 0.000 s, max = -0.000 s, min = 9223372036.855 s, total = 0.000 s
	CoreWorker.InternalHeartbeat - 1620 total (1 active), Execution time: mean = 113.366 us, total = 183.654 ms, Queueing time: mean = 102.980 us, max = 29.363 ms, min = -0.031 s, total = 166.827 ms
	CoreWorker.ExitIfParentRayletDies - 1620 total (1 active), Execution time: mean = 7.413 us, total = 12.009 ms, Queueing time: mean = 198.969 us, max = 29.324 ms, min = -0.029 s, total = 322.329 ms
	NodeManagerService.grpc_client.ReportWorkerBacklog.OnReplyReceived - 1620 total (0 active), Execution time: mean = 19.421 us, total = 31.462 ms, Queueing time: mean = 41.944 us, max = 334.384 us, min = 9.461 us, total = 67.949 ms
	CoreWorker.RecordMetrics - 324 total (1 active), Execution time: mean = 19.214 us, total = 6.225 ms, Queueing time: mean = 55.003 us, max = 18.236 ms, min = -0.016 s, total = 17.821 ms
	CoreWorker.GCStreamingGeneratorMetadata - 162 total (1 active), Execution time: mean = 3.933 us, total = 637.200 us, Queueing time: mean = 188.208 us, max = 17.503 ms, min = -0.017 s, total = 30.490 ms
	CoreWorker.PrintEventStats - 27 total (1 active, 1 running), Execution time: mean = 195.008 us, total = 5.265 ms, Queueing time: mean = 141.718 us, max = 2.306 ms, min = -0.001 s, total = 3.826 ms
	PeriodicalRunner.RunFnPeriodically - 7 total (0 active), Execution time: mean = 78.192 us, total = 547.341 us, Queueing time: mean = 250.703 us, max = 520.050 us, min = 25.908 us, total = 1.755 ms
	Publisher.CheckDeadSubscribers - 6 total (1 active), Execution time: mean = 4.301 us, total = 25.809 us, Queueing time: mean = 233.711 us, max = 989.922 us, min = -0.000 s, total = 1.402 ms
	ray::rpc::InternalPubSubGcsService.grpc_client.GcsSubscriberPoll - 5 total (1 active), Execution time: mean = 299.783 s, total = 1498.915 s, Queueing time: mean = 0.000 s, max = -0.000 s, min = 9223372036.855 s, total = 0.000 s
	ray::rpc::InternalPubSubGcsService.grpc_client.GcsSubscriberPoll.OnReplyReceived - 4 total (0 active), Execution time: mean = 109.891 us, total = 439.565 us, Queueing time: mean = 38.209 us, max = 115.383 us, min = 11.801 us, total = 152.838 us
	ray::rpc::WorkerInfoGcsService.grpc_client.AddWorkerInfo - 1 total (0 active), Execution time: mean = 6.261 ms, total = 6.261 ms, Queueing time: mean = 0.000 s, max = -0.000 s, min = 9223372036.855 s, total = 0.000 s
	ray::rpc::NodeInfoGcsService.grpc_client.GetAllNodeInfo.OnReplyReceived - 1 total (0 active), Execution time: mean = 106.933 us, total = 106.933 us, Queueing time: mean = 20.297 us, max = 20.297 us, min = 20.297 us, total = 20.297 us
	ray::rpc::InternalPubSubGcsService.grpc_client.GcsSubscriberCommandBatch - 1 total (0 active), Execution time: mean = 5.677 ms, total = 5.677 ms, Queueing time: mean = 0.000 s, max = -0.000 s, min = 9223372036.855 s, total = 0.000 s
	ray::rpc::InternalPubSubGcsService.grpc_client.GcsSubscriberCommandBatch.OnReplyReceived - 1 total (0 active), Execution time: mean = 93.927 us, total = 93.927 us, Queueing time: mean = 28.616 us, max = 28.616 us, min = 28.616 us, total = 28.616 us
	ray::rpc::NodeInfoGcsService.grpc_client.GetAllNodeInfo - 1 total (0 active), Execution time: mean = 2.684 ms, total = 2.684 ms, Queueing time: mean = 0.000 s, max = -0.000 s, min = 9223372036.855 s, total = 0.000 s
	ray::rpc::WorkerInfoGcsService.grpc_client.AddWorkerInfo.OnReplyReceived - 1 total (0 active), Execution time: mean = 28.289 us, total = 28.289 us, Queueing time: mean = 52.690 us, max = 52.690 us, min = 52.690 us, total = 52.690 us

-----------------
Task Event stats:

IO Service Stats:

Global stats: 4858 total (1 active)
Queueing time: mean = 216.053 us, max = 29.455 ms, min = -0.015 s, total = 1.050 s
Execution time:  mean = 221.354 us, total = 1.075 s
Event stats:
	CoreWorker.deadline_timer.flush_task_events - 1619 total (1 active), Execution time: mean = 122.907 us, total = 198.986 ms, Queueing time: mean = 615.490 us, max = 29.455 ms, min = -0.015 s, total = 996.478 ms
	ray::rpc::TaskInfoGcsService.grpc_client.AddTaskEventData - 1619 total (0 active), Execution time: mean = 521.010 us, total = 843.515 ms, Queueing time: mean = 0.000 s, max = -0.000 s, min = 9223372036.855 s, total = 0.000 s
	ray::rpc::TaskInfoGcsService.grpc_client.AddTaskEventData.OnReplyReceived - 1619 total (0 active), Execution time: mean = 20.111 us, total = 32.560 ms, Queueing time: mean = 30.106 us, max = 831.829 us, min = 9.294 us, total = 48.741 ms
	PeriodicalRunner.RunFnPeriodically - 1 total (0 active), Execution time: mean = 277.054 us, total = 277.054 us, Queueing time: mean = 4.369 ms, max = 4.369 ms, min = 4.369 ms, total = 4.369 ms
Other Stats:
	grpc_in_progress:0
	current number of task status events in buffer: 0
	current number of profile events in buffer: 0
	current number of dropped task attempts tracked: 0
	total task events sent: 0 MiB
	total number of task attempts sent: 0
	total number of task attempts dropped reported: 0
	total number of sent failure: 0
	num status task events dropped: 0
	num profile task events dropped: 0


[2025-02-15 21:29:18,486 I 439 1009] core_worker.cc:642: Event stats:


Global stats: 24059 total (8 active)
Queueing time: mean = 116.882 us, max = 29.363 ms, min = -0.031 s, total = 2.812 s
Execution time:  mean = 62.373 ms, total = 1500.643 s
Event stats:
	CoreWorker.RecoverObjects - 16779 total (1 active), Execution time: mean = 5.419 us, total = 90.917 ms, Queueing time: mean = 126.724 us, max = 9.567 ms, min = -0.018 s, total = 2.126 s
	NodeManagerService.grpc_client.ReportWorkerBacklog - 1680 total (0 active), Execution time: mean = 816.607 us, total = 1.372 s, Queueing time: mean = 0.000 s, max = -0.000 s, min = 9223372036.855 s, total = 0.000 s
	CoreWorker.InternalHeartbeat - 1680 total (1 active), Execution time: mean = 113.938 us, total = 191.415 ms, Queueing time: mean = 110.995 us, max = 29.363 ms, min = -0.031 s, total = 186.472 ms
	CoreWorker.ExitIfParentRayletDies - 1680 total (1 active), Execution time: mean = 7.470 us, total = 12.549 ms, Queueing time: mean = 227.499 us, max = 29.324 ms, min = -0.029 s, total = 382.199 ms
	NodeManagerService.grpc_client.ReportWorkerBacklog.OnReplyReceived - 1680 total (0 active), Execution time: mean = 19.518 us, total = 32.791 ms, Queueing time: mean = 42.101 us, max = 410.659 us, min = 9.461 us, total = 70.730 ms
	CoreWorker.RecordMetrics - 336 total (1 active), Execution time: mean = 19.258 us, total = 6.471 ms, Queueing time: mean = 55.163 us, max = 18.236 ms, min = -0.016 s, total = 18.535 ms
	CoreWorker.GCStreamingGeneratorMetadata - 168 total (1 active), Execution time: mean = 3.993 us, total = 670.745 us, Queueing time: mean = 122.474 us, max = 17.503 ms, min = -0.017 s, total = 20.576 ms
	CoreWorker.PrintEventStats - 28 total (1 active, 1 running), Execution time: mean = 196.378 us, total = 5.499 ms, Queueing time: mean = 137.220 us, max = 2.306 ms, min = -0.001 s, total = 3.842 ms
	PeriodicalRunner.RunFnPeriodically - 7 total (0 active), Execution time: mean = 78.192 us, total = 547.341 us, Queueing time: mean = 250.703 us, max = 520.050 us, min = 25.908 us, total = 1.755 ms
	Publisher.CheckDeadSubscribers - 6 total (1 active), Execution time: mean = 4.301 us, total = 25.809 us, Queueing time: mean = 233.711 us, max = 989.922 us, min = -0.000 s, total = 1.402 ms
	ray::rpc::InternalPubSubGcsService.grpc_client.GcsSubscriberPoll - 5 total (1 active), Execution time: mean = 299.783 s, total = 1498.915 s, Queueing time: mean = 0.000 s, max = -0.000 s, min = 9223372036.855 s, total = 0.000 s
	ray::rpc::InternalPubSubGcsService.grpc_client.GcsSubscriberPoll.OnReplyReceived - 4 total (0 active), Execution time: mean = 109.891 us, total = 439.565 us, Queueing time: mean = 38.209 us, max = 115.383 us, min = 11.801 us, total = 152.838 us
	ray::rpc::WorkerInfoGcsService.grpc_client.AddWorkerInfo - 1 total (0 active), Execution time: mean = 6.261 ms, total = 6.261 ms, Queueing time: mean = 0.000 s, max = -0.000 s, min = 9223372036.855 s, total = 0.000 s
	ray::rpc::NodeInfoGcsService.grpc_client.GetAllNodeInfo.OnReplyReceived - 1 total (0 active), Execution time: mean = 106.933 us, total = 106.933 us, Queueing time: mean = 20.297 us, max = 20.297 us, min = 20.297 us, total = 20.297 us
	ray::rpc::InternalPubSubGcsService.grpc_client.GcsSubscriberCommandBatch - 1 total (0 active), Execution time: mean = 5.677 ms, total = 5.677 ms, Queueing time: mean = 0.000 s, max = -0.000 s, min = 9223372036.855 s, total = 0.000 s
	ray::rpc::InternalPubSubGcsService.grpc_client.GcsSubscriberCommandBatch.OnReplyReceived - 1 total (0 active), Execution time: mean = 93.927 us, total = 93.927 us, Queueing time: mean = 28.616 us, max = 28.616 us, min = 28.616 us, total = 28.616 us
	ray::rpc::NodeInfoGcsService.grpc_client.GetAllNodeInfo - 1 total (0 active), Execution time: mean = 2.684 ms, total = 2.684 ms, Queueing time: mean = 0.000 s, max = -0.000 s, min = 9223372036.855 s, total = 0.000 s
	ray::rpc::WorkerInfoGcsService.grpc_client.AddWorkerInfo.OnReplyReceived - 1 total (0 active), Execution time: mean = 28.289 us, total = 28.289 us, Queueing time: mean = 52.690 us, max = 52.690 us, min = 52.690 us, total = 52.690 us

-----------------
Task Event stats:

IO Service Stats:

Global stats: 5038 total (1 active)
Queueing time: mean = 218.818 us, max = 29.455 ms, min = -0.015 s, total = 1.102 s
Execution time:  mean = 224.279 us, total = 1.130 s
Event stats:
	CoreWorker.deadline_timer.flush_task_events - 1679 total (1 active), Execution time: mean = 124.933 us, total = 209.762 ms, Queueing time: mean = 623.724 us, max = 29.455 ms, min = -0.015 s, total = 1.047 s
	ray::rpc::TaskInfoGcsService.grpc_client.AddTaskEventData - 1679 total (0 active), Execution time: mean = 527.385 us, total = 885.479 ms, Queueing time: mean = 0.000 s, max = -0.000 s, min = 9223372036.855 s, total = 0.000 s
	ray::rpc::TaskInfoGcsService.grpc_client.AddTaskEventData.OnReplyReceived - 1679 total (0 active), Execution time: mean = 20.487 us, total = 34.397 ms, Queueing time: mean = 30.258 us, max = 831.829 us, min = 9.294 us, total = 50.804 ms
	PeriodicalRunner.RunFnPeriodically - 1 total (0 active), Execution time: mean = 277.054 us, total = 277.054 us, Queueing time: mean = 4.369 ms, max = 4.369 ms, min = 4.369 ms, total = 4.369 ms
Other Stats:
	grpc_in_progress:0
	current number of task status events in buffer: 0
	current number of profile events in buffer: 0
	current number of dropped task attempts tracked: 0
	total task events sent: 0 MiB
	total number of task attempts sent: 0
	total number of task attempts dropped reported: 0
	total number of sent failure: 0
	num status task events dropped: 0
	num profile task events dropped: 0


[2025-02-15 21:30:18,486 I 439 1009] core_worker.cc:642: Event stats:


Global stats: 24917 total (8 active)
Queueing time: mean = 119.243 us, max = 33.526 ms, min = -0.031 s, total = 2.971 s
Execution time:  mean = 60.228 ms, total = 1500.694 s
Event stats:
	CoreWorker.RecoverObjects - 17378 total (1 active), Execution time: mean = 5.427 us, total = 94.316 ms, Queueing time: mean = 125.410 us, max = 9.567 ms, min = -0.018 s, total = 2.179 s
	NodeManagerService.grpc_client.ReportWorkerBacklog - 1740 total (0 active), Execution time: mean = 810.421 us, total = 1.410 s, Queueing time: mean = 0.000 s, max = -0.000 s, min = 9223372036.855 s, total = 0.000 s
	CoreWorker.InternalHeartbeat - 1740 total (1 active), Execution time: mean = 114.795 us, total = 199.743 ms, Queueing time: mean = 134.806 us, max = 33.496 ms, min = -0.031 s, total = 234.562 ms
	CoreWorker.ExitIfParentRayletDies - 1740 total (1 active), Execution time: mean = 7.435 us, total = 12.936 ms, Queueing time: mean = 252.246 us, max = 33.526 ms, min = -0.029 s, total = 438.907 ms
	NodeManagerService.grpc_client.ReportWorkerBacklog.OnReplyReceived - 1740 total (0 active), Execution time: mean = 19.424 us, total = 33.797 ms, Queueing time: mean = 41.717 us, max = 410.659 us, min = 9.461 us, total = 72.587 ms
	CoreWorker.RecordMetrics - 348 total (1 active), Execution time: mean = 19.245 us, total = 6.697 ms, Queueing time: mean = 55.649 us, max = 18.236 ms, min = -0.016 s, total = 19.366 ms
	CoreWorker.GCStreamingGeneratorMetadata - 174 total (1 active), Execution time: mean = 4.020 us, total = 699.476 us, Queueing time: mean = 109.926 us, max = 17.503 ms, min = -0.017 s, total = 19.127 ms
	CoreWorker.PrintEventStats - 29 total (1 active, 1 running), Execution time: mean = 195.849 us, total = 5.680 ms, Queueing time: mean = 133.000 us, max = 2.306 ms, min = -0.001 s, total = 3.857 ms
	PeriodicalRunner.RunFnPeriodically - 7 total (0 active), Execution time: mean = 78.192 us, total = 547.341 us, Queueing time: mean = 250.703 us, max = 520.050 us, min = 25.908 us, total = 1.755 ms
	Publisher.CheckDeadSubscribers - 6 total (1 active), Execution time: mean = 4.301 us, total = 25.809 us, Queueing time: mean = 233.711 us, max = 989.922 us, min = -0.000 s, total = 1.402 ms
	ray::rpc::InternalPubSubGcsService.grpc_client.GcsSubscriberPoll - 5 total (1 active), Execution time: mean = 299.783 s, total = 1498.915 s, Queueing time: mean = 0.000 s, max = -0.000 s, min = 9223372036.855 s, total = 0.000 s
	ray::rpc::InternalPubSubGcsService.grpc_client.GcsSubscriberPoll.OnReplyReceived - 4 total (0 active), Execution time: mean = 109.891 us, total = 439.565 us, Queueing time: mean = 38.209 us, max = 115.383 us, min = 11.801 us, total = 152.838 us
	ray::rpc::WorkerInfoGcsService.grpc_client.AddWorkerInfo - 1 total (0 active), Execution time: mean = 6.261 ms, total = 6.261 ms, Queueing time: mean = 0.000 s, max = -0.000 s, min = 9223372036.855 s, total = 0.000 s
	ray::rpc::NodeInfoGcsService.grpc_client.GetAllNodeInfo.OnReplyReceived - 1 total (0 active), Execution time: mean = 106.933 us, total = 106.933 us, Queueing time: mean = 20.297 us, max = 20.297 us, min = 20.297 us, total = 20.297 us
	ray::rpc::InternalPubSubGcsService.grpc_client.GcsSubscriberCommandBatch - 1 total (0 active), Execution time: mean = 5.677 ms, total = 5.677 ms, Queueing time: mean = 0.000 s, max = -0.000 s, min = 9223372036.855 s, total = 0.000 s
	ray::rpc::InternalPubSubGcsService.grpc_client.GcsSubscriberCommandBatch.OnReplyReceived - 1 total (0 active), Execution time: mean = 93.927 us, total = 93.927 us, Queueing time: mean = 28.616 us, max = 28.616 us, min = 28.616 us, total = 28.616 us
	ray::rpc::NodeInfoGcsService.grpc_client.GetAllNodeInfo - 1 total (0 active), Execution time: mean = 2.684 ms, total = 2.684 ms, Queueing time: mean = 0.000 s, max = -0.000 s, min = 9223372036.855 s, total = 0.000 s
	ray::rpc::WorkerInfoGcsService.grpc_client.AddWorkerInfo.OnReplyReceived - 1 total (0 active), Execution time: mean = 28.289 us, total = 28.289 us, Queueing time: mean = 52.690 us, max = 52.690 us, min = 52.690 us, total = 52.690 us

-----------------
Task Event stats:

IO Service Stats:

Global stats: 5218 total (1 active)
Queueing time: mean = 220.800 us, max = 33.368 ms, min = -0.015 s, total = 1.152 s
Execution time:  mean = 224.461 us, total = 1.171 s
Event stats:
	CoreWorker.deadline_timer.flush_task_events - 1739 total (1 active), Execution time: mean = 125.247 us, total = 217.804 ms, Queueing time: mean = 629.824 us, max = 33.368 ms, min = -0.015 s, total = 1.095 s
	ray::rpc::TaskInfoGcsService.grpc_client.AddTaskEventData - 1739 total (0 active), Execution time: mean = 527.562 us, total = 917.431 ms, Queueing time: mean = 0.000 s, max = -0.000 s, min = 9223372036.855 s, total = 0.000 s
	ray::rpc::TaskInfoGcsService.grpc_client.AddTaskEventData.OnReplyReceived - 1739 total (0 active), Execution time: mean = 20.544 us, total = 35.725 ms, Queueing time: mean = 30.191 us, max = 831.829 us, min = 9.294 us, total = 52.502 ms
	PeriodicalRunner.RunFnPeriodically - 1 total (0 active), Execution time: mean = 277.054 us, total = 277.054 us, Queueing time: mean = 4.369 ms, max = 4.369 ms, min = 4.369 ms, total = 4.369 ms
Other Stats:
	grpc_in_progress:0
	current number of task status events in buffer: 0
	current number of profile events in buffer: 0
	current number of dropped task attempts tracked: 0
	total task events sent: 0 MiB
	total number of task attempts sent: 0
	total number of task attempts dropped reported: 0
	total number of sent failure: 0
	num status task events dropped: 0
	num profile task events dropped: 0


[2025-02-15 21:31:18,486 I 439 1009] core_worker.cc:642: Event stats:


Global stats: 25779 total (8 active)
Queueing time: mean = 122.246 us, max = 33.526 ms, min = -0.031 s, total = 3.151 s
Execution time:  mean = 69.864 ms, total = 1801.019 s
Event stats:
	CoreWorker.RecoverObjects - 17978 total (1 active), Execution time: mean = 5.449 us, total = 97.959 ms, Queueing time: mean = 124.656 us, max = 9.567 ms, min = -0.018 s, total = 2.241 s
	NodeManagerService.grpc_client.ReportWorkerBacklog - 1800 total (0 active), Execution time: mean = 804.099 us, total = 1.447 s, Queueing time: mean = 0.000 s, max = -0.000 s, min = 9223372036.855 s, total = 0.000 s
	CoreWorker.InternalHeartbeat - 1800 total (1 active), Execution time: mean = 115.515 us, total = 207.927 ms, Queueing time: mean = 160.388 us, max = 33.496 ms, min = -0.031 s, total = 288.698 ms
	CoreWorker.ExitIfParentRayletDies - 1800 total (1 active), Execution time: mean = 7.399 us, total = 13.319 ms, Queueing time: mean = 278.111 us, max = 33.526 ms, min = -0.029 s, total = 500.600 ms
	NodeManagerService.grpc_client.ReportWorkerBacklog.OnReplyReceived - 1800 total (0 active), Execution time: mean = 19.273 us, total = 34.692 ms, Queueing time: mean = 41.359 us, max = 410.659 us, min = 9.461 us, total = 74.447 ms
	CoreWorker.RecordMetrics - 360 total (1 active), Execution time: mean = 19.189 us, total = 6.908 ms, Queueing time: mean = 55.991 us, max = 18.236 ms, min = -0.016 s, total = 20.157 ms
	CoreWorker.GCStreamingGeneratorMetadata - 180 total (1 active), Execution time: mean = 4.021 us, total = 723.806 us, Queueing time: mean = 102.201 us, max = 17.503 ms, min = -0.017 s, total = 18.396 ms
	CoreWorker.PrintEventStats - 30 total (1 active, 1 running), Execution time: mean = 196.112 us, total = 5.883 ms, Queueing time: mean = 140.664 us, max = 2.306 ms, min = -0.001 s, total = 4.220 ms
	Publisher.CheckDeadSubscribers - 7 total (1 active), Execution time: mean = 4.208 us, total = 29.458 us, Queueing time: mean = 240.534 us, max = 989.922 us, min = -0.000 s, total = 1.684 ms
	PeriodicalRunner.RunFnPeriodically - 7 total (0 active), Execution time: mean = 78.192 us, total = 547.341 us, Queueing time: mean = 250.703 us, max = 520.050 us, min = 25.908 us, total = 1.755 ms
	ray::rpc::InternalPubSubGcsService.grpc_client.GcsSubscriberPoll - 6 total (1 active), Execution time: mean = 299.865 s, total = 1799.188 s, Queueing time: mean = 0.000 s, max = -0.000 s, min = 9223372036.855 s, total = 0.000 s
	ray::rpc::InternalPubSubGcsService.grpc_client.GcsSubscriberPoll.OnReplyReceived - 5 total (0 active), Execution time: mean = 119.888 us, total = 599.441 us, Queueing time: mean = 54.424 us, max = 119.284 us, min = 11.801 us, total = 272.122 us
	ray::rpc::WorkerInfoGcsService.grpc_client.AddWorkerInfo - 1 total (0 active), Execution time: mean = 6.261 ms, total = 6.261 ms, Queueing time: mean = 0.000 s, max = -0.000 s, min = 9223372036.855 s, total = 0.000 s
	ray::rpc::NodeInfoGcsService.grpc_client.GetAllNodeInfo.OnReplyReceived - 1 total (0 active), Execution time: mean = 106.933 us, total = 106.933 us, Queueing time: mean = 20.297 us, max = 20.297 us, min = 20.297 us, total = 20.297 us
	ray::rpc::InternalPubSubGcsService.grpc_client.GcsSubscriberCommandBatch - 1 total (0 active), Execution time: mean = 5.677 ms, total = 5.677 ms, Queueing time: mean = 0.000 s, max = -0.000 s, min = 9223372036.855 s, total = 0.000 s
	ray::rpc::InternalPubSubGcsService.grpc_client.GcsSubscriberCommandBatch.OnReplyReceived - 1 total (0 active), Execution time: mean = 93.927 us, total = 93.927 us, Queueing time: mean = 28.616 us, max = 28.616 us, min = 28.616 us, total = 28.616 us
	ray::rpc::NodeInfoGcsService.grpc_client.GetAllNodeInfo - 1 total (0 active), Execution time: mean = 2.684 ms, total = 2.684 ms, Queueing time: mean = 0.000 s, max = -0.000 s, min = 9223372036.855 s, total = 0.000 s
	ray::rpc::WorkerInfoGcsService.grpc_client.AddWorkerInfo.OnReplyReceived - 1 total (0 active), Execution time: mean = 28.289 us, total = 28.289 us, Queueing time: mean = 52.690 us, max = 52.690 us, min = 52.690 us, total = 52.690 us

-----------------
Task Event stats:

IO Service Stats:

Global stats: 5398 total (1 active)
Queueing time: mean = 223.816 us, max = 33.368 ms, min = -0.015 s, total = 1.208 s
Execution time:  mean = 223.526 us, total = 1.207 s
Event stats:
	CoreWorker.deadline_timer.flush_task_events - 1799 total (1 active), Execution time: mean = 124.949 us, total = 224.784 ms, Queueing time: mean = 639.150 us, max = 33.368 ms, min = -0.015 s, total = 1.150 s
	ray::rpc::TaskInfoGcsService.grpc_client.AddTaskEventData - 1799 total (0 active), Execution time: mean = 525.076 us, total = 944.611 ms, Queueing time: mean = 0.000 s, max = -0.000 s, min = 9223372036.855 s, total = 0.000 s
	ray::rpc::TaskInfoGcsService.grpc_client.AddTaskEventData.OnReplyReceived - 1799 total (0 active), Execution time: mean = 20.524 us, total = 36.922 ms, Queueing time: mean = 29.994 us, max = 831.829 us, min = 9.294 us, total = 53.959 ms
	PeriodicalRunner.RunFnPeriodically - 1 total (0 active), Execution time: mean = 277.054 us, total = 277.054 us, Queueing time: mean = 4.369 ms, max = 4.369 ms, min = 4.369 ms, total = 4.369 ms
Other Stats:
	grpc_in_progress:0
	current number of task status events in buffer: 0
	current number of profile events in buffer: 0
	current number of dropped task attempts tracked: 0
	total task events sent: 0 MiB
	total number of task attempts sent: 0
	total number of task attempts dropped reported: 0
	total number of sent failure: 0
	num status task events dropped: 0
	num profile task events dropped: 0


[2025-02-15 21:32:18,487 I 439 1009] core_worker.cc:642: Event stats:


Global stats: 26637 total (8 active)
Queueing time: mean = 124.172 us, max = 33.526 ms, min = -0.031 s, total = 3.308 s
Execution time:  mean = 67.615 ms, total = 1801.071 s
Event stats:
	CoreWorker.RecoverObjects - 18577 total (1 active), Execution time: mean = 5.430 us, total = 100.879 ms, Queueing time: mean = 123.418 us, max = 9.567 ms, min = -0.018 s, total = 2.293 s
	NodeManagerService.grpc_client.ReportWorkerBacklog - 1860 total (0 active), Execution time: mean = 799.127 us, total = 1.486 s, Queueing time: mean = 0.000 s, max = -0.000 s, min = 9223372036.855 s, total = 0.000 s
	CoreWorker.InternalHeartbeat - 1860 total (1 active), Execution time: mean = 116.428 us, total = 216.555 ms, Queueing time: mean = 179.870 us, max = 33.496 ms, min = -0.031 s, total = 334.559 ms
	CoreWorker.ExitIfParentRayletDies - 1860 total (1 active), Execution time: mean = 7.358 us, total = 13.685 ms, Queueing time: mean = 297.938 us, max = 33.526 ms, min = -0.029 s, total = 554.165 ms
	NodeManagerService.grpc_client.ReportWorkerBacklog.OnReplyReceived - 1860 total (0 active), Execution time: mean = 19.171 us, total = 35.658 ms, Queueing time: mean = 41.053 us, max = 410.659 us, min = 9.461 us, total = 76.358 ms
	CoreWorker.RecordMetrics - 372 total (1 active), Execution time: mean = 19.376 us, total = 7.208 ms, Queueing time: mean = 55.115 us, max = 18.236 ms, min = -0.016 s, total = 20.503 ms
	CoreWorker.GCStreamingGeneratorMetadata - 186 total (1 active), Execution time: mean = 3.978 us, total = 739.981 us, Queueing time: mean = 114.544 us, max = 17.503 ms, min = -0.017 s, total = 21.305 ms
	CoreWorker.PrintEventStats - 31 total (1 active, 1 running), Execution time: mean = 195.241 us, total = 6.052 ms, Queueing time: mean = 133.216 us, max = 2.306 ms, min = -0.001 s, total = 4.130 ms
	Publisher.CheckDeadSubscribers - 7 total (1 active), Execution time: mean = 4.208 us, total = 29.458 us, Queueing time: mean = 240.534 us, max = 989.922 us, min = -0.000 s, total = 1.684 ms
	PeriodicalRunner.RunFnPeriodically - 7 total (0 active), Execution time: mean = 78.192 us, total = 547.341 us, Queueing time: mean = 250.703 us, max = 520.050 us, min = 25.908 us, total = 1.755 ms
	ray::rpc::InternalPubSubGcsService.grpc_client.GcsSubscriberPoll - 6 total (1 active), Execution time: mean = 299.865 s, total = 1799.188 s, Queueing time: mean = 0.000 s, max = -0.000 s, min = 9223372036.855 s, total = 0.000 s
	ray::rpc::InternalPubSubGcsService.grpc_client.GcsSubscriberPoll.OnReplyReceived - 5 total (0 active), Execution time: mean = 119.888 us, total = 599.441 us, Queueing time: mean = 54.424 us, max = 119.284 us, min = 11.801 us, total = 272.122 us
	ray::rpc::WorkerInfoGcsService.grpc_client.AddWorkerInfo - 1 total (0 active), Execution time: mean = 6.261 ms, total = 6.261 ms, Queueing time: mean = 0.000 s, max = -0.000 s, min = 9223372036.855 s, total = 0.000 s
	ray::rpc::NodeInfoGcsService.grpc_client.GetAllNodeInfo.OnReplyReceived - 1 total (0 active), Execution time: mean = 106.933 us, total = 106.933 us, Queueing time: mean = 20.297 us, max = 20.297 us, min = 20.297 us, total = 20.297 us
	ray::rpc::InternalPubSubGcsService.grpc_client.GcsSubscriberCommandBatch - 1 total (0 active), Execution time: mean = 5.677 ms, total = 5.677 ms, Queueing time: mean = 0.000 s, max = -0.000 s, min = 9223372036.855 s, total = 0.000 s
	ray::rpc::InternalPubSubGcsService.grpc_client.GcsSubscriberCommandBatch.OnReplyReceived - 1 total (0 active), Execution time: mean = 93.927 us, total = 93.927 us, Queueing time: mean = 28.616 us, max = 28.616 us, min = 28.616 us, total = 28.616 us
	ray::rpc::NodeInfoGcsService.grpc_client.GetAllNodeInfo - 1 total (0 active), Execution time: mean = 2.684 ms, total = 2.684 ms, Queueing time: mean = 0.000 s, max = -0.000 s, min = 9223372036.855 s, total = 0.000 s
	ray::rpc::WorkerInfoGcsService.grpc_client.AddWorkerInfo.OnReplyReceived - 1 total (0 active), Execution time: mean = 28.289 us, total = 28.289 us, Queueing time: mean = 52.690 us, max = 52.690 us, min = 52.690 us, total = 52.690 us

-----------------
Task Event stats:

IO Service Stats:

Global stats: 5578 total (1 active)
Queueing time: mean = 225.203 us, max = 33.368 ms, min = -0.015 s, total = 1.256 s
Execution time:  mean = 223.425 us, total = 1.246 s
Event stats:
	CoreWorker.deadline_timer.flush_task_events - 1859 total (1 active), Execution time: mean = 125.013 us, total = 232.399 ms, Queueing time: mean = 643.491 us, max = 33.368 ms, min = -0.015 s, total = 1.196 s
	ray::rpc::TaskInfoGcsService.grpc_client.AddTaskEventData - 1859 total (0 active), Execution time: mean = 524.678 us, total = 975.377 ms, Queueing time: mean = 0.000 s, max = -0.000 s, min = 9223372036.855 s, total = 0.000 s
	ray::rpc::TaskInfoGcsService.grpc_client.AddTaskEventData.OnReplyReceived - 1859 total (0 active), Execution time: mean = 20.556 us, total = 38.214 ms, Queueing time: mean = 29.888 us, max = 831.829 us, min = 9.294 us, total = 55.563 ms
	PeriodicalRunner.RunFnPeriodically - 1 total (0 active), Execution time: mean = 277.054 us, total = 277.054 us, Queueing time: mean = 4.369 ms, max = 4.369 ms, min = 4.369 ms, total = 4.369 ms
Other Stats:
	grpc_in_progress:0
	current number of task status events in buffer: 0
	current number of profile events in buffer: 0
	current number of dropped task attempts tracked: 0
	total task events sent: 0 MiB
	total number of task attempts sent: 0
	total number of task attempts dropped reported: 0
	total number of sent failure: 0
	num status task events dropped: 0
	num profile task events dropped: 0


[2025-02-15 21:33:18,487 I 439 1009] core_worker.cc:642: Event stats:


Global stats: 27495 total (8 active)
Queueing time: mean = 127.718 us, max = 33.526 ms, min = -0.031 s, total = 3.512 s
Execution time:  mean = 65.507 ms, total = 1801.124 s
Event stats:
	CoreWorker.RecoverObjects - 19176 total (1 active), Execution time: mean = 5.419 us, total = 103.912 ms, Queueing time: mean = 123.065 us, max = 9.567 ms, min = -0.018 s, total = 2.360 s
	NodeManagerService.grpc_client.ReportWorkerBacklog - 1920 total (0 active), Execution time: mean = 794.663 us, total = 1.526 s, Queueing time: mean = 0.000 s, max = -0.000 s, min = 9223372036.855 s, total = 0.000 s
	CoreWorker.InternalHeartbeat - 1920 total (1 active), Execution time: mean = 117.274 us, total = 225.166 ms, Queueing time: mean = 205.419 us, max = 33.496 ms, min = -0.031 s, total = 394.405 ms
	CoreWorker.ExitIfParentRayletDies - 1920 total (1 active), Execution time: mean = 7.395 us, total = 14.198 ms, Queueing time: mean = 324.277 us, max = 33.526 ms, min = -0.029 s, total = 622.611 ms
	NodeManagerService.grpc_client.ReportWorkerBacklog.OnReplyReceived - 1920 total (0 active), Execution time: mean = 19.104 us, total = 36.680 ms, Queueing time: mean = 40.998 us, max = 410.659 us, min = 9.461 us, total = 78.717 ms
	CoreWorker.RecordMetrics - 384 total (1 active), Execution time: mean = 19.478 us, total = 7.479 ms, Queueing time: mean = 56.280 us, max = 18.236 ms, min = -0.016 s, total = 21.611 ms
	CoreWorker.GCStreamingGeneratorMetadata - 192 total (1 active), Execution time: mean = 3.978 us, total = 763.728 us, Queueing time: mean = 137.105 us, max = 17.503 ms, min = -0.017 s, total = 26.324 ms
	CoreWorker.PrintEventStats - 32 total (1 active, 1 running), Execution time: mean = 193.953 us, total = 6.207 ms, Queueing time: mean = 132.045 us, max = 2.306 ms, min = -0.001 s, total = 4.225 ms
	Publisher.CheckDeadSubscribers - 7 total (1 active), Execution time: mean = 4.208 us, total = 29.458 us, Queueing time: mean = 240.534 us, max = 989.922 us, min = -0.000 s, total = 1.684 ms
	PeriodicalRunner.RunFnPeriodically - 7 total (0 active), Execution time: mean = 78.192 us, total = 547.341 us, Queueing time: mean = 250.703 us, max = 520.050 us, min = 25.908 us, total = 1.755 ms
	ray::rpc::InternalPubSubGcsService.grpc_client.GcsSubscriberPoll - 6 total (1 active), Execution time: mean = 299.865 s, total = 1799.188 s, Queueing time: mean = 0.000 s, max = -0.000 s, min = 9223372036.855 s, total = 0.000 s
	ray::rpc::InternalPubSubGcsService.grpc_client.GcsSubscriberPoll.OnReplyReceived - 5 total (0 active), Execution time: mean = 119.888 us, total = 599.441 us, Queueing time: mean = 54.424 us, max = 119.284 us, min = 11.801 us, total = 272.122 us
	ray::rpc::WorkerInfoGcsService.grpc_client.AddWorkerInfo - 1 total (0 active), Execution time: mean = 6.261 ms, total = 6.261 ms, Queueing time: mean = 0.000 s, max = -0.000 s, min = 9223372036.855 s, total = 0.000 s
	ray::rpc::NodeInfoGcsService.grpc_client.GetAllNodeInfo.OnReplyReceived - 1 total (0 active), Execution time: mean = 106.933 us, total = 106.933 us, Queueing time: mean = 20.297 us, max = 20.297 us, min = 20.297 us, total = 20.297 us
	ray::rpc::InternalPubSubGcsService.grpc_client.GcsSubscriberCommandBatch - 1 total (0 active), Execution time: mean = 5.677 ms, total = 5.677 ms, Queueing time: mean = 0.000 s, max = -0.000 s, min = 9223372036.855 s, total = 0.000 s
	ray::rpc::InternalPubSubGcsService.grpc_client.GcsSubscriberCommandBatch.OnReplyReceived - 1 total (0 active), Execution time: mean = 93.927 us, total = 93.927 us, Queueing time: mean = 28.616 us, max = 28.616 us, min = 28.616 us, total = 28.616 us
	ray::rpc::NodeInfoGcsService.grpc_client.GetAllNodeInfo - 1 total (0 active), Execution time: mean = 2.684 ms, total = 2.684 ms, Queueing time: mean = 0.000 s, max = -0.000 s, min = 9223372036.855 s, total = 0.000 s
	ray::rpc::WorkerInfoGcsService.grpc_client.AddWorkerInfo.OnReplyReceived - 1 total (0 active), Execution time: mean = 28.289 us, total = 28.289 us, Queueing time: mean = 52.690 us, max = 52.690 us, min = 52.690 us, total = 52.690 us

-----------------
Task Event stats:

IO Service Stats:

Global stats: 5758 total (1 active)
Queueing time: mean = 229.134 us, max = 33.368 ms, min = -0.015 s, total = 1.319 s
Execution time:  mean = 222.879 us, total = 1.283 s
Event stats:
	CoreWorker.deadline_timer.flush_task_events - 1919 total (1 active), Execution time: mean = 124.814 us, total = 239.519 ms, Queueing time: mean = 655.558 us, max = 33.368 ms, min = -0.015 s, total = 1.258 s
	ray::rpc::TaskInfoGcsService.grpc_client.AddTaskEventData - 1919 total (0 active), Execution time: mean = 523.254 us, total = 1.004 s, Queueing time: mean = 0.000 s, max = -0.000 s, min = 9223372036.855 s, total = 0.000 s
	ray::rpc::TaskInfoGcsService.grpc_client.AddTaskEventData.OnReplyReceived - 1919 total (0 active), Execution time: mean = 20.540 us, total = 39.416 ms, Queueing time: mean = 29.685 us, max = 831.829 us, min = 9.294 us, total = 56.966 ms
	PeriodicalRunner.RunFnPeriodically - 1 total (0 active), Execution time: mean = 277.054 us, total = 277.054 us, Queueing time: mean = 4.369 ms, max = 4.369 ms, min = 4.369 ms, total = 4.369 ms
Other Stats:
	grpc_in_progress:0
	current number of task status events in buffer: 0
	current number of profile events in buffer: 0
	current number of dropped task attempts tracked: 0
	total task events sent: 0 MiB
	total number of task attempts sent: 0
	total number of task attempts dropped reported: 0
	total number of sent failure: 0
	num status task events dropped: 0
	num profile task events dropped: 0


[2025-02-15 21:34:18,487 I 439 1009] core_worker.cc:642: Event stats:


Global stats: 28354 total (8 active)
Queueing time: mean = 129.298 us, max = 33.526 ms, min = -0.031 s, total = 3.666 s
Execution time:  mean = 63.525 ms, total = 1801.175 s
Event stats:
	CoreWorker.RecoverObjects - 19776 total (1 active), Execution time: mean = 5.393 us, total = 106.655 ms, Queueing time: mean = 122.012 us, max = 9.567 ms, min = -0.018 s, total = 2.413 s
	NodeManagerService.grpc_client.ReportWorkerBacklog - 1980 total (0 active), Execution time: mean = 790.101 us, total = 1.564 s, Queueing time: mean = 0.000 s, max = -0.000 s, min = 9223372036.855 s, total = 0.000 s
	CoreWorker.InternalHeartbeat - 1980 total (1 active), Execution time: mean = 117.605 us, total = 232.857 ms, Queueing time: mean = 223.428 us, max = 33.496 ms, min = -0.031 s, total = 442.387 ms
	CoreWorker.ExitIfParentRayletDies - 1980 total (1 active), Execution time: mean = 7.404 us, total = 14.659 ms, Queueing time: mean = 342.216 us, max = 33.526 ms, min = -0.029 s, total = 677.588 ms
	NodeManagerService.grpc_client.ReportWorkerBacklog.OnReplyReceived - 1980 total (0 active), Execution time: mean = 19.029 us, total = 37.677 ms, Queueing time: mean = 40.845 us, max = 410.659 us, min = 9.461 us, total = 80.872 ms
	CoreWorker.RecordMetrics - 396 total (1 active), Execution time: mean = 19.413 us, total = 7.688 ms, Queueing time: mean = 55.599 us, max = 18.236 ms, min = -0.016 s, total = 22.017 ms
	CoreWorker.GCStreamingGeneratorMetadata - 198 total (1 active), Execution time: mean = 3.955 us, total = 783.157 us, Queueing time: mean = 112.468 us, max = 17.503 ms, min = -0.017 s, total = 22.269 ms
	CoreWorker.PrintEventStats - 33 total (1 active, 1 running), Execution time: mean = 201.913 us, total = 6.663 ms, Queueing time: mean = 129.561 us, max = 2.306 ms, min = -0.001 s, total = 4.276 ms
	Publisher.CheckDeadSubscribers - 7 total (1 active), Execution time: mean = 4.208 us, total = 29.458 us, Queueing time: mean = 240.534 us, max = 989.922 us, min = -0.000 s, total = 1.684 ms
	PeriodicalRunner.RunFnPeriodically - 7 total (0 active), Execution time: mean = 78.192 us, total = 547.341 us, Queueing time: mean = 250.703 us, max = 520.050 us, min = 25.908 us, total = 1.755 ms
	ray::rpc::InternalPubSubGcsService.grpc_client.GcsSubscriberPoll - 6 total (1 active), Execution time: mean = 299.865 s, total = 1799.188 s, Queueing time: mean = 0.000 s, max = -0.000 s, min = 9223372036.855 s, total = 0.000 s
	ray::rpc::InternalPubSubGcsService.grpc_client.GcsSubscriberPoll.OnReplyReceived - 5 total (0 active), Execution time: mean = 119.888 us, total = 599.441 us, Queueing time: mean = 54.424 us, max = 119.284 us, min = 11.801 us, total = 272.122 us
	ray::rpc::WorkerInfoGcsService.grpc_client.AddWorkerInfo - 1 total (0 active), Execution time: mean = 6.261 ms, total = 6.261 ms, Queueing time: mean = 0.000 s, max = -0.000 s, min = 9223372036.855 s, total = 0.000 s
	ray::rpc::NodeInfoGcsService.grpc_client.GetAllNodeInfo.OnReplyReceived - 1 total (0 active), Execution time: mean = 106.933 us, total = 106.933 us, Queueing time: mean = 20.297 us, max = 20.297 us, min = 20.297 us, total = 20.297 us
	ray::rpc::InternalPubSubGcsService.grpc_client.GcsSubscriberCommandBatch - 1 total (0 active), Execution time: mean = 5.677 ms, total = 5.677 ms, Queueing time: mean = 0.000 s, max = -0.000 s, min = 9223372036.855 s, total = 0.000 s
	ray::rpc::InternalPubSubGcsService.grpc_client.GcsSubscriberCommandBatch.OnReplyReceived - 1 total (0 active), Execution time: mean = 93.927 us, total = 93.927 us, Queueing time: mean = 28.616 us, max = 28.616 us, min = 28.616 us, total = 28.616 us
	ray::rpc::NodeInfoGcsService.grpc_client.GetAllNodeInfo - 1 total (0 active), Execution time: mean = 2.684 ms, total = 2.684 ms, Queueing time: mean = 0.000 s, max = -0.000 s, min = 9223372036.855 s, total = 0.000 s
	ray::rpc::WorkerInfoGcsService.grpc_client.AddWorkerInfo.OnReplyReceived - 1 total (0 active), Execution time: mean = 28.289 us, total = 28.289 us, Queueing time: mean = 52.690 us, max = 52.690 us, min = 52.690 us, total = 52.690 us

-----------------
Task Event stats:

IO Service Stats:

Global stats: 5938 total (1 active)
Queueing time: mean = 230.582 us, max = 33.368 ms, min = -0.015 s, total = 1.369 s
Execution time:  mean = 222.219 us, total = 1.320 s
Event stats:
	CoreWorker.deadline_timer.flush_task_events - 1979 total (1 active), Execution time: mean = 124.678 us, total = 246.737 ms, Queueing time: mean = 659.895 us, max = 33.368 ms, min = -0.015 s, total = 1.306 s
	ray::rpc::TaskInfoGcsService.grpc_client.AddTaskEventData - 1979 total (0 active), Execution time: mean = 521.447 us, total = 1.032 s, Queueing time: mean = 0.000 s, max = -0.000 s, min = 9223372036.855 s, total = 0.000 s
	ray::rpc::TaskInfoGcsService.grpc_client.AddTaskEventData.OnReplyReceived - 1979 total (0 active), Execution time: mean = 20.504 us, total = 40.577 ms, Queueing time: mean = 29.760 us, max = 831.829 us, min = 9.294 us, total = 58.896 ms
	PeriodicalRunner.RunFnPeriodically - 1 total (0 active), Execution time: mean = 277.054 us, total = 277.054 us, Queueing time: mean = 4.369 ms, max = 4.369 ms, min = 4.369 ms, total = 4.369 ms
Other Stats:
	grpc_in_progress:0
	current number of task status events in buffer: 0
	current number of profile events in buffer: 0
	current number of dropped task attempts tracked: 0
	total task events sent: 0 MiB
	total number of task attempts sent: 0
	total number of task attempts dropped reported: 0
	total number of sent failure: 0
	num status task events dropped: 0
	num profile task events dropped: 0


[2025-02-15 21:35:18,487 I 439 1009] core_worker.cc:642: Event stats:


Global stats: 29212 total (8 active)
Queueing time: mean = 130.923 us, max = 33.526 ms, min = -0.031 s, total = 3.825 s
Execution time:  mean = 61.660 ms, total = 1801.225 s
Event stats:
	CoreWorker.RecoverObjects - 20375 total (1 active), Execution time: mean = 5.368 us, total = 109.364 ms, Queueing time: mean = 120.991 us, max = 9.567 ms, min = -0.018 s, total = 2.465 s
	NodeManagerService.grpc_client.ReportWorkerBacklog - 2040 total (0 active), Execution time: mean = 785.327 us, total = 1.602 s, Queueing time: mean = 0.000 s, max = -0.000 s, min = 9223372036.855 s, total = 0.000 s
	CoreWorker.InternalHeartbeat - 2040 total (1 active), Execution time: mean = 117.770 us, total = 240.251 ms, Queueing time: mean = 239.822 us, max = 33.496 ms, min = -0.031 s, total = 489.237 ms
	CoreWorker.ExitIfParentRayletDies - 2040 total (1 active), Execution time: mean = 7.377 us, total = 15.050 ms, Queueing time: mean = 358.625 us, max = 33.526 ms, min = -0.029 s, total = 731.595 ms
	NodeManagerService.grpc_client.ReportWorkerBacklog.OnReplyReceived - 2040 total (0 active), Execution time: mean = 18.929 us, total = 38.615 ms, Queueing time: mean = 40.787 us, max = 434.443 us, min = 9.461 us, total = 83.206 ms
	CoreWorker.RecordMetrics - 408 total (1 active), Execution time: mean = 19.387 us, total = 7.910 ms, Queueing time: mean = 55.779 us, max = 18.236 ms, min = -0.016 s, total = 22.758 ms
	CoreWorker.GCStreamingGeneratorMetadata - 204 total (1 active), Execution time: mean = 3.938 us, total = 803.382 us, Queueing time: mean = 119.462 us, max = 17.503 ms, min = -0.017 s, total = 24.370 ms
	CoreWorker.PrintEventStats - 34 total (1 active, 1 running), Execution time: mean = 199.892 us, total = 6.796 ms, Queueing time: mean = 128.336 us, max = 2.306 ms, min = -0.001 s, total = 4.363 ms
	Publisher.CheckDeadSubscribers - 7 total (1 active), Execution time: mean = 4.208 us, total = 29.458 us, Queueing time: mean = 240.534 us, max = 989.922 us, min = -0.000 s, total = 1.684 ms
	PeriodicalRunner.RunFnPeriodically - 7 total (0 active), Execution time: mean = 78.192 us, total = 547.341 us, Queueing time: mean = 250.703 us, max = 520.050 us, min = 25.908 us, total = 1.755 ms
	ray::rpc::InternalPubSubGcsService.grpc_client.GcsSubscriberPoll - 6 total (1 active), Execution time: mean = 299.865 s, total = 1799.188 s, Queueing time: mean = 0.000 s, max = -0.000 s, min = 9223372036.855 s, total = 0.000 s
	ray::rpc::InternalPubSubGcsService.grpc_client.GcsSubscriberPoll.OnReplyReceived - 5 total (0 active), Execution time: mean = 119.888 us, total = 599.441 us, Queueing time: mean = 54.424 us, max = 119.284 us, min = 11.801 us, total = 272.122 us
	ray::rpc::WorkerInfoGcsService.grpc_client.AddWorkerInfo - 1 total (0 active), Execution time: mean = 6.261 ms, total = 6.261 ms, Queueing time: mean = 0.000 s, max = -0.000 s, min = 9223372036.855 s, total = 0.000 s
	ray::rpc::NodeInfoGcsService.grpc_client.GetAllNodeInfo.OnReplyReceived - 1 total (0 active), Execution time: mean = 106.933 us, total = 106.933 us, Queueing time: mean = 20.297 us, max = 20.297 us, min = 20.297 us, total = 20.297 us
	ray::rpc::InternalPubSubGcsService.grpc_client.GcsSubscriberCommandBatch - 1 total (0 active), Execution time: mean = 5.677 ms, total = 5.677 ms, Queueing time: mean = 0.000 s, max = -0.000 s, min = 9223372036.855 s, total = 0.000 s
	ray::rpc::InternalPubSubGcsService.grpc_client.GcsSubscriberCommandBatch.OnReplyReceived - 1 total (0 active), Execution time: mean = 93.927 us, total = 93.927 us, Queueing time: mean = 28.616 us, max = 28.616 us, min = 28.616 us, total = 28.616 us
	ray::rpc::NodeInfoGcsService.grpc_client.GetAllNodeInfo - 1 total (0 active), Execution time: mean = 2.684 ms, total = 2.684 ms, Queueing time: mean = 0.000 s, max = -0.000 s, min = 9223372036.855 s, total = 0.000 s
	ray::rpc::WorkerInfoGcsService.grpc_client.AddWorkerInfo.OnReplyReceived - 1 total (0 active), Execution time: mean = 28.289 us, total = 28.289 us, Queueing time: mean = 52.690 us, max = 52.690 us, min = 52.690 us, total = 52.690 us

-----------------
Task Event stats:

IO Service Stats:

Global stats: 6118 total (1 active)
Queueing time: mean = 231.832 us, max = 33.368 ms, min = -0.015 s, total = 1.418 s
Execution time:  mean = 221.688 us, total = 1.356 s
Event stats:
	CoreWorker.deadline_timer.flush_task_events - 2039 total (1 active), Execution time: mean = 124.193 us, total = 253.229 ms, Queueing time: mean = 663.779 us, max = 33.368 ms, min = -0.015 s, total = 1.353 s
	ray::rpc::TaskInfoGcsService.grpc_client.AddTaskEventData - 2039 total (0 active), Execution time: mean = 520.359 us, total = 1.061 s, Queueing time: mean = 0.000 s, max = -0.000 s, min = 9223372036.855 s, total = 0.000 s
	ray::rpc::TaskInfoGcsService.grpc_client.AddTaskEventData.OnReplyReceived - 2039 total (0 active), Execution time: mean = 20.484 us, total = 41.767 ms, Queueing time: mean = 29.688 us, max = 831.829 us, min = 9.294 us, total = 60.534 ms
	PeriodicalRunner.RunFnPeriodically - 1 total (0 active), Execution time: mean = 277.054 us, total = 277.054 us, Queueing time: mean = 4.369 ms, max = 4.369 ms, min = 4.369 ms, total = 4.369 ms
Other Stats:
	grpc_in_progress:0
	current number of task status events in buffer: 0
	current number of profile events in buffer: 0
	current number of dropped task attempts tracked: 0
	total task events sent: 0 MiB
	total number of task attempts sent: 0
	total number of task attempts dropped reported: 0
	total number of sent failure: 0
	num status task events dropped: 0
	num profile task events dropped: 0


[2025-02-15 21:36:18,488 I 439 1009] core_worker.cc:642: Event stats:


Global stats: 30074 total (8 active)
Queueing time: mean = 132.632 us, max = 33.526 ms, min = -0.031 s, total = 3.989 s
Execution time:  mean = 69.879 ms, total = 2101.553 s
Event stats:
	CoreWorker.RecoverObjects - 20975 total (1 active), Execution time: mean = 5.360 us, total = 112.436 ms, Queueing time: mean = 120.229 us, max = 9.567 ms, min = -0.018 s, total = 2.522 s
	NodeManagerService.grpc_client.ReportWorkerBacklog - 2100 total (0 active), Execution time: mean = 781.753 us, total = 1.642 s, Queueing time: mean = 0.000 s, max = -0.000 s, min = 9223372036.855 s, total = 0.000 s
	CoreWorker.InternalHeartbeat - 2100 total (1 active), Execution time: mean = 118.613 us, total = 249.087 ms, Queueing time: mean = 256.522 us, max = 33.496 ms, min = -0.031 s, total = 538.695 ms
	CoreWorker.ExitIfParentRayletDies - 2100 total (1 active), Execution time: mean = 7.422 us, total = 15.586 ms, Queueing time: mean = 375.600 us, max = 33.526 ms, min = -0.029 s, total = 788.759 ms
	NodeManagerService.grpc_client.ReportWorkerBacklog.OnReplyReceived - 2100 total (0 active), Execution time: mean = 18.849 us, total = 39.584 ms, Queueing time: mean = 40.557 us, max = 434.443 us, min = 9.461 us, total = 85.170 ms
	CoreWorker.RecordMetrics - 420 total (1 active), Execution time: mean = 19.406 us, total = 8.151 ms, Queueing time: mean = 56.842 us, max = 18.236 ms, min = -0.016 s, total = 23.874 ms
	CoreWorker.GCStreamingGeneratorMetadata - 210 total (1 active), Execution time: mean = 3.899 us, total = 818.838 us, Queueing time: mean = 102.629 us, max = 17.503 ms, min = -0.017 s, total = 21.552 ms
	CoreWorker.PrintEventStats - 35 total (1 active, 1 running), Execution time: mean = 198.763 us, total = 6.957 ms, Queueing time: mean = 126.098 us, max = 2.306 ms, min = -0.001 s, total = 4.413 ms
	Publisher.CheckDeadSubscribers - 8 total (1 active), Execution time: mean = 4.251 us, total = 34.007 us, Queueing time: mean = 243.179 us, max = 989.922 us, min = -0.000 s, total = 1.945 ms
	ray::rpc::InternalPubSubGcsService.grpc_client.GcsSubscriberPoll - 7 total (1 active), Execution time: mean = 299.923 s, total = 2099.462 s, Queueing time: mean = 0.000 s, max = -0.000 s, min = 9223372036.855 s, total = 0.000 s
	PeriodicalRunner.RunFnPeriodically - 7 total (0 active), Execution time: mean = 78.192 us, total = 547.341 us, Queueing time: mean = 250.703 us, max = 520.050 us, min = 25.908 us, total = 1.755 ms
	ray::rpc::InternalPubSubGcsService.grpc_client.GcsSubscriberPoll.OnReplyReceived - 6 total (0 active), Execution time: mean = 121.785 us, total = 730.713 us, Queueing time: mean = 117.067 us, max = 430.281 us, min = 11.801 us, total = 702.403 us
	ray::rpc::WorkerInfoGcsService.grpc_client.AddWorkerInfo - 1 total (0 active), Execution time: mean = 6.261 ms, total = 6.261 ms, Queueing time: mean = 0.000 s, max = -0.000 s, min = 9223372036.855 s, total = 0.000 s
	ray::rpc::NodeInfoGcsService.grpc_client.GetAllNodeInfo.OnReplyReceived - 1 total (0 active), Execution time: mean = 106.933 us, total = 106.933 us, Queueing time: mean = 20.297 us, max = 20.297 us, min = 20.297 us, total = 20.297 us
	ray::rpc::InternalPubSubGcsService.grpc_client.GcsSubscriberCommandBatch - 1 total (0 active), Execution time: mean = 5.677 ms, total = 5.677 ms, Queueing time: mean = 0.000 s, max = -0.000 s, min = 9223372036.855 s, total = 0.000 s
	ray::rpc::InternalPubSubGcsService.grpc_client.GcsSubscriberCommandBatch.OnReplyReceived - 1 total (0 active), Execution time: mean = 93.927 us, total = 93.927 us, Queueing time: mean = 28.616 us, max = 28.616 us, min = 28.616 us, total = 28.616 us
	ray::rpc::NodeInfoGcsService.grpc_client.GetAllNodeInfo - 1 total (0 active), Execution time: mean = 2.684 ms, total = 2.684 ms, Queueing time: mean = 0.000 s, max = -0.000 s, min = 9223372036.855 s, total = 0.000 s
	ray::rpc::WorkerInfoGcsService.grpc_client.AddWorkerInfo.OnReplyReceived - 1 total (0 active), Execution time: mean = 28.289 us, total = 28.289 us, Queueing time: mean = 52.690 us, max = 52.690 us, min = 52.690 us, total = 52.690 us

-----------------
Task Event stats:

IO Service Stats:

Global stats: 6298 total (1 active)
Queueing time: mean = 233.734 us, max = 33.368 ms, min = -0.015 s, total = 1.472 s
Execution time:  mean = 221.385 us, total = 1.394 s
Event stats:
	CoreWorker.deadline_timer.flush_task_events - 2099 total (1 active), Execution time: mean = 123.753 us, total = 259.757 ms, Queueing time: mean = 669.656 us, max = 33.368 ms, min = -0.015 s, total = 1.406 s
	ray::rpc::TaskInfoGcsService.grpc_client.AddTaskEventData - 2099 total (0 active), Execution time: mean = 519.950 us, total = 1.091 s, Queueing time: mean = 0.000 s, max = -0.000 s, min = 9223372036.855 s, total = 0.000 s
	ray::rpc::TaskInfoGcsService.grpc_client.AddTaskEventData.OnReplyReceived - 2099 total (0 active), Execution time: mean = 20.425 us, total = 42.873 ms, Queueing time: mean = 29.577 us, max = 831.829 us, min = 9.294 us, total = 62.083 ms
	PeriodicalRunner.RunFnPeriodically - 1 total (0 active), Execution time: mean = 277.054 us, total = 277.054 us, Queueing time: mean = 4.369 ms, max = 4.369 ms, min = 4.369 ms, total = 4.369 ms
Other Stats:
	grpc_in_progress:0
	current number of task status events in buffer: 0
	current number of profile events in buffer: 0
	current number of dropped task attempts tracked: 0
	total task events sent: 0 MiB
	total number of task attempts sent: 0
	total number of task attempts dropped reported: 0
	total number of sent failure: 0
	num status task events dropped: 0
	num profile task events dropped: 0


[2025-02-15 21:37:18,488 I 439 1009] core_worker.cc:642: Event stats:


Global stats: 30932 total (8 active)
Queueing time: mean = 133.330 us, max = 33.526 ms, min = -0.031 s, total = 4.124 s
Execution time:  mean = 67.943 ms, total = 2101.604 s
Event stats:
	CoreWorker.RecoverObjects - 21574 total (1 active), Execution time: mean = 5.339 us, total = 115.191 ms, Queueing time: mean = 119.043 us, max = 9.567 ms, min = -0.018 s, total = 2.568 s
	NodeManagerService.grpc_client.ReportWorkerBacklog - 2160 total (0 active), Execution time: mean = 777.819 us, total = 1.680 s, Queueing time: mean = 0.000 s, max = -0.000 s, min = 9223372036.855 s, total = 0.000 s
	CoreWorker.InternalHeartbeat - 2160 total (1 active), Execution time: mean = 119.227 us, total = 257.531 ms, Queueing time: mean = 267.485 us, max = 33.496 ms, min = -0.031 s, total = 577.768 ms
	CoreWorker.ExitIfParentRayletDies - 2160 total (1 active), Execution time: mean = 7.461 us, total = 16.116 ms, Queueing time: mean = 387.079 us, max = 33.526 ms, min = -0.029 s, total = 836.090 ms
	NodeManagerService.grpc_client.ReportWorkerBacklog.OnReplyReceived - 2160 total (0 active), Execution time: mean = 18.803 us, total = 40.613 ms, Queueing time: mean = 40.533 us, max = 434.443 us, min = 9.461 us, total = 87.552 ms
	CoreWorker.RecordMetrics - 432 total (1 active), Execution time: mean = 19.284 us, total = 8.331 ms, Queueing time: mean = 58.574 us, max = 18.236 ms, min = -0.016 s, total = 25.304 ms
	CoreWorker.GCStreamingGeneratorMetadata - 216 total (1 active), Execution time: mean = 3.899 us, total = 842.217 us, Queueing time: mean = 93.569 us, max = 17.503 ms, min = -0.017 s, total = 20.211 ms
	CoreWorker.PrintEventStats - 36 total (1 active, 1 running), Execution time: mean = 198.368 us, total = 7.141 ms, Queueing time: mean = 124.751 us, max = 2.306 ms, min = -0.001 s, total = 4.491 ms
	Publisher.CheckDeadSubscribers - 8 total (1 active), Execution time: mean = 4.251 us, total = 34.007 us, Queueing time: mean = 243.179 us, max = 989.922 us, min = -0.000 s, total = 1.945 ms
	ray::rpc::InternalPubSubGcsService.grpc_client.GcsSubscriberPoll - 7 total (1 active), Execution time: mean = 299.923 s, total = 2099.462 s, Queueing time: mean = 0.000 s, max = -0.000 s, min = 9223372036.855 s, total = 0.000 s
	PeriodicalRunner.RunFnPeriodically - 7 total (0 active), Execution time: mean = 78.192 us, total = 547.341 us, Queueing time: mean = 250.703 us, max = 520.050 us, min = 25.908 us, total = 1.755 ms
	ray::rpc::InternalPubSubGcsService.grpc_client.GcsSubscriberPoll.OnReplyReceived - 6 total (0 active), Execution time: mean = 121.785 us, total = 730.713 us, Queueing time: mean = 117.067 us, max = 430.281 us, min = 11.801 us, total = 702.403 us
	ray::rpc::WorkerInfoGcsService.grpc_client.AddWorkerInfo - 1 total (0 active), Execution time: mean = 6.261 ms, total = 6.261 ms, Queueing time: mean = 0.000 s, max = -0.000 s, min = 9223372036.855 s, total = 0.000 s
	ray::rpc::NodeInfoGcsService.grpc_client.GetAllNodeInfo.OnReplyReceived - 1 total (0 active), Execution time: mean = 106.933 us, total = 106.933 us, Queueing time: mean = 20.297 us, max = 20.297 us, min = 20.297 us, total = 20.297 us
	ray::rpc::InternalPubSubGcsService.grpc_client.GcsSubscriberCommandBatch - 1 total (0 active), Execution time: mean = 5.677 ms, total = 5.677 ms, Queueing time: mean = 0.000 s, max = -0.000 s, min = 9223372036.855 s, total = 0.000 s
	ray::rpc::InternalPubSubGcsService.grpc_client.GcsSubscriberCommandBatch.OnReplyReceived - 1 total (0 active), Execution time: mean = 93.927 us, total = 93.927 us, Queueing time: mean = 28.616 us, max = 28.616 us, min = 28.616 us, total = 28.616 us
	ray::rpc::NodeInfoGcsService.grpc_client.GetAllNodeInfo - 1 total (0 active), Execution time: mean = 2.684 ms, total = 2.684 ms, Queueing time: mean = 0.000 s, max = -0.000 s, min = 9223372036.855 s, total = 0.000 s
	ray::rpc::WorkerInfoGcsService.grpc_client.AddWorkerInfo.OnReplyReceived - 1 total (0 active), Execution time: mean = 28.289 us, total = 28.289 us, Queueing time: mean = 52.690 us, max = 52.690 us, min = 52.690 us, total = 52.690 us

-----------------
Task Event stats:

IO Service Stats:

Global stats: 6478 total (1 active)
Queueing time: mean = 233.640 us, max = 33.368 ms, min = -0.015 s, total = 1.514 s
Execution time:  mean = 220.993 us, total = 1.432 s
Event stats:
	CoreWorker.deadline_timer.flush_task_events - 2159 total (1 active), Execution time: mean = 123.229 us, total = 266.050 ms, Queueing time: mean = 669.418 us, max = 33.368 ms, min = -0.015 s, total = 1.445 s
	ray::rpc::TaskInfoGcsService.grpc_client.AddTaskEventData - 2159 total (0 active), Execution time: mean = 519.313 us, total = 1.121 s, Queueing time: mean = 0.000 s, max = -0.000 s, min = 9223372036.855 s, total = 0.000 s
	ray::rpc::TaskInfoGcsService.grpc_client.AddTaskEventData.OnReplyReceived - 2159 total (0 active), Execution time: mean = 20.412 us, total = 44.070 ms, Queueing time: mean = 29.588 us, max = 831.829 us, min = 9.294 us, total = 63.879 ms
	PeriodicalRunner.RunFnPeriodically - 1 total (0 active), Execution time: mean = 277.054 us, total = 277.054 us, Queueing time: mean = 4.369 ms, max = 4.369 ms, min = 4.369 ms, total = 4.369 ms
Other Stats:
	grpc_in_progress:0
	current number of task status events in buffer: 0
	current number of profile events in buffer: 0
	current number of dropped task attempts tracked: 0
	total task events sent: 0 MiB
	total number of task attempts sent: 0
	total number of task attempts dropped reported: 0
	total number of sent failure: 0
	num status task events dropped: 0
	num profile task events dropped: 0


[2025-02-15 21:38:18,488 I 439 1009] core_worker.cc:642: Event stats:


Global stats: 31791 total (8 active)
Queueing time: mean = 134.387 us, max = 33.526 ms, min = -0.031 s, total = 4.272 s
Execution time:  mean = 66.109 ms, total = 2101.660 s
Event stats:
	CoreWorker.RecoverObjects - 22174 total (1 active), Execution time: mean = 5.317 us, total = 117.896 ms, Queueing time: mean = 118.046 us, max = 9.567 ms, min = -0.018 s, total = 2.618 s
	NodeManagerService.grpc_client.ReportWorkerBacklog - 2220 total (0 active), Execution time: mean = 775.765 us, total = 1.722 s, Queueing time: mean = 0.000 s, max = -0.000 s, min = 9223372036.855 s, total = 0.000 s
	CoreWorker.InternalHeartbeat - 2220 total (1 active), Execution time: mean = 120.209 us, total = 266.864 ms, Queueing time: mean = 279.902 us, max = 33.496 ms, min = -0.031 s, total = 621.382 ms
	CoreWorker.ExitIfParentRayletDies - 2220 total (1 active), Execution time: mean = 7.477 us, total = 16.599 ms, Queueing time: mean = 400.224 us, max = 33.526 ms, min = -0.029 s, total = 888.498 ms
	NodeManagerService.grpc_client.ReportWorkerBacklog.OnReplyReceived - 2220 total (0 active), Execution time: mean = 18.762 us, total = 41.652 ms, Queueing time: mean = 40.531 us, max = 434.443 us, min = 9.461 us, total = 89.980 ms
	CoreWorker.RecordMetrics - 444 total (1 active), Execution time: mean = 19.110 us, total = 8.485 ms, Queueing time: mean = 51.569 us, max = 18.236 ms, min = -0.016 s, total = 22.897 ms
	CoreWorker.GCStreamingGeneratorMetadata - 222 total (1 active), Execution time: mean = 3.899 us, total = 865.478 us, Queueing time: mean = 103.717 us, max = 17.503 ms, min = -0.017 s, total = 23.025 ms
	CoreWorker.PrintEventStats - 37 total (1 active, 1 running), Execution time: mean = 196.675 us, total = 7.277 ms, Queueing time: mean = 120.996 us, max = 2.306 ms, min = -0.001 s, total = 4.477 ms
	Publisher.CheckDeadSubscribers - 8 total (1 active), Execution time: mean = 4.251 us, total = 34.007 us, Queueing time: mean = 243.179 us, max = 989.922 us, min = -0.000 s, total = 1.945 ms
	ray::rpc::InternalPubSubGcsService.grpc_client.GcsSubscriberPoll - 7 total (1 active), Execution time: mean = 299.923 s, total = 2099.462 s, Queueing time: mean = 0.000 s, max = -0.000 s, min = 9223372036.855 s, total = 0.000 s
	PeriodicalRunner.RunFnPeriodically - 7 total (0 active), Execution time: mean = 78.192 us, total = 547.341 us, Queueing time: mean = 250.703 us, max = 520.050 us, min = 25.908 us, total = 1.755 ms
	ray::rpc::InternalPubSubGcsService.grpc_client.GcsSubscriberPoll.OnReplyReceived - 6 total (0 active), Execution time: mean = 121.785 us, total = 730.713 us, Queueing time: mean = 117.067 us, max = 430.281 us, min = 11.801 us, total = 702.403 us
	ray::rpc::WorkerInfoGcsService.grpc_client.AddWorkerInfo - 1 total (0 active), Execution time: mean = 6.261 ms, total = 6.261 ms, Queueing time: mean = 0.000 s, max = -0.000 s, min = 9223372036.855 s, total = 0.000 s
	ray::rpc::NodeInfoGcsService.grpc_client.GetAllNodeInfo.OnReplyReceived - 1 total (0 active), Execution time: mean = 106.933 us, total = 106.933 us, Queueing time: mean = 20.297 us, max = 20.297 us, min = 20.297 us, total = 20.297 us
	ray::rpc::InternalPubSubGcsService.grpc_client.GcsSubscriberCommandBatch - 1 total (0 active), Execution time: mean = 5.677 ms, total = 5.677 ms, Queueing time: mean = 0.000 s, max = -0.000 s, min = 9223372036.855 s, total = 0.000 s
	ray::rpc::InternalPubSubGcsService.grpc_client.GcsSubscriberCommandBatch.OnReplyReceived - 1 total (0 active), Execution time: mean = 93.927 us, total = 93.927 us, Queueing time: mean = 28.616 us, max = 28.616 us, min = 28.616 us, total = 28.616 us
	ray::rpc::NodeInfoGcsService.grpc_client.GetAllNodeInfo - 1 total (0 active), Execution time: mean = 2.684 ms, total = 2.684 ms, Queueing time: mean = 0.000 s, max = -0.000 s, min = 9223372036.855 s, total = 0.000 s
	ray::rpc::WorkerInfoGcsService.grpc_client.AddWorkerInfo.OnReplyReceived - 1 total (0 active), Execution time: mean = 28.289 us, total = 28.289 us, Queueing time: mean = 52.690 us, max = 52.690 us, min = 52.690 us, total = 52.690 us

-----------------
Task Event stats:

IO Service Stats:

Global stats: 6658 total (1 active)
Queueing time: mean = 234.523 us, max = 33.368 ms, min = -0.015 s, total = 1.561 s
Execution time:  mean = 220.599 us, total = 1.469 s
Event stats:
	CoreWorker.deadline_timer.flush_task_events - 2219 total (1 active), Execution time: mean = 123.125 us, total = 273.213 ms, Queueing time: mean = 672.232 us, max = 33.368 ms, min = -0.015 s, total = 1.492 s
	ray::rpc::TaskInfoGcsService.grpc_client.AddTaskEventData - 2219 total (0 active), Execution time: mean = 518.307 us, total = 1.150 s, Queueing time: mean = 0.000 s, max = -0.000 s, min = 9223372036.855 s, total = 0.000 s
	ray::rpc::TaskInfoGcsService.grpc_client.AddTaskEventData.OnReplyReceived - 2219 total (0 active), Execution time: mean = 20.341 us, total = 45.136 ms, Queueing time: mean = 29.475 us, max = 831.829 us, min = 9.294 us, total = 65.405 ms
	PeriodicalRunner.RunFnPeriodically - 1 total (0 active), Execution time: mean = 277.054 us, total = 277.054 us, Queueing time: mean = 4.369 ms, max = 4.369 ms, min = 4.369 ms, total = 4.369 ms
Other Stats:
	grpc_in_progress:0
	current number of task status events in buffer: 0
	current number of profile events in buffer: 0
	current number of dropped task attempts tracked: 0
	total task events sent: 0 MiB
	total number of task attempts sent: 0
	total number of task attempts dropped reported: 0
	total number of sent failure: 0
	num status task events dropped: 0
	num profile task events dropped: 0


[2025-02-15 21:39:18,488 I 439 1009] core_worker.cc:642: Event stats:


Global stats: 32649 total (8 active)
Queueing time: mean = 133.169 us, max = 33.526 ms, min = -0.031 s, total = 4.348 s
Execution time:  mean = 64.373 ms, total = 2101.713 s
Event stats:
	CoreWorker.RecoverObjects - 22773 total (1 active), Execution time: mean = 5.291 us, total = 120.487 ms, Queueing time: mean = 116.319 us, max = 9.567 ms, min = -0.021 s, total = 2.649 s
	NodeManagerService.grpc_client.ReportWorkerBacklog - 2280 total (0 active), Execution time: mean = 772.908 us, total = 1.762 s, Queueing time: mean = 0.000 s, max = -0.000 s, min = 9223372036.855 s, total = 0.000 s
	CoreWorker.InternalHeartbeat - 2280 total (1 active), Execution time: mean = 120.730 us, total = 275.264 ms, Queueing time: mean = 280.454 us, max = 33.496 ms, min = -0.031 s, total = 639.436 ms
	CoreWorker.ExitIfParentRayletDies - 2280 total (1 active), Execution time: mean = 7.476 us, total = 17.044 ms, Queueing time: mean = 401.133 us, max = 33.526 ms, min = -0.029 s, total = 914.584 ms
	NodeManagerService.grpc_client.ReportWorkerBacklog.OnReplyReceived - 2280 total (0 active), Execution time: mean = 18.708 us, total = 42.654 ms, Queueing time: mean = 40.444 us, max = 434.443 us, min = 9.461 us, total = 92.213 ms
	CoreWorker.RecordMetrics - 456 total (1 active), Execution time: mean = 18.963 us, total = 8.647 ms, Queueing time: mean = 57.208 us, max = 19.533 ms, min = -0.018 s, total = 26.087 ms
	CoreWorker.GCStreamingGeneratorMetadata - 228 total (1 active), Execution time: mean = 3.872 us, total = 882.867 us, Queueing time: mean = 83.559 us, max = 17.503 ms, min = -0.020 s, total = 19.051 ms
	CoreWorker.PrintEventStats - 38 total (1 active, 1 running), Execution time: mean = 194.847 us, total = 7.404 ms, Queueing time: mean = 79.214 us, max = 2.306 ms, min = -0.001 s, total = 3.010 ms
	Publisher.CheckDeadSubscribers - 8 total (1 active), Execution time: mean = 4.251 us, total = 34.007 us, Queueing time: mean = 243.179 us, max = 989.922 us, min = -0.000 s, total = 1.945 ms
	ray::rpc::InternalPubSubGcsService.grpc_client.GcsSubscriberPoll - 7 total (1 active), Execution time: mean = 299.923 s, total = 2099.462 s, Queueing time: mean = 0.000 s, max = -0.000 s, min = 9223372036.855 s, total = 0.000 s
	PeriodicalRunner.RunFnPeriodically - 7 total (0 active), Execution time: mean = 78.192 us, total = 547.341 us, Queueing time: mean = 250.703 us, max = 520.050 us, min = 25.908 us, total = 1.755 ms
	ray::rpc::InternalPubSubGcsService.grpc_client.GcsSubscriberPoll.OnReplyReceived - 6 total (0 active), Execution time: mean = 121.785 us, total = 730.713 us, Queueing time: mean = 117.067 us, max = 430.281 us, min = 11.801 us, total = 702.403 us
	ray::rpc::WorkerInfoGcsService.grpc_client.AddWorkerInfo - 1 total (0 active), Execution time: mean = 6.261 ms, total = 6.261 ms, Queueing time: mean = 0.000 s, max = -0.000 s, min = 9223372036.855 s, total = 0.000 s
	ray::rpc::NodeInfoGcsService.grpc_client.GetAllNodeInfo.OnReplyReceived - 1 total (0 active), Execution time: mean = 106.933 us, total = 106.933 us, Queueing time: mean = 20.297 us, max = 20.297 us, min = 20.297 us, total = 20.297 us
	ray::rpc::InternalPubSubGcsService.grpc_client.GcsSubscriberCommandBatch - 1 total (0 active), Execution time: mean = 5.677 ms, total = 5.677 ms, Queueing time: mean = 0.000 s, max = -0.000 s, min = 9223372036.855 s, total = 0.000 s
	ray::rpc::InternalPubSubGcsService.grpc_client.GcsSubscriberCommandBatch.OnReplyReceived - 1 total (0 active), Execution time: mean = 93.927 us, total = 93.927 us, Queueing time: mean = 28.616 us, max = 28.616 us, min = 28.616 us, total = 28.616 us
	ray::rpc::NodeInfoGcsService.grpc_client.GetAllNodeInfo - 1 total (0 active), Execution time: mean = 2.684 ms, total = 2.684 ms, Queueing time: mean = 0.000 s, max = -0.000 s, min = 9223372036.855 s, total = 0.000 s
	ray::rpc::WorkerInfoGcsService.grpc_client.AddWorkerInfo.OnReplyReceived - 1 total (0 active), Execution time: mean = 28.289 us, total = 28.289 us, Queueing time: mean = 52.690 us, max = 52.690 us, min = 52.690 us, total = 52.690 us

-----------------
Task Event stats:

IO Service Stats:

Global stats: 6838 total (1 active)
Queueing time: mean = 231.431 us, max = 33.368 ms, min = -0.015 s, total = 1.583 s
Execution time:  mean = 219.969 us, total = 1.504 s
Event stats:
	CoreWorker.deadline_timer.flush_task_events - 2279 total (1 active), Execution time: mean = 122.798 us, total = 279.856 ms, Queueing time: mean = 662.920 us, max = 33.368 ms, min = -0.015 s, total = 1.511 s
	ray::rpc::TaskInfoGcsService.grpc_client.AddTaskEventData - 2279 total (0 active), Execution time: mean = 516.819 us, total = 1.178 s, Queueing time: mean = 0.000 s, max = -0.000 s, min = 9223372036.855 s, total = 0.000 s
	ray::rpc::TaskInfoGcsService.grpc_client.AddTaskEventData.OnReplyReceived - 2279 total (0 active), Execution time: mean = 20.264 us, total = 46.183 ms, Queueing time: mean = 29.559 us, max = 831.829 us, min = 9.294 us, total = 67.364 ms
	PeriodicalRunner.RunFnPeriodically - 1 total (0 active), Execution time: mean = 277.054 us, total = 277.054 us, Queueing time: mean = 4.369 ms, max = 4.369 ms, min = 4.369 ms, total = 4.369 ms
Other Stats:
	grpc_in_progress:0
	current number of task status events in buffer: 0
	current number of profile events in buffer: 0
	current number of dropped task attempts tracked: 0
	total task events sent: 0 MiB
	total number of task attempts sent: 0
	total number of task attempts dropped reported: 0
	total number of sent failure: 0
	num status task events dropped: 0
	num profile task events dropped: 0


[2025-02-15 21:40:18,488 I 439 1009] core_worker.cc:642: Event stats:


Global stats: 33508 total (8 active)
Queueing time: mean = 134.395 us, max = 33.526 ms, min = -0.031 s, total = 4.503 s
Execution time:  mean = 62.724 ms, total = 2101.764 s
Event stats:
	CoreWorker.RecoverObjects - 23373 total (1 active), Execution time: mean = 5.266 us, total = 123.089 ms, Queueing time: mean = 115.265 us, max = 9.567 ms, min = -0.021 s, total = 2.694 s
	NodeManagerService.grpc_client.ReportWorkerBacklog - 2340 total (0 active), Execution time: mean = 769.757 us, total = 1.801 s, Queueing time: mean = 0.000 s, max = -0.000 s, min = 9223372036.855 s, total = 0.000 s
	CoreWorker.InternalHeartbeat - 2340 total (1 active), Execution time: mean = 120.928 us, total = 282.972 ms, Queueing time: mean = 292.627 us, max = 33.496 ms, min = -0.031 s, total = 684.748 ms
	CoreWorker.ExitIfParentRayletDies - 2340 total (1 active), Execution time: mean = 7.481 us, total = 17.507 ms, Queueing time: mean = 413.369 us, max = 33.526 ms, min = -0.029 s, total = 967.283 ms
	NodeManagerService.grpc_client.ReportWorkerBacklog.OnReplyReceived - 2340 total (0 active), Execution time: mean = 18.685 us, total = 43.724 ms, Queueing time: mean = 40.348 us, max = 434.443 us, min = 9.461 us, total = 94.415 ms
	CoreWorker.RecordMetrics - 468 total (1 active), Execution time: mean = 18.922 us, total = 8.856 ms, Queueing time: mean = 51.600 us, max = 19.533 ms, min = -0.018 s, total = 24.149 ms
	CoreWorker.GCStreamingGeneratorMetadata - 234 total (1 active), Execution time: mean = 3.886 us, total = 909.265 us, Queueing time: mean = 126.343 us, max = 17.503 ms, min = -0.020 s, total = 29.564 ms
	CoreWorker.PrintEventStats - 39 total (1 active, 1 running), Execution time: mean = 194.837 us, total = 7.599 ms, Queueing time: mean = 116.613 us, max = 2.306 ms, min = -0.001 s, total = 4.548 ms
	Publisher.CheckDeadSubscribers - 8 total (1 active), Execution time: mean = 4.251 us, total = 34.007 us, Queueing time: mean = 243.179 us, max = 989.922 us, min = -0.000 s, total = 1.945 ms
	ray::rpc::InternalPubSubGcsService.grpc_client.GcsSubscriberPoll - 7 total (1 active), Execution time: mean = 299.923 s, total = 2099.462 s, Queueing time: mean = 0.000 s, max = -0.000 s, min = 9223372036.855 s, total = 0.000 s
	PeriodicalRunner.RunFnPeriodically - 7 total (0 active), Execution time: mean = 78.192 us, total = 547.341 us, Queueing time: mean = 250.703 us, max = 520.050 us, min = 25.908 us, total = 1.755 ms
	ray::rpc::InternalPubSubGcsService.grpc_client.GcsSubscriberPoll.OnReplyReceived - 6 total (0 active), Execution time: mean = 121.785 us, total = 730.713 us, Queueing time: mean = 117.067 us, max = 430.281 us, min = 11.801 us, total = 702.403 us
	ray::rpc::WorkerInfoGcsService.grpc_client.AddWorkerInfo - 1 total (0 active), Execution time: mean = 6.261 ms, total = 6.261 ms, Queueing time: mean = 0.000 s, max = -0.000 s, min = 9223372036.855 s, total = 0.000 s
	ray::rpc::NodeInfoGcsService.grpc_client.GetAllNodeInfo.OnReplyReceived - 1 total (0 active), Execution time: mean = 106.933 us, total = 106.933 us, Queueing time: mean = 20.297 us, max = 20.297 us, min = 20.297 us, total = 20.297 us
	ray::rpc::InternalPubSubGcsService.grpc_client.GcsSubscriberCommandBatch - 1 total (0 active), Execution time: mean = 5.677 ms, total = 5.677 ms, Queueing time: mean = 0.000 s, max = -0.000 s, min = 9223372036.855 s, total = 0.000 s
	ray::rpc::InternalPubSubGcsService.grpc_client.GcsSubscriberCommandBatch.OnReplyReceived - 1 total (0 active), Execution time: mean = 93.927 us, total = 93.927 us, Queueing time: mean = 28.616 us, max = 28.616 us, min = 28.616 us, total = 28.616 us
	ray::rpc::NodeInfoGcsService.grpc_client.GetAllNodeInfo - 1 total (0 active), Execution time: mean = 2.684 ms, total = 2.684 ms, Queueing time: mean = 0.000 s, max = -0.000 s, min = 9223372036.855 s, total = 0.000 s
	ray::rpc::WorkerInfoGcsService.grpc_client.AddWorkerInfo.OnReplyReceived - 1 total (0 active), Execution time: mean = 28.289 us, total = 28.289 us, Queueing time: mean = 52.690 us, max = 52.690 us, min = 52.690 us, total = 52.690 us

-----------------
Task Event stats:

IO Service Stats:

Global stats: 7018 total (1 active)
Queueing time: mean = 232.324 us, max = 33.368 ms, min = -0.015 s, total = 1.630 s
Execution time:  mean = 219.084 us, total = 1.538 s
Event stats:
	CoreWorker.deadline_timer.flush_task_events - 2339 total (1 active), Execution time: mean = 122.280 us, total = 286.013 ms, Queueing time: mean = 665.835 us, max = 33.368 ms, min = -0.015 s, total = 1.557 s
	ray::rpc::TaskInfoGcsService.grpc_client.AddTaskEventData - 2339 total (0 active), Execution time: mean = 514.793 us, total = 1.204 s, Queueing time: mean = 0.000 s, max = -0.000 s, min = 9223372036.855 s, total = 0.000 s
	ray::rpc::TaskInfoGcsService.grpc_client.AddTaskEventData.OnReplyReceived - 2339 total (0 active), Execution time: mean = 20.154 us, total = 47.140 ms, Queueing time: mean = 29.369 us, max = 831.829 us, min = 9.294 us, total = 68.695 ms
	PeriodicalRunner.RunFnPeriodically - 1 total (0 active), Execution time: mean = 277.054 us, total = 277.054 us, Queueing time: mean = 4.369 ms, max = 4.369 ms, min = 4.369 ms, total = 4.369 ms
Other Stats:
	grpc_in_progress:0
	current number of task status events in buffer: 0
	current number of profile events in buffer: 0
	current number of dropped task attempts tracked: 0
	total task events sent: 0 MiB
	total number of task attempts sent: 0
	total number of task attempts dropped reported: 0
	total number of sent failure: 0
	num status task events dropped: 0
	num profile task events dropped: 0


[2025-02-15 21:41:18,489 I 439 1009] core_worker.cc:642: Event stats:


Global stats: 34370 total (8 active)
Queueing time: mean = 133.658 us, max = 33.526 ms, min = -0.031 s, total = 4.594 s
Execution time:  mean = 69.886 ms, total = 2401.993 s
Event stats:
	CoreWorker.RecoverObjects - 23973 total (1 active), Execution time: mean = 5.251 us, total = 125.872 ms, Queueing time: mean = 113.748 us, max = 13.089 ms, min = -0.026 s, total = 2.727 s
	NodeManagerService.grpc_client.ReportWorkerBacklog - 2400 total (0 active), Execution time: mean = 767.210 us, total = 1.841 s, Queueing time: mean = 0.000 s, max = -0.000 s, min = 9223372036.855 s, total = 0.000 s
	CoreWorker.InternalHeartbeat - 2400 total (1 active), Execution time: mean = 121.138 us, total = 290.732 ms, Queueing time: mean = 296.180 us, max = 33.496 ms, min = -0.031 s, total = 710.832 ms
	CoreWorker.ExitIfParentRayletDies - 2400 total (1 active), Execution time: mean = 7.463 us, total = 17.911 ms, Queueing time: mean = 417.000 us, max = 33.526 ms, min = -0.029 s, total = 1.001 s
	NodeManagerService.grpc_client.ReportWorkerBacklog.OnReplyReceived - 2400 total (0 active), Execution time: mean = 18.608 us, total = 44.660 ms, Queueing time: mean = 40.284 us, max = 434.443 us, min = 9.461 us, total = 96.681 ms
	CoreWorker.RecordMetrics - 480 total (1 active), Execution time: mean = 18.861 us, total = 9.053 ms, Queueing time: mean = 57.489 us, max = 24.622 ms, min = -0.024 s, total = 27.595 ms
	CoreWorker.GCStreamingGeneratorMetadata - 240 total (1 active), Execution time: mean = 3.879 us, total = 930.960 us, Queueing time: mean = 97.461 us, max = 23.563 ms, min = -0.027 s, total = 23.391 ms
	CoreWorker.PrintEventStats - 40 total (1 active, 1 running), Execution time: mean = 193.199 us, total = 7.728 ms, Queueing time: mean = 75.356 us, max = 2.306 ms, min = -0.002 s, total = 3.014 ms
	Publisher.CheckDeadSubscribers - 9 total (1 active), Execution time: mean = 4.022 us, total = 36.202 us, Queueing time: mean = 227.082 us, max = 989.922 us, min = -0.000 s, total = 2.044 ms
	ray::rpc::InternalPubSubGcsService.grpc_client.GcsSubscriberPoll - 8 total (1 active), Execution time: mean = 299.955 s, total = 2399.639 s, Queueing time: mean = 0.000 s, max = -0.000 s, min = 9223372036.855 s, total = 0.000 s
	PeriodicalRunner.RunFnPeriodically - 7 total (0 active), Execution time: mean = 78.192 us, total = 547.341 us, Queueing time: mean = 250.703 us, max = 520.050 us, min = 25.908 us, total = 1.755 ms
	ray::rpc::InternalPubSubGcsService.grpc_client.GcsSubscriberPoll.OnReplyReceived - 7 total (0 active), Execution time: mean = 117.427 us, total = 821.991 us, Queueing time: mean = 102.475 us, max = 430.281 us, min = 11.801 us, total = 717.327 us
	ray::rpc::WorkerInfoGcsService.grpc_client.AddWorkerInfo - 1 total (0 active), Execution time: mean = 6.261 ms, total = 6.261 ms, Queueing time: mean = 0.000 s, max = -0.000 s, min = 9223372036.855 s, total = 0.000 s
	ray::rpc::NodeInfoGcsService.grpc_client.GetAllNodeInfo.OnReplyReceived - 1 total (0 active), Execution time: mean = 106.933 us, total = 106.933 us, Queueing time: mean = 20.297 us, max = 20.297 us, min = 20.297 us, total = 20.297 us
	ray::rpc::InternalPubSubGcsService.grpc_client.GcsSubscriberCommandBatch - 1 total (0 active), Execution time: mean = 5.677 ms, total = 5.677 ms, Queueing time: mean = 0.000 s, max = -0.000 s, min = 9223372036.855 s, total = 0.000 s
	ray::rpc::InternalPubSubGcsService.grpc_client.GcsSubscriberCommandBatch.OnReplyReceived - 1 total (0 active), Execution time: mean = 93.927 us, total = 93.927 us, Queueing time: mean = 28.616 us, max = 28.616 us, min = 28.616 us, total = 28.616 us
	ray::rpc::NodeInfoGcsService.grpc_client.GetAllNodeInfo - 1 total (0 active), Execution time: mean = 2.684 ms, total = 2.684 ms, Queueing time: mean = 0.000 s, max = -0.000 s, min = 9223372036.855 s, total = 0.000 s
	ray::rpc::WorkerInfoGcsService.grpc_client.AddWorkerInfo.OnReplyReceived - 1 total (0 active), Execution time: mean = 28.289 us, total = 28.289 us, Queueing time: mean = 52.690 us, max = 52.690 us, min = 52.690 us, total = 52.690 us

-----------------
Task Event stats:

IO Service Stats:

Global stats: 7198 total (1 active)
Queueing time: mean = 230.624 us, max = 33.368 ms, min = -0.018 s, total = 1.660 s
Execution time:  mean = 218.816 us, total = 1.575 s
Event stats:
	CoreWorker.deadline_timer.flush_task_events - 2399 total (1 active), Execution time: mean = 122.073 us, total = 292.853 ms, Queueing time: mean = 660.731 us, max = 33.368 ms, min = -0.018 s, total = 1.585 s
	ray::rpc::TaskInfoGcsService.grpc_client.AddTaskEventData - 2399 total (0 active), Execution time: mean = 514.222 us, total = 1.234 s, Queueing time: mean = 0.000 s, max = -0.000 s, min = 9223372036.855 s, total = 0.000 s
	ray::rpc::TaskInfoGcsService.grpc_client.AddTaskEventData.OnReplyReceived - 2399 total (0 active), Execution time: mean = 20.127 us, total = 48.285 ms, Queueing time: mean = 29.416 us, max = 831.829 us, min = 9.294 us, total = 70.569 ms
	PeriodicalRunner.RunFnPeriodically - 1 total (0 active), Execution time: mean = 277.054 us, total = 277.054 us, Queueing time: mean = 4.369 ms, max = 4.369 ms, min = 4.369 ms, total = 4.369 ms
Other Stats:
	grpc_in_progress:0
	current number of task status events in buffer: 0
	current number of profile events in buffer: 0
	current number of dropped task attempts tracked: 0
	total task events sent: 0 MiB
	total number of task attempts sent: 0
	total number of task attempts dropped reported: 0
	total number of sent failure: 0
	num status task events dropped: 0
	num profile task events dropped: 0


[2025-02-15 21:41:46,499 I 439 1009] raylet_client.cc:369: Error reporting task backlog information: RpcError: RPC Error message: failed to connect to all addresses; last error: UNKNOWN: ipv4:172.19.0.2:38621: Failed to connect to remote host: Connection refused; RPC Error details: 
[2025-02-15 21:41:47,377 W 439 1319] task_event_buffer.cc:475: [1] GCS hasn't replied to the previous flush events call (likely overloaded). Skipping reporting task state events and retry later.[cur_status_events_size=0][cur_profile_events_size=0]
[2025-02-15 21:41:47,499 I 439 1009] raylet_client.cc:369: Error reporting task backlog information: RpcError: RPC Error message: failed to connect to all addresses; last error: UNKNOWN: ipv4:172.19.0.2:38621: Failed to connect to remote host: Connection refused; RPC Error details: 
[2025-02-15 21:41:48,500 I 439 1009] raylet_client.cc:369: Error reporting task backlog information: RpcError: RPC Error message: failed to connect to all addresses; last error: UNKNOWN: ipv4:172.19.0.2:38621: Failed to connect to remote host: Connection refused; RPC Error details: 
[2025-02-15 21:41:49,500 I 439 1009] raylet_client.cc:369: Error reporting task backlog information: RpcError: RPC Error message: failed to connect to all addresses; last error: UNKNOWN: ipv4:172.19.0.2:38621: Failed to connect to remote host: Connection refused; RPC Error details: 
[2025-02-15 21:41:50,500 I 439 1009] raylet_client.cc:369: Error reporting task backlog information: RpcError: RPC Error message: failed to connect to all addresses; last error: UNKNOWN: ipv4:172.19.0.2:38621: Failed to connect to remote host: Connection refused; RPC Error details: 
[2025-02-15 21:41:51,500 I 439 1009] raylet_client.cc:369: Error reporting task backlog information: RpcError: RPC Error message: failed to connect to all addresses; last error: UNKNOWN: ipv4:172.19.0.2:38621: Failed to connect to remote host: Connection refused; RPC Error details: 
[2025-02-15 21:41:52,500 I 439 1009] raylet_client.cc:369: Error reporting task backlog information: RpcError: RPC Error message: failed to connect to all addresses; last error: UNKNOWN: ipv4:172.19.0.2:38621: Failed to connect to remote host: Connection refused; RPC Error details: 
[2025-02-15 21:41:53,500 I 439 1009] raylet_client.cc:369: Error reporting task backlog information: RpcError: RPC Error message: failed to connect to all addresses; last error: UNKNOWN: ipv4:172.19.0.2:38621: Failed to connect to remote host: Connection refused; RPC Error details: 
[2025-02-15 21:41:54,500 I 439 1009] raylet_client.cc:369: Error reporting task backlog information: RpcError: RPC Error message: failed to connect to all addresses; last error: UNKNOWN: ipv4:172.19.0.2:38621: Failed to connect to remote host: Connection refused; RPC Error details: 
