[2025-02-15 21:01:18,441 I 450 450] core_worker_process.cc:107: Constructing CoreWorkerProcess. pid: 450
[2025-02-15 21:01:18,461 I 450 450] io_service_pool.cc:35: IOServicePool is running with 1 io_service.
[2025-02-15 21:01:18,463 I 450 450] grpc_server.cc:134: worker server started, listening on port 35331.
[2025-02-15 21:01:18,465 I 450 450] core_worker.cc:275: Initializing worker at address: 172.19.0.2:35331 worker_id=bb8e16ad8bf28084393489871dcd33dfe43b44aa3e4730f1ceb33feb node_id=752ac4f92daae43b5e6788582e57659b4a80764e0181b1cee6c12bc5
[2025-02-15 21:01:18,465 I 450 450] task_event_buffer.cc:257: Reporting task events to GCS every 1000ms.
[2025-02-15 21:01:18,469 I 450 450] core_worker.cc:703: Adjusted worker niceness to 15
[2025-02-15 21:01:18,469 I 450 450] event.cc:491: Ray Event initialized for CORE_WORKER
[2025-02-15 21:01:18,469 I 450 450] event.cc:491: Ray Event initialized for EXPORT_TASK
[2025-02-15 21:01:18,469 I 450 450] event.cc:322: Set ray event level to warning
[2025-02-15 21:01:18,469 I 450 1109] core_worker.cc:642: Event stats:


Global stats: 12 total (10 active)
Queueing time: mean = 15.518 us, max = 147.838 us, min = 38.374 us, total = 186.212 us
Execution time:  mean = 1.814 us, total = 21.763 us
Event stats:
	PeriodicalRunner.RunFnPeriodically - 7 total (5 active, 1 running), Execution time: mean = 3.109 us, total = 21.763 us, Queueing time: mean = 26.602 us, max = 147.838 us, min = 38.374 us, total = 186.212 us
	ray::rpc::WorkerInfoGcsService.grpc_client.AddWorkerInfo - 1 total (1 active), Execution time: mean = 0.000 s, total = 0.000 s, Queueing time: mean = 0.000 s, max = -0.000 s, min = 9223372036.855 s, total = 0.000 s
	CoreWorker.ExitIfParentRayletDies - 1 total (1 active), Execution time: mean = 0.000 s, total = 0.000 s, Queueing time: mean = 0.000 s, max = -0.000 s, min = 9223372036.855 s, total = 0.000 s
	Publisher.CheckDeadSubscribers - 1 total (1 active), Execution time: mean = 0.000 s, total = 0.000 s, Queueing time: mean = 0.000 s, max = -0.000 s, min = 9223372036.855 s, total = 0.000 s
	ray::rpc::InternalPubSubGcsService.grpc_client.GcsSubscriberPoll - 1 total (1 active), Execution time: mean = 0.000 s, total = 0.000 s, Queueing time: mean = 0.000 s, max = -0.000 s, min = 9223372036.855 s, total = 0.000 s
	ray::rpc::InternalPubSubGcsService.grpc_client.GcsSubscriberCommandBatch - 1 total (1 active), Execution time: mean = 0.000 s, total = 0.000 s, Queueing time: mean = 0.000 s, max = -0.000 s, min = 9223372036.855 s, total = 0.000 s

-----------------
Task Event stats:

IO Service Stats:

Global stats: 3 total (2 active)
Queueing time: mean = 123.848 us, max = 371.545 us, min = 371.545 us, total = 371.545 us
Execution time:  mean = 70.200 us, total = 210.601 us
Event stats:
	CoreWorker.deadline_timer.flush_task_events - 1 total (1 active), Execution time: mean = 0.000 s, total = 0.000 s, Queueing time: mean = 0.000 s, max = -0.000 s, min = 9223372036.855 s, total = 0.000 s
	PeriodicalRunner.RunFnPeriodically - 1 total (0 active), Execution time: mean = 210.601 us, total = 210.601 us, Queueing time: mean = 371.545 us, max = 371.545 us, min = 371.545 us, total = 371.545 us
	ray::rpc::TaskInfoGcsService.grpc_client.AddTaskEventData - 1 total (1 active), Execution time: mean = 0.000 s, total = 0.000 s, Queueing time: mean = 0.000 s, max = -0.000 s, min = 9223372036.855 s, total = 0.000 s
Other Stats:
	grpc_in_progress:1
	current number of task status events in buffer: 0
	current number of profile events in buffer: 0
	current number of dropped task attempts tracked: 0
	total task events sent: 0 MiB
	total number of task attempts sent: 0
	total number of task attempts dropped reported: 0
	total number of sent failure: 0
	num status task events dropped: 0
	num profile task events dropped: 0


[2025-02-15 21:01:18,482 I 450 1109] accessor.cc:762: Received notification for node, IsAlive = 1 node_id=752ac4f92daae43b5e6788582e57659b4a80764e0181b1cee6c12bc5
[2025-02-15 21:01:18,482 I 450 1109] core_worker.cc:4754: Number of alive nodes:1
[2025-02-15 21:01:28,484 W 450 1053] metric_exporter.cc:105: [1] Export metrics to agent failed: RpcError: RPC Error message: failed to connect to all addresses; last error: UNKNOWN: ipv4:127.0.0.1:61139: Failed to connect to remote host: Connection refused; RPC Error details: . This won't affect Ray, but you can lose metrics from the cluster.
[2025-02-15 21:02:18,469 I 450 1109] core_worker.cc:642: Event stats:


Global stats: 875 total (8 active)
Queueing time: mean = 133.770 us, max = 21.858 ms, min = -0.025 s, total = 117.049 ms
Execution time:  mean = 103.272 us, total = 90.363 ms
Event stats:
	CoreWorker.RecoverObjects - 600 total (1 active), Execution time: mean = 5.308 us, total = 3.185 ms, Queueing time: mean = 137.604 us, max = 3.131 ms, min = -0.001 s, total = 82.563 ms
	CoreWorker.ExitIfParentRayletDies - 61 total (1 active), Execution time: mean = 6.237 us, total = 380.484 us, Queueing time: mean = 59.078 us, max = 21.838 ms, min = -0.025 s, total = 3.604 ms
	NodeManagerService.grpc_client.ReportWorkerBacklog - 60 total (0 active), Execution time: mean = 834.605 us, total = 50.076 ms, Queueing time: mean = 0.000 s, max = -0.000 s, min = 9223372036.855 s, total = 0.000 s
	CoreWorker.InternalHeartbeat - 60 total (1 active), Execution time: mean = 83.726 us, total = 5.024 ms, Queueing time: mean = 254.913 us, max = 21.858 ms, min = -0.020 s, total = 15.295 ms
	NodeManagerService.grpc_client.ReportWorkerBacklog.OnReplyReceived - 60 total (0 active), Execution time: mean = 14.193 us, total = 851.581 us, Queueing time: mean = 31.988 us, max = 211.643 us, min = 14.277 us, total = 1.919 ms
	CoreWorker.RecordMetrics - 12 total (1 active), Execution time: mean = 13.647 us, total = 163.769 us, Queueing time: mean = 188.713 us, max = 8.094 ms, min = -0.006 s, total = 2.265 ms
	PeriodicalRunner.RunFnPeriodically - 7 total (0 active), Execution time: mean = 73.277 us, total = 512.941 us, Queueing time: mean = 421.216 us, max = 778.672 us, min = 38.374 us, total = 2.949 ms
	CoreWorker.GCStreamingGeneratorMetadata - 6 total (1 active), Execution time: mean = 2.281 us, total = 13.686 us, Queueing time: mean = 1.399 ms, max = 8.094 ms, min = -0.001 s, total = 8.393 ms
	ray::rpc::InternalPubSubGcsService.grpc_client.GcsSubscriberCommandBatch.OnReplyReceived - 1 total (0 active), Execution time: mean = 94.315 us, total = 94.315 us, Queueing time: mean = 5.221 us, max = 5.221 us, min = 5.221 us, total = 5.221 us
	ray::rpc::InternalPubSubGcsService.grpc_client.GcsSubscriberCommandBatch - 1 total (0 active), Execution time: mean = 13.181 ms, total = 13.181 ms, Queueing time: mean = 0.000 s, max = -0.000 s, min = 9223372036.855 s, total = 0.000 s
	ray::rpc::NodeInfoGcsService.grpc_client.GetAllNodeInfo - 1 total (0 active), Execution time: mean = 2.901 ms, total = 2.901 ms, Queueing time: mean = 0.000 s, max = -0.000 s, min = 9223372036.855 s, total = 0.000 s
	ray::rpc::InternalPubSubGcsService.grpc_client.GcsSubscriberPoll - 1 total (1 active), Execution time: mean = 0.000 s, total = 0.000 s, Queueing time: mean = 0.000 s, max = -0.000 s, min = 9223372036.855 s, total = 0.000 s
	Publisher.CheckDeadSubscribers - 1 total (1 active), Execution time: mean = 0.000 s, total = 0.000 s, Queueing time: mean = 0.000 s, max = -0.000 s, min = 9223372036.855 s, total = 0.000 s
	ray::rpc::NodeInfoGcsService.grpc_client.GetAllNodeInfo.OnReplyReceived - 1 total (0 active), Execution time: mean = 72.271 us, total = 72.271 us, Queueing time: mean = 11.321 us, max = 11.321 us, min = 11.321 us, total = 11.321 us
	ray::rpc::WorkerInfoGcsService.grpc_client.AddWorkerInfo - 1 total (0 active), Execution time: mean = 13.881 ms, total = 13.881 ms, Queueing time: mean = 0.000 s, max = -0.000 s, min = 9223372036.855 s, total = 0.000 s
	ray::rpc::WorkerInfoGcsService.grpc_client.AddWorkerInfo.OnReplyReceived - 1 total (0 active), Execution time: mean = 25.997 us, total = 25.997 us, Queueing time: mean = 46.113 us, max = 46.113 us, min = 46.113 us, total = 46.113 us
	CoreWorker.PrintEventStats - 1 total (1 active, 1 running), Execution time: mean = 0.000 s, total = 0.000 s, Queueing time: mean = 0.000 s, max = -0.000 s, min = 9223372036.855 s, total = 0.000 s

-----------------
Task Event stats:

IO Service Stats:

Global stats: 181 total (1 active)
Queueing time: mean = 246.790 us, max = 21.877 ms, min = -0.006 s, total = 44.669 ms
Execution time:  mean = 252.149 us, total = 45.639 ms
Event stats:
	ray::rpc::TaskInfoGcsService.grpc_client.AddTaskEventData.OnReplyReceived - 60 total (0 active), Execution time: mean = 18.178 us, total = 1.091 ms, Queueing time: mean = 30.862 us, max = 217.598 us, min = 13.957 us, total = 1.852 ms
	CoreWorker.deadline_timer.flush_task_events - 60 total (1 active), Execution time: mean = 95.782 us, total = 5.747 ms, Queueing time: mean = 707.428 us, max = 21.877 ms, min = -0.006 s, total = 42.446 ms
	ray::rpc::TaskInfoGcsService.grpc_client.AddTaskEventData - 60 total (0 active), Execution time: mean = 643.181 us, total = 38.591 ms, Queueing time: mean = 0.000 s, max = -0.000 s, min = 9223372036.855 s, total = 0.000 s
	PeriodicalRunner.RunFnPeriodically - 1 total (0 active), Execution time: mean = 210.601 us, total = 210.601 us, Queueing time: mean = 371.545 us, max = 371.545 us, min = 371.545 us, total = 371.545 us
Other Stats:
	grpc_in_progress:0
	current number of task status events in buffer: 0
	current number of profile events in buffer: 0
	current number of dropped task attempts tracked: 0
	total task events sent: 0 MiB
	total number of task attempts sent: 0
	total number of task attempts dropped reported: 0
	total number of sent failure: 0
	num status task events dropped: 0
	num profile task events dropped: 0


[2025-02-15 21:03:18,469 I 450 1109] core_worker.cc:642: Event stats:


Global stats: 1732 total (8 active)
Queueing time: mean = 142.243 us, max = 21.858 ms, min = -0.027 s, total = 246.365 ms
Execution time:  mean = 77.022 us, total = 133.402 ms
Event stats:
	CoreWorker.RecoverObjects - 1199 total (1 active), Execution time: mean = 5.349 us, total = 6.413 ms, Queueing time: mean = 160.634 us, max = 8.403 ms, min = -0.001 s, total = 192.601 ms
	NodeManagerService.grpc_client.ReportWorkerBacklog - 120 total (0 active), Execution time: mean = 687.810 us, total = 82.537 ms, Queueing time: mean = 0.000 s, max = -0.000 s, min = 9223372036.855 s, total = 0.000 s
	CoreWorker.InternalHeartbeat - 120 total (1 active), Execution time: mean = 88.382 us, total = 10.606 ms, Queueing time: mean = 215.027 us, max = 21.858 ms, min = -0.027 s, total = 25.803 ms
	CoreWorker.ExitIfParentRayletDies - 120 total (1 active), Execution time: mean = 6.504 us, total = 780.440 us, Queueing time: mean = 117.971 us, max = 21.838 ms, min = -0.027 s, total = 14.156 ms
	NodeManagerService.grpc_client.ReportWorkerBacklog.OnReplyReceived - 120 total (0 active), Execution time: mean = 14.972 us, total = 1.797 ms, Queueing time: mean = 31.470 us, max = 211.643 us, min = 14.277 us, total = 3.776 ms
	CoreWorker.RecordMetrics - 24 total (1 active), Execution time: mean = 15.788 us, total = 378.919 us, Queueing time: mean = 101.463 us, max = 8.094 ms, min = -0.006 s, total = 2.435 ms
	CoreWorker.GCStreamingGeneratorMetadata - 12 total (1 active), Execution time: mean = 2.547 us, total = 30.568 us, Queueing time: mean = 312.121 us, max = 8.094 ms, min = -0.007 s, total = 3.745 ms
	PeriodicalRunner.RunFnPeriodically - 7 total (0 active), Execution time: mean = 73.277 us, total = 512.941 us, Queueing time: mean = 421.216 us, max = 778.672 us, min = 38.374 us, total = 2.949 ms
	CoreWorker.PrintEventStats - 2 total (1 active, 1 running), Execution time: mean = 94.899 us, total = 189.798 us, Queueing time: mean = 418.033 us, max = 836.066 us, min = 836.066 us, total = 836.066 us
	ray::rpc::InternalPubSubGcsService.grpc_client.GcsSubscriberCommandBatch.OnReplyReceived - 1 total (0 active), Execution time: mean = 94.315 us, total = 94.315 us, Queueing time: mean = 5.221 us, max = 5.221 us, min = 5.221 us, total = 5.221 us
	ray::rpc::InternalPubSubGcsService.grpc_client.GcsSubscriberCommandBatch - 1 total (0 active), Execution time: mean = 13.181 ms, total = 13.181 ms, Queueing time: mean = 0.000 s, max = -0.000 s, min = 9223372036.855 s, total = 0.000 s
	ray::rpc::NodeInfoGcsService.grpc_client.GetAllNodeInfo - 1 total (0 active), Execution time: mean = 2.901 ms, total = 2.901 ms, Queueing time: mean = 0.000 s, max = -0.000 s, min = 9223372036.855 s, total = 0.000 s
	ray::rpc::InternalPubSubGcsService.grpc_client.GcsSubscriberPoll - 1 total (1 active), Execution time: mean = 0.000 s, total = 0.000 s, Queueing time: mean = 0.000 s, max = -0.000 s, min = 9223372036.855 s, total = 0.000 s
	Publisher.CheckDeadSubscribers - 1 total (1 active), Execution time: mean = 0.000 s, total = 0.000 s, Queueing time: mean = 0.000 s, max = -0.000 s, min = 9223372036.855 s, total = 0.000 s
	ray::rpc::NodeInfoGcsService.grpc_client.GetAllNodeInfo.OnReplyReceived - 1 total (0 active), Execution time: mean = 72.271 us, total = 72.271 us, Queueing time: mean = 11.321 us, max = 11.321 us, min = 11.321 us, total = 11.321 us
	ray::rpc::WorkerInfoGcsService.grpc_client.AddWorkerInfo - 1 total (0 active), Execution time: mean = 13.881 ms, total = 13.881 ms, Queueing time: mean = 0.000 s, max = -0.000 s, min = 9223372036.855 s, total = 0.000 s
	ray::rpc::WorkerInfoGcsService.grpc_client.AddWorkerInfo.OnReplyReceived - 1 total (0 active), Execution time: mean = 25.997 us, total = 25.997 us, Queueing time: mean = 46.113 us, max = 46.113 us, min = 46.113 us, total = 46.113 us

-----------------
Task Event stats:

IO Service Stats:

Global stats: 361 total (1 active)
Queueing time: mean = 249.003 us, max = 21.877 ms, min = -0.008 s, total = 89.890 ms
Execution time:  mean = 238.301 us, total = 86.027 ms
Event stats:
	ray::rpc::TaskInfoGcsService.grpc_client.AddTaskEventData.OnReplyReceived - 120 total (0 active), Execution time: mean = 20.115 us, total = 2.414 ms, Queueing time: mean = 33.023 us, max = 351.194 us, min = 13.957 us, total = 3.963 ms
	CoreWorker.deadline_timer.flush_task_events - 120 total (1 active), Execution time: mean = 104.427 us, total = 12.531 ms, Queueing time: mean = 712.964 us, max = 21.877 ms, min = -0.008 s, total = 85.556 ms
	ray::rpc::TaskInfoGcsService.grpc_client.AddTaskEventData - 120 total (0 active), Execution time: mean = 590.592 us, total = 70.871 ms, Queueing time: mean = 0.000 s, max = -0.000 s, min = 9223372036.855 s, total = 0.000 s
	PeriodicalRunner.RunFnPeriodically - 1 total (0 active), Execution time: mean = 210.601 us, total = 210.601 us, Queueing time: mean = 371.545 us, max = 371.545 us, min = 371.545 us, total = 371.545 us
Other Stats:
	grpc_in_progress:0
	current number of task status events in buffer: 0
	current number of profile events in buffer: 0
	current number of dropped task attempts tracked: 0
	total task events sent: 0 MiB
	total number of task attempts sent: 0
	total number of task attempts dropped reported: 0
	total number of sent failure: 0
	num status task events dropped: 0
	num profile task events dropped: 0


[2025-02-15 21:04:18,470 I 450 1109] core_worker.cc:642: Event stats:


Global stats: 2590 total (8 active)
Queueing time: mean = 126.775 us, max = 25.250 ms, min = -0.027 s, total = 328.349 ms
Execution time:  mean = 67.649 us, total = 175.211 ms
Event stats:
	CoreWorker.RecoverObjects - 1798 total (1 active), Execution time: mean = 5.482 us, total = 9.857 ms, Queueing time: mean = 146.353 us, max = 8.403 ms, min = -0.001 s, total = 263.143 ms
	NodeManagerService.grpc_client.ReportWorkerBacklog - 180 total (0 active), Execution time: mean = 625.592 us, total = 112.607 ms, Queueing time: mean = 0.000 s, max = -0.000 s, min = 9223372036.855 s, total = 0.000 s
	CoreWorker.InternalHeartbeat - 180 total (1 active), Execution time: mean = 95.178 us, total = 17.132 ms, Queueing time: mean = 162.127 us, max = 25.250 ms, min = -0.027 s, total = 29.183 ms
	CoreWorker.ExitIfParentRayletDies - 180 total (1 active), Execution time: mean = 6.717 us, total = 1.209 ms, Queueing time: mean = 98.363 us, max = 25.230 ms, min = -0.027 s, total = 17.705 ms
	NodeManagerService.grpc_client.ReportWorkerBacklog.OnReplyReceived - 180 total (0 active), Execution time: mean = 15.212 us, total = 2.738 ms, Queueing time: mean = 31.550 us, max = 225.621 us, min = 14.277 us, total = 5.679 ms
	CoreWorker.RecordMetrics - 36 total (1 active), Execution time: mean = 16.355 us, total = 588.776 us, Queueing time: mean = 96.935 us, max = 11.485 ms, min = -0.010 s, total = 3.490 ms
	CoreWorker.GCStreamingGeneratorMetadata - 18 total (1 active), Execution time: mean = 2.885 us, total = 51.931 us, Queueing time: mean = 291.981 us, max = 11.392 ms, min = -0.011 s, total = 5.256 ms
	PeriodicalRunner.RunFnPeriodically - 7 total (0 active), Execution time: mean = 73.277 us, total = 512.941 us, Queueing time: mean = 421.216 us, max = 778.672 us, min = 38.374 us, total = 2.949 ms
	CoreWorker.PrintEventStats - 3 total (1 active, 1 running), Execution time: mean = 119.667 us, total = 359.002 us, Queueing time: mean = 294.035 us, max = 836.066 us, min = 46.040 us, total = 882.106 us
	ray::rpc::InternalPubSubGcsService.grpc_client.GcsSubscriberCommandBatch.OnReplyReceived - 1 total (0 active), Execution time: mean = 94.315 us, total = 94.315 us, Queueing time: mean = 5.221 us, max = 5.221 us, min = 5.221 us, total = 5.221 us
	ray::rpc::InternalPubSubGcsService.grpc_client.GcsSubscriberCommandBatch - 1 total (0 active), Execution time: mean = 13.181 ms, total = 13.181 ms, Queueing time: mean = 0.000 s, max = -0.000 s, min = 9223372036.855 s, total = 0.000 s
	ray::rpc::NodeInfoGcsService.grpc_client.GetAllNodeInfo - 1 total (0 active), Execution time: mean = 2.901 ms, total = 2.901 ms, Queueing time: mean = 0.000 s, max = -0.000 s, min = 9223372036.855 s, total = 0.000 s
	ray::rpc::InternalPubSubGcsService.grpc_client.GcsSubscriberPoll - 1 total (1 active), Execution time: mean = 0.000 s, total = 0.000 s, Queueing time: mean = 0.000 s, max = -0.000 s, min = 9223372036.855 s, total = 0.000 s
	Publisher.CheckDeadSubscribers - 1 total (1 active), Execution time: mean = 0.000 s, total = 0.000 s, Queueing time: mean = 0.000 s, max = -0.000 s, min = 9223372036.855 s, total = 0.000 s
	ray::rpc::NodeInfoGcsService.grpc_client.GetAllNodeInfo.OnReplyReceived - 1 total (0 active), Execution time: mean = 72.271 us, total = 72.271 us, Queueing time: mean = 11.321 us, max = 11.321 us, min = 11.321 us, total = 11.321 us
	ray::rpc::WorkerInfoGcsService.grpc_client.AddWorkerInfo - 1 total (0 active), Execution time: mean = 13.881 ms, total = 13.881 ms, Queueing time: mean = 0.000 s, max = -0.000 s, min = 9223372036.855 s, total = 0.000 s
	ray::rpc::WorkerInfoGcsService.grpc_client.AddWorkerInfo.OnReplyReceived - 1 total (0 active), Execution time: mean = 25.997 us, total = 25.997 us, Queueing time: mean = 46.113 us, max = 46.113 us, min = 46.113 us, total = 46.113 us

-----------------
Task Event stats:

IO Service Stats:

Global stats: 541 total (1 active)
Queueing time: mean = 229.205 us, max = 24.494 ms, min = -0.009 s, total = 124.000 ms
Execution time:  mean = 261.417 us, total = 141.427 ms
Event stats:
	ray::rpc::TaskInfoGcsService.grpc_client.AddTaskEventData.OnReplyReceived - 180 total (0 active), Execution time: mean = 21.249 us, total = 3.825 ms, Queueing time: mean = 33.294 us, max = 351.194 us, min = 13.957 us, total = 5.993 ms
	CoreWorker.deadline_timer.flush_task_events - 180 total (1 active), Execution time: mean = 124.020 us, total = 22.324 ms, Queueing time: mean = 653.531 us, max = 24.494 ms, min = -0.009 s, total = 117.636 ms
	ray::rpc::TaskInfoGcsService.grpc_client.AddTaskEventData - 180 total (0 active), Execution time: mean = 639.264 us, total = 115.067 ms, Queueing time: mean = 0.000 s, max = -0.000 s, min = 9223372036.855 s, total = 0.000 s
	PeriodicalRunner.RunFnPeriodically - 1 total (0 active), Execution time: mean = 210.601 us, total = 210.601 us, Queueing time: mean = 371.545 us, max = 371.545 us, min = 371.545 us, total = 371.545 us
Other Stats:
	grpc_in_progress:0
	current number of task status events in buffer: 0
	current number of profile events in buffer: 0
	current number of dropped task attempts tracked: 0
	total task events sent: 0 MiB
	total number of task attempts sent: 0
	total number of task attempts dropped reported: 0
	total number of sent failure: 0
	num status task events dropped: 0
	num profile task events dropped: 0


[2025-02-15 21:05:18,470 I 450 1109] core_worker.cc:642: Event stats:


Global stats: 3448 total (8 active)
Queueing time: mean = 123.548 us, max = 25.250 ms, min = -0.027 s, total = 425.992 ms
Execution time:  mean = 65.824 us, total = 226.960 ms
Event stats:
	CoreWorker.RecoverObjects - 2397 total (1 active), Execution time: mean = 6.306 us, total = 15.115 ms, Queueing time: mean = 147.622 us, max = 8.403 ms, min = -0.001 s, total = 353.849 ms
	NodeManagerService.grpc_client.ReportWorkerBacklog - 240 total (0 active), Execution time: mean = 631.961 us, total = 151.671 ms, Queueing time: mean = 0.000 s, max = -0.000 s, min = 9223372036.855 s, total = 0.000 s
	CoreWorker.InternalHeartbeat - 240 total (1 active), Execution time: mean = 95.476 us, total = 22.914 ms, Queueing time: mean = 135.433 us, max = 25.250 ms, min = -0.027 s, total = 32.504 ms
	CoreWorker.ExitIfParentRayletDies - 240 total (1 active), Execution time: mean = 6.910 us, total = 1.659 ms, Queueing time: mean = 90.333 us, max = 25.230 ms, min = -0.027 s, total = 21.680 ms
	NodeManagerService.grpc_client.ReportWorkerBacklog.OnReplyReceived - 240 total (0 active), Execution time: mean = 14.808 us, total = 3.554 ms, Queueing time: mean = 31.162 us, max = 225.621 us, min = 14.277 us, total = 7.479 ms
	CoreWorker.RecordMetrics - 48 total (1 active), Execution time: mean = 15.996 us, total = 767.816 us, Queueing time: mean = 71.546 us, max = 11.485 ms, min = -0.010 s, total = 3.434 ms
	CoreWorker.GCStreamingGeneratorMetadata - 24 total (1 active), Execution time: mean = 3.015 us, total = 72.366 us, Queueing time: mean = 125.269 us, max = 11.392 ms, min = -0.011 s, total = 3.006 ms
	PeriodicalRunner.RunFnPeriodically - 7 total (0 active), Execution time: mean = 73.277 us, total = 512.941 us, Queueing time: mean = 421.216 us, max = 778.672 us, min = 38.374 us, total = 2.949 ms
	CoreWorker.PrintEventStats - 4 total (1 active, 1 running), Execution time: mean = 134.695 us, total = 538.778 us, Queueing time: mean = 256.969 us, max = 836.066 us, min = 46.040 us, total = 1.028 ms
	ray::rpc::InternalPubSubGcsService.grpc_client.GcsSubscriberCommandBatch.OnReplyReceived - 1 total (0 active), Execution time: mean = 94.315 us, total = 94.315 us, Queueing time: mean = 5.221 us, max = 5.221 us, min = 5.221 us, total = 5.221 us
	ray::rpc::InternalPubSubGcsService.grpc_client.GcsSubscriberCommandBatch - 1 total (0 active), Execution time: mean = 13.181 ms, total = 13.181 ms, Queueing time: mean = 0.000 s, max = -0.000 s, min = 9223372036.855 s, total = 0.000 s
	ray::rpc::NodeInfoGcsService.grpc_client.GetAllNodeInfo - 1 total (0 active), Execution time: mean = 2.901 ms, total = 2.901 ms, Queueing time: mean = 0.000 s, max = -0.000 s, min = 9223372036.855 s, total = 0.000 s
	ray::rpc::InternalPubSubGcsService.grpc_client.GcsSubscriberPoll - 1 total (1 active), Execution time: mean = 0.000 s, total = 0.000 s, Queueing time: mean = 0.000 s, max = -0.000 s, min = 9223372036.855 s, total = 0.000 s
	Publisher.CheckDeadSubscribers - 1 total (1 active), Execution time: mean = 0.000 s, total = 0.000 s, Queueing time: mean = 0.000 s, max = -0.000 s, min = 9223372036.855 s, total = 0.000 s
	ray::rpc::NodeInfoGcsService.grpc_client.GetAllNodeInfo.OnReplyReceived - 1 total (0 active), Execution time: mean = 72.271 us, total = 72.271 us, Queueing time: mean = 11.321 us, max = 11.321 us, min = 11.321 us, total = 11.321 us
	ray::rpc::WorkerInfoGcsService.grpc_client.AddWorkerInfo - 1 total (0 active), Execution time: mean = 13.881 ms, total = 13.881 ms, Queueing time: mean = 0.000 s, max = -0.000 s, min = 9223372036.855 s, total = 0.000 s
	ray::rpc::WorkerInfoGcsService.grpc_client.AddWorkerInfo.OnReplyReceived - 1 total (0 active), Execution time: mean = 25.997 us, total = 25.997 us, Queueing time: mean = 46.113 us, max = 46.113 us, min = 46.113 us, total = 46.113 us

-----------------
Task Event stats:

IO Service Stats:

Global stats: 721 total (1 active)
Queueing time: mean = 226.031 us, max = 24.494 ms, min = -0.009 s, total = 162.969 ms
Execution time:  mean = 262.112 us, total = 188.983 ms
Event stats:
	ray::rpc::TaskInfoGcsService.grpc_client.AddTaskEventData.OnReplyReceived - 240 total (0 active), Execution time: mean = 22.431 us, total = 5.383 ms, Queueing time: mean = 33.281 us, max = 351.194 us, min = 11.740 us, total = 7.988 ms
	CoreWorker.deadline_timer.flush_task_events - 240 total (1 active), Execution time: mean = 131.414 us, total = 31.539 ms, Queueing time: mean = 644.207 us, max = 24.494 ms, min = -0.009 s, total = 154.610 ms
	ray::rpc::TaskInfoGcsService.grpc_client.AddTaskEventData - 240 total (0 active), Execution time: mean = 632.708 us, total = 151.850 ms, Queueing time: mean = 0.000 s, max = -0.000 s, min = 9223372036.855 s, total = 0.000 s
	PeriodicalRunner.RunFnPeriodically - 1 total (0 active), Execution time: mean = 210.601 us, total = 210.601 us, Queueing time: mean = 371.545 us, max = 371.545 us, min = 371.545 us, total = 371.545 us
Other Stats:
	grpc_in_progress:0
	current number of task status events in buffer: 0
	current number of profile events in buffer: 0
	current number of dropped task attempts tracked: 0
	total task events sent: 0 MiB
	total number of task attempts sent: 0
	total number of task attempts dropped reported: 0
	total number of sent failure: 0
	num status task events dropped: 0
	num profile task events dropped: 0


[2025-02-15 21:06:18,470 I 450 1109] core_worker.cc:642: Event stats:


Global stats: 4307 total (8 active)
Queueing time: mean = 128.252 us, max = 25.250 ms, min = -0.027 s, total = 552.382 ms
Execution time:  mean = 64.480 us, total = 277.714 ms
Event stats:
	CoreWorker.RecoverObjects - 2996 total (1 active), Execution time: mean = 6.309 us, total = 18.902 ms, Queueing time: mean = 151.317 us, max = 8.403 ms, min = -0.001 s, total = 453.346 ms
	NodeManagerService.grpc_client.ReportWorkerBacklog - 300 total (0 active), Execution time: mean = 630.625 us, total = 189.188 ms, Queueing time: mean = 0.000 s, max = -0.000 s, min = 9223372036.855 s, total = 0.000 s
	CoreWorker.InternalHeartbeat - 300 total (1 active), Execution time: mean = 101.001 us, total = 30.300 ms, Queueing time: mean = 148.796 us, max = 25.250 ms, min = -0.027 s, total = 44.639 ms
	CoreWorker.ExitIfParentRayletDies - 300 total (1 active), Execution time: mean = 7.348 us, total = 2.204 ms, Queueing time: mean = 84.652 us, max = 25.230 ms, min = -0.027 s, total = 25.395 ms
	NodeManagerService.grpc_client.ReportWorkerBacklog.OnReplyReceived - 300 total (0 active), Execution time: mean = 15.427 us, total = 4.628 ms, Queueing time: mean = 31.878 us, max = 225.621 us, min = 14.277 us, total = 9.563 ms
	CoreWorker.RecordMetrics - 60 total (1 active), Execution time: mean = 16.914 us, total = 1.015 ms, Queueing time: mean = 132.147 us, max = 11.485 ms, min = -0.010 s, total = 7.929 ms
	CoreWorker.GCStreamingGeneratorMetadata - 30 total (1 active), Execution time: mean = 3.333 us, total = 99.977 us, Queueing time: mean = 214.188 us, max = 11.392 ms, min = -0.011 s, total = 6.426 ms
	PeriodicalRunner.RunFnPeriodically - 7 total (0 active), Execution time: mean = 73.277 us, total = 512.941 us, Queueing time: mean = 421.216 us, max = 778.672 us, min = 38.374 us, total = 2.949 ms
	CoreWorker.PrintEventStats - 5 total (1 active, 1 running), Execution time: mean = 140.490 us, total = 702.452 us, Queueing time: mean = 208.513 us, max = 836.066 us, min = 14.689 us, total = 1.043 ms
	Publisher.CheckDeadSubscribers - 2 total (1 active), Execution time: mean = 2.771 us, total = 5.542 us, Queueing time: mean = 515.133 us, max = 1.030 ms, min = 1.030 ms, total = 1.030 ms
	ray::rpc::InternalPubSubGcsService.grpc_client.GcsSubscriberCommandBatch.OnReplyReceived - 1 total (0 active), Execution time: mean = 94.315 us, total = 94.315 us, Queueing time: mean = 5.221 us, max = 5.221 us, min = 5.221 us, total = 5.221 us
	ray::rpc::InternalPubSubGcsService.grpc_client.GcsSubscriberCommandBatch - 1 total (0 active), Execution time: mean = 13.181 ms, total = 13.181 ms, Queueing time: mean = 0.000 s, max = -0.000 s, min = 9223372036.855 s, total = 0.000 s
	ray::rpc::NodeInfoGcsService.grpc_client.GetAllNodeInfo - 1 total (0 active), Execution time: mean = 2.901 ms, total = 2.901 ms, Queueing time: mean = 0.000 s, max = -0.000 s, min = 9223372036.855 s, total = 0.000 s
	ray::rpc::InternalPubSubGcsService.grpc_client.GcsSubscriberPoll - 1 total (1 active), Execution time: mean = 0.000 s, total = 0.000 s, Queueing time: mean = 0.000 s, max = -0.000 s, min = 9223372036.855 s, total = 0.000 s
	ray::rpc::NodeInfoGcsService.grpc_client.GetAllNodeInfo.OnReplyReceived - 1 total (0 active), Execution time: mean = 72.271 us, total = 72.271 us, Queueing time: mean = 11.321 us, max = 11.321 us, min = 11.321 us, total = 11.321 us
	ray::rpc::WorkerInfoGcsService.grpc_client.AddWorkerInfo - 1 total (0 active), Execution time: mean = 13.881 ms, total = 13.881 ms, Queueing time: mean = 0.000 s, max = -0.000 s, min = 9223372036.855 s, total = 0.000 s
	ray::rpc::WorkerInfoGcsService.grpc_client.AddWorkerInfo.OnReplyReceived - 1 total (0 active), Execution time: mean = 25.997 us, total = 25.997 us, Queueing time: mean = 46.113 us, max = 46.113 us, min = 46.113 us, total = 46.113 us

-----------------
Task Event stats:

IO Service Stats:

Global stats: 901 total (1 active)
Queueing time: mean = 226.718 us, max = 24.494 ms, min = -0.009 s, total = 204.273 ms
Execution time:  mean = 266.126 us, total = 239.779 ms
Event stats:
	ray::rpc::TaskInfoGcsService.grpc_client.AddTaskEventData.OnReplyReceived - 300 total (0 active), Execution time: mean = 22.867 us, total = 6.860 ms, Queueing time: mean = 35.124 us, max = 351.194 us, min = 11.740 us, total = 10.537 ms
	CoreWorker.deadline_timer.flush_task_events - 300 total (1 active), Execution time: mean = 133.089 us, total = 39.927 ms, Queueing time: mean = 644.546 us, max = 24.494 ms, min = -0.009 s, total = 193.364 ms
	ray::rpc::TaskInfoGcsService.grpc_client.AddTaskEventData - 300 total (0 active), Execution time: mean = 642.607 us, total = 192.782 ms, Queueing time: mean = 0.000 s, max = -0.000 s, min = 9223372036.855 s, total = 0.000 s
	PeriodicalRunner.RunFnPeriodically - 1 total (0 active), Execution time: mean = 210.601 us, total = 210.601 us, Queueing time: mean = 371.545 us, max = 371.545 us, min = 371.545 us, total = 371.545 us
Other Stats:
	grpc_in_progress:0
	current number of task status events in buffer: 0
	current number of profile events in buffer: 0
	current number of dropped task attempts tracked: 0
	total task events sent: 0 MiB
	total number of task attempts sent: 0
	total number of task attempts dropped reported: 0
	total number of sent failure: 0
	num status task events dropped: 0
	num profile task events dropped: 0


[2025-02-15 21:07:18,470 I 450 1109] core_worker.cc:642: Event stats:


Global stats: 5165 total (8 active)
Queueing time: mean = 121.315 us, max = 25.250 ms, min = -0.027 s, total = 626.592 ms
Execution time:  mean = 61.902 us, total = 319.725 ms
Event stats:
	CoreWorker.RecoverObjects - 3595 total (1 active), Execution time: mean = 6.246 us, total = 22.454 ms, Queueing time: mean = 143.408 us, max = 8.403 ms, min = -0.001 s, total = 515.552 ms
	NodeManagerService.grpc_client.ReportWorkerBacklog - 360 total (0 active), Execution time: mean = 608.327 us, total = 218.998 ms, Queueing time: mean = 0.000 s, max = -0.000 s, min = 9223372036.855 s, total = 0.000 s
	CoreWorker.InternalHeartbeat - 360 total (1 active), Execution time: mean = 103.033 us, total = 37.092 ms, Queueing time: mean = 132.464 us, max = 25.250 ms, min = -0.027 s, total = 47.687 ms
	CoreWorker.ExitIfParentRayletDies - 360 total (1 active), Execution time: mean = 7.309 us, total = 2.631 ms, Queueing time: mean = 79.151 us, max = 25.230 ms, min = -0.027 s, total = 28.494 ms
	NodeManagerService.grpc_client.ReportWorkerBacklog.OnReplyReceived - 360 total (0 active), Execution time: mean = 15.494 us, total = 5.578 ms, Queueing time: mean = 31.678 us, max = 225.621 us, min = 14.277 us, total = 11.404 ms
	CoreWorker.RecordMetrics - 72 total (1 active), Execution time: mean = 17.618 us, total = 1.268 ms, Queueing time: mean = 112.992 us, max = 11.485 ms, min = -0.010 s, total = 8.135 ms
	CoreWorker.GCStreamingGeneratorMetadata - 36 total (1 active), Execution time: mean = 3.406 us, total = 122.603 us, Queueing time: mean = 281.748 us, max = 11.392 ms, min = -0.011 s, total = 10.143 ms
	PeriodicalRunner.RunFnPeriodically - 7 total (0 active), Execution time: mean = 73.277 us, total = 512.941 us, Queueing time: mean = 421.216 us, max = 778.672 us, min = 38.374 us, total = 2.949 ms
	CoreWorker.PrintEventStats - 6 total (1 active, 1 running), Execution time: mean = 151.180 us, total = 907.081 us, Queueing time: mean = 189.209 us, max = 836.066 us, min = 14.689 us, total = 1.135 ms
	Publisher.CheckDeadSubscribers - 2 total (1 active), Execution time: mean = 2.771 us, total = 5.542 us, Queueing time: mean = 515.133 us, max = 1.030 ms, min = 1.030 ms, total = 1.030 ms
	ray::rpc::InternalPubSubGcsService.grpc_client.GcsSubscriberCommandBatch.OnReplyReceived - 1 total (0 active), Execution time: mean = 94.315 us, total = 94.315 us, Queueing time: mean = 5.221 us, max = 5.221 us, min = 5.221 us, total = 5.221 us
	ray::rpc::InternalPubSubGcsService.grpc_client.GcsSubscriberCommandBatch - 1 total (0 active), Execution time: mean = 13.181 ms, total = 13.181 ms, Queueing time: mean = 0.000 s, max = -0.000 s, min = 9223372036.855 s, total = 0.000 s
	ray::rpc::NodeInfoGcsService.grpc_client.GetAllNodeInfo - 1 total (0 active), Execution time: mean = 2.901 ms, total = 2.901 ms, Queueing time: mean = 0.000 s, max = -0.000 s, min = 9223372036.855 s, total = 0.000 s
	ray::rpc::InternalPubSubGcsService.grpc_client.GcsSubscriberPoll - 1 total (1 active), Execution time: mean = 0.000 s, total = 0.000 s, Queueing time: mean = 0.000 s, max = -0.000 s, min = 9223372036.855 s, total = 0.000 s
	ray::rpc::NodeInfoGcsService.grpc_client.GetAllNodeInfo.OnReplyReceived - 1 total (0 active), Execution time: mean = 72.271 us, total = 72.271 us, Queueing time: mean = 11.321 us, max = 11.321 us, min = 11.321 us, total = 11.321 us
	ray::rpc::WorkerInfoGcsService.grpc_client.AddWorkerInfo - 1 total (0 active), Execution time: mean = 13.881 ms, total = 13.881 ms, Queueing time: mean = 0.000 s, max = -0.000 s, min = 9223372036.855 s, total = 0.000 s
	ray::rpc::WorkerInfoGcsService.grpc_client.AddWorkerInfo.OnReplyReceived - 1 total (0 active), Execution time: mean = 25.997 us, total = 25.997 us, Queueing time: mean = 46.113 us, max = 46.113 us, min = 46.113 us, total = 46.113 us

-----------------
Task Event stats:

IO Service Stats:

Global stats: 1081 total (1 active)
Queueing time: mean = 214.293 us, max = 24.494 ms, min = -0.009 s, total = 231.651 ms
Execution time:  mean = 269.924 us, total = 291.788 ms
Event stats:
	ray::rpc::TaskInfoGcsService.grpc_client.AddTaskEventData.OnReplyReceived - 360 total (0 active), Execution time: mean = 23.541 us, total = 8.475 ms, Queueing time: mean = 35.025 us, max = 351.194 us, min = 11.740 us, total = 12.609 ms
	CoreWorker.deadline_timer.flush_task_events - 360 total (1 active), Execution time: mean = 135.719 us, total = 48.859 ms, Queueing time: mean = 607.417 us, max = 24.494 ms, min = -0.009 s, total = 218.670 ms
	ray::rpc::TaskInfoGcsService.grpc_client.AddTaskEventData - 360 total (0 active), Execution time: mean = 650.677 us, total = 234.244 ms, Queueing time: mean = 0.000 s, max = -0.000 s, min = 9223372036.855 s, total = 0.000 s
	PeriodicalRunner.RunFnPeriodically - 1 total (0 active), Execution time: mean = 210.601 us, total = 210.601 us, Queueing time: mean = 371.545 us, max = 371.545 us, min = 371.545 us, total = 371.545 us
Other Stats:
	grpc_in_progress:0
	current number of task status events in buffer: 0
	current number of profile events in buffer: 0
	current number of dropped task attempts tracked: 0
	total task events sent: 0 MiB
	total number of task attempts sent: 0
	total number of task attempts dropped reported: 0
	total number of sent failure: 0
	num status task events dropped: 0
	num profile task events dropped: 0


[2025-02-15 21:08:18,470 I 450 1109] core_worker.cc:642: Event stats:


Global stats: 6023 total (8 active)
Queueing time: mean = 119.816 us, max = 25.250 ms, min = -0.027 s, total = 721.649 ms
Execution time:  mean = 60.848 us, total = 366.488 ms
Event stats:
	CoreWorker.RecoverObjects - 4194 total (1 active), Execution time: mean = 6.139 us, total = 25.749 ms, Queueing time: mean = 144.208 us, max = 8.403 ms, min = -0.001 s, total = 604.810 ms
	NodeManagerService.grpc_client.ReportWorkerBacklog - 420 total (0 active), Execution time: mean = 605.027 us, total = 254.111 ms, Queueing time: mean = 0.000 s, max = -0.000 s, min = 9223372036.855 s, total = 0.000 s
	CoreWorker.InternalHeartbeat - 420 total (1 active), Execution time: mean = 103.769 us, total = 43.583 ms, Queueing time: mean = 126.834 us, max = 25.250 ms, min = -0.027 s, total = 53.270 ms
	CoreWorker.ExitIfParentRayletDies - 420 total (1 active), Execution time: mean = 7.261 us, total = 3.049 ms, Queueing time: mean = 76.503 us, max = 25.230 ms, min = -0.027 s, total = 32.131 ms
	NodeManagerService.grpc_client.ReportWorkerBacklog.OnReplyReceived - 420 total (0 active), Execution time: mean = 15.725 us, total = 6.604 ms, Queueing time: mean = 33.933 us, max = 262.522 us, min = 14.277 us, total = 14.252 ms
	CoreWorker.RecordMetrics - 84 total (1 active), Execution time: mean = 17.740 us, total = 1.490 ms, Queueing time: mean = 109.507 us, max = 11.485 ms, min = -0.010 s, total = 9.199 ms
	CoreWorker.GCStreamingGeneratorMetadata - 42 total (1 active), Execution time: mean = 3.787 us, total = 159.050 us, Queueing time: mean = 66.900 us, max = 11.392 ms, min = -0.011 s, total = 2.810 ms
	CoreWorker.PrintEventStats - 7 total (1 active, 1 running), Execution time: mean = 152.453 us, total = 1.067 ms, Queueing time: mean = 162.171 us, max = 836.066 us, min = -0.000 s, total = 1.135 ms
	PeriodicalRunner.RunFnPeriodically - 7 total (0 active), Execution time: mean = 73.277 us, total = 512.941 us, Queueing time: mean = 421.216 us, max = 778.672 us, min = 38.374 us, total = 2.949 ms
	Publisher.CheckDeadSubscribers - 2 total (1 active), Execution time: mean = 2.771 us, total = 5.542 us, Queueing time: mean = 515.133 us, max = 1.030 ms, min = 1.030 ms, total = 1.030 ms
	ray::rpc::InternalPubSubGcsService.grpc_client.GcsSubscriberCommandBatch.OnReplyReceived - 1 total (0 active), Execution time: mean = 94.315 us, total = 94.315 us, Queueing time: mean = 5.221 us, max = 5.221 us, min = 5.221 us, total = 5.221 us
	ray::rpc::InternalPubSubGcsService.grpc_client.GcsSubscriberCommandBatch - 1 total (0 active), Execution time: mean = 13.181 ms, total = 13.181 ms, Queueing time: mean = 0.000 s, max = -0.000 s, min = 9223372036.855 s, total = 0.000 s
	ray::rpc::NodeInfoGcsService.grpc_client.GetAllNodeInfo - 1 total (0 active), Execution time: mean = 2.901 ms, total = 2.901 ms, Queueing time: mean = 0.000 s, max = -0.000 s, min = 9223372036.855 s, total = 0.000 s
	ray::rpc::InternalPubSubGcsService.grpc_client.GcsSubscriberPoll - 1 total (1 active), Execution time: mean = 0.000 s, total = 0.000 s, Queueing time: mean = 0.000 s, max = -0.000 s, min = 9223372036.855 s, total = 0.000 s
	ray::rpc::NodeInfoGcsService.grpc_client.GetAllNodeInfo.OnReplyReceived - 1 total (0 active), Execution time: mean = 72.271 us, total = 72.271 us, Queueing time: mean = 11.321 us, max = 11.321 us, min = 11.321 us, total = 11.321 us
	ray::rpc::WorkerInfoGcsService.grpc_client.AddWorkerInfo - 1 total (0 active), Execution time: mean = 13.881 ms, total = 13.881 ms, Queueing time: mean = 0.000 s, max = -0.000 s, min = 9223372036.855 s, total = 0.000 s
	ray::rpc::WorkerInfoGcsService.grpc_client.AddWorkerInfo.OnReplyReceived - 1 total (0 active), Execution time: mean = 25.997 us, total = 25.997 us, Queueing time: mean = 46.113 us, max = 46.113 us, min = 46.113 us, total = 46.113 us

-----------------
Task Event stats:

IO Service Stats:

Global stats: 1261 total (1 active)
Queueing time: mean = 218.006 us, max = 24.494 ms, min = -0.009 s, total = 274.906 ms
Execution time:  mean = 280.655 us, total = 353.905 ms
Event stats:
	ray::rpc::TaskInfoGcsService.grpc_client.AddTaskEventData.OnReplyReceived - 420 total (0 active), Execution time: mean = 23.191 us, total = 9.740 ms, Queueing time: mean = 36.422 us, max = 423.187 us, min = 11.740 us, total = 15.297 ms
	CoreWorker.deadline_timer.flush_task_events - 420 total (1 active), Execution time: mean = 136.400 us, total = 57.288 ms, Queueing time: mean = 617.231 us, max = 24.494 ms, min = -0.009 s, total = 259.237 ms
	ray::rpc::TaskInfoGcsService.grpc_client.AddTaskEventData - 420 total (0 active), Execution time: mean = 682.539 us, total = 286.667 ms, Queueing time: mean = 0.000 s, max = -0.000 s, min = 9223372036.855 s, total = 0.000 s
	PeriodicalRunner.RunFnPeriodically - 1 total (0 active), Execution time: mean = 210.601 us, total = 210.601 us, Queueing time: mean = 371.545 us, max = 371.545 us, min = 371.545 us, total = 371.545 us
Other Stats:
	grpc_in_progress:0
	current number of task status events in buffer: 0
	current number of profile events in buffer: 0
	current number of dropped task attempts tracked: 0
	total task events sent: 0 MiB
	total number of task attempts sent: 0
	total number of task attempts dropped reported: 0
	total number of sent failure: 0
	num status task events dropped: 0
	num profile task events dropped: 0


[2025-02-15 21:09:18,471 I 450 1109] core_worker.cc:642: Event stats:


Global stats: 6882 total (8 active)
Queueing time: mean = 118.129 us, max = 25.250 ms, min = -0.027 s, total = 812.962 ms
Execution time:  mean = 60.381 us, total = 415.544 ms
Event stats:
	CoreWorker.RecoverObjects - 4794 total (1 active), Execution time: mean = 6.037 us, total = 28.942 ms, Queueing time: mean = 141.886 us, max = 8.403 ms, min = -0.001 s, total = 680.203 ms
	NodeManagerService.grpc_client.ReportWorkerBacklog - 480 total (0 active), Execution time: mean = 609.580 us, total = 292.598 ms, Queueing time: mean = 0.000 s, max = -0.000 s, min = 9223372036.855 s, total = 0.000 s
	CoreWorker.InternalHeartbeat - 480 total (1 active), Execution time: mean = 102.570 us, total = 49.234 ms, Queueing time: mean = 117.094 us, max = 25.250 ms, min = -0.027 s, total = 56.205 ms
	CoreWorker.ExitIfParentRayletDies - 480 total (1 active), Execution time: mean = 7.243 us, total = 3.477 ms, Queueing time: mean = 73.824 us, max = 25.230 ms, min = -0.027 s, total = 35.436 ms
	NodeManagerService.grpc_client.ReportWorkerBacklog.OnReplyReceived - 480 total (0 active), Execution time: mean = 15.604 us, total = 7.490 ms, Queueing time: mean = 33.837 us, max = 262.522 us, min = 14.277 us, total = 16.242 ms
	CoreWorker.RecordMetrics - 96 total (1 active), Execution time: mean = 17.863 us, total = 1.715 ms, Queueing time: mean = 120.197 us, max = 11.485 ms, min = -0.010 s, total = 11.539 ms
	CoreWorker.GCStreamingGeneratorMetadata - 48 total (1 active), Execution time: mean = 3.669 us, total = 176.124 us, Queueing time: mean = 165.060 us, max = 11.392 ms, min = -0.011 s, total = 7.923 ms
	CoreWorker.PrintEventStats - 8 total (1 active, 1 running), Execution time: mean = 154.701 us, total = 1.238 ms, Queueing time: mean = 171.628 us, max = 836.066 us, min = -0.000 s, total = 1.373 ms
	PeriodicalRunner.RunFnPeriodically - 7 total (0 active), Execution time: mean = 73.277 us, total = 512.941 us, Queueing time: mean = 421.216 us, max = 778.672 us, min = 38.374 us, total = 2.949 ms
	Publisher.CheckDeadSubscribers - 2 total (1 active), Execution time: mean = 2.771 us, total = 5.542 us, Queueing time: mean = 515.133 us, max = 1.030 ms, min = 1.030 ms, total = 1.030 ms
	ray::rpc::InternalPubSubGcsService.grpc_client.GcsSubscriberCommandBatch.OnReplyReceived - 1 total (0 active), Execution time: mean = 94.315 us, total = 94.315 us, Queueing time: mean = 5.221 us, max = 5.221 us, min = 5.221 us, total = 5.221 us
	ray::rpc::InternalPubSubGcsService.grpc_client.GcsSubscriberCommandBatch - 1 total (0 active), Execution time: mean = 13.181 ms, total = 13.181 ms, Queueing time: mean = 0.000 s, max = -0.000 s, min = 9223372036.855 s, total = 0.000 s
	ray::rpc::NodeInfoGcsService.grpc_client.GetAllNodeInfo - 1 total (0 active), Execution time: mean = 2.901 ms, total = 2.901 ms, Queueing time: mean = 0.000 s, max = -0.000 s, min = 9223372036.855 s, total = 0.000 s
	ray::rpc::InternalPubSubGcsService.grpc_client.GcsSubscriberPoll - 1 total (1 active), Execution time: mean = 0.000 s, total = 0.000 s, Queueing time: mean = 0.000 s, max = -0.000 s, min = 9223372036.855 s, total = 0.000 s
	ray::rpc::NodeInfoGcsService.grpc_client.GetAllNodeInfo.OnReplyReceived - 1 total (0 active), Execution time: mean = 72.271 us, total = 72.271 us, Queueing time: mean = 11.321 us, max = 11.321 us, min = 11.321 us, total = 11.321 us
	ray::rpc::WorkerInfoGcsService.grpc_client.AddWorkerInfo - 1 total (0 active), Execution time: mean = 13.881 ms, total = 13.881 ms, Queueing time: mean = 0.000 s, max = -0.000 s, min = 9223372036.855 s, total = 0.000 s
	ray::rpc::WorkerInfoGcsService.grpc_client.AddWorkerInfo.OnReplyReceived - 1 total (0 active), Execution time: mean = 25.997 us, total = 25.997 us, Queueing time: mean = 46.113 us, max = 46.113 us, min = 46.113 us, total = 46.113 us

-----------------
Task Event stats:

IO Service Stats:

Global stats: 1441 total (1 active)
Queueing time: mean = 213.293 us, max = 24.494 ms, min = -0.009 s, total = 307.355 ms
Execution time:  mean = 284.202 us, total = 409.534 ms
Event stats:
	ray::rpc::TaskInfoGcsService.grpc_client.AddTaskEventData.OnReplyReceived - 480 total (0 active), Execution time: mean = 23.412 us, total = 11.238 ms, Queueing time: mean = 37.221 us, max = 494.418 us, min = 11.740 us, total = 17.866 ms
	CoreWorker.deadline_timer.flush_task_events - 480 total (1 active), Execution time: mean = 139.029 us, total = 66.734 ms, Queueing time: mean = 602.329 us, max = 24.494 ms, min = -0.009 s, total = 289.118 ms
	ray::rpc::TaskInfoGcsService.grpc_client.AddTaskEventData - 480 total (0 active), Execution time: mean = 690.317 us, total = 331.352 ms, Queueing time: mean = 0.000 s, max = -0.000 s, min = 9223372036.855 s, total = 0.000 s
	PeriodicalRunner.RunFnPeriodically - 1 total (0 active), Execution time: mean = 210.601 us, total = 210.601 us, Queueing time: mean = 371.545 us, max = 371.545 us, min = 371.545 us, total = 371.545 us
Other Stats:
	grpc_in_progress:0
	current number of task status events in buffer: 0
	current number of profile events in buffer: 0
	current number of dropped task attempts tracked: 0
	total task events sent: 0 MiB
	total number of task attempts sent: 0
	total number of task attempts dropped reported: 0
	total number of sent failure: 0
	num status task events dropped: 0
	num profile task events dropped: 0


[2025-02-15 21:10:18,471 I 450 1109] core_worker.cc:642: Event stats:


Global stats: 7740 total (8 active)
Queueing time: mean = 114.047 us, max = 25.250 ms, min = -0.027 s, total = 882.725 ms
Execution time:  mean = 62.528 us, total = 483.967 ms
Event stats:
	CoreWorker.RecoverObjects - 5393 total (1 active), Execution time: mean = 5.975 us, total = 32.225 ms, Queueing time: mean = 138.238 us, max = 8.403 ms, min = -0.001 s, total = 745.517 ms
	NodeManagerService.grpc_client.ReportWorkerBacklog - 540 total (0 active), Execution time: mean = 643.116 us, total = 347.283 ms, Queueing time: mean = 0.000 s, max = -0.000 s, min = 9223372036.855 s, total = 0.000 s
	CoreWorker.InternalHeartbeat - 540 total (1 active), Execution time: mean = 106.791 us, total = 57.667 ms, Queueing time: mean = 113.646 us, max = 25.250 ms, min = -0.027 s, total = 61.369 ms
	CoreWorker.ExitIfParentRayletDies - 540 total (1 active), Execution time: mean = 7.155 us, total = 3.864 ms, Queueing time: mean = 71.125 us, max = 25.230 ms, min = -0.027 s, total = 38.407 ms
	NodeManagerService.grpc_client.ReportWorkerBacklog.OnReplyReceived - 540 total (0 active), Execution time: mean = 16.133 us, total = 8.712 ms, Queueing time: mean = 35.103 us, max = 262.522 us, min = 14.277 us, total = 18.955 ms
	CoreWorker.RecordMetrics - 108 total (1 active), Execution time: mean = 17.788 us, total = 1.921 ms, Queueing time: mean = 111.205 us, max = 11.485 ms, min = -0.010 s, total = 12.010 ms
	CoreWorker.GCStreamingGeneratorMetadata - 54 total (1 active), Execution time: mean = 3.830 us, total = 206.824 us, Queueing time: mean = 18.141 us, max = 11.392 ms, min = -0.011 s, total = 979.613 us
	CoreWorker.PrintEventStats - 9 total (1 active, 1 running), Execution time: mean = 157.113 us, total = 1.414 ms, Queueing time: mean = 160.558 us, max = 836.066 us, min = -0.000 s, total = 1.445 ms
	PeriodicalRunner.RunFnPeriodically - 7 total (0 active), Execution time: mean = 73.277 us, total = 512.941 us, Queueing time: mean = 421.216 us, max = 778.672 us, min = 38.374 us, total = 2.949 ms
	Publisher.CheckDeadSubscribers - 2 total (1 active), Execution time: mean = 2.771 us, total = 5.542 us, Queueing time: mean = 515.133 us, max = 1.030 ms, min = 1.030 ms, total = 1.030 ms
	ray::rpc::InternalPubSubGcsService.grpc_client.GcsSubscriberCommandBatch.OnReplyReceived - 1 total (0 active), Execution time: mean = 94.315 us, total = 94.315 us, Queueing time: mean = 5.221 us, max = 5.221 us, min = 5.221 us, total = 5.221 us
	ray::rpc::InternalPubSubGcsService.grpc_client.GcsSubscriberCommandBatch - 1 total (0 active), Execution time: mean = 13.181 ms, total = 13.181 ms, Queueing time: mean = 0.000 s, max = -0.000 s, min = 9223372036.855 s, total = 0.000 s
	ray::rpc::NodeInfoGcsService.grpc_client.GetAllNodeInfo - 1 total (0 active), Execution time: mean = 2.901 ms, total = 2.901 ms, Queueing time: mean = 0.000 s, max = -0.000 s, min = 9223372036.855 s, total = 0.000 s
	ray::rpc::InternalPubSubGcsService.grpc_client.GcsSubscriberPoll - 1 total (1 active), Execution time: mean = 0.000 s, total = 0.000 s, Queueing time: mean = 0.000 s, max = -0.000 s, min = 9223372036.855 s, total = 0.000 s
	ray::rpc::NodeInfoGcsService.grpc_client.GetAllNodeInfo.OnReplyReceived - 1 total (0 active), Execution time: mean = 72.271 us, total = 72.271 us, Queueing time: mean = 11.321 us, max = 11.321 us, min = 11.321 us, total = 11.321 us
	ray::rpc::WorkerInfoGcsService.grpc_client.AddWorkerInfo - 1 total (0 active), Execution time: mean = 13.881 ms, total = 13.881 ms, Queueing time: mean = 0.000 s, max = -0.000 s, min = 9223372036.855 s, total = 0.000 s
	ray::rpc::WorkerInfoGcsService.grpc_client.AddWorkerInfo.OnReplyReceived - 1 total (0 active), Execution time: mean = 25.997 us, total = 25.997 us, Queueing time: mean = 46.113 us, max = 46.113 us, min = 46.113 us, total = 46.113 us

-----------------
Task Event stats:

IO Service Stats:

Global stats: 1621 total (1 active)
Queueing time: mean = 210.894 us, max = 24.494 ms, min = -0.009 s, total = 341.859 ms
Execution time:  mean = 275.676 us, total = 446.871 ms
Event stats:
	ray::rpc::TaskInfoGcsService.grpc_client.AddTaskEventData.OnReplyReceived - 540 total (0 active), Execution time: mean = 22.909 us, total = 12.371 ms, Queueing time: mean = 36.169 us, max = 494.418 us, min = 11.740 us, total = 19.531 ms
	CoreWorker.deadline_timer.flush_task_events - 540 total (1 active), Execution time: mean = 136.638 us, total = 73.785 ms, Queueing time: mean = 596.216 us, max = 24.494 ms, min = -0.009 s, total = 321.956 ms
	ray::rpc::TaskInfoGcsService.grpc_client.AddTaskEventData - 540 total (0 active), Execution time: mean = 667.602 us, total = 360.505 ms, Queueing time: mean = 0.000 s, max = -0.000 s, min = 9223372036.855 s, total = 0.000 s
	PeriodicalRunner.RunFnPeriodically - 1 total (0 active), Execution time: mean = 210.601 us, total = 210.601 us, Queueing time: mean = 371.545 us, max = 371.545 us, min = 371.545 us, total = 371.545 us
Other Stats:
	grpc_in_progress:0
	current number of task status events in buffer: 0
	current number of profile events in buffer: 0
	current number of dropped task attempts tracked: 0
	total task events sent: 0 MiB
	total number of task attempts sent: 0
	total number of task attempts dropped reported: 0
	total number of sent failure: 0
	num status task events dropped: 0
	num profile task events dropped: 0


[2025-02-15 21:11:18,471 I 450 1109] core_worker.cc:642: Event stats:


Global stats: 8601 total (8 active)
Queueing time: mean = 115.581 us, max = 25.250 ms, min = -0.027 s, total = 994.109 ms
Execution time:  mean = 69.631 ms, total = 598.898 s
Event stats:
	CoreWorker.RecoverObjects - 5992 total (1 active), Execution time: mean = 5.922 us, total = 35.484 ms, Queueing time: mean = 139.685 us, max = 8.403 ms, min = -0.001 s, total = 836.993 ms
	NodeManagerService.grpc_client.ReportWorkerBacklog.OnReplyReceived - 600 total (0 active), Execution time: mean = 16.389 us, total = 9.833 ms, Queueing time: mean = 35.778 us, max = 302.316 us, min = 12.310 us, total = 21.467 ms
	CoreWorker.InternalHeartbeat - 600 total (1 active), Execution time: mean = 109.352 us, total = 65.611 ms, Queueing time: mean = 110.076 us, max = 25.250 ms, min = -0.027 s, total = 66.045 ms
	CoreWorker.ExitIfParentRayletDies - 600 total (1 active), Execution time: mean = 7.125 us, total = 4.275 ms, Queueing time: mean = 72.149 us, max = 25.230 ms, min = -0.027 s, total = 43.290 ms
	NodeManagerService.grpc_client.ReportWorkerBacklog - 600 total (0 active), Execution time: mean = 673.313 us, total = 403.988 ms, Queueing time: mean = 0.000 s, max = -0.000 s, min = 9223372036.855 s, total = 0.000 s
	CoreWorker.RecordMetrics - 120 total (1 active), Execution time: mean = 17.854 us, total = 2.142 ms, Queueing time: mean = 107.335 us, max = 12.334 ms, min = -0.010 s, total = 12.880 ms
	CoreWorker.GCStreamingGeneratorMetadata - 60 total (1 active), Execution time: mean = 3.758 us, total = 225.505 us, Queueing time: mean = 128.074 us, max = 12.162 ms, min = -0.011 s, total = 7.684 ms
	CoreWorker.PrintEventStats - 10 total (1 active, 1 running), Execution time: mean = 163.959 us, total = 1.640 ms, Queueing time: mean = 140.609 us, max = 836.066 us, min = -0.000 s, total = 1.406 ms
	PeriodicalRunner.RunFnPeriodically - 7 total (0 active), Execution time: mean = 73.277 us, total = 512.941 us, Queueing time: mean = 421.216 us, max = 778.672 us, min = 38.374 us, total = 2.949 ms
	Publisher.CheckDeadSubscribers - 3 total (1 active), Execution time: mean = 3.949 us, total = 11.847 us, Queueing time: mean = 406.982 us, max = 1.030 ms, min = 190.682 us, total = 1.221 ms
	ray::rpc::InternalPubSubGcsService.grpc_client.GcsSubscriberPoll - 2 total (1 active), Execution time: mean = 299.172 s, total = 598.344 s, Queueing time: mean = 0.000 s, max = -0.000 s, min = 9223372036.855 s, total = 0.000 s
	ray::rpc::NodeInfoGcsService.grpc_client.GetAllNodeInfo - 1 total (0 active), Execution time: mean = 2.901 ms, total = 2.901 ms, Queueing time: mean = 0.000 s, max = -0.000 s, min = 9223372036.855 s, total = 0.000 s
	ray::rpc::InternalPubSubGcsService.grpc_client.GcsSubscriberCommandBatch - 1 total (0 active), Execution time: mean = 13.181 ms, total = 13.181 ms, Queueing time: mean = 0.000 s, max = -0.000 s, min = 9223372036.855 s, total = 0.000 s
	ray::rpc::InternalPubSubGcsService.grpc_client.GcsSubscriberCommandBatch.OnReplyReceived - 1 total (0 active), Execution time: mean = 94.315 us, total = 94.315 us, Queueing time: mean = 5.221 us, max = 5.221 us, min = 5.221 us, total = 5.221 us
	ray::rpc::NodeInfoGcsService.grpc_client.GetAllNodeInfo.OnReplyReceived - 1 total (0 active), Execution time: mean = 72.271 us, total = 72.271 us, Queueing time: mean = 11.321 us, max = 11.321 us, min = 11.321 us, total = 11.321 us
	ray::rpc::InternalPubSubGcsService.grpc_client.GcsSubscriberPoll.OnReplyReceived - 1 total (0 active), Execution time: mean = 106.336 us, total = 106.336 us, Queueing time: mean = 112.002 us, max = 112.002 us, min = 112.002 us, total = 112.002 us
	ray::rpc::WorkerInfoGcsService.grpc_client.AddWorkerInfo - 1 total (0 active), Execution time: mean = 13.881 ms, total = 13.881 ms, Queueing time: mean = 0.000 s, max = -0.000 s, min = 9223372036.855 s, total = 0.000 s
	ray::rpc::WorkerInfoGcsService.grpc_client.AddWorkerInfo.OnReplyReceived - 1 total (0 active), Execution time: mean = 25.997 us, total = 25.997 us, Queueing time: mean = 46.113 us, max = 46.113 us, min = 46.113 us, total = 46.113 us

-----------------
Task Event stats:

IO Service Stats:

Global stats: 1801 total (1 active)
Queueing time: mean = 218.530 us, max = 24.494 ms, min = -0.009 s, total = 393.573 ms
Execution time:  mean = 272.888 us, total = 491.472 ms
Event stats:
	ray::rpc::TaskInfoGcsService.grpc_client.AddTaskEventData.OnReplyReceived - 600 total (0 active), Execution time: mean = 22.697 us, total = 13.618 ms, Queueing time: mean = 39.283 us, max = 2.167 ms, min = 11.740 us, total = 23.570 ms
	CoreWorker.deadline_timer.flush_task_events - 600 total (1 active), Execution time: mean = 133.611 us, total = 80.166 ms, Queueing time: mean = 616.052 us, max = 24.494 ms, min = -0.009 s, total = 369.631 ms
	ray::rpc::TaskInfoGcsService.grpc_client.AddTaskEventData - 600 total (0 active), Execution time: mean = 662.461 us, total = 397.476 ms, Queueing time: mean = 0.000 s, max = -0.000 s, min = 9223372036.855 s, total = 0.000 s
	PeriodicalRunner.RunFnPeriodically - 1 total (0 active), Execution time: mean = 210.601 us, total = 210.601 us, Queueing time: mean = 371.545 us, max = 371.545 us, min = 371.545 us, total = 371.545 us
Other Stats:
	grpc_in_progress:0
	current number of task status events in buffer: 0
	current number of profile events in buffer: 0
	current number of dropped task attempts tracked: 0
	total task events sent: 0 MiB
	total number of task attempts sent: 0
	total number of task attempts dropped reported: 0
	total number of sent failure: 0
	num status task events dropped: 0
	num profile task events dropped: 0


[2025-02-15 21:12:18,471 I 450 1109] core_worker.cc:642: Event stats:


Global stats: 9459 total (8 active)
Queueing time: mean = 112.683 us, max = 25.250 ms, min = -0.027 s, total = 1.066 s
Execution time:  mean = 63.323 ms, total = 598.970 s
Event stats:
	CoreWorker.RecoverObjects - 6591 total (1 active), Execution time: mean = 5.849 us, total = 38.554 ms, Queueing time: mean = 137.472 us, max = 8.403 ms, min = -0.001 s, total = 906.075 ms
	NodeManagerService.grpc_client.ReportWorkerBacklog.OnReplyReceived - 660 total (0 active), Execution time: mean = 16.646 us, total = 10.987 ms, Queueing time: mean = 36.553 us, max = 302.316 us, min = 12.310 us, total = 24.125 ms
	CoreWorker.InternalHeartbeat - 660 total (1 active), Execution time: mean = 112.149 us, total = 74.018 ms, Queueing time: mean = 107.089 us, max = 25.250 ms, min = -0.027 s, total = 70.679 ms
	CoreWorker.ExitIfParentRayletDies - 660 total (1 active), Execution time: mean = 7.083 us, total = 4.674 ms, Queueing time: mean = 69.339 us, max = 25.230 ms, min = -0.027 s, total = 45.764 ms
	NodeManagerService.grpc_client.ReportWorkerBacklog - 660 total (0 active), Execution time: mean = 701.634 us, total = 463.078 ms, Queueing time: mean = 0.000 s, max = -0.000 s, min = 9223372036.855 s, total = 0.000 s
	CoreWorker.RecordMetrics - 132 total (1 active), Execution time: mean = 17.745 us, total = 2.342 ms, Queueing time: mean = 101.480 us, max = 12.334 ms, min = -0.010 s, total = 13.395 ms
	CoreWorker.GCStreamingGeneratorMetadata - 66 total (1 active), Execution time: mean = 3.677 us, total = 242.681 us, Queueing time: mean = 437.152 ns, max = 12.162 ms, min = -0.011 s, total = 28.852 us
	CoreWorker.PrintEventStats - 11 total (1 active, 1 running), Execution time: mean = 165.228 us, total = 1.818 ms, Queueing time: mean = 132.675 us, max = 836.066 us, min = -0.000 s, total = 1.459 ms
	PeriodicalRunner.RunFnPeriodically - 7 total (0 active), Execution time: mean = 73.277 us, total = 512.941 us, Queueing time: mean = 421.216 us, max = 778.672 us, min = 38.374 us, total = 2.949 ms
	Publisher.CheckDeadSubscribers - 3 total (1 active), Execution time: mean = 3.949 us, total = 11.847 us, Queueing time: mean = 406.982 us, max = 1.030 ms, min = 190.682 us, total = 1.221 ms
	ray::rpc::InternalPubSubGcsService.grpc_client.GcsSubscriberPoll - 2 total (1 active), Execution time: mean = 299.172 s, total = 598.344 s, Queueing time: mean = 0.000 s, max = -0.000 s, min = 9223372036.855 s, total = 0.000 s
	ray::rpc::NodeInfoGcsService.grpc_client.GetAllNodeInfo - 1 total (0 active), Execution time: mean = 2.901 ms, total = 2.901 ms, Queueing time: mean = 0.000 s, max = -0.000 s, min = 9223372036.855 s, total = 0.000 s
	ray::rpc::InternalPubSubGcsService.grpc_client.GcsSubscriberCommandBatch - 1 total (0 active), Execution time: mean = 13.181 ms, total = 13.181 ms, Queueing time: mean = 0.000 s, max = -0.000 s, min = 9223372036.855 s, total = 0.000 s
	ray::rpc::InternalPubSubGcsService.grpc_client.GcsSubscriberCommandBatch.OnReplyReceived - 1 total (0 active), Execution time: mean = 94.315 us, total = 94.315 us, Queueing time: mean = 5.221 us, max = 5.221 us, min = 5.221 us, total = 5.221 us
	ray::rpc::NodeInfoGcsService.grpc_client.GetAllNodeInfo.OnReplyReceived - 1 total (0 active), Execution time: mean = 72.271 us, total = 72.271 us, Queueing time: mean = 11.321 us, max = 11.321 us, min = 11.321 us, total = 11.321 us
	ray::rpc::InternalPubSubGcsService.grpc_client.GcsSubscriberPoll.OnReplyReceived - 1 total (0 active), Execution time: mean = 106.336 us, total = 106.336 us, Queueing time: mean = 112.002 us, max = 112.002 us, min = 112.002 us, total = 112.002 us
	ray::rpc::WorkerInfoGcsService.grpc_client.AddWorkerInfo - 1 total (0 active), Execution time: mean = 13.881 ms, total = 13.881 ms, Queueing time: mean = 0.000 s, max = -0.000 s, min = 9223372036.855 s, total = 0.000 s
	ray::rpc::WorkerInfoGcsService.grpc_client.AddWorkerInfo.OnReplyReceived - 1 total (0 active), Execution time: mean = 25.997 us, total = 25.997 us, Queueing time: mean = 46.113 us, max = 46.113 us, min = 46.113 us, total = 46.113 us

-----------------
Task Event stats:

IO Service Stats:

Global stats: 1981 total (1 active)
Queueing time: mean = 217.197 us, max = 24.494 ms, min = -0.009 s, total = 430.267 ms
Execution time:  mean = 265.257 us, total = 525.474 ms
Event stats:
	ray::rpc::TaskInfoGcsService.grpc_client.AddTaskEventData.OnReplyReceived - 660 total (0 active), Execution time: mean = 22.284 us, total = 14.707 ms, Queueing time: mean = 38.270 us, max = 2.167 ms, min = 11.740 us, total = 25.258 ms
	CoreWorker.deadline_timer.flush_task_events - 660 total (1 active), Execution time: mean = 130.981 us, total = 86.447 ms, Queueing time: mean = 613.087 us, max = 24.494 ms, min = -0.009 s, total = 404.637 ms
	ray::rpc::TaskInfoGcsService.grpc_client.AddTaskEventData - 660 total (0 active), Execution time: mean = 642.589 us, total = 424.109 ms, Queueing time: mean = 0.000 s, max = -0.000 s, min = 9223372036.855 s, total = 0.000 s
	PeriodicalRunner.RunFnPeriodically - 1 total (0 active), Execution time: mean = 210.601 us, total = 210.601 us, Queueing time: mean = 371.545 us, max = 371.545 us, min = 371.545 us, total = 371.545 us
Other Stats:
	grpc_in_progress:0
	current number of task status events in buffer: 0
	current number of profile events in buffer: 0
	current number of dropped task attempts tracked: 0
	total task events sent: 0 MiB
	total number of task attempts sent: 0
	total number of task attempts dropped reported: 0
	total number of sent failure: 0
	num status task events dropped: 0
	num profile task events dropped: 0


[2025-02-15 21:13:18,472 I 450 1109] core_worker.cc:642: Event stats:


Global stats: 10317 total (8 active)
Queueing time: mean = 112.957 us, max = 25.250 ms, min = -0.027 s, total = 1.165 s
Execution time:  mean = 58.064 ms, total = 599.043 s
Event stats:
	CoreWorker.RecoverObjects - 7190 total (1 active), Execution time: mean = 5.848 us, total = 42.046 ms, Queueing time: mean = 137.031 us, max = 8.403 ms, min = -0.001 s, total = 985.255 ms
	NodeManagerService.grpc_client.ReportWorkerBacklog.OnReplyReceived - 720 total (0 active), Execution time: mean = 16.750 us, total = 12.060 ms, Queueing time: mean = 37.316 us, max = 302.316 us, min = 9.745 us, total = 26.868 ms
	CoreWorker.InternalHeartbeat - 720 total (1 active), Execution time: mean = 112.766 us, total = 81.191 ms, Queueing time: mean = 108.329 us, max = 25.250 ms, min = -0.027 s, total = 77.997 ms
	CoreWorker.ExitIfParentRayletDies - 720 total (1 active), Execution time: mean = 7.059 us, total = 5.082 ms, Queueing time: mean = 68.282 us, max = 25.230 ms, min = -0.027 s, total = 49.163 ms
	NodeManagerService.grpc_client.ReportWorkerBacklog - 720 total (0 active), Execution time: mean = 726.691 us, total = 523.218 ms, Queueing time: mean = 0.000 s, max = -0.000 s, min = 9223372036.855 s, total = 0.000 s
	CoreWorker.RecordMetrics - 144 total (1 active), Execution time: mean = 17.971 us, total = 2.588 ms, Queueing time: mean = 100.187 us, max = 12.334 ms, min = -0.010 s, total = 14.427 ms
	CoreWorker.GCStreamingGeneratorMetadata - 72 total (1 active), Execution time: mean = 3.663 us, total = 263.752 us, Queueing time: mean = 80.700 us, max = 12.162 ms, min = -0.011 s, total = 5.810 ms
	CoreWorker.PrintEventStats - 12 total (1 active, 1 running), Execution time: mean = 168.080 us, total = 2.017 ms, Queueing time: mean = 126.306 us, max = 836.066 us, min = -0.000 s, total = 1.516 ms
	PeriodicalRunner.RunFnPeriodically - 7 total (0 active), Execution time: mean = 73.277 us, total = 512.941 us, Queueing time: mean = 421.216 us, max = 778.672 us, min = 38.374 us, total = 2.949 ms
	Publisher.CheckDeadSubscribers - 3 total (1 active), Execution time: mean = 3.949 us, total = 11.847 us, Queueing time: mean = 406.982 us, max = 1.030 ms, min = 190.682 us, total = 1.221 ms
	ray::rpc::InternalPubSubGcsService.grpc_client.GcsSubscriberPoll - 2 total (1 active), Execution time: mean = 299.172 s, total = 598.344 s, Queueing time: mean = 0.000 s, max = -0.000 s, min = 9223372036.855 s, total = 0.000 s
	ray::rpc::NodeInfoGcsService.grpc_client.GetAllNodeInfo - 1 total (0 active), Execution time: mean = 2.901 ms, total = 2.901 ms, Queueing time: mean = 0.000 s, max = -0.000 s, min = 9223372036.855 s, total = 0.000 s
	ray::rpc::InternalPubSubGcsService.grpc_client.GcsSubscriberCommandBatch - 1 total (0 active), Execution time: mean = 13.181 ms, total = 13.181 ms, Queueing time: mean = 0.000 s, max = -0.000 s, min = 9223372036.855 s, total = 0.000 s
	ray::rpc::InternalPubSubGcsService.grpc_client.GcsSubscriberCommandBatch.OnReplyReceived - 1 total (0 active), Execution time: mean = 94.315 us, total = 94.315 us, Queueing time: mean = 5.221 us, max = 5.221 us, min = 5.221 us, total = 5.221 us
	ray::rpc::NodeInfoGcsService.grpc_client.GetAllNodeInfo.OnReplyReceived - 1 total (0 active), Execution time: mean = 72.271 us, total = 72.271 us, Queueing time: mean = 11.321 us, max = 11.321 us, min = 11.321 us, total = 11.321 us
	ray::rpc::InternalPubSubGcsService.grpc_client.GcsSubscriberPoll.OnReplyReceived - 1 total (0 active), Execution time: mean = 106.336 us, total = 106.336 us, Queueing time: mean = 112.002 us, max = 112.002 us, min = 112.002 us, total = 112.002 us
	ray::rpc::WorkerInfoGcsService.grpc_client.AddWorkerInfo - 1 total (0 active), Execution time: mean = 13.881 ms, total = 13.881 ms, Queueing time: mean = 0.000 s, max = -0.000 s, min = 9223372036.855 s, total = 0.000 s
	ray::rpc::WorkerInfoGcsService.grpc_client.AddWorkerInfo.OnReplyReceived - 1 total (0 active), Execution time: mean = 25.997 us, total = 25.997 us, Queueing time: mean = 46.113 us, max = 46.113 us, min = 46.113 us, total = 46.113 us

-----------------
Task Event stats:

IO Service Stats:

Global stats: 2161 total (1 active)
Queueing time: mean = 216.004 us, max = 24.494 ms, min = -0.009 s, total = 466.785 ms
Execution time:  mean = 262.983 us, total = 568.306 ms
Event stats:
	ray::rpc::TaskInfoGcsService.grpc_client.AddTaskEventData.OnReplyReceived - 720 total (0 active), Execution time: mean = 22.260 us, total = 16.027 ms, Queueing time: mean = 37.913 us, max = 2.167 ms, min = 11.740 us, total = 27.297 ms
	CoreWorker.deadline_timer.flush_task_events - 720 total (1 active), Execution time: mean = 130.270 us, total = 93.794 ms, Queueing time: mean = 609.884 us, max = 24.494 ms, min = -0.009 s, total = 439.116 ms
	ray::rpc::TaskInfoGcsService.grpc_client.AddTaskEventData - 720 total (0 active), Execution time: mean = 636.491 us, total = 458.274 ms, Queueing time: mean = 0.000 s, max = -0.000 s, min = 9223372036.855 s, total = 0.000 s
	PeriodicalRunner.RunFnPeriodically - 1 total (0 active), Execution time: mean = 210.601 us, total = 210.601 us, Queueing time: mean = 371.545 us, max = 371.545 us, min = 371.545 us, total = 371.545 us
Other Stats:
	grpc_in_progress:0
	current number of task status events in buffer: 0
	current number of profile events in buffer: 0
	current number of dropped task attempts tracked: 0
	total task events sent: 0 MiB
	total number of task attempts sent: 0
	total number of task attempts dropped reported: 0
	total number of sent failure: 0
	num status task events dropped: 0
	num profile task events dropped: 0


[2025-02-15 21:14:18,472 I 450 1109] core_worker.cc:642: Event stats:


Global stats: 11175 total (8 active)
Queueing time: mean = 119.062 us, max = 25.250 ms, min = -0.027 s, total = 1.331 s
Execution time:  mean = 53.613 ms, total = 599.125 s
Event stats:
	CoreWorker.RecoverObjects - 7789 total (1 active), Execution time: mean = 5.842 us, total = 45.506 ms, Queueing time: mean = 143.740 us, max = 8.403 ms, min = -0.001 s, total = 1.120 s
	NodeManagerService.grpc_client.ReportWorkerBacklog.OnReplyReceived - 780 total (0 active), Execution time: mean = 16.938 us, total = 13.211 ms, Queueing time: mean = 40.389 us, max = 1.461 ms, min = 9.745 us, total = 31.503 ms
	CoreWorker.InternalHeartbeat - 780 total (1 active), Execution time: mean = 115.428 us, total = 90.034 ms, Queueing time: mean = 105.572 us, max = 25.250 ms, min = -0.027 s, total = 82.346 ms
	CoreWorker.ExitIfParentRayletDies - 780 total (1 active), Execution time: mean = 7.098 us, total = 5.536 ms, Queueing time: mean = 74.975 us, max = 25.230 ms, min = -0.027 s, total = 58.481 ms
	NodeManagerService.grpc_client.ReportWorkerBacklog - 780 total (0 active), Execution time: mean = 757.867 us, total = 591.136 ms, Queueing time: mean = 0.000 s, max = -0.000 s, min = 9223372036.855 s, total = 0.000 s
	CoreWorker.RecordMetrics - 156 total (1 active), Execution time: mean = 18.181 us, total = 2.836 ms, Queueing time: mean = 98.164 us, max = 13.119 ms, min = -0.011 s, total = 15.314 ms
	CoreWorker.GCStreamingGeneratorMetadata - 78 total (1 active), Execution time: mean = 3.670 us, total = 286.274 us, Queueing time: mean = 221.653 us, max = 14.219 ms, min = -0.011 s, total = 17.289 ms
	CoreWorker.PrintEventStats - 13 total (1 active, 1 running), Execution time: mean = 172.565 us, total = 2.243 ms, Queueing time: mean = 127.174 us, max = 836.066 us, min = -0.000 s, total = 1.653 ms
	PeriodicalRunner.RunFnPeriodically - 7 total (0 active), Execution time: mean = 73.277 us, total = 512.941 us, Queueing time: mean = 421.216 us, max = 778.672 us, min = 38.374 us, total = 2.949 ms
	Publisher.CheckDeadSubscribers - 3 total (1 active), Execution time: mean = 3.949 us, total = 11.847 us, Queueing time: mean = 406.982 us, max = 1.030 ms, min = 190.682 us, total = 1.221 ms
	ray::rpc::InternalPubSubGcsService.grpc_client.GcsSubscriberPoll - 2 total (1 active), Execution time: mean = 299.172 s, total = 598.344 s, Queueing time: mean = 0.000 s, max = -0.000 s, min = 9223372036.855 s, total = 0.000 s
	ray::rpc::NodeInfoGcsService.grpc_client.GetAllNodeInfo - 1 total (0 active), Execution time: mean = 2.901 ms, total = 2.901 ms, Queueing time: mean = 0.000 s, max = -0.000 s, min = 9223372036.855 s, total = 0.000 s
	ray::rpc::InternalPubSubGcsService.grpc_client.GcsSubscriberCommandBatch - 1 total (0 active), Execution time: mean = 13.181 ms, total = 13.181 ms, Queueing time: mean = 0.000 s, max = -0.000 s, min = 9223372036.855 s, total = 0.000 s
	ray::rpc::InternalPubSubGcsService.grpc_client.GcsSubscriberCommandBatch.OnReplyReceived - 1 total (0 active), Execution time: mean = 94.315 us, total = 94.315 us, Queueing time: mean = 5.221 us, max = 5.221 us, min = 5.221 us, total = 5.221 us
	ray::rpc::NodeInfoGcsService.grpc_client.GetAllNodeInfo.OnReplyReceived - 1 total (0 active), Execution time: mean = 72.271 us, total = 72.271 us, Queueing time: mean = 11.321 us, max = 11.321 us, min = 11.321 us, total = 11.321 us
	ray::rpc::InternalPubSubGcsService.grpc_client.GcsSubscriberPoll.OnReplyReceived - 1 total (0 active), Execution time: mean = 106.336 us, total = 106.336 us, Queueing time: mean = 112.002 us, max = 112.002 us, min = 112.002 us, total = 112.002 us
	ray::rpc::WorkerInfoGcsService.grpc_client.AddWorkerInfo - 1 total (0 active), Execution time: mean = 13.881 ms, total = 13.881 ms, Queueing time: mean = 0.000 s, max = -0.000 s, min = 9223372036.855 s, total = 0.000 s
	ray::rpc::WorkerInfoGcsService.grpc_client.AddWorkerInfo.OnReplyReceived - 1 total (0 active), Execution time: mean = 25.997 us, total = 25.997 us, Queueing time: mean = 46.113 us, max = 46.113 us, min = 46.113 us, total = 46.113 us

-----------------
Task Event stats:

IO Service Stats:

Global stats: 2341 total (1 active)
Queueing time: mean = 220.555 us, max = 24.494 ms, min = -0.009 s, total = 516.319 ms
Execution time:  mean = 272.832 us, total = 638.699 ms
Event stats:
	ray::rpc::TaskInfoGcsService.grpc_client.AddTaskEventData.OnReplyReceived - 780 total (0 active), Execution time: mean = 30.111 us, total = 23.486 ms, Queueing time: mean = 37.902 us, max = 2.167 ms, min = 11.740 us, total = 29.564 ms
	CoreWorker.deadline_timer.flush_task_events - 780 total (1 active), Execution time: mean = 130.097 us, total = 101.476 ms, Queueing time: mean = 623.569 us, max = 24.494 ms, min = -0.009 s, total = 486.384 ms
	ray::rpc::TaskInfoGcsService.grpc_client.AddTaskEventData - 780 total (0 active), Execution time: mean = 658.367 us, total = 513.526 ms, Queueing time: mean = 0.000 s, max = -0.000 s, min = 9223372036.855 s, total = 0.000 s
	PeriodicalRunner.RunFnPeriodically - 1 total (0 active), Execution time: mean = 210.601 us, total = 210.601 us, Queueing time: mean = 371.545 us, max = 371.545 us, min = 371.545 us, total = 371.545 us
Other Stats:
	grpc_in_progress:0
	current number of task status events in buffer: 0
	current number of profile events in buffer: 0
	current number of dropped task attempts tracked: 0
	total task events sent: 0 MiB
	total number of task attempts sent: 0
	total number of task attempts dropped reported: 0
	total number of sent failure: 0
	num status task events dropped: 0
	num profile task events dropped: 0


[2025-02-15 21:15:18,472 I 450 1109] core_worker.cc:642: Event stats:


Global stats: 12033 total (8 active)
Queueing time: mean = 116.775 us, max = 25.250 ms, min = -0.027 s, total = 1.405 s
Execution time:  mean = 49.795 ms, total = 599.186 s
Event stats:
	CoreWorker.RecoverObjects - 8388 total (1 active), Execution time: mean = 5.854 us, total = 49.100 ms, Queueing time: mean = 141.825 us, max = 8.403 ms, min = -0.001 s, total = 1.190 s
	NodeManagerService.grpc_client.ReportWorkerBacklog.OnReplyReceived - 840 total (0 active), Execution time: mean = 16.998 us, total = 14.278 ms, Queueing time: mean = 40.115 us, max = 1.461 ms, min = 9.745 us, total = 33.697 ms
	CoreWorker.InternalHeartbeat - 840 total (1 active), Execution time: mean = 115.160 us, total = 96.735 ms, Queueing time: mean = 107.843 us, max = 25.250 ms, min = -0.027 s, total = 90.588 ms
	CoreWorker.ExitIfParentRayletDies - 840 total (1 active), Execution time: mean = 7.109 us, total = 5.971 ms, Queueing time: mean = 73.818 us, max = 25.230 ms, min = -0.027 s, total = 62.007 ms
	NodeManagerService.grpc_client.ReportWorkerBacklog - 840 total (0 active), Execution time: mean = 760.838 us, total = 639.104 ms, Queueing time: mean = 0.000 s, max = -0.000 s, min = 9223372036.855 s, total = 0.000 s
	CoreWorker.RecordMetrics - 168 total (1 active), Execution time: mean = 18.273 us, total = 3.070 ms, Queueing time: mean = 94.969 us, max = 13.119 ms, min = -0.011 s, total = 15.955 ms
	CoreWorker.GCStreamingGeneratorMetadata - 84 total (1 active), Execution time: mean = 3.816 us, total = 320.584 us, Queueing time: mean = 86.988 us, max = 14.219 ms, min = -0.012 s, total = 7.307 ms
	CoreWorker.PrintEventStats - 14 total (1 active, 1 running), Execution time: mean = 174.311 us, total = 2.440 ms, Queueing time: mean = 115.819 us, max = 836.066 us, min = -0.000 s, total = 1.621 ms
	PeriodicalRunner.RunFnPeriodically - 7 total (0 active), Execution time: mean = 73.277 us, total = 512.941 us, Queueing time: mean = 421.216 us, max = 778.672 us, min = 38.374 us, total = 2.949 ms
	Publisher.CheckDeadSubscribers - 3 total (1 active), Execution time: mean = 3.949 us, total = 11.847 us, Queueing time: mean = 406.982 us, max = 1.030 ms, min = 190.682 us, total = 1.221 ms
	ray::rpc::InternalPubSubGcsService.grpc_client.GcsSubscriberPoll - 2 total (1 active), Execution time: mean = 299.172 s, total = 598.344 s, Queueing time: mean = 0.000 s, max = -0.000 s, min = 9223372036.855 s, total = 0.000 s
	ray::rpc::NodeInfoGcsService.grpc_client.GetAllNodeInfo - 1 total (0 active), Execution time: mean = 2.901 ms, total = 2.901 ms, Queueing time: mean = 0.000 s, max = -0.000 s, min = 9223372036.855 s, total = 0.000 s
	ray::rpc::InternalPubSubGcsService.grpc_client.GcsSubscriberCommandBatch - 1 total (0 active), Execution time: mean = 13.181 ms, total = 13.181 ms, Queueing time: mean = 0.000 s, max = -0.000 s, min = 9223372036.855 s, total = 0.000 s
	ray::rpc::InternalPubSubGcsService.grpc_client.GcsSubscriberCommandBatch.OnReplyReceived - 1 total (0 active), Execution time: mean = 94.315 us, total = 94.315 us, Queueing time: mean = 5.221 us, max = 5.221 us, min = 5.221 us, total = 5.221 us
	ray::rpc::NodeInfoGcsService.grpc_client.GetAllNodeInfo.OnReplyReceived - 1 total (0 active), Execution time: mean = 72.271 us, total = 72.271 us, Queueing time: mean = 11.321 us, max = 11.321 us, min = 11.321 us, total = 11.321 us
	ray::rpc::InternalPubSubGcsService.grpc_client.GcsSubscriberPoll.OnReplyReceived - 1 total (0 active), Execution time: mean = 106.336 us, total = 106.336 us, Queueing time: mean = 112.002 us, max = 112.002 us, min = 112.002 us, total = 112.002 us
	ray::rpc::WorkerInfoGcsService.grpc_client.AddWorkerInfo - 1 total (0 active), Execution time: mean = 13.881 ms, total = 13.881 ms, Queueing time: mean = 0.000 s, max = -0.000 s, min = 9223372036.855 s, total = 0.000 s
	ray::rpc::WorkerInfoGcsService.grpc_client.AddWorkerInfo.OnReplyReceived - 1 total (0 active), Execution time: mean = 25.997 us, total = 25.997 us, Queueing time: mean = 46.113 us, max = 46.113 us, min = 46.113 us, total = 46.113 us

-----------------
Task Event stats:

IO Service Stats:

Global stats: 2521 total (1 active)
Queueing time: mean = 219.518 us, max = 24.494 ms, min = -0.009 s, total = 553.406 ms
Execution time:  mean = 268.767 us, total = 677.562 ms
Event stats:
	ray::rpc::TaskInfoGcsService.grpc_client.AddTaskEventData.OnReplyReceived - 840 total (0 active), Execution time: mean = 29.548 us, total = 24.820 ms, Queueing time: mean = 37.214 us, max = 2.167 ms, min = 11.740 us, total = 31.260 ms
	CoreWorker.deadline_timer.flush_task_events - 840 total (1 active), Execution time: mean = 129.625 us, total = 108.885 ms, Queueing time: mean = 621.160 us, max = 24.494 ms, min = -0.009 s, total = 521.774 ms
	ray::rpc::TaskInfoGcsService.grpc_client.AddTaskEventData - 840 total (0 active), Execution time: mean = 647.198 us, total = 543.646 ms, Queueing time: mean = 0.000 s, max = -0.000 s, min = 9223372036.855 s, total = 0.000 s
	PeriodicalRunner.RunFnPeriodically - 1 total (0 active), Execution time: mean = 210.601 us, total = 210.601 us, Queueing time: mean = 371.545 us, max = 371.545 us, min = 371.545 us, total = 371.545 us
Other Stats:
	grpc_in_progress:0
	current number of task status events in buffer: 0
	current number of profile events in buffer: 0
	current number of dropped task attempts tracked: 0
	total task events sent: 0 MiB
	total number of task attempts sent: 0
	total number of task attempts dropped reported: 0
	total number of sent failure: 0
	num status task events dropped: 0
	num profile task events dropped: 0


[2025-02-15 21:16:18,472 I 450 1109] core_worker.cc:642: Event stats:


Global stats: 12895 total (8 active)
Queueing time: mean = 116.628 us, max = 25.250 ms, min = -0.027 s, total = 1.504 s
Execution time:  mean = 69.752 ms, total = 899.452 s
Event stats:
	CoreWorker.RecoverObjects - 8988 total (1 active), Execution time: mean = 5.770 us, total = 51.861 ms, Queueing time: mean = 140.744 us, max = 8.403 ms, min = -0.001 s, total = 1.265 s
	NodeManagerService.grpc_client.ReportWorkerBacklog.OnReplyReceived - 900 total (0 active), Execution time: mean = 17.047 us, total = 15.342 ms, Queueing time: mean = 40.898 us, max = 1.461 ms, min = 9.745 us, total = 36.808 ms
	CoreWorker.InternalHeartbeat - 900 total (1 active), Execution time: mean = 115.907 us, total = 104.316 ms, Queueing time: mean = 107.729 us, max = 25.250 ms, min = -0.027 s, total = 96.956 ms
	CoreWorker.ExitIfParentRayletDies - 900 total (1 active), Execution time: mean = 7.052 us, total = 6.347 ms, Queueing time: mean = 72.621 us, max = 25.230 ms, min = -0.027 s, total = 65.359 ms
	NodeManagerService.grpc_client.ReportWorkerBacklog - 900 total (0 active), Execution time: mean = 774.096 us, total = 696.686 ms, Queueing time: mean = 0.000 s, max = -0.000 s, min = 9223372036.855 s, total = 0.000 s
	CoreWorker.RecordMetrics - 180 total (1 active), Execution time: mean = 18.125 us, total = 3.263 ms, Queueing time: mean = 91.438 us, max = 13.119 ms, min = -0.011 s, total = 16.459 ms
	CoreWorker.GCStreamingGeneratorMetadata - 90 total (1 active), Execution time: mean = 3.819 us, total = 343.684 us, Queueing time: mean = 190.727 us, max = 14.219 ms, min = -0.012 s, total = 17.165 ms
	CoreWorker.PrintEventStats - 15 total (1 active, 1 running), Execution time: mean = 173.113 us, total = 2.597 ms, Queueing time: mean = 112.433 us, max = 836.066 us, min = -0.000 s, total = 1.686 ms
	PeriodicalRunner.RunFnPeriodically - 7 total (0 active), Execution time: mean = 73.277 us, total = 512.941 us, Queueing time: mean = 421.216 us, max = 778.672 us, min = 38.374 us, total = 2.949 ms
	Publisher.CheckDeadSubscribers - 4 total (1 active), Execution time: mean = 4.091 us, total = 16.364 us, Queueing time: mean = 333.409 us, max = 1.030 ms, min = 112.690 us, total = 1.334 ms
	ray::rpc::InternalPubSubGcsService.grpc_client.GcsSubscriberPoll - 3 total (1 active), Execution time: mean = 299.513 s, total = 898.540 s, Queueing time: mean = 0.000 s, max = -0.000 s, min = 9223372036.855 s, total = 0.000 s
	ray::rpc::InternalPubSubGcsService.grpc_client.GcsSubscriberPoll.OnReplyReceived - 2 total (0 active), Execution time: mean = 99.131 us, total = 198.262 us, Queueing time: mean = 63.745 us, max = 112.002 us, min = 15.489 us, total = 127.491 us
	ray::rpc::NodeInfoGcsService.grpc_client.GetAllNodeInfo - 1 total (0 active), Execution time: mean = 2.901 ms, total = 2.901 ms, Queueing time: mean = 0.000 s, max = -0.000 s, min = 9223372036.855 s, total = 0.000 s
	ray::rpc::InternalPubSubGcsService.grpc_client.GcsSubscriberCommandBatch - 1 total (0 active), Execution time: mean = 13.181 ms, total = 13.181 ms, Queueing time: mean = 0.000 s, max = -0.000 s, min = 9223372036.855 s, total = 0.000 s
	ray::rpc::InternalPubSubGcsService.grpc_client.GcsSubscriberCommandBatch.OnReplyReceived - 1 total (0 active), Execution time: mean = 94.315 us, total = 94.315 us, Queueing time: mean = 5.221 us, max = 5.221 us, min = 5.221 us, total = 5.221 us
	ray::rpc::NodeInfoGcsService.grpc_client.GetAllNodeInfo.OnReplyReceived - 1 total (0 active), Execution time: mean = 72.271 us, total = 72.271 us, Queueing time: mean = 11.321 us, max = 11.321 us, min = 11.321 us, total = 11.321 us
	ray::rpc::WorkerInfoGcsService.grpc_client.AddWorkerInfo - 1 total (0 active), Execution time: mean = 13.881 ms, total = 13.881 ms, Queueing time: mean = 0.000 s, max = -0.000 s, min = 9223372036.855 s, total = 0.000 s
	ray::rpc::WorkerInfoGcsService.grpc_client.AddWorkerInfo.OnReplyReceived - 1 total (0 active), Execution time: mean = 25.997 us, total = 25.997 us, Queueing time: mean = 46.113 us, max = 46.113 us, min = 46.113 us, total = 46.113 us

-----------------
Task Event stats:

IO Service Stats:

Global stats: 2701 total (1 active)
Queueing time: mean = 221.222 us, max = 24.494 ms, min = -0.009 s, total = 597.520 ms
Execution time:  mean = 263.101 us, total = 710.636 ms
Event stats:
	ray::rpc::TaskInfoGcsService.grpc_client.AddTaskEventData.OnReplyReceived - 900 total (0 active), Execution time: mean = 28.702 us, total = 25.832 ms, Queueing time: mean = 36.231 us, max = 2.167 ms, min = 11.740 us, total = 32.608 ms
	CoreWorker.deadline_timer.flush_task_events - 900 total (1 active), Execution time: mean = 127.740 us, total = 114.966 ms, Queueing time: mean = 627.267 us, max = 24.494 ms, min = -0.009 s, total = 564.540 ms
	ray::rpc::TaskInfoGcsService.grpc_client.AddTaskEventData - 900 total (0 active), Execution time: mean = 632.920 us, total = 569.628 ms, Queueing time: mean = 0.000 s, max = -0.000 s, min = 9223372036.855 s, total = 0.000 s
	PeriodicalRunner.RunFnPeriodically - 1 total (0 active), Execution time: mean = 210.601 us, total = 210.601 us, Queueing time: mean = 371.545 us, max = 371.545 us, min = 371.545 us, total = 371.545 us
Other Stats:
	grpc_in_progress:0
	current number of task status events in buffer: 0
	current number of profile events in buffer: 0
	current number of dropped task attempts tracked: 0
	total task events sent: 0 MiB
	total number of task attempts sent: 0
	total number of task attempts dropped reported: 0
	total number of sent failure: 0
	num status task events dropped: 0
	num profile task events dropped: 0


[2025-02-15 21:17:18,473 I 450 1109] core_worker.cc:642: Event stats:


Global stats: 13753 total (8 active)
Queueing time: mean = 114.516 us, max = 25.250 ms, min = -0.027 s, total = 1.575 s
Execution time:  mean = 65.405 ms, total = 899.521 s
Event stats:
	CoreWorker.RecoverObjects - 9587 total (1 active), Execution time: mean = 5.737 us, total = 55.001 ms, Queueing time: mean = 139.055 us, max = 8.403 ms, min = -0.001 s, total = 1.333 s
	NodeManagerService.grpc_client.ReportWorkerBacklog.OnReplyReceived - 960 total (0 active), Execution time: mean = 17.062 us, total = 16.380 ms, Queueing time: mean = 41.062 us, max = 1.461 ms, min = 9.745 us, total = 39.420 ms
	CoreWorker.InternalHeartbeat - 960 total (1 active), Execution time: mean = 115.942 us, total = 111.304 ms, Queueing time: mean = 108.586 us, max = 25.250 ms, min = -0.027 s, total = 104.243 ms
	CoreWorker.ExitIfParentRayletDies - 960 total (1 active), Execution time: mean = 6.982 us, total = 6.702 ms, Queueing time: mean = 71.938 us, max = 25.230 ms, min = -0.027 s, total = 69.060 ms
	NodeManagerService.grpc_client.ReportWorkerBacklog - 960 total (0 active), Execution time: mean = 785.433 us, total = 754.015 ms, Queueing time: mean = 0.000 s, max = -0.000 s, min = 9223372036.855 s, total = 0.000 s
	CoreWorker.RecordMetrics - 192 total (1 active), Execution time: mean = 18.004 us, total = 3.457 ms, Queueing time: mean = 89.136 us, max = 13.119 ms, min = -0.011 s, total = 17.114 ms
	CoreWorker.GCStreamingGeneratorMetadata - 96 total (1 active), Execution time: mean = 3.793 us, total = 364.086 us, Queueing time: mean = 59.434 us, max = 14.219 ms, min = -0.012 s, total = 5.706 ms
	CoreWorker.PrintEventStats - 16 total (1 active, 1 running), Execution time: mean = 172.844 us, total = 2.765 ms, Queueing time: mean = 112.917 us, max = 836.066 us, min = -0.000 s, total = 1.807 ms
	PeriodicalRunner.RunFnPeriodically - 7 total (0 active), Execution time: mean = 73.277 us, total = 512.941 us, Queueing time: mean = 421.216 us, max = 778.672 us, min = 38.374 us, total = 2.949 ms
	Publisher.CheckDeadSubscribers - 4 total (1 active), Execution time: mean = 4.091 us, total = 16.364 us, Queueing time: mean = 333.409 us, max = 1.030 ms, min = 112.690 us, total = 1.334 ms
	ray::rpc::InternalPubSubGcsService.grpc_client.GcsSubscriberPoll - 3 total (1 active), Execution time: mean = 299.513 s, total = 898.540 s, Queueing time: mean = 0.000 s, max = -0.000 s, min = 9223372036.855 s, total = 0.000 s
	ray::rpc::InternalPubSubGcsService.grpc_client.GcsSubscriberPoll.OnReplyReceived - 2 total (0 active), Execution time: mean = 99.131 us, total = 198.262 us, Queueing time: mean = 63.745 us, max = 112.002 us, min = 15.489 us, total = 127.491 us
	ray::rpc::NodeInfoGcsService.grpc_client.GetAllNodeInfo - 1 total (0 active), Execution time: mean = 2.901 ms, total = 2.901 ms, Queueing time: mean = 0.000 s, max = -0.000 s, min = 9223372036.855 s, total = 0.000 s
	ray::rpc::InternalPubSubGcsService.grpc_client.GcsSubscriberCommandBatch - 1 total (0 active), Execution time: mean = 13.181 ms, total = 13.181 ms, Queueing time: mean = 0.000 s, max = -0.000 s, min = 9223372036.855 s, total = 0.000 s
	ray::rpc::InternalPubSubGcsService.grpc_client.GcsSubscriberCommandBatch.OnReplyReceived - 1 total (0 active), Execution time: mean = 94.315 us, total = 94.315 us, Queueing time: mean = 5.221 us, max = 5.221 us, min = 5.221 us, total = 5.221 us
	ray::rpc::NodeInfoGcsService.grpc_client.GetAllNodeInfo.OnReplyReceived - 1 total (0 active), Execution time: mean = 72.271 us, total = 72.271 us, Queueing time: mean = 11.321 us, max = 11.321 us, min = 11.321 us, total = 11.321 us
	ray::rpc::WorkerInfoGcsService.grpc_client.AddWorkerInfo - 1 total (0 active), Execution time: mean = 13.881 ms, total = 13.881 ms, Queueing time: mean = 0.000 s, max = -0.000 s, min = 9223372036.855 s, total = 0.000 s
	ray::rpc::WorkerInfoGcsService.grpc_client.AddWorkerInfo.OnReplyReceived - 1 total (0 active), Execution time: mean = 25.997 us, total = 25.997 us, Queueing time: mean = 46.113 us, max = 46.113 us, min = 46.113 us, total = 46.113 us

-----------------
Task Event stats:

IO Service Stats:

Global stats: 2881 total (1 active)
Queueing time: mean = 218.295 us, max = 24.494 ms, min = -0.009 s, total = 628.908 ms
Execution time:  mean = 258.005 us, total = 743.313 ms
Event stats:
	ray::rpc::TaskInfoGcsService.grpc_client.AddTaskEventData.OnReplyReceived - 960 total (0 active), Execution time: mean = 28.035 us, total = 26.914 ms, Queueing time: mean = 35.805 us, max = 2.167 ms, min = 11.740 us, total = 34.372 ms
	CoreWorker.deadline_timer.flush_task_events - 960 total (1 active), Execution time: mean = 126.187 us, total = 121.139 ms, Queueing time: mean = 618.920 us, max = 24.494 ms, min = -0.009 s, total = 594.164 ms
	ray::rpc::TaskInfoGcsService.grpc_client.AddTaskEventData - 960 total (0 active), Execution time: mean = 619.842 us, total = 595.049 ms, Queueing time: mean = 0.000 s, max = -0.000 s, min = 9223372036.855 s, total = 0.000 s
	PeriodicalRunner.RunFnPeriodically - 1 total (0 active), Execution time: mean = 210.601 us, total = 210.601 us, Queueing time: mean = 371.545 us, max = 371.545 us, min = 371.545 us, total = 371.545 us
Other Stats:
	grpc_in_progress:0
	current number of task status events in buffer: 0
	current number of profile events in buffer: 0
	current number of dropped task attempts tracked: 0
	total task events sent: 0 MiB
	total number of task attempts sent: 0
	total number of task attempts dropped reported: 0
	total number of sent failure: 0
	num status task events dropped: 0
	num profile task events dropped: 0


[2025-02-15 21:18:18,473 I 450 1109] core_worker.cc:642: Event stats:


Global stats: 14611 total (8 active)
Queueing time: mean = 115.051 us, max = 25.250 ms, min = -0.027 s, total = 1.681 s
Execution time:  mean = 61.569 ms, total = 899.584 s
Event stats:
	CoreWorker.RecoverObjects - 10186 total (1 active), Execution time: mean = 5.768 us, total = 58.756 ms, Queueing time: mean = 139.017 us, max = 8.403 ms, min = -0.001 s, total = 1.416 s
	NodeManagerService.grpc_client.ReportWorkerBacklog.OnReplyReceived - 1020 total (0 active), Execution time: mean = 17.086 us, total = 17.428 ms, Queueing time: mean = 40.897 us, max = 1.461 ms, min = 9.745 us, total = 41.715 ms
	CoreWorker.InternalHeartbeat - 1020 total (1 active), Execution time: mean = 115.407 us, total = 117.715 ms, Queueing time: mean = 109.815 us, max = 25.250 ms, min = -0.027 s, total = 112.012 ms
	CoreWorker.ExitIfParentRayletDies - 1020 total (1 active), Execution time: mean = 7.013 us, total = 7.153 ms, Queueing time: mean = 71.046 us, max = 25.230 ms, min = -0.027 s, total = 72.467 ms
	NodeManagerService.grpc_client.ReportWorkerBacklog - 1020 total (0 active), Execution time: mean = 788.803 us, total = 804.579 ms, Queueing time: mean = 0.000 s, max = -0.000 s, min = 9223372036.855 s, total = 0.000 s
	CoreWorker.RecordMetrics - 204 total (1 active), Execution time: mean = 17.931 us, total = 3.658 ms, Queueing time: mean = 87.094 us, max = 16.831 ms, min = -0.013 s, total = 17.767 ms
	CoreWorker.GCStreamingGeneratorMetadata - 102 total (1 active), Execution time: mean = 3.848 us, total = 392.500 us, Queueing time: mean = 144.234 us, max = 14.219 ms, min = -0.014 s, total = 14.712 ms
	CoreWorker.PrintEventStats - 17 total (1 active, 1 running), Execution time: mean = 186.448 us, total = 3.170 ms, Queueing time: mean = 108.202 us, max = 836.066 us, min = -0.000 s, total = 1.839 ms
	PeriodicalRunner.RunFnPeriodically - 7 total (0 active), Execution time: mean = 73.277 us, total = 512.941 us, Queueing time: mean = 421.216 us, max = 778.672 us, min = 38.374 us, total = 2.949 ms
	Publisher.CheckDeadSubscribers - 4 total (1 active), Execution time: mean = 4.091 us, total = 16.364 us, Queueing time: mean = 333.409 us, max = 1.030 ms, min = 112.690 us, total = 1.334 ms
	ray::rpc::InternalPubSubGcsService.grpc_client.GcsSubscriberPoll - 3 total (1 active), Execution time: mean = 299.513 s, total = 898.540 s, Queueing time: mean = 0.000 s, max = -0.000 s, min = 9223372036.855 s, total = 0.000 s
	ray::rpc::InternalPubSubGcsService.grpc_client.GcsSubscriberPoll.OnReplyReceived - 2 total (0 active), Execution time: mean = 99.131 us, total = 198.262 us, Queueing time: mean = 63.745 us, max = 112.002 us, min = 15.489 us, total = 127.491 us
	ray::rpc::NodeInfoGcsService.grpc_client.GetAllNodeInfo - 1 total (0 active), Execution time: mean = 2.901 ms, total = 2.901 ms, Queueing time: mean = 0.000 s, max = -0.000 s, min = 9223372036.855 s, total = 0.000 s
	ray::rpc::InternalPubSubGcsService.grpc_client.GcsSubscriberCommandBatch - 1 total (0 active), Execution time: mean = 13.181 ms, total = 13.181 ms, Queueing time: mean = 0.000 s, max = -0.000 s, min = 9223372036.855 s, total = 0.000 s
	ray::rpc::InternalPubSubGcsService.grpc_client.GcsSubscriberCommandBatch.OnReplyReceived - 1 total (0 active), Execution time: mean = 94.315 us, total = 94.315 us, Queueing time: mean = 5.221 us, max = 5.221 us, min = 5.221 us, total = 5.221 us
	ray::rpc::NodeInfoGcsService.grpc_client.GetAllNodeInfo.OnReplyReceived - 1 total (0 active), Execution time: mean = 72.271 us, total = 72.271 us, Queueing time: mean = 11.321 us, max = 11.321 us, min = 11.321 us, total = 11.321 us
	ray::rpc::WorkerInfoGcsService.grpc_client.AddWorkerInfo - 1 total (0 active), Execution time: mean = 13.881 ms, total = 13.881 ms, Queueing time: mean = 0.000 s, max = -0.000 s, min = 9223372036.855 s, total = 0.000 s
	ray::rpc::WorkerInfoGcsService.grpc_client.AddWorkerInfo.OnReplyReceived - 1 total (0 active), Execution time: mean = 25.997 us, total = 25.997 us, Queueing time: mean = 46.113 us, max = 46.113 us, min = 46.113 us, total = 46.113 us

-----------------
Task Event stats:

IO Service Stats:

Global stats: 3061 total (1 active)
Queueing time: mean = 220.608 us, max = 24.494 ms, min = -0.009 s, total = 675.281 ms
Execution time:  mean = 255.910 us, total = 783.339 ms
Event stats:
	ray::rpc::TaskInfoGcsService.grpc_client.AddTaskEventData.OnReplyReceived - 1020 total (0 active), Execution time: mean = 27.673 us, total = 28.227 ms, Queueing time: mean = 35.288 us, max = 2.167 ms, min = 7.913 us, total = 35.993 ms
	CoreWorker.deadline_timer.flush_task_events - 1020 total (1 active), Execution time: mean = 127.898 us, total = 130.456 ms, Queueing time: mean = 626.389 us, max = 24.494 ms, min = -0.009 s, total = 638.916 ms
	ray::rpc::TaskInfoGcsService.grpc_client.AddTaskEventData - 1020 total (0 active), Execution time: mean = 612.202 us, total = 624.446 ms, Queueing time: mean = 0.000 s, max = -0.000 s, min = 9223372036.855 s, total = 0.000 s
	PeriodicalRunner.RunFnPeriodically - 1 total (0 active), Execution time: mean = 210.601 us, total = 210.601 us, Queueing time: mean = 371.545 us, max = 371.545 us, min = 371.545 us, total = 371.545 us
Other Stats:
	grpc_in_progress:0
	current number of task status events in buffer: 0
	current number of profile events in buffer: 0
	current number of dropped task attempts tracked: 0
	total task events sent: 0 MiB
	total number of task attempts sent: 0
	total number of task attempts dropped reported: 0
	total number of sent failure: 0
	num status task events dropped: 0
	num profile task events dropped: 0


[2025-02-15 21:19:18,473 I 450 1109] core_worker.cc:642: Event stats:


Global stats: 15469 total (8 active)
Queueing time: mean = 112.948 us, max = 25.250 ms, min = -0.027 s, total = 1.747 s
Execution time:  mean = 58.158 ms, total = 899.651 s
Event stats:
	CoreWorker.RecoverObjects - 10785 total (1 active), Execution time: mean = 5.816 us, total = 62.729 ms, Queueing time: mean = 137.166 us, max = 8.403 ms, min = -0.001 s, total = 1.479 s
	NodeManagerService.grpc_client.ReportWorkerBacklog.OnReplyReceived - 1080 total (0 active), Execution time: mean = 17.131 us, total = 18.502 ms, Queueing time: mean = 41.075 us, max = 1.461 ms, min = 9.745 us, total = 44.361 ms
	CoreWorker.InternalHeartbeat - 1080 total (1 active), Execution time: mean = 115.352 us, total = 124.581 ms, Queueing time: mean = 109.721 us, max = 25.250 ms, min = -0.027 s, total = 118.499 ms
	CoreWorker.ExitIfParentRayletDies - 1080 total (1 active), Execution time: mean = 7.066 us, total = 7.631 ms, Queueing time: mean = 69.999 us, max = 25.230 ms, min = -0.027 s, total = 75.599 ms
	NodeManagerService.grpc_client.ReportWorkerBacklog - 1080 total (0 active), Execution time: mean = 794.536 us, total = 858.099 ms, Queueing time: mean = 0.000 s, max = -0.000 s, min = 9223372036.855 s, total = 0.000 s
	CoreWorker.RecordMetrics - 216 total (1 active), Execution time: mean = 18.018 us, total = 3.892 ms, Queueing time: mean = 84.765 us, max = 16.831 ms, min = -0.013 s, total = 18.309 ms
	CoreWorker.GCStreamingGeneratorMetadata - 108 total (1 active), Execution time: mean = 3.853 us, total = 416.134 us, Queueing time: mean = 42.487 us, max = 14.219 ms, min = -0.014 s, total = 4.589 ms
	CoreWorker.PrintEventStats - 18 total (1 active, 1 running), Execution time: mean = 186.961 us, total = 3.365 ms, Queueing time: mean = 112.388 us, max = 836.066 us, min = -0.000 s, total = 2.023 ms
	PeriodicalRunner.RunFnPeriodically - 7 total (0 active), Execution time: mean = 73.277 us, total = 512.941 us, Queueing time: mean = 421.216 us, max = 778.672 us, min = 38.374 us, total = 2.949 ms
	Publisher.CheckDeadSubscribers - 4 total (1 active), Execution time: mean = 4.091 us, total = 16.364 us, Queueing time: mean = 333.409 us, max = 1.030 ms, min = 112.690 us, total = 1.334 ms
	ray::rpc::InternalPubSubGcsService.grpc_client.GcsSubscriberPoll - 3 total (1 active), Execution time: mean = 299.513 s, total = 898.540 s, Queueing time: mean = 0.000 s, max = -0.000 s, min = 9223372036.855 s, total = 0.000 s
	ray::rpc::InternalPubSubGcsService.grpc_client.GcsSubscriberPoll.OnReplyReceived - 2 total (0 active), Execution time: mean = 99.131 us, total = 198.262 us, Queueing time: mean = 63.745 us, max = 112.002 us, min = 15.489 us, total = 127.491 us
	ray::rpc::NodeInfoGcsService.grpc_client.GetAllNodeInfo - 1 total (0 active), Execution time: mean = 2.901 ms, total = 2.901 ms, Queueing time: mean = 0.000 s, max = -0.000 s, min = 9223372036.855 s, total = 0.000 s
	ray::rpc::InternalPubSubGcsService.grpc_client.GcsSubscriberCommandBatch - 1 total (0 active), Execution time: mean = 13.181 ms, total = 13.181 ms, Queueing time: mean = 0.000 s, max = -0.000 s, min = 9223372036.855 s, total = 0.000 s
	ray::rpc::InternalPubSubGcsService.grpc_client.GcsSubscriberCommandBatch.OnReplyReceived - 1 total (0 active), Execution time: mean = 94.315 us, total = 94.315 us, Queueing time: mean = 5.221 us, max = 5.221 us, min = 5.221 us, total = 5.221 us
	ray::rpc::NodeInfoGcsService.grpc_client.GetAllNodeInfo.OnReplyReceived - 1 total (0 active), Execution time: mean = 72.271 us, total = 72.271 us, Queueing time: mean = 11.321 us, max = 11.321 us, min = 11.321 us, total = 11.321 us
	ray::rpc::WorkerInfoGcsService.grpc_client.AddWorkerInfo - 1 total (0 active), Execution time: mean = 13.881 ms, total = 13.881 ms, Queueing time: mean = 0.000 s, max = -0.000 s, min = 9223372036.855 s, total = 0.000 s
	ray::rpc::WorkerInfoGcsService.grpc_client.AddWorkerInfo.OnReplyReceived - 1 total (0 active), Execution time: mean = 25.997 us, total = 25.997 us, Queueing time: mean = 46.113 us, max = 46.113 us, min = 46.113 us, total = 46.113 us

-----------------
Task Event stats:

IO Service Stats:

Global stats: 3241 total (1 active)
Queueing time: mean = 216.877 us, max = 24.494 ms, min = -0.009 s, total = 702.898 ms
Execution time:  mean = 253.593 us, total = 821.894 ms
Event stats:
	ray::rpc::TaskInfoGcsService.grpc_client.AddTaskEventData.OnReplyReceived - 1080 total (0 active), Execution time: mean = 27.409 us, total = 29.602 ms, Queueing time: mean = 35.210 us, max = 2.167 ms, min = 7.913 us, total = 38.027 ms
	CoreWorker.deadline_timer.flush_task_events - 1080 total (1 active), Execution time: mean = 127.110 us, total = 137.279 ms, Queueing time: mean = 615.277 us, max = 24.494 ms, min = -0.009 s, total = 664.499 ms
	ray::rpc::TaskInfoGcsService.grpc_client.AddTaskEventData - 1080 total (0 active), Execution time: mean = 606.299 us, total = 654.803 ms, Queueing time: mean = 0.000 s, max = -0.000 s, min = 9223372036.855 s, total = 0.000 s
	PeriodicalRunner.RunFnPeriodically - 1 total (0 active), Execution time: mean = 210.601 us, total = 210.601 us, Queueing time: mean = 371.545 us, max = 371.545 us, min = 371.545 us, total = 371.545 us
Other Stats:
	grpc_in_progress:0
	current number of task status events in buffer: 0
	current number of profile events in buffer: 0
	current number of dropped task attempts tracked: 0
	total task events sent: 0 MiB
	total number of task attempts sent: 0
	total number of task attempts dropped reported: 0
	total number of sent failure: 0
	num status task events dropped: 0
	num profile task events dropped: 0


[2025-02-15 21:20:18,474 I 450 1109] core_worker.cc:642: Event stats:


Global stats: 16328 total (8 active)
Queueing time: mean = 112.579 us, max = 25.250 ms, min = -0.027 s, total = 1.838 s
Execution time:  mean = 55.103 ms, total = 899.715 s
Event stats:
	CoreWorker.RecoverObjects - 11385 total (1 active), Execution time: mean = 5.779 us, total = 65.793 ms, Queueing time: mean = 136.135 us, max = 8.403 ms, min = -0.001 s, total = 1.550 s
	NodeManagerService.grpc_client.ReportWorkerBacklog.OnReplyReceived - 1140 total (0 active), Execution time: mean = 17.096 us, total = 19.489 ms, Queueing time: mean = 42.059 us, max = 1.461 ms, min = 9.745 us, total = 47.947 ms
	CoreWorker.InternalHeartbeat - 1140 total (1 active), Execution time: mean = 116.613 us, total = 132.939 ms, Queueing time: mean = 107.047 us, max = 25.250 ms, min = -0.027 s, total = 122.033 ms
	CoreWorker.ExitIfParentRayletDies - 1140 total (1 active), Execution time: mean = 7.054 us, total = 8.041 ms, Queueing time: mean = 68.573 us, max = 25.230 ms, min = -0.027 s, total = 78.173 ms
	NodeManagerService.grpc_client.ReportWorkerBacklog - 1140 total (0 active), Execution time: mean = 797.575 us, total = 909.235 ms, Queueing time: mean = 0.000 s, max = -0.000 s, min = 9223372036.855 s, total = 0.000 s
	CoreWorker.RecordMetrics - 228 total (1 active), Execution time: mean = 18.096 us, total = 4.126 ms, Queueing time: mean = 72.024 us, max = 16.831 ms, min = -0.013 s, total = 16.421 ms
	CoreWorker.GCStreamingGeneratorMetadata - 114 total (1 active), Execution time: mean = 3.851 us, total = 438.980 us, Queueing time: mean = 149.973 us, max = 14.219 ms, min = -0.014 s, total = 17.097 ms
	CoreWorker.PrintEventStats - 19 total (1 active, 1 running), Execution time: mean = 188.863 us, total = 3.588 ms, Queueing time: mean = 113.402 us, max = 836.066 us, min = -0.000 s, total = 2.155 ms
	PeriodicalRunner.RunFnPeriodically - 7 total (0 active), Execution time: mean = 73.277 us, total = 512.941 us, Queueing time: mean = 421.216 us, max = 778.672 us, min = 38.374 us, total = 2.949 ms
	Publisher.CheckDeadSubscribers - 4 total (1 active), Execution time: mean = 4.091 us, total = 16.364 us, Queueing time: mean = 333.409 us, max = 1.030 ms, min = 112.690 us, total = 1.334 ms
	ray::rpc::InternalPubSubGcsService.grpc_client.GcsSubscriberPoll - 3 total (1 active), Execution time: mean = 299.513 s, total = 898.540 s, Queueing time: mean = 0.000 s, max = -0.000 s, min = 9223372036.855 s, total = 0.000 s
	ray::rpc::InternalPubSubGcsService.grpc_client.GcsSubscriberPoll.OnReplyReceived - 2 total (0 active), Execution time: mean = 99.131 us, total = 198.262 us, Queueing time: mean = 63.745 us, max = 112.002 us, min = 15.489 us, total = 127.491 us
	ray::rpc::NodeInfoGcsService.grpc_client.GetAllNodeInfo - 1 total (0 active), Execution time: mean = 2.901 ms, total = 2.901 ms, Queueing time: mean = 0.000 s, max = -0.000 s, min = 9223372036.855 s, total = 0.000 s
	ray::rpc::InternalPubSubGcsService.grpc_client.GcsSubscriberCommandBatch - 1 total (0 active), Execution time: mean = 13.181 ms, total = 13.181 ms, Queueing time: mean = 0.000 s, max = -0.000 s, min = 9223372036.855 s, total = 0.000 s
	ray::rpc::InternalPubSubGcsService.grpc_client.GcsSubscriberCommandBatch.OnReplyReceived - 1 total (0 active), Execution time: mean = 94.315 us, total = 94.315 us, Queueing time: mean = 5.221 us, max = 5.221 us, min = 5.221 us, total = 5.221 us
	ray::rpc::NodeInfoGcsService.grpc_client.GetAllNodeInfo.OnReplyReceived - 1 total (0 active), Execution time: mean = 72.271 us, total = 72.271 us, Queueing time: mean = 11.321 us, max = 11.321 us, min = 11.321 us, total = 11.321 us
	ray::rpc::WorkerInfoGcsService.grpc_client.AddWorkerInfo - 1 total (0 active), Execution time: mean = 13.881 ms, total = 13.881 ms, Queueing time: mean = 0.000 s, max = -0.000 s, min = 9223372036.855 s, total = 0.000 s
	ray::rpc::WorkerInfoGcsService.grpc_client.AddWorkerInfo.OnReplyReceived - 1 total (0 active), Execution time: mean = 25.997 us, total = 25.997 us, Queueing time: mean = 46.113 us, max = 46.113 us, min = 46.113 us, total = 46.113 us

-----------------
Task Event stats:

IO Service Stats:

Global stats: 3421 total (1 active)
Queueing time: mean = 217.531 us, max = 24.494 ms, min = -0.009 s, total = 744.173 ms
Execution time:  mean = 250.260 us, total = 856.140 ms
Event stats:
	ray::rpc::TaskInfoGcsService.grpc_client.AddTaskEventData.OnReplyReceived - 1140 total (0 active), Execution time: mean = 26.946 us, total = 30.719 ms, Queueing time: mean = 34.812 us, max = 2.167 ms, min = 6.659 us, total = 39.686 ms
	CoreWorker.deadline_timer.flush_task_events - 1140 total (1 active), Execution time: mean = 125.850 us, total = 143.469 ms, Queueing time: mean = 617.646 us, max = 24.494 ms, min = -0.009 s, total = 704.116 ms
	ray::rpc::TaskInfoGcsService.grpc_client.AddTaskEventData - 1140 total (0 active), Execution time: mean = 598.019 us, total = 681.742 ms, Queueing time: mean = 0.000 s, max = -0.000 s, min = 9223372036.855 s, total = 0.000 s
	PeriodicalRunner.RunFnPeriodically - 1 total (0 active), Execution time: mean = 210.601 us, total = 210.601 us, Queueing time: mean = 371.545 us, max = 371.545 us, min = 371.545 us, total = 371.545 us
Other Stats:
	grpc_in_progress:0
	current number of task status events in buffer: 0
	current number of profile events in buffer: 0
	current number of dropped task attempts tracked: 0
	total task events sent: 0 MiB
	total number of task attempts sent: 0
	total number of task attempts dropped reported: 0
	total number of sent failure: 0
	num status task events dropped: 0
	num profile task events dropped: 0


[2025-02-15 21:21:18,474 I 450 1109] core_worker.cc:642: Event stats:


Global stats: 17189 total (8 active)
Queueing time: mean = 111.641 us, max = 25.250 ms, min = -0.027 s, total = 1.919 s
Execution time:  mean = 69.809 ms, total = 1199.951 s
Event stats:
	CoreWorker.RecoverObjects - 11984 total (1 active), Execution time: mean = 5.766 us, total = 69.101 ms, Queueing time: mean = 134.196 us, max = 9.700 ms, min = -0.002 s, total = 1.608 s
	NodeManagerService.grpc_client.ReportWorkerBacklog.OnReplyReceived - 1200 total (0 active), Execution time: mean = 17.065 us, total = 20.478 ms, Queueing time: mean = 42.649 us, max = 1.461 ms, min = 9.745 us, total = 51.179 ms
	CoreWorker.InternalHeartbeat - 1200 total (1 active), Execution time: mean = 116.739 us, total = 140.086 ms, Queueing time: mean = 108.353 us, max = 25.250 ms, min = -0.027 s, total = 130.024 ms
	CoreWorker.ExitIfParentRayletDies - 1200 total (1 active), Execution time: mean = 7.081 us, total = 8.497 ms, Queueing time: mean = 68.728 us, max = 25.230 ms, min = -0.027 s, total = 82.473 ms
	NodeManagerService.grpc_client.ReportWorkerBacklog - 1200 total (0 active), Execution time: mean = 802.399 us, total = 962.879 ms, Queueing time: mean = 0.000 s, max = -0.000 s, min = 9223372036.855 s, total = 0.000 s
	CoreWorker.RecordMetrics - 240 total (1 active), Execution time: mean = 18.009 us, total = 4.322 ms, Queueing time: mean = 80.393 us, max = 16.831 ms, min = -0.014 s, total = 19.294 ms
	CoreWorker.GCStreamingGeneratorMetadata - 120 total (1 active), Execution time: mean = 3.887 us, total = 466.381 us, Queueing time: mean = 186.178 us, max = 16.353 ms, min = -0.014 s, total = 22.341 ms
	CoreWorker.PrintEventStats - 20 total (1 active, 1 running), Execution time: mean = 187.194 us, total = 3.744 ms, Queueing time: mean = 41.081 us, max = 836.066 us, min = -0.001 s, total = 821.626 us
	PeriodicalRunner.RunFnPeriodically - 7 total (0 active), Execution time: mean = 73.277 us, total = 512.941 us, Queueing time: mean = 421.216 us, max = 778.672 us, min = 38.374 us, total = 2.949 ms
	Publisher.CheckDeadSubscribers - 5 total (1 active), Execution time: mean = 4.119 us, total = 20.596 us, Queueing time: mean = 288.969 us, max = 1.030 ms, min = 111.209 us, total = 1.445 ms
	ray::rpc::InternalPubSubGcsService.grpc_client.GcsSubscriberPoll - 4 total (1 active), Execution time: mean = 299.677 s, total = 1198.710 s, Queueing time: mean = 0.000 s, max = -0.000 s, min = 9223372036.855 s, total = 0.000 s
	ray::rpc::InternalPubSubGcsService.grpc_client.GcsSubscriberPoll.OnReplyReceived - 3 total (0 active), Execution time: mean = 101.681 us, total = 305.042 us, Queueing time: mean = 65.668 us, max = 112.002 us, min = 15.489 us, total = 197.005 us
	ray::rpc::NodeInfoGcsService.grpc_client.GetAllNodeInfo - 1 total (0 active), Execution time: mean = 2.901 ms, total = 2.901 ms, Queueing time: mean = 0.000 s, max = -0.000 s, min = 9223372036.855 s, total = 0.000 s
	ray::rpc::InternalPubSubGcsService.grpc_client.GcsSubscriberCommandBatch - 1 total (0 active), Execution time: mean = 13.181 ms, total = 13.181 ms, Queueing time: mean = 0.000 s, max = -0.000 s, min = 9223372036.855 s, total = 0.000 s
	ray::rpc::InternalPubSubGcsService.grpc_client.GcsSubscriberCommandBatch.OnReplyReceived - 1 total (0 active), Execution time: mean = 94.315 us, total = 94.315 us, Queueing time: mean = 5.221 us, max = 5.221 us, min = 5.221 us, total = 5.221 us
	ray::rpc::NodeInfoGcsService.grpc_client.GetAllNodeInfo.OnReplyReceived - 1 total (0 active), Execution time: mean = 72.271 us, total = 72.271 us, Queueing time: mean = 11.321 us, max = 11.321 us, min = 11.321 us, total = 11.321 us
	ray::rpc::WorkerInfoGcsService.grpc_client.AddWorkerInfo - 1 total (0 active), Execution time: mean = 13.881 ms, total = 13.881 ms, Queueing time: mean = 0.000 s, max = -0.000 s, min = 9223372036.855 s, total = 0.000 s
	ray::rpc::WorkerInfoGcsService.grpc_client.AddWorkerInfo.OnReplyReceived - 1 total (0 active), Execution time: mean = 25.997 us, total = 25.997 us, Queueing time: mean = 46.113 us, max = 46.113 us, min = 46.113 us, total = 46.113 us

-----------------
Task Event stats:

IO Service Stats:

Global stats: 3601 total (1 active)
Queueing time: mean = 213.215 us, max = 25.543 ms, min = -0.015 s, total = 767.787 ms
Execution time:  mean = 247.152 us, total = 889.993 ms
Event stats:
	ray::rpc::TaskInfoGcsService.grpc_client.AddTaskEventData.OnReplyReceived - 1200 total (0 active), Execution time: mean = 26.572 us, total = 31.886 ms, Queueing time: mean = 34.555 us, max = 2.167 ms, min = 6.659 us, total = 41.466 ms
	CoreWorker.deadline_timer.flush_task_events - 1200 total (1 active), Execution time: mean = 124.822 us, total = 149.787 ms, Queueing time: mean = 604.958 us, max = 25.543 ms, min = -0.015 s, total = 725.949 ms
	ray::rpc::TaskInfoGcsService.grpc_client.AddTaskEventData - 1200 total (0 active), Execution time: mean = 590.091 us, total = 708.110 ms, Queueing time: mean = 0.000 s, max = -0.000 s, min = 9223372036.855 s, total = 0.000 s
	PeriodicalRunner.RunFnPeriodically - 1 total (0 active), Execution time: mean = 210.601 us, total = 210.601 us, Queueing time: mean = 371.545 us, max = 371.545 us, min = 371.545 us, total = 371.545 us
Other Stats:
	grpc_in_progress:0
	current number of task status events in buffer: 0
	current number of profile events in buffer: 0
	current number of dropped task attempts tracked: 0
	total task events sent: 0 MiB
	total number of task attempts sent: 0
	total number of task attempts dropped reported: 0
	total number of sent failure: 0
	num status task events dropped: 0
	num profile task events dropped: 0


[2025-02-15 21:22:18,474 I 450 1109] core_worker.cc:642: Event stats:


Global stats: 18047 total (8 active)
Queueing time: mean = 110.754 us, max = 26.468 ms, min = -0.028 s, total = 1.999 s
Execution time:  mean = 66.494 ms, total = 1200.015 s
Event stats:
	CoreWorker.RecoverObjects - 12583 total (1 active), Execution time: mean = 5.745 us, total = 72.284 ms, Queueing time: mean = 133.883 us, max = 9.700 ms, min = -0.002 s, total = 1.685 s
	NodeManagerService.grpc_client.ReportWorkerBacklog.OnReplyReceived - 1260 total (0 active), Execution time: mean = 17.024 us, total = 21.450 ms, Queueing time: mean = 42.489 us, max = 1.461 ms, min = 9.745 us, total = 53.536 ms
	CoreWorker.InternalHeartbeat - 1260 total (1 active), Execution time: mean = 116.662 us, total = 146.994 ms, Queueing time: mean = 107.384 us, max = 26.468 ms, min = -0.028 s, total = 135.303 ms
	CoreWorker.ExitIfParentRayletDies - 1260 total (1 active), Execution time: mean = 7.067 us, total = 8.904 ms, Queueing time: mean = 66.789 us, max = 26.125 ms, min = -0.028 s, total = 84.154 ms
	NodeManagerService.grpc_client.ReportWorkerBacklog - 1260 total (0 active), Execution time: mean = 805.448 us, total = 1.015 s, Queueing time: mean = 0.000 s, max = -0.000 s, min = 9223372036.855 s, total = 0.000 s
	CoreWorker.RecordMetrics - 252 total (1 active), Execution time: mean = 18.463 us, total = 4.653 ms, Queueing time: mean = 69.262 us, max = 16.831 ms, min = -0.014 s, total = 17.454 ms
	CoreWorker.GCStreamingGeneratorMetadata - 126 total (1 active), Execution time: mean = 3.901 us, total = 491.520 us, Queueing time: mean = 134.150 us, max = 16.353 ms, min = -0.015 s, total = 16.903 ms
	CoreWorker.PrintEventStats - 21 total (1 active, 1 running), Execution time: mean = 186.514 us, total = 3.917 ms, Queueing time: mean = 101.432 us, max = 1.308 ms, min = -0.001 s, total = 2.130 ms
	PeriodicalRunner.RunFnPeriodically - 7 total (0 active), Execution time: mean = 73.277 us, total = 512.941 us, Queueing time: mean = 421.216 us, max = 778.672 us, min = 38.374 us, total = 2.949 ms
	Publisher.CheckDeadSubscribers - 5 total (1 active), Execution time: mean = 4.119 us, total = 20.596 us, Queueing time: mean = 288.969 us, max = 1.030 ms, min = 111.209 us, total = 1.445 ms
	ray::rpc::InternalPubSubGcsService.grpc_client.GcsSubscriberPoll - 4 total (1 active), Execution time: mean = 299.677 s, total = 1198.710 s, Queueing time: mean = 0.000 s, max = -0.000 s, min = 9223372036.855 s, total = 0.000 s
	ray::rpc::InternalPubSubGcsService.grpc_client.GcsSubscriberPoll.OnReplyReceived - 3 total (0 active), Execution time: mean = 101.681 us, total = 305.042 us, Queueing time: mean = 65.668 us, max = 112.002 us, min = 15.489 us, total = 197.005 us
	ray::rpc::NodeInfoGcsService.grpc_client.GetAllNodeInfo - 1 total (0 active), Execution time: mean = 2.901 ms, total = 2.901 ms, Queueing time: mean = 0.000 s, max = -0.000 s, min = 9223372036.855 s, total = 0.000 s
	ray::rpc::InternalPubSubGcsService.grpc_client.GcsSubscriberCommandBatch - 1 total (0 active), Execution time: mean = 13.181 ms, total = 13.181 ms, Queueing time: mean = 0.000 s, max = -0.000 s, min = 9223372036.855 s, total = 0.000 s
	ray::rpc::InternalPubSubGcsService.grpc_client.GcsSubscriberCommandBatch.OnReplyReceived - 1 total (0 active), Execution time: mean = 94.315 us, total = 94.315 us, Queueing time: mean = 5.221 us, max = 5.221 us, min = 5.221 us, total = 5.221 us
	ray::rpc::NodeInfoGcsService.grpc_client.GetAllNodeInfo.OnReplyReceived - 1 total (0 active), Execution time: mean = 72.271 us, total = 72.271 us, Queueing time: mean = 11.321 us, max = 11.321 us, min = 11.321 us, total = 11.321 us
	ray::rpc::WorkerInfoGcsService.grpc_client.AddWorkerInfo - 1 total (0 active), Execution time: mean = 13.881 ms, total = 13.881 ms, Queueing time: mean = 0.000 s, max = -0.000 s, min = 9223372036.855 s, total = 0.000 s
	ray::rpc::WorkerInfoGcsService.grpc_client.AddWorkerInfo.OnReplyReceived - 1 total (0 active), Execution time: mean = 25.997 us, total = 25.997 us, Queueing time: mean = 46.113 us, max = 46.113 us, min = 46.113 us, total = 46.113 us

-----------------
Task Event stats:

IO Service Stats:

Global stats: 3781 total (1 active)
Queueing time: mean = 215.078 us, max = 26.120 ms, min = -0.015 s, total = 813.210 ms
Execution time:  mean = 244.172 us, total = 923.216 ms
Event stats:
	ray::rpc::TaskInfoGcsService.grpc_client.AddTaskEventData.OnReplyReceived - 1260 total (0 active), Execution time: mean = 26.155 us, total = 32.955 ms, Queueing time: mean = 34.165 us, max = 2.167 ms, min = 6.659 us, total = 43.048 ms
	CoreWorker.deadline_timer.flush_task_events - 1260 total (1 active), Execution time: mean = 123.733 us, total = 155.904 ms, Queueing time: mean = 610.945 us, max = 26.120 ms, min = -0.015 s, total = 769.791 ms
	ray::rpc::TaskInfoGcsService.grpc_client.AddTaskEventData - 1260 total (0 active), Execution time: mean = 582.656 us, total = 734.146 ms, Queueing time: mean = 0.000 s, max = -0.000 s, min = 9223372036.855 s, total = 0.000 s
	PeriodicalRunner.RunFnPeriodically - 1 total (0 active), Execution time: mean = 210.601 us, total = 210.601 us, Queueing time: mean = 371.545 us, max = 371.545 us, min = 371.545 us, total = 371.545 us
Other Stats:
	grpc_in_progress:0
	current number of task status events in buffer: 0
	current number of profile events in buffer: 0
	current number of dropped task attempts tracked: 0
	total task events sent: 0 MiB
	total number of task attempts sent: 0
	total number of task attempts dropped reported: 0
	total number of sent failure: 0
	num status task events dropped: 0
	num profile task events dropped: 0


[2025-02-15 21:23:18,474 I 450 1109] core_worker.cc:642: Event stats:


Global stats: 18906 total (8 active)
Queueing time: mean = 110.138 us, max = 26.468 ms, min = -0.028 s, total = 2.082 s
Execution time:  mean = 63.476 ms, total = 1200.079 s
Event stats:
	CoreWorker.RecoverObjects - 13183 total (1 active), Execution time: mean = 5.704 us, total = 75.194 ms, Queueing time: mean = 132.587 us, max = 9.700 ms, min = -0.002 s, total = 1.748 s
	NodeManagerService.grpc_client.ReportWorkerBacklog.OnReplyReceived - 1320 total (0 active), Execution time: mean = 17.011 us, total = 22.454 ms, Queueing time: mean = 42.269 us, max = 1.461 ms, min = 9.745 us, total = 55.796 ms
	CoreWorker.InternalHeartbeat - 1320 total (1 active), Execution time: mean = 116.006 us, total = 153.128 ms, Queueing time: mean = 108.530 us, max = 26.468 ms, min = -0.028 s, total = 143.259 ms
	CoreWorker.ExitIfParentRayletDies - 1320 total (1 active), Execution time: mean = 7.031 us, total = 9.281 ms, Queueing time: mean = 68.110 us, max = 26.125 ms, min = -0.028 s, total = 89.905 ms
	NodeManagerService.grpc_client.ReportWorkerBacklog - 1320 total (0 active), Execution time: mean = 809.102 us, total = 1.068 s, Queueing time: mean = 0.000 s, max = -0.000 s, min = 9223372036.855 s, total = 0.000 s
	CoreWorker.RecordMetrics - 264 total (1 active), Execution time: mean = 18.441 us, total = 4.868 ms, Queueing time: mean = 76.902 us, max = 16.831 ms, min = -0.014 s, total = 20.302 ms
	CoreWorker.GCStreamingGeneratorMetadata - 132 total (1 active), Execution time: mean = 3.858 us, total = 509.320 us, Queueing time: mean = 147.928 us, max = 16.353 ms, min = -0.015 s, total = 19.526 ms
	CoreWorker.PrintEventStats - 22 total (1 active, 1 running), Execution time: mean = 185.914 us, total = 4.090 ms, Queueing time: mean = 42.280 us, max = 1.308 ms, min = -0.001 s, total = 930.153 us
	PeriodicalRunner.RunFnPeriodically - 7 total (0 active), Execution time: mean = 73.277 us, total = 512.941 us, Queueing time: mean = 421.216 us, max = 778.672 us, min = 38.374 us, total = 2.949 ms
	Publisher.CheckDeadSubscribers - 5 total (1 active), Execution time: mean = 4.119 us, total = 20.596 us, Queueing time: mean = 288.969 us, max = 1.030 ms, min = 111.209 us, total = 1.445 ms
	ray::rpc::InternalPubSubGcsService.grpc_client.GcsSubscriberPoll - 4 total (1 active), Execution time: mean = 299.677 s, total = 1198.710 s, Queueing time: mean = 0.000 s, max = -0.000 s, min = 9223372036.855 s, total = 0.000 s
	ray::rpc::InternalPubSubGcsService.grpc_client.GcsSubscriberPoll.OnReplyReceived - 3 total (0 active), Execution time: mean = 101.681 us, total = 305.042 us, Queueing time: mean = 65.668 us, max = 112.002 us, min = 15.489 us, total = 197.005 us
	ray::rpc::NodeInfoGcsService.grpc_client.GetAllNodeInfo - 1 total (0 active), Execution time: mean = 2.901 ms, total = 2.901 ms, Queueing time: mean = 0.000 s, max = -0.000 s, min = 9223372036.855 s, total = 0.000 s
	ray::rpc::InternalPubSubGcsService.grpc_client.GcsSubscriberCommandBatch - 1 total (0 active), Execution time: mean = 13.181 ms, total = 13.181 ms, Queueing time: mean = 0.000 s, max = -0.000 s, min = 9223372036.855 s, total = 0.000 s
	ray::rpc::InternalPubSubGcsService.grpc_client.GcsSubscriberCommandBatch.OnReplyReceived - 1 total (0 active), Execution time: mean = 94.315 us, total = 94.315 us, Queueing time: mean = 5.221 us, max = 5.221 us, min = 5.221 us, total = 5.221 us
	ray::rpc::NodeInfoGcsService.grpc_client.GetAllNodeInfo.OnReplyReceived - 1 total (0 active), Execution time: mean = 72.271 us, total = 72.271 us, Queueing time: mean = 11.321 us, max = 11.321 us, min = 11.321 us, total = 11.321 us
	ray::rpc::WorkerInfoGcsService.grpc_client.AddWorkerInfo - 1 total (0 active), Execution time: mean = 13.881 ms, total = 13.881 ms, Queueing time: mean = 0.000 s, max = -0.000 s, min = 9223372036.855 s, total = 0.000 s
	ray::rpc::WorkerInfoGcsService.grpc_client.AddWorkerInfo.OnReplyReceived - 1 total (0 active), Execution time: mean = 25.997 us, total = 25.997 us, Queueing time: mean = 46.113 us, max = 46.113 us, min = 46.113 us, total = 46.113 us

-----------------
Task Event stats:

IO Service Stats:

Global stats: 3961 total (1 active)
Queueing time: mean = 211.189 us, max = 26.120 ms, min = -0.015 s, total = 836.521 ms
Execution time:  mean = 241.712 us, total = 957.421 ms
Event stats:
	ray::rpc::TaskInfoGcsService.grpc_client.AddTaskEventData.OnReplyReceived - 1320 total (0 active), Execution time: mean = 25.782 us, total = 34.032 ms, Queueing time: mean = 33.843 us, max = 2.167 ms, min = 6.659 us, total = 44.673 ms
	CoreWorker.deadline_timer.flush_task_events - 1320 total (1 active), Execution time: mean = 122.795 us, total = 162.089 ms, Queueing time: mean = 599.604 us, max = 26.120 ms, min = -0.015 s, total = 791.477 ms
	ray::rpc::TaskInfoGcsService.grpc_client.AddTaskEventData - 1320 total (0 active), Execution time: mean = 576.583 us, total = 761.089 ms, Queueing time: mean = 0.000 s, max = -0.000 s, min = 9223372036.855 s, total = 0.000 s
	PeriodicalRunner.RunFnPeriodically - 1 total (0 active), Execution time: mean = 210.601 us, total = 210.601 us, Queueing time: mean = 371.545 us, max = 371.545 us, min = 371.545 us, total = 371.545 us
Other Stats:
	grpc_in_progress:0
	current number of task status events in buffer: 0
	current number of profile events in buffer: 0
	current number of dropped task attempts tracked: 0
	total task events sent: 0 MiB
	total number of task attempts sent: 0
	total number of task attempts dropped reported: 0
	total number of sent failure: 0
	num status task events dropped: 0
	num profile task events dropped: 0


[2025-02-15 21:24:18,474 I 450 1109] core_worker.cc:642: Event stats:


Global stats: 19764 total (8 active)
Queueing time: mean = 111.012 us, max = 26.468 ms, min = -0.028 s, total = 2.194 s
Execution time:  mean = 60.724 ms, total = 1200.148 s
Event stats:
	CoreWorker.RecoverObjects - 13782 total (1 active), Execution time: mean = 5.640 us, total = 77.728 ms, Queueing time: mean = 130.727 us, max = 9.700 ms, min = -0.013 s, total = 1.802 s
	NodeManagerService.grpc_client.ReportWorkerBacklog.OnReplyReceived - 1380 total (0 active), Execution time: mean = 16.966 us, total = 23.413 ms, Queueing time: mean = 42.221 us, max = 1.461 ms, min = 9.745 us, total = 58.265 ms
	CoreWorker.InternalHeartbeat - 1380 total (1 active), Execution time: mean = 115.077 us, total = 158.807 ms, Queueing time: mean = 108.389 us, max = 26.468 ms, min = -0.028 s, total = 149.577 ms
	CoreWorker.ExitIfParentRayletDies - 1380 total (1 active), Execution time: mean = 7.019 us, total = 9.686 ms, Queueing time: mean = 105.713 us, max = 26.125 ms, min = -0.028 s, total = 145.884 ms
	NodeManagerService.grpc_client.ReportWorkerBacklog - 1380 total (0 active), Execution time: mean = 816.787 us, total = 1.127 s, Queueing time: mean = 0.000 s, max = -0.000 s, min = 9223372036.855 s, total = 0.000 s
	CoreWorker.RecordMetrics - 276 total (1 active), Execution time: mean = 18.275 us, total = 5.044 ms, Queueing time: mean = 75.662 us, max = 16.831 ms, min = -0.014 s, total = 20.883 ms
	CoreWorker.GCStreamingGeneratorMetadata - 138 total (1 active), Execution time: mean = 3.795 us, total = 523.691 us, Queueing time: mean = 79.428 us, max = 16.353 ms, min = -0.015 s, total = 10.961 ms
	CoreWorker.PrintEventStats - 23 total (1 active, 1 running), Execution time: mean = 184.486 us, total = 4.243 ms, Queueing time: mean = 93.084 us, max = 1.308 ms, min = -0.001 s, total = 2.141 ms
	PeriodicalRunner.RunFnPeriodically - 7 total (0 active), Execution time: mean = 73.277 us, total = 512.941 us, Queueing time: mean = 421.216 us, max = 778.672 us, min = 38.374 us, total = 2.949 ms
	Publisher.CheckDeadSubscribers - 5 total (1 active), Execution time: mean = 4.119 us, total = 20.596 us, Queueing time: mean = 288.969 us, max = 1.030 ms, min = 111.209 us, total = 1.445 ms
	ray::rpc::InternalPubSubGcsService.grpc_client.GcsSubscriberPoll - 4 total (1 active), Execution time: mean = 299.677 s, total = 1198.710 s, Queueing time: mean = 0.000 s, max = -0.000 s, min = 9223372036.855 s, total = 0.000 s
	ray::rpc::InternalPubSubGcsService.grpc_client.GcsSubscriberPoll.OnReplyReceived - 3 total (0 active), Execution time: mean = 101.681 us, total = 305.042 us, Queueing time: mean = 65.668 us, max = 112.002 us, min = 15.489 us, total = 197.005 us
	ray::rpc::NodeInfoGcsService.grpc_client.GetAllNodeInfo - 1 total (0 active), Execution time: mean = 2.901 ms, total = 2.901 ms, Queueing time: mean = 0.000 s, max = -0.000 s, min = 9223372036.855 s, total = 0.000 s
	ray::rpc::InternalPubSubGcsService.grpc_client.GcsSubscriberCommandBatch - 1 total (0 active), Execution time: mean = 13.181 ms, total = 13.181 ms, Queueing time: mean = 0.000 s, max = -0.000 s, min = 9223372036.855 s, total = 0.000 s
	ray::rpc::InternalPubSubGcsService.grpc_client.GcsSubscriberCommandBatch.OnReplyReceived - 1 total (0 active), Execution time: mean = 94.315 us, total = 94.315 us, Queueing time: mean = 5.221 us, max = 5.221 us, min = 5.221 us, total = 5.221 us
	ray::rpc::NodeInfoGcsService.grpc_client.GetAllNodeInfo.OnReplyReceived - 1 total (0 active), Execution time: mean = 72.271 us, total = 72.271 us, Queueing time: mean = 11.321 us, max = 11.321 us, min = 11.321 us, total = 11.321 us
	ray::rpc::WorkerInfoGcsService.grpc_client.AddWorkerInfo - 1 total (0 active), Execution time: mean = 13.881 ms, total = 13.881 ms, Queueing time: mean = 0.000 s, max = -0.000 s, min = 9223372036.855 s, total = 0.000 s
	ray::rpc::WorkerInfoGcsService.grpc_client.AddWorkerInfo.OnReplyReceived - 1 total (0 active), Execution time: mean = 25.997 us, total = 25.997 us, Queueing time: mean = 46.113 us, max = 46.113 us, min = 46.113 us, total = 46.113 us

-----------------
Task Event stats:

IO Service Stats:

Global stats: 4141 total (1 active)
Queueing time: mean = 214.673 us, max = 26.120 ms, min = -0.015 s, total = 888.961 ms
Execution time:  mean = 238.769 us, total = 988.742 ms
Event stats:
	ray::rpc::TaskInfoGcsService.grpc_client.AddTaskEventData.OnReplyReceived - 1380 total (0 active), Execution time: mean = 25.376 us, total = 35.019 ms, Queueing time: mean = 33.498 us, max = 2.167 ms, min = 6.659 us, total = 46.227 ms
	CoreWorker.deadline_timer.flush_task_events - 1380 total (1 active), Execution time: mean = 121.564 us, total = 167.758 ms, Queueing time: mean = 610.408 us, max = 26.120 ms, min = -0.015 s, total = 842.363 ms
	ray::rpc::TaskInfoGcsService.grpc_client.AddTaskEventData - 1380 total (0 active), Execution time: mean = 569.387 us, total = 785.754 ms, Queueing time: mean = 0.000 s, max = -0.000 s, min = 9223372036.855 s, total = 0.000 s
	PeriodicalRunner.RunFnPeriodically - 1 total (0 active), Execution time: mean = 210.601 us, total = 210.601 us, Queueing time: mean = 371.545 us, max = 371.545 us, min = 371.545 us, total = 371.545 us
Other Stats:
	grpc_in_progress:0
	current number of task status events in buffer: 0
	current number of profile events in buffer: 0
	current number of dropped task attempts tracked: 0
	total task events sent: 0 MiB
	total number of task attempts sent: 0
	total number of task attempts dropped reported: 0
	total number of sent failure: 0
	num status task events dropped: 0
	num profile task events dropped: 0


[2025-02-15 21:25:18,475 I 450 1109] core_worker.cc:642: Event stats:


Global stats: 20623 total (8 active)
Queueing time: mean = 111.648 us, max = 26.468 ms, min = -0.028 s, total = 2.303 s
Execution time:  mean = 58.198 ms, total = 1200.219 s
Event stats:
	CoreWorker.RecoverObjects - 14382 total (1 active), Execution time: mean = 5.602 us, total = 80.574 ms, Queueing time: mean = 128.529 us, max = 9.700 ms, min = -0.013 s, total = 1.849 s
	NodeManagerService.grpc_client.ReportWorkerBacklog.OnReplyReceived - 1440 total (0 active), Execution time: mean = 17.019 us, total = 24.508 ms, Queueing time: mean = 42.136 us, max = 1.461 ms, min = 9.745 us, total = 60.676 ms
	CoreWorker.InternalHeartbeat - 1440 total (1 active), Execution time: mean = 115.043 us, total = 165.661 ms, Queueing time: mean = 108.541 us, max = 26.468 ms, min = -0.028 s, total = 156.298 ms
	CoreWorker.ExitIfParentRayletDies - 1440 total (1 active), Execution time: mean = 7.005 us, total = 10.087 ms, Queueing time: mean = 134.003 us, max = 26.125 ms, min = -0.028 s, total = 192.965 ms
	NodeManagerService.grpc_client.ReportWorkerBacklog - 1440 total (0 active), Execution time: mean = 824.019 us, total = 1.187 s, Queueing time: mean = 0.000 s, max = -0.000 s, min = 9223372036.855 s, total = 0.000 s
	CoreWorker.RecordMetrics - 288 total (1 active), Execution time: mean = 18.197 us, total = 5.241 ms, Queueing time: mean = 74.366 us, max = 16.954 ms, min = -0.015 s, total = 21.417 ms
	CoreWorker.GCStreamingGeneratorMetadata - 144 total (1 active), Execution time: mean = 3.744 us, total = 539.120 us, Queueing time: mean = 109.647 us, max = 16.861 ms, min = -0.016 s, total = 15.789 ms
	CoreWorker.PrintEventStats - 24 total (1 active, 1 running), Execution time: mean = 182.911 us, total = 4.390 ms, Queueing time: mean = 92.394 us, max = 1.308 ms, min = -0.001 s, total = 2.217 ms
	PeriodicalRunner.RunFnPeriodically - 7 total (0 active), Execution time: mean = 73.277 us, total = 512.941 us, Queueing time: mean = 421.216 us, max = 778.672 us, min = 38.374 us, total = 2.949 ms
	Publisher.CheckDeadSubscribers - 5 total (1 active), Execution time: mean = 4.119 us, total = 20.596 us, Queueing time: mean = 288.969 us, max = 1.030 ms, min = 111.209 us, total = 1.445 ms
	ray::rpc::InternalPubSubGcsService.grpc_client.GcsSubscriberPoll - 4 total (1 active), Execution time: mean = 299.677 s, total = 1198.710 s, Queueing time: mean = 0.000 s, max = -0.000 s, min = 9223372036.855 s, total = 0.000 s
	ray::rpc::InternalPubSubGcsService.grpc_client.GcsSubscriberPoll.OnReplyReceived - 3 total (0 active), Execution time: mean = 101.681 us, total = 305.042 us, Queueing time: mean = 65.668 us, max = 112.002 us, min = 15.489 us, total = 197.005 us
	ray::rpc::NodeInfoGcsService.grpc_client.GetAllNodeInfo - 1 total (0 active), Execution time: mean = 2.901 ms, total = 2.901 ms, Queueing time: mean = 0.000 s, max = -0.000 s, min = 9223372036.855 s, total = 0.000 s
	ray::rpc::InternalPubSubGcsService.grpc_client.GcsSubscriberCommandBatch - 1 total (0 active), Execution time: mean = 13.181 ms, total = 13.181 ms, Queueing time: mean = 0.000 s, max = -0.000 s, min = 9223372036.855 s, total = 0.000 s
	ray::rpc::InternalPubSubGcsService.grpc_client.GcsSubscriberCommandBatch.OnReplyReceived - 1 total (0 active), Execution time: mean = 94.315 us, total = 94.315 us, Queueing time: mean = 5.221 us, max = 5.221 us, min = 5.221 us, total = 5.221 us
	ray::rpc::NodeInfoGcsService.grpc_client.GetAllNodeInfo.OnReplyReceived - 1 total (0 active), Execution time: mean = 72.271 us, total = 72.271 us, Queueing time: mean = 11.321 us, max = 11.321 us, min = 11.321 us, total = 11.321 us
	ray::rpc::WorkerInfoGcsService.grpc_client.AddWorkerInfo - 1 total (0 active), Execution time: mean = 13.881 ms, total = 13.881 ms, Queueing time: mean = 0.000 s, max = -0.000 s, min = 9223372036.855 s, total = 0.000 s
	ray::rpc::WorkerInfoGcsService.grpc_client.AddWorkerInfo.OnReplyReceived - 1 total (0 active), Execution time: mean = 25.997 us, total = 25.997 us, Queueing time: mean = 46.113 us, max = 46.113 us, min = 46.113 us, total = 46.113 us

-----------------
Task Event stats:

IO Service Stats:

Global stats: 4318 total (1 active)
Queueing time: mean = 215.589 us, max = 26.120 ms, min = -0.015 s, total = 930.913 ms
Execution time:  mean = 236.236 us, total = 1.020 s
Event stats:
	ray::rpc::TaskInfoGcsService.grpc_client.AddTaskEventData.OnReplyReceived - 1439 total (0 active), Execution time: mean = 25.011 us, total = 35.991 ms, Queueing time: mean = 33.149 us, max = 2.167 ms, min = 6.659 us, total = 47.701 ms
	CoreWorker.deadline_timer.flush_task_events - 1439 total (1 active), Execution time: mean = 120.580 us, total = 173.515 ms, Queueing time: mean = 613.510 us, max = 26.120 ms, min = -0.015 s, total = 882.841 ms
	ray::rpc::TaskInfoGcsService.grpc_client.AddTaskEventData - 1439 total (0 active), Execution time: mean = 563.134 us, total = 810.350 ms, Queueing time: mean = 0.000 s, max = -0.000 s, min = 9223372036.855 s, total = 0.000 s
	PeriodicalRunner.RunFnPeriodically - 1 total (0 active), Execution time: mean = 210.601 us, total = 210.601 us, Queueing time: mean = 371.545 us, max = 371.545 us, min = 371.545 us, total = 371.545 us
Other Stats:
	grpc_in_progress:0
	current number of task status events in buffer: 0
	current number of profile events in buffer: 0
	current number of dropped task attempts tracked: 0
	total task events sent: 0 MiB
	total number of task attempts sent: 0
	total number of task attempts dropped reported: 0
	total number of sent failure: 0
	num status task events dropped: 0
	num profile task events dropped: 0


[2025-02-15 21:26:18,475 I 450 1109] core_worker.cc:642: Event stats:


Global stats: 21484 total (8 active)
Queueing time: mean = 112.795 us, max = 30.582 ms, min = -0.028 s, total = 2.423 s
Execution time:  mean = 69.843 ms, total = 1500.500 s
Event stats:
	CoreWorker.RecoverObjects - 14981 total (1 active), Execution time: mean = 5.563 us, total = 83.346 ms, Queueing time: mean = 126.901 us, max = 9.700 ms, min = -0.013 s, total = 1.901 s
	NodeManagerService.grpc_client.ReportWorkerBacklog.OnReplyReceived - 1500 total (0 active), Execution time: mean = 16.959 us, total = 25.439 ms, Queueing time: mean = 42.083 us, max = 1.461 ms, min = 9.745 us, total = 63.125 ms
	CoreWorker.InternalHeartbeat - 1500 total (1 active), Execution time: mean = 115.536 us, total = 173.304 ms, Queueing time: mean = 107.909 us, max = 29.854 ms, min = -0.028 s, total = 161.864 ms
	CoreWorker.ExitIfParentRayletDies - 1500 total (1 active), Execution time: mean = 6.973 us, total = 10.459 ms, Queueing time: mean = 165.121 us, max = 30.582 ms, min = -0.028 s, total = 247.681 ms
	NodeManagerService.grpc_client.ReportWorkerBacklog - 1500 total (0 active), Execution time: mean = 828.579 us, total = 1.243 s, Queueing time: mean = 0.000 s, max = -0.000 s, min = 9223372036.855 s, total = 0.000 s
	CoreWorker.RecordMetrics - 300 total (1 active), Execution time: mean = 18.151 us, total = 5.445 ms, Queueing time: mean = 71.899 us, max = 16.954 ms, min = -0.015 s, total = 21.570 ms
	CoreWorker.GCStreamingGeneratorMetadata - 150 total (1 active), Execution time: mean = 3.703 us, total = 555.435 us, Queueing time: mean = 139.656 us, max = 16.861 ms, min = -0.016 s, total = 20.948 ms
	CoreWorker.PrintEventStats - 25 total (1 active, 1 running), Execution time: mean = 184.764 us, total = 4.619 ms, Queueing time: mean = 93.690 us, max = 1.308 ms, min = -0.001 s, total = 2.342 ms
	PeriodicalRunner.RunFnPeriodically - 7 total (0 active), Execution time: mean = 73.277 us, total = 512.941 us, Queueing time: mean = 421.216 us, max = 778.672 us, min = 38.374 us, total = 2.949 ms
	Publisher.CheckDeadSubscribers - 6 total (1 active), Execution time: mean = 4.168 us, total = 25.009 us, Queueing time: mean = 227.583 us, max = 1.030 ms, min = -0.000 s, total = 1.365 ms
	ray::rpc::InternalPubSubGcsService.grpc_client.GcsSubscriberPoll - 5 total (1 active), Execution time: mean = 299.785 s, total = 1498.923 s, Queueing time: mean = 0.000 s, max = -0.000 s, min = 9223372036.855 s, total = 0.000 s
	ray::rpc::InternalPubSubGcsService.grpc_client.GcsSubscriberPoll.OnReplyReceived - 4 total (0 active), Execution time: mean = 121.317 us, total = 485.269 us, Queueing time: mean = 68.427 us, max = 112.002 us, min = 15.489 us, total = 273.710 us
	ray::rpc::NodeInfoGcsService.grpc_client.GetAllNodeInfo - 1 total (0 active), Execution time: mean = 2.901 ms, total = 2.901 ms, Queueing time: mean = 0.000 s, max = -0.000 s, min = 9223372036.855 s, total = 0.000 s
	ray::rpc::InternalPubSubGcsService.grpc_client.GcsSubscriberCommandBatch - 1 total (0 active), Execution time: mean = 13.181 ms, total = 13.181 ms, Queueing time: mean = 0.000 s, max = -0.000 s, min = 9223372036.855 s, total = 0.000 s
	ray::rpc::InternalPubSubGcsService.grpc_client.GcsSubscriberCommandBatch.OnReplyReceived - 1 total (0 active), Execution time: mean = 94.315 us, total = 94.315 us, Queueing time: mean = 5.221 us, max = 5.221 us, min = 5.221 us, total = 5.221 us
	ray::rpc::NodeInfoGcsService.grpc_client.GetAllNodeInfo.OnReplyReceived - 1 total (0 active), Execution time: mean = 72.271 us, total = 72.271 us, Queueing time: mean = 11.321 us, max = 11.321 us, min = 11.321 us, total = 11.321 us
	ray::rpc::WorkerInfoGcsService.grpc_client.AddWorkerInfo - 1 total (0 active), Execution time: mean = 13.881 ms, total = 13.881 ms, Queueing time: mean = 0.000 s, max = -0.000 s, min = 9223372036.855 s, total = 0.000 s
	ray::rpc::WorkerInfoGcsService.grpc_client.AddWorkerInfo.OnReplyReceived - 1 total (0 active), Execution time: mean = 25.997 us, total = 25.997 us, Queueing time: mean = 46.113 us, max = 46.113 us, min = 46.113 us, total = 46.113 us

-----------------
Task Event stats:

IO Service Stats:

Global stats: 4498 total (1 active)
Queueing time: mean = 218.448 us, max = 30.414 ms, min = -0.015 s, total = 982.581 ms
Execution time:  mean = 233.629 us, total = 1.051 s
Event stats:
	ray::rpc::TaskInfoGcsService.grpc_client.AddTaskEventData.OnReplyReceived - 1499 total (0 active), Execution time: mean = 24.633 us, total = 36.924 ms, Queueing time: mean = 32.717 us, max = 2.167 ms, min = 6.659 us, total = 49.042 ms
	CoreWorker.deadline_timer.flush_task_events - 1499 total (1 active), Execution time: mean = 119.974 us, total = 179.840 ms, Queueing time: mean = 622.526 us, max = 30.414 ms, min = -0.015 s, total = 933.167 ms
	ray::rpc::TaskInfoGcsService.grpc_client.AddTaskEventData - 1499 total (0 active), Execution time: mean = 556.298 us, total = 833.890 ms, Queueing time: mean = 0.000 s, max = -0.000 s, min = 9223372036.855 s, total = 0.000 s
	PeriodicalRunner.RunFnPeriodically - 1 total (0 active), Execution time: mean = 210.601 us, total = 210.601 us, Queueing time: mean = 371.545 us, max = 371.545 us, min = 371.545 us, total = 371.545 us
Other Stats:
	grpc_in_progress:0
	current number of task status events in buffer: 0
	current number of profile events in buffer: 0
	current number of dropped task attempts tracked: 0
	total task events sent: 0 MiB
	total number of task attempts sent: 0
	total number of task attempts dropped reported: 0
	total number of sent failure: 0
	num status task events dropped: 0
	num profile task events dropped: 0


[2025-02-15 21:27:18,475 I 450 1109] core_worker.cc:642: Event stats:


Global stats: 22342 total (8 active)
Queueing time: mean = 113.631 us, max = 30.582 ms, min = -0.031 s, total = 2.539 s
Execution time:  mean = 67.163 ms, total = 1500.567 s
Event stats:
	CoreWorker.RecoverObjects - 15580 total (1 active), Execution time: mean = 5.522 us, total = 86.027 ms, Queueing time: mean = 125.615 us, max = 9.700 ms, min = -0.015 s, total = 1.957 s
	NodeManagerService.grpc_client.ReportWorkerBacklog.OnReplyReceived - 1560 total (0 active), Execution time: mean = 17.048 us, total = 26.595 ms, Queueing time: mean = 42.511 us, max = 1.461 ms, min = 9.745 us, total = 66.316 ms
	CoreWorker.InternalHeartbeat - 1560 total (1 active), Execution time: mean = 115.669 us, total = 180.443 ms, Queueing time: mean = 107.372 us, max = 30.500 ms, min = -0.031 s, total = 167.501 ms
	CoreWorker.ExitIfParentRayletDies - 1560 total (1 active), Execution time: mean = 6.958 us, total = 10.855 ms, Queueing time: mean = 194.882 us, max = 30.582 ms, min = -0.028 s, total = 304.016 ms
	NodeManagerService.grpc_client.ReportWorkerBacklog - 1560 total (0 active), Execution time: mean = 831.716 us, total = 1.297 s, Queueing time: mean = 0.000 s, max = -0.000 s, min = 9223372036.855 s, total = 0.000 s
	CoreWorker.RecordMetrics - 312 total (1 active), Execution time: mean = 18.240 us, total = 5.691 ms, Queueing time: mean = 72.731 us, max = 19.064 ms, min = -0.017 s, total = 22.692 ms
	CoreWorker.GCStreamingGeneratorMetadata - 156 total (1 active), Execution time: mean = 3.665 us, total = 571.796 us, Queueing time: mean = 91.994 us, max = 19.052 ms, min = -0.018 s, total = 14.351 ms
	CoreWorker.PrintEventStats - 26 total (1 active, 1 running), Execution time: mean = 183.215 us, total = 4.764 ms, Queueing time: mean = 82.287 us, max = 1.308 ms, min = -0.001 s, total = 2.139 ms
	PeriodicalRunner.RunFnPeriodically - 7 total (0 active), Execution time: mean = 73.277 us, total = 512.941 us, Queueing time: mean = 421.216 us, max = 778.672 us, min = 38.374 us, total = 2.949 ms
	Publisher.CheckDeadSubscribers - 6 total (1 active), Execution time: mean = 4.168 us, total = 25.009 us, Queueing time: mean = 227.583 us, max = 1.030 ms, min = -0.000 s, total = 1.365 ms
	ray::rpc::InternalPubSubGcsService.grpc_client.GcsSubscriberPoll - 5 total (1 active), Execution time: mean = 299.785 s, total = 1498.923 s, Queueing time: mean = 0.000 s, max = -0.000 s, min = 9223372036.855 s, total = 0.000 s
	ray::rpc::InternalPubSubGcsService.grpc_client.GcsSubscriberPoll.OnReplyReceived - 4 total (0 active), Execution time: mean = 121.317 us, total = 485.269 us, Queueing time: mean = 68.427 us, max = 112.002 us, min = 15.489 us, total = 273.710 us
	ray::rpc::NodeInfoGcsService.grpc_client.GetAllNodeInfo - 1 total (0 active), Execution time: mean = 2.901 ms, total = 2.901 ms, Queueing time: mean = 0.000 s, max = -0.000 s, min = 9223372036.855 s, total = 0.000 s
	ray::rpc::InternalPubSubGcsService.grpc_client.GcsSubscriberCommandBatch - 1 total (0 active), Execution time: mean = 13.181 ms, total = 13.181 ms, Queueing time: mean = 0.000 s, max = -0.000 s, min = 9223372036.855 s, total = 0.000 s
	ray::rpc::InternalPubSubGcsService.grpc_client.GcsSubscriberCommandBatch.OnReplyReceived - 1 total (0 active), Execution time: mean = 94.315 us, total = 94.315 us, Queueing time: mean = 5.221 us, max = 5.221 us, min = 5.221 us, total = 5.221 us
	ray::rpc::NodeInfoGcsService.grpc_client.GetAllNodeInfo.OnReplyReceived - 1 total (0 active), Execution time: mean = 72.271 us, total = 72.271 us, Queueing time: mean = 11.321 us, max = 11.321 us, min = 11.321 us, total = 11.321 us
	ray::rpc::WorkerInfoGcsService.grpc_client.AddWorkerInfo - 1 total (0 active), Execution time: mean = 13.881 ms, total = 13.881 ms, Queueing time: mean = 0.000 s, max = -0.000 s, min = 9223372036.855 s, total = 0.000 s
	ray::rpc::WorkerInfoGcsService.grpc_client.AddWorkerInfo.OnReplyReceived - 1 total (0 active), Execution time: mean = 25.997 us, total = 25.997 us, Queueing time: mean = 46.113 us, max = 46.113 us, min = 46.113 us, total = 46.113 us

-----------------
Task Event stats:

IO Service Stats:

Global stats: 4678 total (1 active)
Queueing time: mean = 221.027 us, max = 30.414 ms, min = -0.015 s, total = 1.034 s
Execution time:  mean = 231.158 us, total = 1.081 s
Event stats:
	ray::rpc::TaskInfoGcsService.grpc_client.AddTaskEventData.OnReplyReceived - 1559 total (0 active), Execution time: mean = 24.302 us, total = 37.887 ms, Queueing time: mean = 32.326 us, max = 2.167 ms, min = 6.659 us, total = 50.397 ms
	CoreWorker.deadline_timer.flush_task_events - 1559 total (1 active), Execution time: mean = 119.167 us, total = 185.781 ms, Queueing time: mean = 630.658 us, max = 30.414 ms, min = -0.015 s, total = 983.195 ms
	ray::rpc::TaskInfoGcsService.grpc_client.AddTaskEventData - 1559 total (0 active), Execution time: mean = 550.019 us, total = 857.479 ms, Queueing time: mean = 0.000 s, max = -0.000 s, min = 9223372036.855 s, total = 0.000 s
	PeriodicalRunner.RunFnPeriodically - 1 total (0 active), Execution time: mean = 210.601 us, total = 210.601 us, Queueing time: mean = 371.545 us, max = 371.545 us, min = 371.545 us, total = 371.545 us
Other Stats:
	grpc_in_progress:0
	current number of task status events in buffer: 0
	current number of profile events in buffer: 0
	current number of dropped task attempts tracked: 0
	total task events sent: 0 MiB
	total number of task attempts sent: 0
	total number of task attempts dropped reported: 0
	total number of sent failure: 0
	num status task events dropped: 0
	num profile task events dropped: 0


[2025-02-15 21:28:18,475 I 450 1109] core_worker.cc:642: Event stats:


Global stats: 23201 total (8 active)
Queueing time: mean = 115.189 us, max = 30.582 ms, min = -0.031 s, total = 2.672 s
Execution time:  mean = 64.679 ms, total = 1500.622 s
Event stats:
	CoreWorker.RecoverObjects - 16180 total (1 active), Execution time: mean = 5.485 us, total = 88.749 ms, Queueing time: mean = 124.326 us, max = 9.700 ms, min = -0.015 s, total = 2.012 s
	NodeManagerService.grpc_client.ReportWorkerBacklog.OnReplyReceived - 1620 total (0 active), Execution time: mean = 16.969 us, total = 27.490 ms, Queueing time: mean = 42.318 us, max = 1.461 ms, min = 9.745 us, total = 68.555 ms
	CoreWorker.InternalHeartbeat - 1620 total (1 active), Execution time: mean = 114.981 us, total = 186.270 ms, Queueing time: mean = 109.422 us, max = 30.500 ms, min = -0.031 s, total = 177.263 ms
	CoreWorker.ExitIfParentRayletDies - 1620 total (1 active), Execution time: mean = 6.938 us, total = 11.239 ms, Queueing time: mean = 221.335 us, max = 30.582 ms, min = -0.028 s, total = 358.563 ms
	NodeManagerService.grpc_client.ReportWorkerBacklog - 1620 total (0 active), Execution time: mean = 828.562 us, total = 1.342 s, Queueing time: mean = 0.000 s, max = -0.000 s, min = 9223372036.855 s, total = 0.000 s
	CoreWorker.RecordMetrics - 324 total (1 active), Execution time: mean = 18.133 us, total = 5.875 ms, Queueing time: mean = 71.092 us, max = 19.507 ms, min = -0.017 s, total = 23.034 ms
	CoreWorker.GCStreamingGeneratorMetadata - 162 total (1 active), Execution time: mean = 3.620 us, total = 586.363 us, Queueing time: mean = 163.410 us, max = 19.052 ms, min = -0.018 s, total = 26.472 ms
	CoreWorker.PrintEventStats - 27 total (1 active, 1 running), Execution time: mean = 182.216 us, total = 4.920 ms, Queueing time: mean = 87.201 us, max = 1.308 ms, min = -0.001 s, total = 2.354 ms
	PeriodicalRunner.RunFnPeriodically - 7 total (0 active), Execution time: mean = 73.277 us, total = 512.941 us, Queueing time: mean = 421.216 us, max = 778.672 us, min = 38.374 us, total = 2.949 ms
	Publisher.CheckDeadSubscribers - 6 total (1 active), Execution time: mean = 4.168 us, total = 25.009 us, Queueing time: mean = 227.583 us, max = 1.030 ms, min = -0.000 s, total = 1.365 ms
	ray::rpc::InternalPubSubGcsService.grpc_client.GcsSubscriberPoll - 5 total (1 active), Execution time: mean = 299.785 s, total = 1498.923 s, Queueing time: mean = 0.000 s, max = -0.000 s, min = 9223372036.855 s, total = 0.000 s
	ray::rpc::InternalPubSubGcsService.grpc_client.GcsSubscriberPoll.OnReplyReceived - 4 total (0 active), Execution time: mean = 121.317 us, total = 485.269 us, Queueing time: mean = 68.427 us, max = 112.002 us, min = 15.489 us, total = 273.710 us
	ray::rpc::NodeInfoGcsService.grpc_client.GetAllNodeInfo - 1 total (0 active), Execution time: mean = 2.901 ms, total = 2.901 ms, Queueing time: mean = 0.000 s, max = -0.000 s, min = 9223372036.855 s, total = 0.000 s
	ray::rpc::InternalPubSubGcsService.grpc_client.GcsSubscriberCommandBatch - 1 total (0 active), Execution time: mean = 13.181 ms, total = 13.181 ms, Queueing time: mean = 0.000 s, max = -0.000 s, min = 9223372036.855 s, total = 0.000 s
	ray::rpc::InternalPubSubGcsService.grpc_client.GcsSubscriberCommandBatch.OnReplyReceived - 1 total (0 active), Execution time: mean = 94.315 us, total = 94.315 us, Queueing time: mean = 5.221 us, max = 5.221 us, min = 5.221 us, total = 5.221 us
	ray::rpc::NodeInfoGcsService.grpc_client.GetAllNodeInfo.OnReplyReceived - 1 total (0 active), Execution time: mean = 72.271 us, total = 72.271 us, Queueing time: mean = 11.321 us, max = 11.321 us, min = 11.321 us, total = 11.321 us
	ray::rpc::WorkerInfoGcsService.grpc_client.AddWorkerInfo - 1 total (0 active), Execution time: mean = 13.881 ms, total = 13.881 ms, Queueing time: mean = 0.000 s, max = -0.000 s, min = 9223372036.855 s, total = 0.000 s
	ray::rpc::WorkerInfoGcsService.grpc_client.AddWorkerInfo.OnReplyReceived - 1 total (0 active), Execution time: mean = 25.997 us, total = 25.997 us, Queueing time: mean = 46.113 us, max = 46.113 us, min = 46.113 us, total = 46.113 us

-----------------
Task Event stats:

IO Service Stats:

Global stats: 4858 total (1 active)
Queueing time: mean = 223.077 us, max = 30.414 ms, min = -0.015 s, total = 1.084 s
Execution time:  mean = 228.458 us, total = 1.110 s
Event stats:
	ray::rpc::TaskInfoGcsService.grpc_client.AddTaskEventData.OnReplyReceived - 1619 total (0 active), Execution time: mean = 23.947 us, total = 38.770 ms, Queueing time: mean = 31.898 us, max = 2.167 ms, min = 6.659 us, total = 51.643 ms
	CoreWorker.deadline_timer.flush_task_events - 1619 total (1 active), Execution time: mean = 118.193 us, total = 191.355 ms, Queueing time: mean = 637.242 us, max = 30.414 ms, min = -0.015 s, total = 1.032 s
	ray::rpc::TaskInfoGcsService.grpc_client.AddTaskEventData - 1619 total (0 active), Execution time: mean = 543.246 us, total = 879.516 ms, Queueing time: mean = 0.000 s, max = -0.000 s, min = 9223372036.855 s, total = 0.000 s
	PeriodicalRunner.RunFnPeriodically - 1 total (0 active), Execution time: mean = 210.601 us, total = 210.601 us, Queueing time: mean = 371.545 us, max = 371.545 us, min = 371.545 us, total = 371.545 us
Other Stats:
	grpc_in_progress:0
	current number of task status events in buffer: 0
	current number of profile events in buffer: 0
	current number of dropped task attempts tracked: 0
	total task events sent: 0 MiB
	total number of task attempts sent: 0
	total number of task attempts dropped reported: 0
	total number of sent failure: 0
	num status task events dropped: 0
	num profile task events dropped: 0


[2025-02-15 21:29:18,475 I 450 1109] core_worker.cc:642: Event stats:


Global stats: 24059 total (8 active)
Queueing time: mean = 117.844 us, max = 30.582 ms, min = -0.031 s, total = 2.835 s
Execution time:  mean = 62.375 ms, total = 1500.673 s
Event stats:
	CoreWorker.RecoverObjects - 16779 total (1 active), Execution time: mean = 5.560 us, total = 93.287 ms, Queueing time: mean = 123.289 us, max = 9.700 ms, min = -0.018 s, total = 2.069 s
	NodeManagerService.grpc_client.ReportWorkerBacklog.OnReplyReceived - 1680 total (0 active), Execution time: mean = 17.005 us, total = 28.569 ms, Queueing time: mean = 42.029 us, max = 1.461 ms, min = 8.582 us, total = 70.609 ms
	CoreWorker.InternalHeartbeat - 1680 total (1 active), Execution time: mean = 115.294 us, total = 193.694 ms, Queueing time: mean = 137.326 us, max = 30.500 ms, min = -0.031 s, total = 230.708 ms
	CoreWorker.ExitIfParentRayletDies - 1680 total (1 active), Execution time: mean = 7.011 us, total = 11.778 ms, Queueing time: mean = 248.916 us, max = 30.582 ms, min = -0.028 s, total = 418.179 ms
	NodeManagerService.grpc_client.ReportWorkerBacklog - 1680 total (0 active), Execution time: mean = 821.233 us, total = 1.380 s, Queueing time: mean = 0.000 s, max = -0.000 s, min = 9223372036.855 s, total = 0.000 s
	CoreWorker.RecordMetrics - 336 total (1 active), Execution time: mean = 18.224 us, total = 6.123 ms, Queueing time: mean = 70.650 us, max = 19.507 ms, min = -0.017 s, total = 23.738 ms
	CoreWorker.GCStreamingGeneratorMetadata - 168 total (1 active), Execution time: mean = 3.677 us, total = 617.669 us, Queueing time: mean = 97.064 us, max = 19.052 ms, min = -0.018 s, total = 16.307 ms
	CoreWorker.PrintEventStats - 28 total (1 active, 1 running), Execution time: mean = 181.318 us, total = 5.077 ms, Queueing time: mean = 83.428 us, max = 1.308 ms, min = -0.001 s, total = 2.336 ms
	PeriodicalRunner.RunFnPeriodically - 7 total (0 active), Execution time: mean = 73.277 us, total = 512.941 us, Queueing time: mean = 421.216 us, max = 778.672 us, min = 38.374 us, total = 2.949 ms
	Publisher.CheckDeadSubscribers - 6 total (1 active), Execution time: mean = 4.168 us, total = 25.009 us, Queueing time: mean = 227.583 us, max = 1.030 ms, min = -0.000 s, total = 1.365 ms
	ray::rpc::InternalPubSubGcsService.grpc_client.GcsSubscriberPoll - 5 total (1 active), Execution time: mean = 299.785 s, total = 1498.923 s, Queueing time: mean = 0.000 s, max = -0.000 s, min = 9223372036.855 s, total = 0.000 s
	ray::rpc::InternalPubSubGcsService.grpc_client.GcsSubscriberPoll.OnReplyReceived - 4 total (0 active), Execution time: mean = 121.317 us, total = 485.269 us, Queueing time: mean = 68.427 us, max = 112.002 us, min = 15.489 us, total = 273.710 us
	ray::rpc::NodeInfoGcsService.grpc_client.GetAllNodeInfo - 1 total (0 active), Execution time: mean = 2.901 ms, total = 2.901 ms, Queueing time: mean = 0.000 s, max = -0.000 s, min = 9223372036.855 s, total = 0.000 s
	ray::rpc::InternalPubSubGcsService.grpc_client.GcsSubscriberCommandBatch - 1 total (0 active), Execution time: mean = 13.181 ms, total = 13.181 ms, Queueing time: mean = 0.000 s, max = -0.000 s, min = 9223372036.855 s, total = 0.000 s
	ray::rpc::InternalPubSubGcsService.grpc_client.GcsSubscriberCommandBatch.OnReplyReceived - 1 total (0 active), Execution time: mean = 94.315 us, total = 94.315 us, Queueing time: mean = 5.221 us, max = 5.221 us, min = 5.221 us, total = 5.221 us
	ray::rpc::NodeInfoGcsService.grpc_client.GetAllNodeInfo.OnReplyReceived - 1 total (0 active), Execution time: mean = 72.271 us, total = 72.271 us, Queueing time: mean = 11.321 us, max = 11.321 us, min = 11.321 us, total = 11.321 us
	ray::rpc::WorkerInfoGcsService.grpc_client.AddWorkerInfo - 1 total (0 active), Execution time: mean = 13.881 ms, total = 13.881 ms, Queueing time: mean = 0.000 s, max = -0.000 s, min = 9223372036.855 s, total = 0.000 s
	ray::rpc::WorkerInfoGcsService.grpc_client.AddWorkerInfo.OnReplyReceived - 1 total (0 active), Execution time: mean = 25.997 us, total = 25.997 us, Queueing time: mean = 46.113 us, max = 46.113 us, min = 46.113 us, total = 46.113 us

-----------------
Task Event stats:

IO Service Stats:

Global stats: 5038 total (1 active)
Queueing time: mean = 225.980 us, max = 30.414 ms, min = -0.015 s, total = 1.138 s
Execution time:  mean = 229.193 us, total = 1.155 s
Event stats:
	ray::rpc::TaskInfoGcsService.grpc_client.AddTaskEventData.OnReplyReceived - 1679 total (0 active), Execution time: mean = 23.983 us, total = 40.268 ms, Queueing time: mean = 32.234 us, max = 2.167 ms, min = 6.659 us, total = 54.122 ms
	CoreWorker.deadline_timer.flush_task_events - 1679 total (1 active), Execution time: mean = 118.712 us, total = 199.318 ms, Queueing time: mean = 645.620 us, max = 30.414 ms, min = -0.015 s, total = 1.084 s
	ray::rpc::TaskInfoGcsService.grpc_client.AddTaskEventData - 1679 total (0 active), Execution time: mean = 544.896 us, total = 914.880 ms, Queueing time: mean = 0.000 s, max = -0.000 s, min = 9223372036.855 s, total = 0.000 s
	PeriodicalRunner.RunFnPeriodically - 1 total (0 active), Execution time: mean = 210.601 us, total = 210.601 us, Queueing time: mean = 371.545 us, max = 371.545 us, min = 371.545 us, total = 371.545 us
Other Stats:
	grpc_in_progress:0
	current number of task status events in buffer: 0
	current number of profile events in buffer: 0
	current number of dropped task attempts tracked: 0
	total task events sent: 0 MiB
	total number of task attempts sent: 0
	total number of task attempts dropped reported: 0
	total number of sent failure: 0
	num status task events dropped: 0
	num profile task events dropped: 0


[2025-02-15 21:30:18,476 I 450 1109] core_worker.cc:642: Event stats:


Global stats: 24918 total (8 active)
Queueing time: mean = 120.340 us, max = 34.749 ms, min = -0.031 s, total = 2.999 s
Execution time:  mean = 60.226 ms, total = 1500.712 s
Event stats:
	CoreWorker.RecoverObjects - 17379 total (1 active), Execution time: mean = 5.581 us, total = 96.989 ms, Queueing time: mean = 122.109 us, max = 9.700 ms, min = -0.018 s, total = 2.122 s
	NodeManagerService.grpc_client.ReportWorkerBacklog.OnReplyReceived - 1740 total (0 active), Execution time: mean = 16.908 us, total = 29.419 ms, Queueing time: mean = 41.434 us, max = 1.461 ms, min = 4.835 us, total = 72.095 ms
	CoreWorker.InternalHeartbeat - 1740 total (1 active), Execution time: mean = 114.874 us, total = 199.881 ms, Queueing time: mean = 162.067 us, max = 34.733 ms, min = -0.031 s, total = 281.996 ms
	CoreWorker.ExitIfParentRayletDies - 1740 total (1 active), Execution time: mean = 7.047 us, total = 12.262 ms, Queueing time: mean = 273.252 us, max = 34.749 ms, min = -0.028 s, total = 475.458 ms
	NodeManagerService.grpc_client.ReportWorkerBacklog - 1740 total (0 active), Execution time: mean = 808.622 us, total = 1.407 s, Queueing time: mean = 0.000 s, max = -0.000 s, min = 9223372036.855 s, total = 0.000 s
	CoreWorker.RecordMetrics - 348 total (1 active), Execution time: mean = 18.224 us, total = 6.342 ms, Queueing time: mean = 70.736 us, max = 19.507 ms, min = -0.017 s, total = 24.616 ms
	CoreWorker.GCStreamingGeneratorMetadata - 174 total (1 active), Execution time: mean = 3.690 us, total = 642.088 us, Queueing time: mean = 88.193 us, max = 19.052 ms, min = -0.018 s, total = 15.346 ms
	CoreWorker.PrintEventStats - 29 total (1 active, 1 running), Execution time: mean = 183.828 us, total = 5.331 ms, Queueing time: mean = 81.046 us, max = 1.308 ms, min = -0.001 s, total = 2.350 ms
	PeriodicalRunner.RunFnPeriodically - 7 total (0 active), Execution time: mean = 73.277 us, total = 512.941 us, Queueing time: mean = 421.216 us, max = 778.672 us, min = 38.374 us, total = 2.949 ms
	Publisher.CheckDeadSubscribers - 6 total (1 active), Execution time: mean = 4.168 us, total = 25.009 us, Queueing time: mean = 227.583 us, max = 1.030 ms, min = -0.000 s, total = 1.365 ms
	ray::rpc::InternalPubSubGcsService.grpc_client.GcsSubscriberPoll - 5 total (1 active), Execution time: mean = 299.785 s, total = 1498.923 s, Queueing time: mean = 0.000 s, max = -0.000 s, min = 9223372036.855 s, total = 0.000 s
	ray::rpc::InternalPubSubGcsService.grpc_client.GcsSubscriberPoll.OnReplyReceived - 4 total (0 active), Execution time: mean = 121.317 us, total = 485.269 us, Queueing time: mean = 68.427 us, max = 112.002 us, min = 15.489 us, total = 273.710 us
	ray::rpc::NodeInfoGcsService.grpc_client.GetAllNodeInfo - 1 total (0 active), Execution time: mean = 2.901 ms, total = 2.901 ms, Queueing time: mean = 0.000 s, max = -0.000 s, min = 9223372036.855 s, total = 0.000 s
	ray::rpc::InternalPubSubGcsService.grpc_client.GcsSubscriberCommandBatch - 1 total (0 active), Execution time: mean = 13.181 ms, total = 13.181 ms, Queueing time: mean = 0.000 s, max = -0.000 s, min = 9223372036.855 s, total = 0.000 s
	ray::rpc::InternalPubSubGcsService.grpc_client.GcsSubscriberCommandBatch.OnReplyReceived - 1 total (0 active), Execution time: mean = 94.315 us, total = 94.315 us, Queueing time: mean = 5.221 us, max = 5.221 us, min = 5.221 us, total = 5.221 us
	ray::rpc::NodeInfoGcsService.grpc_client.GetAllNodeInfo.OnReplyReceived - 1 total (0 active), Execution time: mean = 72.271 us, total = 72.271 us, Queueing time: mean = 11.321 us, max = 11.321 us, min = 11.321 us, total = 11.321 us
	ray::rpc::WorkerInfoGcsService.grpc_client.AddWorkerInfo - 1 total (0 active), Execution time: mean = 13.881 ms, total = 13.881 ms, Queueing time: mean = 0.000 s, max = -0.000 s, min = 9223372036.855 s, total = 0.000 s
	ray::rpc::WorkerInfoGcsService.grpc_client.AddWorkerInfo.OnReplyReceived - 1 total (0 active), Execution time: mean = 25.997 us, total = 25.997 us, Queueing time: mean = 46.113 us, max = 46.113 us, min = 46.113 us, total = 46.113 us

-----------------
Task Event stats:

IO Service Stats:

Global stats: 5218 total (1 active)
Queueing time: mean = 228.144 us, max = 35.488 ms, min = -0.015 s, total = 1.190 s
Execution time:  mean = 227.429 us, total = 1.187 s
Event stats:
	ray::rpc::TaskInfoGcsService.grpc_client.AddTaskEventData.OnReplyReceived - 1739 total (0 active), Execution time: mean = 23.770 us, total = 41.336 ms, Queueing time: mean = 32.043 us, max = 2.167 ms, min = 6.659 us, total = 55.722 ms
	CoreWorker.deadline_timer.flush_task_events - 1739 total (1 active), Execution time: mean = 118.133 us, total = 205.433 ms, Queueing time: mean = 652.308 us, max = 35.488 ms, min = -0.015 s, total = 1.134 s
	ray::rpc::TaskInfoGcsService.grpc_client.AddTaskEventData - 1739 total (0 active), Execution time: mean = 540.395 us, total = 939.746 ms, Queueing time: mean = 0.000 s, max = -0.000 s, min = 9223372036.855 s, total = 0.000 s
	PeriodicalRunner.RunFnPeriodically - 1 total (0 active), Execution time: mean = 210.601 us, total = 210.601 us, Queueing time: mean = 371.545 us, max = 371.545 us, min = 371.545 us, total = 371.545 us
Other Stats:
	grpc_in_progress:0
	current number of task status events in buffer: 0
	current number of profile events in buffer: 0
	current number of dropped task attempts tracked: 0
	total task events sent: 0 MiB
	total number of task attempts sent: 0
	total number of task attempts dropped reported: 0
	total number of sent failure: 0
	num status task events dropped: 0
	num profile task events dropped: 0


[2025-02-15 21:31:18,476 I 450 1109] core_worker.cc:642: Event stats:


Global stats: 25779 total (8 active)
Queueing time: mean = 123.276 us, max = 34.749 ms, min = -0.031 s, total = 3.178 s
Execution time:  mean = 69.864 ms, total = 1801.019 s
Event stats:
	CoreWorker.RecoverObjects - 17978 total (1 active), Execution time: mean = 5.564 us, total = 100.029 ms, Queueing time: mean = 121.436 us, max = 9.700 ms, min = -0.018 s, total = 2.183 s
	NodeManagerService.grpc_client.ReportWorkerBacklog.OnReplyReceived - 1800 total (0 active), Execution time: mean = 16.744 us, total = 30.139 ms, Queueing time: mean = 40.846 us, max = 1.461 ms, min = 4.835 us, total = 73.523 ms
	CoreWorker.InternalHeartbeat - 1800 total (1 active), Execution time: mean = 113.998 us, total = 205.197 ms, Queueing time: mean = 187.896 us, max = 34.733 ms, min = -0.031 s, total = 338.212 ms
	CoreWorker.ExitIfParentRayletDies - 1800 total (1 active), Execution time: mean = 7.044 us, total = 12.679 ms, Queueing time: mean = 298.323 us, max = 34.749 ms, min = -0.028 s, total = 536.982 ms
	NodeManagerService.grpc_client.ReportWorkerBacklog - 1800 total (0 active), Execution time: mean = 794.831 us, total = 1.431 s, Queueing time: mean = 0.000 s, max = -0.000 s, min = 9223372036.855 s, total = 0.000 s
	CoreWorker.RecordMetrics - 360 total (1 active), Execution time: mean = 18.255 us, total = 6.572 ms, Queueing time: mean = 70.108 us, max = 19.507 ms, min = -0.017 s, total = 25.239 ms
	CoreWorker.GCStreamingGeneratorMetadata - 180 total (1 active), Execution time: mean = 3.671 us, total = 660.859 us, Queueing time: mean = 72.888 us, max = 19.052 ms, min = -0.018 s, total = 13.120 ms
	CoreWorker.PrintEventStats - 30 total (1 active, 1 running), Execution time: mean = 183.437 us, total = 5.503 ms, Queueing time: mean = 88.525 us, max = 1.308 ms, min = -0.001 s, total = 2.656 ms
	Publisher.CheckDeadSubscribers - 7 total (1 active), Execution time: mean = 4.087 us, total = 28.607 us, Queueing time: mean = 238.819 us, max = 1.030 ms, min = -0.000 s, total = 1.672 ms
	PeriodicalRunner.RunFnPeriodically - 7 total (0 active), Execution time: mean = 73.277 us, total = 512.941 us, Queueing time: mean = 421.216 us, max = 778.672 us, min = 38.374 us, total = 2.949 ms
	ray::rpc::InternalPubSubGcsService.grpc_client.GcsSubscriberPoll - 6 total (1 active), Execution time: mean = 299.866 s, total = 1799.196 s, Queueing time: mean = 0.000 s, max = -0.000 s, min = 9223372036.855 s, total = 0.000 s
	ray::rpc::InternalPubSubGcsService.grpc_client.GcsSubscriberPoll.OnReplyReceived - 5 total (0 active), Execution time: mean = 118.814 us, total = 594.071 us, Queueing time: mean = 68.897 us, max = 112.002 us, min = 15.489 us, total = 344.483 us
	ray::rpc::NodeInfoGcsService.grpc_client.GetAllNodeInfo - 1 total (0 active), Execution time: mean = 2.901 ms, total = 2.901 ms, Queueing time: mean = 0.000 s, max = -0.000 s, min = 9223372036.855 s, total = 0.000 s
	ray::rpc::InternalPubSubGcsService.grpc_client.GcsSubscriberCommandBatch - 1 total (0 active), Execution time: mean = 13.181 ms, total = 13.181 ms, Queueing time: mean = 0.000 s, max = -0.000 s, min = 9223372036.855 s, total = 0.000 s
	ray::rpc::InternalPubSubGcsService.grpc_client.GcsSubscriberCommandBatch.OnReplyReceived - 1 total (0 active), Execution time: mean = 94.315 us, total = 94.315 us, Queueing time: mean = 5.221 us, max = 5.221 us, min = 5.221 us, total = 5.221 us
	ray::rpc::NodeInfoGcsService.grpc_client.GetAllNodeInfo.OnReplyReceived - 1 total (0 active), Execution time: mean = 72.271 us, total = 72.271 us, Queueing time: mean = 11.321 us, max = 11.321 us, min = 11.321 us, total = 11.321 us
	ray::rpc::WorkerInfoGcsService.grpc_client.AddWorkerInfo - 1 total (0 active), Execution time: mean = 13.881 ms, total = 13.881 ms, Queueing time: mean = 0.000 s, max = -0.000 s, min = 9223372036.855 s, total = 0.000 s
	ray::rpc::WorkerInfoGcsService.grpc_client.AddWorkerInfo.OnReplyReceived - 1 total (0 active), Execution time: mean = 25.997 us, total = 25.997 us, Queueing time: mean = 46.113 us, max = 46.113 us, min = 46.113 us, total = 46.113 us

-----------------
Task Event stats:

IO Service Stats:

Global stats: 5398 total (1 active)
Queueing time: mean = 231.285 us, max = 35.488 ms, min = -0.015 s, total = 1.248 s
Execution time:  mean = 225.506 us, total = 1.217 s
Event stats:
	ray::rpc::TaskInfoGcsService.grpc_client.AddTaskEventData.OnReplyReceived - 1799 total (0 active), Execution time: mean = 23.496 us, total = 42.269 ms, Queueing time: mean = 31.729 us, max = 2.167 ms, min = 6.659 us, total = 57.081 ms
	CoreWorker.deadline_timer.flush_task_events - 1799 total (1 active), Execution time: mean = 117.516 us, total = 211.412 ms, Queueing time: mean = 662.046 us, max = 35.488 ms, min = -0.015 s, total = 1.191 s
	ray::rpc::TaskInfoGcsService.grpc_client.AddTaskEventData - 1799 total (0 active), Execution time: mean = 535.514 us, total = 963.390 ms, Queueing time: mean = 0.000 s, max = -0.000 s, min = 9223372036.855 s, total = 0.000 s
	PeriodicalRunner.RunFnPeriodically - 1 total (0 active), Execution time: mean = 210.601 us, total = 210.601 us, Queueing time: mean = 371.545 us, max = 371.545 us, min = 371.545 us, total = 371.545 us
Other Stats:
	grpc_in_progress:0
	current number of task status events in buffer: 0
	current number of profile events in buffer: 0
	current number of dropped task attempts tracked: 0
	total task events sent: 0 MiB
	total number of task attempts sent: 0
	total number of task attempts dropped reported: 0
	total number of sent failure: 0
	num status task events dropped: 0
	num profile task events dropped: 0


[2025-02-15 21:32:18,476 I 450 1109] core_worker.cc:642: Event stats:


Global stats: 26638 total (8 active)
Queueing time: mean = 125.242 us, max = 34.749 ms, min = -0.031 s, total = 3.336 s
Execution time:  mean = 67.612 ms, total = 1801.054 s
Event stats:
	CoreWorker.RecoverObjects - 18578 total (1 active), Execution time: mean = 5.555 us, total = 103.205 ms, Queueing time: mean = 120.256 us, max = 9.700 ms, min = -0.018 s, total = 2.234 s
	NodeManagerService.grpc_client.ReportWorkerBacklog.OnReplyReceived - 1860 total (0 active), Execution time: mean = 16.597 us, total = 30.871 ms, Queueing time: mean = 40.308 us, max = 1.461 ms, min = 4.835 us, total = 74.974 ms
	CoreWorker.InternalHeartbeat - 1860 total (1 active), Execution time: mean = 113.671 us, total = 211.427 ms, Queueing time: mean = 208.216 us, max = 34.733 ms, min = -0.031 s, total = 387.282 ms
	CoreWorker.ExitIfParentRayletDies - 1860 total (1 active), Execution time: mean = 7.023 us, total = 13.062 ms, Queueing time: mean = 317.679 us, max = 34.749 ms, min = -0.028 s, total = 590.882 ms
	NodeManagerService.grpc_client.ReportWorkerBacklog - 1860 total (0 active), Execution time: mean = 782.367 us, total = 1.455 s, Queueing time: mean = 0.000 s, max = -0.000 s, min = 9223372036.855 s, total = 0.000 s
	CoreWorker.RecordMetrics - 372 total (1 active), Execution time: mean = 18.179 us, total = 6.763 ms, Queueing time: mean = 68.603 us, max = 19.507 ms, min = -0.017 s, total = 25.520 ms
	CoreWorker.GCStreamingGeneratorMetadata - 186 total (1 active), Execution time: mean = 3.664 us, total = 681.542 us, Queueing time: mean = 84.990 us, max = 19.052 ms, min = -0.018 s, total = 15.808 ms
	CoreWorker.PrintEventStats - 31 total (1 active, 1 running), Execution time: mean = 182.893 us, total = 5.670 ms, Queueing time: mean = 83.714 us, max = 1.308 ms, min = -0.001 s, total = 2.595 ms
	Publisher.CheckDeadSubscribers - 7 total (1 active), Execution time: mean = 4.087 us, total = 28.607 us, Queueing time: mean = 238.819 us, max = 1.030 ms, min = -0.000 s, total = 1.672 ms
	PeriodicalRunner.RunFnPeriodically - 7 total (0 active), Execution time: mean = 73.277 us, total = 512.941 us, Queueing time: mean = 421.216 us, max = 778.672 us, min = 38.374 us, total = 2.949 ms
	ray::rpc::InternalPubSubGcsService.grpc_client.GcsSubscriberPoll - 6 total (1 active), Execution time: mean = 299.866 s, total = 1799.196 s, Queueing time: mean = 0.000 s, max = -0.000 s, min = 9223372036.855 s, total = 0.000 s
	ray::rpc::InternalPubSubGcsService.grpc_client.GcsSubscriberPoll.OnReplyReceived - 5 total (0 active), Execution time: mean = 118.814 us, total = 594.071 us, Queueing time: mean = 68.897 us, max = 112.002 us, min = 15.489 us, total = 344.483 us
	ray::rpc::NodeInfoGcsService.grpc_client.GetAllNodeInfo - 1 total (0 active), Execution time: mean = 2.901 ms, total = 2.901 ms, Queueing time: mean = 0.000 s, max = -0.000 s, min = 9223372036.855 s, total = 0.000 s
	ray::rpc::InternalPubSubGcsService.grpc_client.GcsSubscriberCommandBatch - 1 total (0 active), Execution time: mean = 13.181 ms, total = 13.181 ms, Queueing time: mean = 0.000 s, max = -0.000 s, min = 9223372036.855 s, total = 0.000 s
	ray::rpc::InternalPubSubGcsService.grpc_client.GcsSubscriberCommandBatch.OnReplyReceived - 1 total (0 active), Execution time: mean = 94.315 us, total = 94.315 us, Queueing time: mean = 5.221 us, max = 5.221 us, min = 5.221 us, total = 5.221 us
	ray::rpc::NodeInfoGcsService.grpc_client.GetAllNodeInfo.OnReplyReceived - 1 total (0 active), Execution time: mean = 72.271 us, total = 72.271 us, Queueing time: mean = 11.321 us, max = 11.321 us, min = 11.321 us, total = 11.321 us
	ray::rpc::WorkerInfoGcsService.grpc_client.AddWorkerInfo - 1 total (0 active), Execution time: mean = 13.881 ms, total = 13.881 ms, Queueing time: mean = 0.000 s, max = -0.000 s, min = 9223372036.855 s, total = 0.000 s
	ray::rpc::WorkerInfoGcsService.grpc_client.AddWorkerInfo.OnReplyReceived - 1 total (0 active), Execution time: mean = 25.997 us, total = 25.997 us, Queueing time: mean = 46.113 us, max = 46.113 us, min = 46.113 us, total = 46.113 us

-----------------
Task Event stats:

IO Service Stats:

Global stats: 5578 total (1 active)
Queueing time: mean = 232.564 us, max = 35.488 ms, min = -0.015 s, total = 1.297 s
Execution time:  mean = 223.533 us, total = 1.247 s
Event stats:
	ray::rpc::TaskInfoGcsService.grpc_client.AddTaskEventData.OnReplyReceived - 1859 total (0 active), Execution time: mean = 23.217 us, total = 43.161 ms, Queueing time: mean = 31.388 us, max = 2.167 ms, min = 6.659 us, total = 58.350 ms
	CoreWorker.deadline_timer.flush_task_events - 1859 total (1 active), Execution time: mean = 117.054 us, total = 217.603 ms, Queueing time: mean = 666.228 us, max = 35.488 ms, min = -0.015 s, total = 1.239 s
	ray::rpc::TaskInfoGcsService.grpc_client.AddTaskEventData - 1859 total (0 active), Execution time: mean = 530.334 us, total = 985.892 ms, Queueing time: mean = 0.000 s, max = -0.000 s, min = 9223372036.855 s, total = 0.000 s
	PeriodicalRunner.RunFnPeriodically - 1 total (0 active), Execution time: mean = 210.601 us, total = 210.601 us, Queueing time: mean = 371.545 us, max = 371.545 us, min = 371.545 us, total = 371.545 us
Other Stats:
	grpc_in_progress:0
	current number of task status events in buffer: 0
	current number of profile events in buffer: 0
	current number of dropped task attempts tracked: 0
	total task events sent: 0 MiB
	total number of task attempts sent: 0
	total number of task attempts dropped reported: 0
	total number of sent failure: 0
	num status task events dropped: 0
	num profile task events dropped: 0


[2025-02-15 21:33:18,476 I 450 1109] core_worker.cc:642: Event stats:


Global stats: 27496 total (8 active)
Queueing time: mean = 128.717 us, max = 34.749 ms, min = -0.031 s, total = 3.539 s
Execution time:  mean = 65.504 ms, total = 1801.092 s
Event stats:
	CoreWorker.RecoverObjects - 19177 total (1 active), Execution time: mean = 5.545 us, total = 106.332 ms, Queueing time: mean = 119.981 us, max = 9.700 ms, min = -0.018 s, total = 2.301 s
	NodeManagerService.grpc_client.ReportWorkerBacklog.OnReplyReceived - 1920 total (0 active), Execution time: mean = 16.489 us, total = 31.659 ms, Queueing time: mean = 39.840 us, max = 1.461 ms, min = 4.835 us, total = 76.492 ms
	CoreWorker.InternalHeartbeat - 1920 total (1 active), Execution time: mean = 112.903 us, total = 216.775 ms, Queueing time: mean = 234.620 us, max = 34.733 ms, min = -0.031 s, total = 450.471 ms
	CoreWorker.ExitIfParentRayletDies - 1920 total (1 active), Execution time: mean = 7.014 us, total = 13.468 ms, Queueing time: mean = 343.937 us, max = 34.749 ms, min = -0.028 s, total = 660.358 ms
	NodeManagerService.grpc_client.ReportWorkerBacklog - 1920 total (0 active), Execution time: mean = 772.629 us, total = 1.483 s, Queueing time: mean = 0.000 s, max = -0.000 s, min = 9223372036.855 s, total = 0.000 s
	CoreWorker.RecordMetrics - 384 total (1 active), Execution time: mean = 18.251 us, total = 7.008 ms, Queueing time: mean = 69.626 us, max = 19.507 ms, min = -0.017 s, total = 26.736 ms
	CoreWorker.GCStreamingGeneratorMetadata - 192 total (1 active), Execution time: mean = 3.694 us, total = 709.261 us, Queueing time: mean = 86.196 us, max = 19.052 ms, min = -0.018 s, total = 16.550 ms
	CoreWorker.PrintEventStats - 32 total (1 active, 1 running), Execution time: mean = 185.287 us, total = 5.929 ms, Queueing time: mean = 84.287 us, max = 1.308 ms, min = -0.001 s, total = 2.697 ms
	Publisher.CheckDeadSubscribers - 7 total (1 active), Execution time: mean = 4.087 us, total = 28.607 us, Queueing time: mean = 238.819 us, max = 1.030 ms, min = -0.000 s, total = 1.672 ms
	PeriodicalRunner.RunFnPeriodically - 7 total (0 active), Execution time: mean = 73.277 us, total = 512.941 us, Queueing time: mean = 421.216 us, max = 778.672 us, min = 38.374 us, total = 2.949 ms
	ray::rpc::InternalPubSubGcsService.grpc_client.GcsSubscriberPoll - 6 total (1 active), Execution time: mean = 299.866 s, total = 1799.196 s, Queueing time: mean = 0.000 s, max = -0.000 s, min = 9223372036.855 s, total = 0.000 s
	ray::rpc::InternalPubSubGcsService.grpc_client.GcsSubscriberPoll.OnReplyReceived - 5 total (0 active), Execution time: mean = 118.814 us, total = 594.071 us, Queueing time: mean = 68.897 us, max = 112.002 us, min = 15.489 us, total = 344.483 us
	ray::rpc::NodeInfoGcsService.grpc_client.GetAllNodeInfo - 1 total (0 active), Execution time: mean = 2.901 ms, total = 2.901 ms, Queueing time: mean = 0.000 s, max = -0.000 s, min = 9223372036.855 s, total = 0.000 s
	ray::rpc::InternalPubSubGcsService.grpc_client.GcsSubscriberCommandBatch - 1 total (0 active), Execution time: mean = 13.181 ms, total = 13.181 ms, Queueing time: mean = 0.000 s, max = -0.000 s, min = 9223372036.855 s, total = 0.000 s
	ray::rpc::InternalPubSubGcsService.grpc_client.GcsSubscriberCommandBatch.OnReplyReceived - 1 total (0 active), Execution time: mean = 94.315 us, total = 94.315 us, Queueing time: mean = 5.221 us, max = 5.221 us, min = 5.221 us, total = 5.221 us
	ray::rpc::NodeInfoGcsService.grpc_client.GetAllNodeInfo.OnReplyReceived - 1 total (0 active), Execution time: mean = 72.271 us, total = 72.271 us, Queueing time: mean = 11.321 us, max = 11.321 us, min = 11.321 us, total = 11.321 us
	ray::rpc::WorkerInfoGcsService.grpc_client.AddWorkerInfo - 1 total (0 active), Execution time: mean = 13.881 ms, total = 13.881 ms, Queueing time: mean = 0.000 s, max = -0.000 s, min = 9223372036.855 s, total = 0.000 s
	ray::rpc::WorkerInfoGcsService.grpc_client.AddWorkerInfo.OnReplyReceived - 1 total (0 active), Execution time: mean = 25.997 us, total = 25.997 us, Queueing time: mean = 46.113 us, max = 46.113 us, min = 46.113 us, total = 46.113 us

-----------------
Task Event stats:

IO Service Stats:

Global stats: 5758 total (1 active)
Queueing time: mean = 236.556 us, max = 35.488 ms, min = -0.015 s, total = 1.362 s
Execution time:  mean = 221.860 us, total = 1.277 s
Event stats:
	ray::rpc::TaskInfoGcsService.grpc_client.AddTaskEventData.OnReplyReceived - 1919 total (0 active), Execution time: mean = 23.028 us, total = 44.190 ms, Queueing time: mean = 31.219 us, max = 2.167 ms, min = 6.526 us, total = 59.910 ms
	CoreWorker.deadline_timer.flush_task_events - 1919 total (1 active), Execution time: mean = 116.321 us, total = 223.221 ms, Queueing time: mean = 678.377 us, max = 35.488 ms, min = -0.015 s, total = 1.302 s
	ray::rpc::TaskInfoGcsService.grpc_client.AddTaskEventData - 1919 total (0 active), Execution time: mean = 526.238 us, total = 1.010 s, Queueing time: mean = 0.000 s, max = -0.000 s, min = 9223372036.855 s, total = 0.000 s
	PeriodicalRunner.RunFnPeriodically - 1 total (0 active), Execution time: mean = 210.601 us, total = 210.601 us, Queueing time: mean = 371.545 us, max = 371.545 us, min = 371.545 us, total = 371.545 us
Other Stats:
	grpc_in_progress:0
	current number of task status events in buffer: 0
	current number of profile events in buffer: 0
	current number of dropped task attempts tracked: 0
	total task events sent: 0 MiB
	total number of task attempts sent: 0
	total number of task attempts dropped reported: 0
	total number of sent failure: 0
	num status task events dropped: 0
	num profile task events dropped: 0


[2025-02-15 21:34:18,477 I 450 1109] core_worker.cc:642: Event stats:


Global stats: 28354 total (8 active)
Queueing time: mean = 130.516 us, max = 34.749 ms, min = -0.031 s, total = 3.701 s
Execution time:  mean = 63.523 ms, total = 1801.124 s
Event stats:
	CoreWorker.RecoverObjects - 19776 total (1 active), Execution time: mean = 5.513 us, total = 109.028 ms, Queueing time: mean = 119.041 us, max = 9.700 ms, min = -0.018 s, total = 2.354 s
	NodeManagerService.grpc_client.ReportWorkerBacklog.OnReplyReceived - 1980 total (0 active), Execution time: mean = 16.326 us, total = 32.326 ms, Queueing time: mean = 39.361 us, max = 1.461 ms, min = 4.835 us, total = 77.934 ms
	CoreWorker.InternalHeartbeat - 1980 total (1 active), Execution time: mean = 111.845 us, total = 221.453 ms, Queueing time: mean = 253.149 us, max = 34.733 ms, min = -0.031 s, total = 501.235 ms
	CoreWorker.ExitIfParentRayletDies - 1980 total (1 active), Execution time: mean = 6.989 us, total = 13.838 ms, Queueing time: mean = 361.174 us, max = 34.749 ms, min = -0.028 s, total = 715.124 ms
	NodeManagerService.grpc_client.ReportWorkerBacklog - 1980 total (0 active), Execution time: mean = 760.411 us, total = 1.506 s, Queueing time: mean = 0.000 s, max = -0.000 s, min = 9223372036.855 s, total = 0.000 s
	CoreWorker.RecordMetrics - 396 total (1 active), Execution time: mean = 18.191 us, total = 7.203 ms, Queueing time: mean = 68.020 us, max = 19.507 ms, min = -0.017 s, total = 26.936 ms
	CoreWorker.GCStreamingGeneratorMetadata - 198 total (1 active), Execution time: mean = 3.683 us, total = 729.290 us, Queueing time: mean = 88.343 us, max = 19.052 ms, min = -0.018 s, total = 17.492 ms
	CoreWorker.PrintEventStats - 33 total (1 active, 1 running), Execution time: mean = 197.157 us, total = 6.506 ms, Queueing time: mean = 83.518 us, max = 1.308 ms, min = -0.001 s, total = 2.756 ms
	Publisher.CheckDeadSubscribers - 7 total (1 active), Execution time: mean = 4.087 us, total = 28.607 us, Queueing time: mean = 238.819 us, max = 1.030 ms, min = -0.000 s, total = 1.672 ms
	PeriodicalRunner.RunFnPeriodically - 7 total (0 active), Execution time: mean = 73.277 us, total = 512.941 us, Queueing time: mean = 421.216 us, max = 778.672 us, min = 38.374 us, total = 2.949 ms
	ray::rpc::InternalPubSubGcsService.grpc_client.GcsSubscriberPoll - 6 total (1 active), Execution time: mean = 299.866 s, total = 1799.196 s, Queueing time: mean = 0.000 s, max = -0.000 s, min = 9223372036.855 s, total = 0.000 s
	ray::rpc::InternalPubSubGcsService.grpc_client.GcsSubscriberPoll.OnReplyReceived - 5 total (0 active), Execution time: mean = 118.814 us, total = 594.071 us, Queueing time: mean = 68.897 us, max = 112.002 us, min = 15.489 us, total = 344.483 us
	ray::rpc::NodeInfoGcsService.grpc_client.GetAllNodeInfo - 1 total (0 active), Execution time: mean = 2.901 ms, total = 2.901 ms, Queueing time: mean = 0.000 s, max = -0.000 s, min = 9223372036.855 s, total = 0.000 s
	ray::rpc::InternalPubSubGcsService.grpc_client.GcsSubscriberCommandBatch - 1 total (0 active), Execution time: mean = 13.181 ms, total = 13.181 ms, Queueing time: mean = 0.000 s, max = -0.000 s, min = 9223372036.855 s, total = 0.000 s
	ray::rpc::InternalPubSubGcsService.grpc_client.GcsSubscriberCommandBatch.OnReplyReceived - 1 total (0 active), Execution time: mean = 94.315 us, total = 94.315 us, Queueing time: mean = 5.221 us, max = 5.221 us, min = 5.221 us, total = 5.221 us
	ray::rpc::NodeInfoGcsService.grpc_client.GetAllNodeInfo.OnReplyReceived - 1 total (0 active), Execution time: mean = 72.271 us, total = 72.271 us, Queueing time: mean = 11.321 us, max = 11.321 us, min = 11.321 us, total = 11.321 us
	ray::rpc::WorkerInfoGcsService.grpc_client.AddWorkerInfo - 1 total (0 active), Execution time: mean = 13.881 ms, total = 13.881 ms, Queueing time: mean = 0.000 s, max = -0.000 s, min = 9223372036.855 s, total = 0.000 s
	ray::rpc::WorkerInfoGcsService.grpc_client.AddWorkerInfo.OnReplyReceived - 1 total (0 active), Execution time: mean = 25.997 us, total = 25.997 us, Queueing time: mean = 46.113 us, max = 46.113 us, min = 46.113 us, total = 46.113 us

-----------------
Task Event stats:

IO Service Stats:

Global stats: 5938 total (1 active)
Queueing time: mean = 237.897 us, max = 35.488 ms, min = -0.015 s, total = 1.413 s
Execution time:  mean = 220.590 us, total = 1.310 s
Event stats:
	ray::rpc::TaskInfoGcsService.grpc_client.AddTaskEventData.OnReplyReceived - 1979 total (0 active), Execution time: mean = 22.844 us, total = 45.208 ms, Queueing time: mean = 31.012 us, max = 2.167 ms, min = 6.526 us, total = 61.373 ms
	CoreWorker.deadline_timer.flush_task_events - 1979 total (1 active), Execution time: mean = 115.521 us, total = 228.617 ms, Queueing time: mean = 682.613 us, max = 35.488 ms, min = -0.015 s, total = 1.351 s
	ray::rpc::TaskInfoGcsService.grpc_client.AddTaskEventData - 1979 total (0 active), Execution time: mean = 523.409 us, total = 1.036 s, Queueing time: mean = 0.000 s, max = -0.000 s, min = 9223372036.855 s, total = 0.000 s
	PeriodicalRunner.RunFnPeriodically - 1 total (0 active), Execution time: mean = 210.601 us, total = 210.601 us, Queueing time: mean = 371.545 us, max = 371.545 us, min = 371.545 us, total = 371.545 us
Other Stats:
	grpc_in_progress:0
	current number of task status events in buffer: 0
	current number of profile events in buffer: 0
	current number of dropped task attempts tracked: 0
	total task events sent: 0 MiB
	total number of task attempts sent: 0
	total number of task attempts dropped reported: 0
	total number of sent failure: 0
	num status task events dropped: 0
	num profile task events dropped: 0


[2025-02-15 21:35:18,478 I 450 1109] core_worker.cc:642: Event stats:


Global stats: 29213 total (8 active)
Queueing time: mean = 132.232 us, max = 34.749 ms, min = -0.031 s, total = 3.863 s
Execution time:  mean = 61.656 ms, total = 1801.163 s
Event stats:
	CoreWorker.RecoverObjects - 20376 total (1 active), Execution time: mean = 5.486 us, total = 111.790 ms, Queueing time: mean = 118.274 us, max = 9.700 ms, min = -0.018 s, total = 2.410 s
	NodeManagerService.grpc_client.ReportWorkerBacklog.OnReplyReceived - 2040 total (0 active), Execution time: mean = 16.193 us, total = 33.034 ms, Queueing time: mean = 38.963 us, max = 1.461 ms, min = 4.835 us, total = 79.485 ms
	CoreWorker.InternalHeartbeat - 2040 total (1 active), Execution time: mean = 111.705 us, total = 227.878 ms, Queueing time: mean = 269.916 us, max = 34.733 ms, min = -0.031 s, total = 550.629 ms
	CoreWorker.ExitIfParentRayletDies - 2040 total (1 active), Execution time: mean = 6.951 us, total = 14.181 ms, Queueing time: mean = 377.378 us, max = 34.749 ms, min = -0.028 s, total = 769.851 ms
	NodeManagerService.grpc_client.ReportWorkerBacklog - 2040 total (0 active), Execution time: mean = 751.778 us, total = 1.534 s, Queueing time: mean = 0.000 s, max = -0.000 s, min = 9223372036.855 s, total = 0.000 s
	CoreWorker.RecordMetrics - 408 total (1 active), Execution time: mean = 18.130 us, total = 7.397 ms, Queueing time: mean = 67.860 us, max = 19.507 ms, min = -0.017 s, total = 27.687 ms
	CoreWorker.GCStreamingGeneratorMetadata - 204 total (1 active), Execution time: mean = 3.669 us, total = 748.485 us, Queueing time: mean = 84.892 us, max = 19.052 ms, min = -0.018 s, total = 17.318 ms
	CoreWorker.PrintEventStats - 34 total (1 active, 1 running), Execution time: mean = 200.903 us, total = 6.831 ms, Queueing time: mean = 87.238 us, max = 1.308 ms, min = -0.001 s, total = 2.966 ms
	Publisher.CheckDeadSubscribers - 7 total (1 active), Execution time: mean = 4.087 us, total = 28.607 us, Queueing time: mean = 238.819 us, max = 1.030 ms, min = -0.000 s, total = 1.672 ms
	PeriodicalRunner.RunFnPeriodically - 7 total (0 active), Execution time: mean = 73.277 us, total = 512.941 us, Queueing time: mean = 421.216 us, max = 778.672 us, min = 38.374 us, total = 2.949 ms
	ray::rpc::InternalPubSubGcsService.grpc_client.GcsSubscriberPoll - 6 total (1 active), Execution time: mean = 299.866 s, total = 1799.196 s, Queueing time: mean = 0.000 s, max = -0.000 s, min = 9223372036.855 s, total = 0.000 s
	ray::rpc::InternalPubSubGcsService.grpc_client.GcsSubscriberPoll.OnReplyReceived - 5 total (0 active), Execution time: mean = 118.814 us, total = 594.071 us, Queueing time: mean = 68.897 us, max = 112.002 us, min = 15.489 us, total = 344.483 us
	ray::rpc::NodeInfoGcsService.grpc_client.GetAllNodeInfo - 1 total (0 active), Execution time: mean = 2.901 ms, total = 2.901 ms, Queueing time: mean = 0.000 s, max = -0.000 s, min = 9223372036.855 s, total = 0.000 s
	ray::rpc::InternalPubSubGcsService.grpc_client.GcsSubscriberCommandBatch - 1 total (0 active), Execution time: mean = 13.181 ms, total = 13.181 ms, Queueing time: mean = 0.000 s, max = -0.000 s, min = 9223372036.855 s, total = 0.000 s
	ray::rpc::InternalPubSubGcsService.grpc_client.GcsSubscriberCommandBatch.OnReplyReceived - 1 total (0 active), Execution time: mean = 94.315 us, total = 94.315 us, Queueing time: mean = 5.221 us, max = 5.221 us, min = 5.221 us, total = 5.221 us
	ray::rpc::NodeInfoGcsService.grpc_client.GetAllNodeInfo.OnReplyReceived - 1 total (0 active), Execution time: mean = 72.271 us, total = 72.271 us, Queueing time: mean = 11.321 us, max = 11.321 us, min = 11.321 us, total = 11.321 us
	ray::rpc::WorkerInfoGcsService.grpc_client.AddWorkerInfo - 1 total (0 active), Execution time: mean = 13.881 ms, total = 13.881 ms, Queueing time: mean = 0.000 s, max = -0.000 s, min = 9223372036.855 s, total = 0.000 s
	ray::rpc::WorkerInfoGcsService.grpc_client.AddWorkerInfo.OnReplyReceived - 1 total (0 active), Execution time: mean = 25.997 us, total = 25.997 us, Queueing time: mean = 46.113 us, max = 46.113 us, min = 46.113 us, total = 46.113 us

-----------------
Task Event stats:

IO Service Stats:

Global stats: 6118 total (1 active)
Queueing time: mean = 239.206 us, max = 35.488 ms, min = -0.015 s, total = 1.463 s
Execution time:  mean = 219.098 us, total = 1.340 s
Event stats:
	ray::rpc::TaskInfoGcsService.grpc_client.AddTaskEventData.OnReplyReceived - 2039 total (0 active), Execution time: mean = 22.605 us, total = 46.091 ms, Queueing time: mean = 30.838 us, max = 2.167 ms, min = 6.526 us, total = 62.878 ms
	CoreWorker.deadline_timer.flush_task_events - 2039 total (1 active), Execution time: mean = 114.777 us, total = 234.030 ms, Queueing time: mean = 686.714 us, max = 35.488 ms, min = -0.015 s, total = 1.400 s
	ray::rpc::TaskInfoGcsService.grpc_client.AddTaskEventData - 2039 total (0 active), Execution time: mean = 519.916 us, total = 1.060 s, Queueing time: mean = 0.000 s, max = -0.000 s, min = 9223372036.855 s, total = 0.000 s
	PeriodicalRunner.RunFnPeriodically - 1 total (0 active), Execution time: mean = 210.601 us, total = 210.601 us, Queueing time: mean = 371.545 us, max = 371.545 us, min = 371.545 us, total = 371.545 us
Other Stats:
	grpc_in_progress:0
	current number of task status events in buffer: 0
	current number of profile events in buffer: 0
	current number of dropped task attempts tracked: 0
	total task events sent: 0 MiB
	total number of task attempts sent: 0
	total number of task attempts dropped reported: 0
	total number of sent failure: 0
	num status task events dropped: 0
	num profile task events dropped: 0


[2025-02-15 21:36:18,478 I 450 1109] core_worker.cc:642: Event stats:


Global stats: 30074 total (8 active)
Queueing time: mean = 134.077 us, max = 34.749 ms, min = -0.031 s, total = 4.032 s
Execution time:  mean = 69.877 ms, total = 2101.472 s
Event stats:
	CoreWorker.RecoverObjects - 20975 total (1 active), Execution time: mean = 5.468 us, total = 114.694 ms, Queueing time: mean = 117.564 us, max = 9.700 ms, min = -0.018 s, total = 2.466 s
	NodeManagerService.grpc_client.ReportWorkerBacklog.OnReplyReceived - 2100 total (0 active), Execution time: mean = 16.082 us, total = 33.772 ms, Queueing time: mean = 38.512 us, max = 1.461 ms, min = 4.835 us, total = 80.875 ms
	CoreWorker.InternalHeartbeat - 2100 total (1 active), Execution time: mean = 111.055 us, total = 233.216 ms, Queueing time: mean = 287.409 us, max = 34.733 ms, min = -0.031 s, total = 603.559 ms
	CoreWorker.ExitIfParentRayletDies - 2100 total (1 active), Execution time: mean = 6.947 us, total = 14.588 ms, Queueing time: mean = 394.376 us, max = 34.749 ms, min = -0.028 s, total = 828.189 ms
	NodeManagerService.grpc_client.ReportWorkerBacklog - 2100 total (0 active), Execution time: mean = 741.915 us, total = 1.558 s, Queueing time: mean = 0.000 s, max = -0.000 s, min = 9223372036.855 s, total = 0.000 s
	CoreWorker.RecordMetrics - 420 total (1 active), Execution time: mean = 18.049 us, total = 7.581 ms, Queueing time: mean = 66.828 us, max = 19.507 ms, min = -0.017 s, total = 28.068 ms
	CoreWorker.GCStreamingGeneratorMetadata - 210 total (1 active), Execution time: mean = 3.655 us, total = 767.630 us, Queueing time: mean = 82.328 us, max = 19.052 ms, min = -0.018 s, total = 17.289 ms
	CoreWorker.PrintEventStats - 35 total (1 active, 1 running), Execution time: mean = 202.608 us, total = 7.091 ms, Queueing time: mean = 86.434 us, max = 1.308 ms, min = -0.001 s, total = 3.025 ms
	Publisher.CheckDeadSubscribers - 8 total (1 active), Execution time: mean = 3.985 us, total = 31.883 us, Queueing time: mean = 240.884 us, max = 1.030 ms, min = -0.000 s, total = 1.927 ms
	ray::rpc::InternalPubSubGcsService.grpc_client.GcsSubscriberPoll - 7 total (1 active), Execution time: mean = 299.924 s, total = 2099.471 s, Queueing time: mean = 0.000 s, max = -0.000 s, min = 9223372036.855 s, total = 0.000 s
	PeriodicalRunner.RunFnPeriodically - 7 total (0 active), Execution time: mean = 73.277 us, total = 512.941 us, Queueing time: mean = 421.216 us, max = 778.672 us, min = 38.374 us, total = 2.949 ms
	ray::rpc::InternalPubSubGcsService.grpc_client.GcsSubscriberPoll.OnReplyReceived - 6 total (0 active), Execution time: mean = 121.138 us, total = 726.827 us, Queueing time: mean = 60.331 us, max = 112.002 us, min = 15.489 us, total = 361.984 us
	ray::rpc::NodeInfoGcsService.grpc_client.GetAllNodeInfo - 1 total (0 active), Execution time: mean = 2.901 ms, total = 2.901 ms, Queueing time: mean = 0.000 s, max = -0.000 s, min = 9223372036.855 s, total = 0.000 s
	ray::rpc::InternalPubSubGcsService.grpc_client.GcsSubscriberCommandBatch - 1 total (0 active), Execution time: mean = 13.181 ms, total = 13.181 ms, Queueing time: mean = 0.000 s, max = -0.000 s, min = 9223372036.855 s, total = 0.000 s
	ray::rpc::InternalPubSubGcsService.grpc_client.GcsSubscriberCommandBatch.OnReplyReceived - 1 total (0 active), Execution time: mean = 94.315 us, total = 94.315 us, Queueing time: mean = 5.221 us, max = 5.221 us, min = 5.221 us, total = 5.221 us
	ray::rpc::NodeInfoGcsService.grpc_client.GetAllNodeInfo.OnReplyReceived - 1 total (0 active), Execution time: mean = 72.271 us, total = 72.271 us, Queueing time: mean = 11.321 us, max = 11.321 us, min = 11.321 us, total = 11.321 us
	ray::rpc::WorkerInfoGcsService.grpc_client.AddWorkerInfo - 1 total (0 active), Execution time: mean = 13.881 ms, total = 13.881 ms, Queueing time: mean = 0.000 s, max = -0.000 s, min = 9223372036.855 s, total = 0.000 s
	ray::rpc::WorkerInfoGcsService.grpc_client.AddWorkerInfo.OnReplyReceived - 1 total (0 active), Execution time: mean = 25.997 us, total = 25.997 us, Queueing time: mean = 46.113 us, max = 46.113 us, min = 46.113 us, total = 46.113 us

-----------------
Task Event stats:

IO Service Stats:

Global stats: 6298 total (1 active)
Queueing time: mean = 240.915 us, max = 35.488 ms, min = -0.015 s, total = 1.517 s
Execution time:  mean = 217.631 us, total = 1.371 s
Event stats:
	ray::rpc::TaskInfoGcsService.grpc_client.AddTaskEventData.OnReplyReceived - 2099 total (0 active), Execution time: mean = 22.404 us, total = 47.025 ms, Queueing time: mean = 30.639 us, max = 2.167 ms, min = 6.526 us, total = 64.310 ms
	CoreWorker.deadline_timer.flush_task_events - 2099 total (1 active), Execution time: mean = 114.228 us, total = 239.765 ms, Queueing time: mean = 692.044 us, max = 35.488 ms, min = -0.015 s, total = 1.453 s
	ray::rpc::TaskInfoGcsService.grpc_client.AddTaskEventData - 2099 total (0 active), Execution time: mean = 516.264 us, total = 1.084 s, Queueing time: mean = 0.000 s, max = -0.000 s, min = 9223372036.855 s, total = 0.000 s
	PeriodicalRunner.RunFnPeriodically - 1 total (0 active), Execution time: mean = 210.601 us, total = 210.601 us, Queueing time: mean = 371.545 us, max = 371.545 us, min = 371.545 us, total = 371.545 us
Other Stats:
	grpc_in_progress:0
	current number of task status events in buffer: 0
	current number of profile events in buffer: 0
	current number of dropped task attempts tracked: 0
	total task events sent: 0 MiB
	total number of task attempts sent: 0
	total number of task attempts dropped reported: 0
	total number of sent failure: 0
	num status task events dropped: 0
	num profile task events dropped: 0


[2025-02-15 21:37:18,478 I 450 1109] core_worker.cc:642: Event stats:


Global stats: 30933 total (8 active)
Queueing time: mean = 134.735 us, max = 34.749 ms, min = -0.031 s, total = 4.168 s
Execution time:  mean = 67.937 ms, total = 2101.503 s
Event stats:
	CoreWorker.RecoverObjects - 21575 total (1 active), Execution time: mean = 5.436 us, total = 117.291 ms, Queueing time: mean = 116.401 us, max = 9.700 ms, min = -0.018 s, total = 2.511 s
	NodeManagerService.grpc_client.ReportWorkerBacklog.OnReplyReceived - 2160 total (0 active), Execution time: mean = 15.950 us, total = 34.451 ms, Queueing time: mean = 38.187 us, max = 1.461 ms, min = 4.835 us, total = 82.485 ms
	CoreWorker.InternalHeartbeat - 2160 total (1 active), Execution time: mean = 110.204 us, total = 238.040 ms, Queueing time: mean = 299.086 us, max = 34.733 ms, min = -0.031 s, total = 646.026 ms
	CoreWorker.ExitIfParentRayletDies - 2160 total (1 active), Execution time: mean = 6.937 us, total = 14.984 ms, Queueing time: mean = 405.278 us, max = 34.749 ms, min = -0.028 s, total = 875.401 ms
	NodeManagerService.grpc_client.ReportWorkerBacklog - 2160 total (0 active), Execution time: mean = 731.565 us, total = 1.580 s, Queueing time: mean = 0.000 s, max = -0.000 s, min = 9223372036.855 s, total = 0.000 s
	CoreWorker.RecordMetrics - 432 total (1 active), Execution time: mean = 18.042 us, total = 7.794 ms, Queueing time: mean = 65.809 us, max = 19.507 ms, min = -0.017 s, total = 28.429 ms
	CoreWorker.GCStreamingGeneratorMetadata - 216 total (1 active), Execution time: mean = 3.611 us, total = 780.066 us, Queueing time: mean = 72.241 us, max = 19.052 ms, min = -0.018 s, total = 15.604 ms
	CoreWorker.PrintEventStats - 36 total (1 active, 1 running), Execution time: mean = 205.916 us, total = 7.413 ms, Queueing time: mean = 87.939 us, max = 1.308 ms, min = -0.001 s, total = 3.166 ms
	Publisher.CheckDeadSubscribers - 8 total (1 active), Execution time: mean = 3.985 us, total = 31.883 us, Queueing time: mean = 240.884 us, max = 1.030 ms, min = -0.000 s, total = 1.927 ms
	ray::rpc::InternalPubSubGcsService.grpc_client.GcsSubscriberPoll - 7 total (1 active), Execution time: mean = 299.924 s, total = 2099.471 s, Queueing time: mean = 0.000 s, max = -0.000 s, min = 9223372036.855 s, total = 0.000 s
	PeriodicalRunner.RunFnPeriodically - 7 total (0 active), Execution time: mean = 73.277 us, total = 512.941 us, Queueing time: mean = 421.216 us, max = 778.672 us, min = 38.374 us, total = 2.949 ms
	ray::rpc::InternalPubSubGcsService.grpc_client.GcsSubscriberPoll.OnReplyReceived - 6 total (0 active), Execution time: mean = 121.138 us, total = 726.827 us, Queueing time: mean = 60.331 us, max = 112.002 us, min = 15.489 us, total = 361.984 us
	ray::rpc::NodeInfoGcsService.grpc_client.GetAllNodeInfo - 1 total (0 active), Execution time: mean = 2.901 ms, total = 2.901 ms, Queueing time: mean = 0.000 s, max = -0.000 s, min = 9223372036.855 s, total = 0.000 s
	ray::rpc::InternalPubSubGcsService.grpc_client.GcsSubscriberCommandBatch - 1 total (0 active), Execution time: mean = 13.181 ms, total = 13.181 ms, Queueing time: mean = 0.000 s, max = -0.000 s, min = 9223372036.855 s, total = 0.000 s
	ray::rpc::InternalPubSubGcsService.grpc_client.GcsSubscriberCommandBatch.OnReplyReceived - 1 total (0 active), Execution time: mean = 94.315 us, total = 94.315 us, Queueing time: mean = 5.221 us, max = 5.221 us, min = 5.221 us, total = 5.221 us
	ray::rpc::NodeInfoGcsService.grpc_client.GetAllNodeInfo.OnReplyReceived - 1 total (0 active), Execution time: mean = 72.271 us, total = 72.271 us, Queueing time: mean = 11.321 us, max = 11.321 us, min = 11.321 us, total = 11.321 us
	ray::rpc::WorkerInfoGcsService.grpc_client.AddWorkerInfo - 1 total (0 active), Execution time: mean = 13.881 ms, total = 13.881 ms, Queueing time: mean = 0.000 s, max = -0.000 s, min = 9223372036.855 s, total = 0.000 s
	ray::rpc::WorkerInfoGcsService.grpc_client.AddWorkerInfo.OnReplyReceived - 1 total (0 active), Execution time: mean = 25.997 us, total = 25.997 us, Queueing time: mean = 46.113 us, max = 46.113 us, min = 46.113 us, total = 46.113 us

-----------------
Task Event stats:

IO Service Stats:

Global stats: 6478 total (1 active)
Queueing time: mean = 240.922 us, max = 35.488 ms, min = -0.015 s, total = 1.561 s
Execution time:  mean = 216.274 us, total = 1.401 s
Event stats:
	ray::rpc::TaskInfoGcsService.grpc_client.AddTaskEventData.OnReplyReceived - 2159 total (0 active), Execution time: mean = 22.234 us, total = 48.003 ms, Queueing time: mean = 30.575 us, max = 2.167 ms, min = 6.526 us, total = 66.012 ms
	CoreWorker.deadline_timer.flush_task_events - 2159 total (1 active), Execution time: mean = 113.945 us, total = 246.007 ms, Queueing time: mean = 692.131 us, max = 35.488 ms, min = -0.015 s, total = 1.494 s
	ray::rpc::TaskInfoGcsService.grpc_client.AddTaskEventData - 2159 total (0 active), Execution time: mean = 512.646 us, total = 1.107 s, Queueing time: mean = 0.000 s, max = -0.000 s, min = 9223372036.855 s, total = 0.000 s
	PeriodicalRunner.RunFnPeriodically - 1 total (0 active), Execution time: mean = 210.601 us, total = 210.601 us, Queueing time: mean = 371.545 us, max = 371.545 us, min = 371.545 us, total = 371.545 us
Other Stats:
	grpc_in_progress:0
	current number of task status events in buffer: 0
	current number of profile events in buffer: 0
	current number of dropped task attempts tracked: 0
	total task events sent: 0 MiB
	total number of task attempts sent: 0
	total number of task attempts dropped reported: 0
	total number of sent failure: 0
	num status task events dropped: 0
	num profile task events dropped: 0


[2025-02-15 21:38:18,479 I 450 1109] core_worker.cc:642: Event stats:


Global stats: 31791 total (8 active)
Queueing time: mean = 135.815 us, max = 34.749 ms, min = -0.031 s, total = 4.318 s
Execution time:  mean = 66.105 ms, total = 2101.536 s
Event stats:
	CoreWorker.RecoverObjects - 22174 total (1 active), Execution time: mean = 5.414 us, total = 120.058 ms, Queueing time: mean = 115.479 us, max = 9.700 ms, min = -0.018 s, total = 2.561 s
	NodeManagerService.grpc_client.ReportWorkerBacklog.OnReplyReceived - 2220 total (0 active), Execution time: mean = 15.800 us, total = 35.075 ms, Queueing time: mean = 37.749 us, max = 1.461 ms, min = 4.835 us, total = 83.803 ms
	CoreWorker.InternalHeartbeat - 2220 total (1 active), Execution time: mean = 109.298 us, total = 242.642 ms, Queueing time: mean = 312.721 us, max = 34.733 ms, min = -0.031 s, total = 694.240 ms
	CoreWorker.ExitIfParentRayletDies - 2220 total (1 active), Execution time: mean = 6.908 us, total = 15.336 ms, Queueing time: mean = 418.146 us, max = 34.749 ms, min = -0.028 s, total = 928.285 ms
	NodeManagerService.grpc_client.ReportWorkerBacklog - 2220 total (0 active), Execution time: mean = 722.301 us, total = 1.604 s, Queueing time: mean = 0.000 s, max = -0.000 s, min = 9223372036.855 s, total = 0.000 s
	CoreWorker.RecordMetrics - 444 total (1 active), Execution time: mean = 17.940 us, total = 7.965 ms, Queueing time: mean = 58.796 us, max = 19.507 ms, min = -0.017 s, total = 26.106 ms
	CoreWorker.GCStreamingGeneratorMetadata - 222 total (1 active), Execution time: mean = 3.567 us, total = 791.953 us, Queueing time: mean = 72.997 us, max = 19.052 ms, min = -0.018 s, total = 16.205 ms
	CoreWorker.PrintEventStats - 37 total (1 active, 1 running), Execution time: mean = 211.851 us, total = 7.838 ms, Queueing time: mean = 85.032 us, max = 1.308 ms, min = -0.001 s, total = 3.146 ms
	Publisher.CheckDeadSubscribers - 8 total (1 active), Execution time: mean = 3.985 us, total = 31.883 us, Queueing time: mean = 240.884 us, max = 1.030 ms, min = -0.000 s, total = 1.927 ms
	ray::rpc::InternalPubSubGcsService.grpc_client.GcsSubscriberPoll - 7 total (1 active), Execution time: mean = 299.924 s, total = 2099.471 s, Queueing time: mean = 0.000 s, max = -0.000 s, min = 9223372036.855 s, total = 0.000 s
	PeriodicalRunner.RunFnPeriodically - 7 total (0 active), Execution time: mean = 73.277 us, total = 512.941 us, Queueing time: mean = 421.216 us, max = 778.672 us, min = 38.374 us, total = 2.949 ms
	ray::rpc::InternalPubSubGcsService.grpc_client.GcsSubscriberPoll.OnReplyReceived - 6 total (0 active), Execution time: mean = 121.138 us, total = 726.827 us, Queueing time: mean = 60.331 us, max = 112.002 us, min = 15.489 us, total = 361.984 us
	ray::rpc::NodeInfoGcsService.grpc_client.GetAllNodeInfo - 1 total (0 active), Execution time: mean = 2.901 ms, total = 2.901 ms, Queueing time: mean = 0.000 s, max = -0.000 s, min = 9223372036.855 s, total = 0.000 s
	ray::rpc::InternalPubSubGcsService.grpc_client.GcsSubscriberCommandBatch - 1 total (0 active), Execution time: mean = 13.181 ms, total = 13.181 ms, Queueing time: mean = 0.000 s, max = -0.000 s, min = 9223372036.855 s, total = 0.000 s
	ray::rpc::InternalPubSubGcsService.grpc_client.GcsSubscriberCommandBatch.OnReplyReceived - 1 total (0 active), Execution time: mean = 94.315 us, total = 94.315 us, Queueing time: mean = 5.221 us, max = 5.221 us, min = 5.221 us, total = 5.221 us
	ray::rpc::NodeInfoGcsService.grpc_client.GetAllNodeInfo.OnReplyReceived - 1 total (0 active), Execution time: mean = 72.271 us, total = 72.271 us, Queueing time: mean = 11.321 us, max = 11.321 us, min = 11.321 us, total = 11.321 us
	ray::rpc::WorkerInfoGcsService.grpc_client.AddWorkerInfo - 1 total (0 active), Execution time: mean = 13.881 ms, total = 13.881 ms, Queueing time: mean = 0.000 s, max = -0.000 s, min = 9223372036.855 s, total = 0.000 s
	ray::rpc::WorkerInfoGcsService.grpc_client.AddWorkerInfo.OnReplyReceived - 1 total (0 active), Execution time: mean = 25.997 us, total = 25.997 us, Queueing time: mean = 46.113 us, max = 46.113 us, min = 46.113 us, total = 46.113 us

-----------------
Task Event stats:

IO Service Stats:

Global stats: 6658 total (1 active)
Queueing time: mean = 241.674 us, max = 35.488 ms, min = -0.015 s, total = 1.609 s
Execution time:  mean = 215.284 us, total = 1.433 s
Event stats:
	ray::rpc::TaskInfoGcsService.grpc_client.AddTaskEventData.OnReplyReceived - 2219 total (0 active), Execution time: mean = 22.053 us, total = 48.935 ms, Queueing time: mean = 30.423 us, max = 2.167 ms, min = 6.526 us, total = 67.508 ms
	CoreWorker.deadline_timer.flush_task_events - 2219 total (1 active), Execution time: mean = 113.438 us, total = 251.719 ms, Queueing time: mean = 694.539 us, max = 35.488 ms, min = -0.015 s, total = 1.541 s
	ray::rpc::TaskInfoGcsService.grpc_client.AddTaskEventData - 2219 total (0 active), Execution time: mean = 510.362 us, total = 1.132 s, Queueing time: mean = 0.000 s, max = -0.000 s, min = 9223372036.855 s, total = 0.000 s
	PeriodicalRunner.RunFnPeriodically - 1 total (0 active), Execution time: mean = 210.601 us, total = 210.601 us, Queueing time: mean = 371.545 us, max = 371.545 us, min = 371.545 us, total = 371.545 us
Other Stats:
	grpc_in_progress:0
	current number of task status events in buffer: 0
	current number of profile events in buffer: 0
	current number of dropped task attempts tracked: 0
	total task events sent: 0 MiB
	total number of task attempts sent: 0
	total number of task attempts dropped reported: 0
	total number of sent failure: 0
	num status task events dropped: 0
	num profile task events dropped: 0


[2025-02-15 21:39:18,479 I 450 1109] core_worker.cc:642: Event stats:


Global stats: 32650 total (8 active)
Queueing time: mean = 134.609 us, max = 34.749 ms, min = -0.031 s, total = 4.395 s
Execution time:  mean = 64.367 ms, total = 2101.569 s
Event stats:
	CoreWorker.RecoverObjects - 22774 total (1 active), Execution time: mean = 5.389 us, total = 122.721 ms, Queueing time: mean = 113.768 us, max = 9.700 ms, min = -0.021 s, total = 2.591 s
	NodeManagerService.grpc_client.ReportWorkerBacklog.OnReplyReceived - 2280 total (0 active), Execution time: mean = 15.713 us, total = 35.825 ms, Queueing time: mean = 37.405 us, max = 1.461 ms, min = 4.835 us, total = 85.284 ms
	CoreWorker.InternalHeartbeat - 2280 total (1 active), Execution time: mean = 108.711 us, total = 247.862 ms, Queueing time: mean = 313.804 us, max = 34.733 ms, min = -0.031 s, total = 715.473 ms
	CoreWorker.ExitIfParentRayletDies - 2280 total (1 active), Execution time: mean = 6.877 us, total = 15.679 ms, Queueing time: mean = 418.279 us, max = 34.749 ms, min = -0.028 s, total = 953.675 ms
	NodeManagerService.grpc_client.ReportWorkerBacklog - 2280 total (0 active), Execution time: mean = 713.988 us, total = 1.628 s, Queueing time: mean = 0.000 s, max = -0.000 s, min = 9223372036.855 s, total = 0.000 s
	CoreWorker.RecordMetrics - 456 total (1 active), Execution time: mean = 17.825 us, total = 8.128 ms, Queueing time: mean = 64.218 us, max = 19.507 ms, min = -0.018 s, total = 29.284 ms
	CoreWorker.GCStreamingGeneratorMetadata - 228 total (1 active), Execution time: mean = 3.545 us, total = 808.283 us, Queueing time: mean = 58.506 us, max = 19.052 ms, min = -0.020 s, total = 13.339 ms
	CoreWorker.PrintEventStats - 38 total (1 active, 1 running), Execution time: mean = 209.831 us, total = 7.974 ms, Queueing time: mean = 44.478 us, max = 1.308 ms, min = -0.001 s, total = 1.690 ms
	Publisher.CheckDeadSubscribers - 8 total (1 active), Execution time: mean = 3.985 us, total = 31.883 us, Queueing time: mean = 240.884 us, max = 1.030 ms, min = -0.000 s, total = 1.927 ms
	ray::rpc::InternalPubSubGcsService.grpc_client.GcsSubscriberPoll - 7 total (1 active), Execution time: mean = 299.924 s, total = 2099.471 s, Queueing time: mean = 0.000 s, max = -0.000 s, min = 9223372036.855 s, total = 0.000 s
	PeriodicalRunner.RunFnPeriodically - 7 total (0 active), Execution time: mean = 73.277 us, total = 512.941 us, Queueing time: mean = 421.216 us, max = 778.672 us, min = 38.374 us, total = 2.949 ms
	ray::rpc::InternalPubSubGcsService.grpc_client.GcsSubscriberPoll.OnReplyReceived - 6 total (0 active), Execution time: mean = 121.138 us, total = 726.827 us, Queueing time: mean = 60.331 us, max = 112.002 us, min = 15.489 us, total = 361.984 us
	ray::rpc::NodeInfoGcsService.grpc_client.GetAllNodeInfo - 1 total (0 active), Execution time: mean = 2.901 ms, total = 2.901 ms, Queueing time: mean = 0.000 s, max = -0.000 s, min = 9223372036.855 s, total = 0.000 s
	ray::rpc::InternalPubSubGcsService.grpc_client.GcsSubscriberCommandBatch - 1 total (0 active), Execution time: mean = 13.181 ms, total = 13.181 ms, Queueing time: mean = 0.000 s, max = -0.000 s, min = 9223372036.855 s, total = 0.000 s
	ray::rpc::InternalPubSubGcsService.grpc_client.GcsSubscriberCommandBatch.OnReplyReceived - 1 total (0 active), Execution time: mean = 94.315 us, total = 94.315 us, Queueing time: mean = 5.221 us, max = 5.221 us, min = 5.221 us, total = 5.221 us
	ray::rpc::NodeInfoGcsService.grpc_client.GetAllNodeInfo.OnReplyReceived - 1 total (0 active), Execution time: mean = 72.271 us, total = 72.271 us, Queueing time: mean = 11.321 us, max = 11.321 us, min = 11.321 us, total = 11.321 us
	ray::rpc::WorkerInfoGcsService.grpc_client.AddWorkerInfo - 1 total (0 active), Execution time: mean = 13.881 ms, total = 13.881 ms, Queueing time: mean = 0.000 s, max = -0.000 s, min = 9223372036.855 s, total = 0.000 s
	ray::rpc::WorkerInfoGcsService.grpc_client.AddWorkerInfo.OnReplyReceived - 1 total (0 active), Execution time: mean = 25.997 us, total = 25.997 us, Queueing time: mean = 46.113 us, max = 46.113 us, min = 46.113 us, total = 46.113 us

-----------------
Task Event stats:

IO Service Stats:

Global stats: 6838 total (1 active)
Queueing time: mean = 238.496 us, max = 35.488 ms, min = -0.015 s, total = 1.631 s
Execution time:  mean = 214.078 us, total = 1.464 s
Event stats:
	ray::rpc::TaskInfoGcsService.grpc_client.AddTaskEventData.OnReplyReceived - 2279 total (0 active), Execution time: mean = 21.891 us, total = 49.890 ms, Queueing time: mean = 30.325 us, max = 2.167 ms, min = 6.526 us, total = 69.112 ms
	CoreWorker.deadline_timer.flush_task_events - 2279 total (1 active), Execution time: mean = 112.938 us, total = 257.386 ms, Queueing time: mean = 685.105 us, max = 35.488 ms, min = -0.015 s, total = 1.561 s
	ray::rpc::TaskInfoGcsService.grpc_client.AddTaskEventData - 2279 total (0 active), Execution time: mean = 507.405 us, total = 1.156 s, Queueing time: mean = 0.000 s, max = -0.000 s, min = 9223372036.855 s, total = 0.000 s
	PeriodicalRunner.RunFnPeriodically - 1 total (0 active), Execution time: mean = 210.601 us, total = 210.601 us, Queueing time: mean = 371.545 us, max = 371.545 us, min = 371.545 us, total = 371.545 us
Other Stats:
	grpc_in_progress:0
	current number of task status events in buffer: 0
	current number of profile events in buffer: 0
	current number of dropped task attempts tracked: 0
	total task events sent: 0 MiB
	total number of task attempts sent: 0
	total number of task attempts dropped reported: 0
	total number of sent failure: 0
	num status task events dropped: 0
	num profile task events dropped: 0


[2025-02-15 21:40:18,479 I 450 1109] core_worker.cc:642: Event stats:


Global stats: 33504 total (8 active)
Queueing time: mean = 135.849 us, max = 34.749 ms, min = -0.031 s, total = 4.551 s
Execution time:  mean = 62.727 ms, total = 2101.599 s
Event stats:
	CoreWorker.RecoverObjects - 23373 total (1 active), Execution time: mean = 5.395 us, total = 126.106 ms, Queueing time: mean = 112.804 us, max = 9.700 ms, min = -0.021 s, total = 2.637 s
	NodeManagerService.grpc_client.ReportWorkerBacklog.OnReplyReceived - 2339 total (0 active), Execution time: mean = 15.560 us, total = 36.394 ms, Queueing time: mean = 36.967 us, max = 1.461 ms, min = 4.835 us, total = 86.467 ms
	CoreWorker.InternalHeartbeat - 2339 total (1 active), Execution time: mean = 108.015 us, total = 252.646 ms, Queueing time: mean = 326.528 us, max = 34.733 ms, min = -0.031 s, total = 763.749 ms
	CoreWorker.ExitIfParentRayletDies - 2339 total (1 active), Execution time: mean = 6.860 us, total = 16.045 ms, Queueing time: mean = 430.199 us, max = 34.749 ms, min = -0.028 s, total = 1.006 s
	NodeManagerService.grpc_client.ReportWorkerBacklog - 2339 total (0 active), Execution time: mean = 704.546 us, total = 1.648 s, Queueing time: mean = 0.000 s, max = -0.000 s, min = 9223372036.855 s, total = 0.000 s
	CoreWorker.RecordMetrics - 468 total (1 active), Execution time: mean = 17.839 us, total = 8.348 ms, Queueing time: mean = 57.767 us, max = 19.507 ms, min = -0.018 s, total = 27.035 ms
	CoreWorker.GCStreamingGeneratorMetadata - 234 total (1 active), Execution time: mean = 3.538 us, total = 827.903 us, Queueing time: mean = 98.028 us, max = 19.052 ms, min = -0.020 s, total = 22.938 ms
	CoreWorker.PrintEventStats - 39 total (1 active, 1 running), Execution time: mean = 209.212 us, total = 8.159 ms, Queueing time: mean = 82.181 us, max = 1.515 ms, min = -0.001 s, total = 3.205 ms
	Publisher.CheckDeadSubscribers - 8 total (1 active), Execution time: mean = 3.985 us, total = 31.883 us, Queueing time: mean = 240.884 us, max = 1.030 ms, min = -0.000 s, total = 1.927 ms
	ray::rpc::InternalPubSubGcsService.grpc_client.GcsSubscriberPoll - 7 total (1 active), Execution time: mean = 299.924 s, total = 2099.471 s, Queueing time: mean = 0.000 s, max = -0.000 s, min = 9223372036.855 s, total = 0.000 s
	PeriodicalRunner.RunFnPeriodically - 7 total (0 active), Execution time: mean = 73.277 us, total = 512.941 us, Queueing time: mean = 421.216 us, max = 778.672 us, min = 38.374 us, total = 2.949 ms
	ray::rpc::InternalPubSubGcsService.grpc_client.GcsSubscriberPoll.OnReplyReceived - 6 total (0 active), Execution time: mean = 121.138 us, total = 726.827 us, Queueing time: mean = 60.331 us, max = 112.002 us, min = 15.489 us, total = 361.984 us
	ray::rpc::NodeInfoGcsService.grpc_client.GetAllNodeInfo - 1 total (0 active), Execution time: mean = 2.901 ms, total = 2.901 ms, Queueing time: mean = 0.000 s, max = -0.000 s, min = 9223372036.855 s, total = 0.000 s
	ray::rpc::InternalPubSubGcsService.grpc_client.GcsSubscriberCommandBatch - 1 total (0 active), Execution time: mean = 13.181 ms, total = 13.181 ms, Queueing time: mean = 0.000 s, max = -0.000 s, min = 9223372036.855 s, total = 0.000 s
	ray::rpc::InternalPubSubGcsService.grpc_client.GcsSubscriberCommandBatch.OnReplyReceived - 1 total (0 active), Execution time: mean = 94.315 us, total = 94.315 us, Queueing time: mean = 5.221 us, max = 5.221 us, min = 5.221 us, total = 5.221 us
	ray::rpc::NodeInfoGcsService.grpc_client.GetAllNodeInfo.OnReplyReceived - 1 total (0 active), Execution time: mean = 72.271 us, total = 72.271 us, Queueing time: mean = 11.321 us, max = 11.321 us, min = 11.321 us, total = 11.321 us
	ray::rpc::WorkerInfoGcsService.grpc_client.AddWorkerInfo - 1 total (0 active), Execution time: mean = 13.881 ms, total = 13.881 ms, Queueing time: mean = 0.000 s, max = -0.000 s, min = 9223372036.855 s, total = 0.000 s
	ray::rpc::WorkerInfoGcsService.grpc_client.AddWorkerInfo.OnReplyReceived - 1 total (0 active), Execution time: mean = 25.997 us, total = 25.997 us, Queueing time: mean = 46.113 us, max = 46.113 us, min = 46.113 us, total = 46.113 us

-----------------
Task Event stats:

IO Service Stats:

Global stats: 7018 total (1 active)
Queueing time: mean = 239.389 us, max = 35.488 ms, min = -0.015 s, total = 1.680 s
Execution time:  mean = 212.716 us, total = 1.493 s
Event stats:
	ray::rpc::TaskInfoGcsService.grpc_client.AddTaskEventData.OnReplyReceived - 2339 total (0 active), Execution time: mean = 21.739 us, total = 50.848 ms, Queueing time: mean = 30.222 us, max = 2.167 ms, min = 6.526 us, total = 70.689 ms
	CoreWorker.deadline_timer.flush_task_events - 2339 total (1 active), Execution time: mean = 112.343 us, total = 262.771 ms, Queueing time: mean = 687.889 us, max = 35.488 ms, min = -0.015 s, total = 1.609 s
	ray::rpc::TaskInfoGcsService.grpc_client.AddTaskEventData - 2339 total (0 active), Execution time: mean = 504.067 us, total = 1.179 s, Queueing time: mean = 0.000 s, max = -0.000 s, min = 9223372036.855 s, total = 0.000 s
	PeriodicalRunner.RunFnPeriodically - 1 total (0 active), Execution time: mean = 210.601 us, total = 210.601 us, Queueing time: mean = 371.545 us, max = 371.545 us, min = 371.545 us, total = 371.545 us
Other Stats:
	grpc_in_progress:0
	current number of task status events in buffer: 0
	current number of profile events in buffer: 0
	current number of dropped task attempts tracked: 0
	total task events sent: 0 MiB
	total number of task attempts sent: 0
	total number of task attempts dropped reported: 0
	total number of sent failure: 0
	num status task events dropped: 0
	num profile task events dropped: 0


[2025-02-15 21:41:18,480 I 450 1109] core_worker.cc:642: Event stats:


Global stats: 34366 total (8 active)
Queueing time: mean = 135.100 us, max = 34.749 ms, min = -0.031 s, total = 4.643 s
Execution time:  mean = 69.889 ms, total = 2401.821 s
Event stats:
	CoreWorker.RecoverObjects - 23973 total (1 active), Execution time: mean = 5.375 us, total = 128.863 ms, Queueing time: mean = 111.331 us, max = 13.201 ms, min = -0.026 s, total = 2.669 s
	NodeManagerService.grpc_client.ReportWorkerBacklog.OnReplyReceived - 2399 total (0 active), Execution time: mean = 15.460 us, total = 37.088 ms, Queueing time: mean = 36.581 us, max = 1.461 ms, min = 4.835 us, total = 87.759 ms
	CoreWorker.InternalHeartbeat - 2399 total (1 active), Execution time: mean = 107.677 us, total = 258.317 ms, Queueing time: mean = 329.845 us, max = 34.733 ms, min = -0.031 s, total = 791.298 ms
	CoreWorker.ExitIfParentRayletDies - 2399 total (1 active), Execution time: mean = 6.829 us, total = 16.382 ms, Queueing time: mean = 433.159 us, max = 34.749 ms, min = -0.028 s, total = 1.039 s
	NodeManagerService.grpc_client.ReportWorkerBacklog - 2399 total (0 active), Execution time: mean = 701.676 us, total = 1.683 s, Queueing time: mean = 0.000 s, max = -0.000 s, min = 9223372036.855 s, total = 0.000 s
	CoreWorker.RecordMetrics - 480 total (1 active), Execution time: mean = 17.872 us, total = 8.579 ms, Queueing time: mean = 64.143 us, max = 24.554 ms, min = -0.025 s, total = 30.789 ms
	CoreWorker.GCStreamingGeneratorMetadata - 240 total (1 active), Execution time: mean = 3.524 us, total = 845.706 us, Queueing time: mean = 74.292 us, max = 23.675 ms, min = -0.027 s, total = 17.830 ms
	CoreWorker.PrintEventStats - 40 total (1 active, 1 running), Execution time: mean = 217.131 us, total = 8.685 ms, Queueing time: mean = 42.252 us, max = 1.515 ms, min = -0.002 s, total = 1.690 ms
	Publisher.CheckDeadSubscribers - 9 total (1 active), Execution time: mean = 3.866 us, total = 34.792 us, Queueing time: mean = 221.840 us, max = 1.030 ms, min = -0.000 s, total = 1.997 ms
	ray::rpc::InternalPubSubGcsService.grpc_client.GcsSubscriberPoll - 8 total (1 active), Execution time: mean = 299.956 s, total = 2399.647 s, Queueing time: mean = 0.000 s, max = -0.000 s, min = 9223372036.855 s, total = 0.000 s
	ray::rpc::InternalPubSubGcsService.grpc_client.GcsSubscriberPoll.OnReplyReceived - 7 total (0 active), Execution time: mean = 134.785 us, total = 943.498 us, Queueing time: mean = 53.447 us, max = 112.002 us, min = 12.144 us, total = 374.128 us
	PeriodicalRunner.RunFnPeriodically - 7 total (0 active), Execution time: mean = 73.277 us, total = 512.941 us, Queueing time: mean = 421.216 us, max = 778.672 us, min = 38.374 us, total = 2.949 ms
	ray::rpc::NodeInfoGcsService.grpc_client.GetAllNodeInfo - 1 total (0 active), Execution time: mean = 2.901 ms, total = 2.901 ms, Queueing time: mean = 0.000 s, max = -0.000 s, min = 9223372036.855 s, total = 0.000 s
	ray::rpc::InternalPubSubGcsService.grpc_client.GcsSubscriberCommandBatch - 1 total (0 active), Execution time: mean = 13.181 ms, total = 13.181 ms, Queueing time: mean = 0.000 s, max = -0.000 s, min = 9223372036.855 s, total = 0.000 s
	ray::rpc::InternalPubSubGcsService.grpc_client.GcsSubscriberCommandBatch.OnReplyReceived - 1 total (0 active), Execution time: mean = 94.315 us, total = 94.315 us, Queueing time: mean = 5.221 us, max = 5.221 us, min = 5.221 us, total = 5.221 us
	ray::rpc::NodeInfoGcsService.grpc_client.GetAllNodeInfo.OnReplyReceived - 1 total (0 active), Execution time: mean = 72.271 us, total = 72.271 us, Queueing time: mean = 11.321 us, max = 11.321 us, min = 11.321 us, total = 11.321 us
	ray::rpc::WorkerInfoGcsService.grpc_client.AddWorkerInfo - 1 total (0 active), Execution time: mean = 13.881 ms, total = 13.881 ms, Queueing time: mean = 0.000 s, max = -0.000 s, min = 9223372036.855 s, total = 0.000 s
	ray::rpc::WorkerInfoGcsService.grpc_client.AddWorkerInfo.OnReplyReceived - 1 total (0 active), Execution time: mean = 25.997 us, total = 25.997 us, Queueing time: mean = 46.113 us, max = 46.113 us, min = 46.113 us, total = 46.113 us

-----------------
Task Event stats:

IO Service Stats:

Global stats: 7198 total (1 active)
Queueing time: mean = 237.367 us, max = 35.488 ms, min = -0.018 s, total = 1.709 s
Execution time:  mean = 211.377 us, total = 1.521 s
Event stats:
	ray::rpc::TaskInfoGcsService.grpc_client.AddTaskEventData.OnReplyReceived - 2399 total (0 active), Execution time: mean = 21.551 us, total = 51.700 ms, Queueing time: mean = 30.003 us, max = 2.167 ms, min = 6.139 us, total = 71.977 ms
	CoreWorker.deadline_timer.flush_task_events - 2399 total (1 active), Execution time: mean = 111.888 us, total = 268.419 ms, Queueing time: mean = 682.043 us, max = 35.488 ms, min = -0.018 s, total = 1.636 s
	ray::rpc::TaskInfoGcsService.grpc_client.AddTaskEventData - 2399 total (0 active), Execution time: mean = 500.692 us, total = 1.201 s, Queueing time: mean = 0.000 s, max = -0.000 s, min = 9223372036.855 s, total = 0.000 s
	PeriodicalRunner.RunFnPeriodically - 1 total (0 active), Execution time: mean = 210.601 us, total = 210.601 us, Queueing time: mean = 371.545 us, max = 371.545 us, min = 371.545 us, total = 371.545 us
Other Stats:
	grpc_in_progress:0
	current number of task status events in buffer: 0
	current number of profile events in buffer: 0
	current number of dropped task attempts tracked: 0
	total task events sent: 0 MiB
	total number of task attempts sent: 0
	total number of task attempts dropped reported: 0
	total number of sent failure: 0
	num status task events dropped: 0
	num profile task events dropped: 0


[2025-02-15 21:41:46,538 I 450 1109] raylet_client.cc:369: Error reporting task backlog information: RpcError: RPC Error message: failed to connect to all addresses; last error: UNKNOWN: ipv4:172.19.0.2:38621: Failed to connect to remote host: Connection refused; RPC Error details: 
[2025-02-15 21:41:47,390 W 450 1215] task_event_buffer.cc:475: [1] GCS hasn't replied to the previous flush events call (likely overloaded). Skipping reporting task state events and retry later.[cur_status_events_size=0][cur_profile_events_size=0]
[2025-02-15 21:41:47,538 I 450 1109] raylet_client.cc:369: Error reporting task backlog information: RpcError: RPC Error message: failed to connect to all addresses; last error: UNKNOWN: ipv4:172.19.0.2:38621: Failed to connect to remote host: Connection refused; RPC Error details: 
[2025-02-15 21:41:48,538 I 450 1109] raylet_client.cc:369: Error reporting task backlog information: RpcError: RPC Error message: failed to connect to all addresses; last error: UNKNOWN: ipv4:172.19.0.2:38621: Failed to connect to remote host: Connection refused; RPC Error details: 
[2025-02-15 21:41:49,538 I 450 1109] raylet_client.cc:369: Error reporting task backlog information: RpcError: RPC Error message: failed to connect to all addresses; last error: UNKNOWN: ipv4:172.19.0.2:38621: Failed to connect to remote host: Connection refused; RPC Error details: 
[2025-02-15 21:41:50,538 I 450 1109] raylet_client.cc:369: Error reporting task backlog information: RpcError: RPC Error message: failed to connect to all addresses; last error: UNKNOWN: ipv4:172.19.0.2:38621: Failed to connect to remote host: Connection refused; RPC Error details: 
[2025-02-15 21:41:51,538 I 450 1109] raylet_client.cc:369: Error reporting task backlog information: RpcError: RPC Error message: failed to connect to all addresses; last error: UNKNOWN: ipv4:172.19.0.2:38621: Failed to connect to remote host: Connection refused; RPC Error details: 
[2025-02-15 21:41:52,538 I 450 1109] raylet_client.cc:369: Error reporting task backlog information: RpcError: RPC Error message: failed to connect to all addresses; last error: UNKNOWN: ipv4:172.19.0.2:38621: Failed to connect to remote host: Connection refused; RPC Error details: 
[2025-02-15 21:41:53,538 I 450 1109] raylet_client.cc:369: Error reporting task backlog information: RpcError: RPC Error message: failed to connect to all addresses; last error: UNKNOWN: ipv4:172.19.0.2:38621: Failed to connect to remote host: Connection refused; RPC Error details: 
[2025-02-15 21:41:54,539 I 450 1109] raylet_client.cc:369: Error reporting task backlog information: RpcError: RPC Error message: failed to connect to all addresses; last error: UNKNOWN: ipv4:172.19.0.2:38621: Failed to connect to remote host: Connection refused; RPC Error details: 
