[2025-02-15 21:01:18,405 I 433 433] core_worker_process.cc:107: Constructing CoreWorkerProcess. pid: 433
[2025-02-15 21:01:18,458 I 433 433] io_service_pool.cc:35: IOServicePool is running with 1 io_service.
[2025-02-15 21:01:18,466 I 433 433] grpc_server.cc:134: worker server started, listening on port 38395.
[2025-02-15 21:01:18,468 I 433 433] core_worker.cc:275: Initializing worker at address: 172.19.0.2:38395 worker_id=48f5d34a80b6f7c5df6e6255b019a7cb8e8ec9120e94081994f3840f node_id=752ac4f92daae43b5e6788582e57659b4a80764e0181b1cee6c12bc5
[2025-02-15 21:01:18,469 I 433 433] task_event_buffer.cc:257: Reporting task events to GCS every 1000ms.
[2025-02-15 21:01:18,470 I 433 433] core_worker.cc:703: Adjusted worker niceness to 15
[2025-02-15 21:01:18,473 I 433 1004] core_worker.cc:642: Event stats:


Global stats: 12 total (10 active)
Queueing time: mean = 22.650 us, max = 202.442 us, min = 69.355 us, total = 271.797 us
Execution time:  mean = 1.604 us, total = 19.243 us
Event stats:
	PeriodicalRunner.RunFnPeriodically - 7 total (5 active, 1 running), Execution time: mean = 2.749 us, total = 19.243 us, Queueing time: mean = 38.828 us, max = 202.442 us, min = 69.355 us, total = 271.797 us
	ray::rpc::WorkerInfoGcsService.grpc_client.AddWorkerInfo - 1 total (1 active), Execution time: mean = 0.000 s, total = 0.000 s, Queueing time: mean = 0.000 s, max = -0.000 s, min = 9223372036.855 s, total = 0.000 s
	ray::rpc::InternalPubSubGcsService.grpc_client.GcsSubscriberCommandBatch - 1 total (1 active), Execution time: mean = 0.000 s, total = 0.000 s, Queueing time: mean = 0.000 s, max = -0.000 s, min = 9223372036.855 s, total = 0.000 s
	ray::rpc::InternalPubSubGcsService.grpc_client.GcsSubscriberPoll - 1 total (1 active), Execution time: mean = 0.000 s, total = 0.000 s, Queueing time: mean = 0.000 s, max = -0.000 s, min = 9223372036.855 s, total = 0.000 s
	Publisher.CheckDeadSubscribers - 1 total (1 active), Execution time: mean = 0.000 s, total = 0.000 s, Queueing time: mean = 0.000 s, max = -0.000 s, min = 9223372036.855 s, total = 0.000 s
	CoreWorker.ExitIfParentRayletDies - 1 total (1 active), Execution time: mean = 0.000 s, total = 0.000 s, Queueing time: mean = 0.000 s, max = -0.000 s, min = 9223372036.855 s, total = 0.000 s

-----------------
Task Event stats:

IO Service Stats:

Global stats: 1 total (1 active)
Queueing time: mean = 0.000 s, max = -0.000 s, min = 9223372036.855 s, total = 0.000 s
Execution time:  mean = 0.000 s, total = 0.000 s
Event stats:
	PeriodicalRunner.RunFnPeriodically - 1 total (1 active), Execution time: mean = 0.000 s, total = 0.000 s, Queueing time: mean = 0.000 s, max = -0.000 s, min = 9223372036.855 s, total = 0.000 s
Other Stats:
	grpc_in_progress:0
	current number of task status events in buffer: 0
	current number of profile events in buffer: 0
	current number of dropped task attempts tracked: 0
	total task events sent: 0 MiB
	total number of task attempts sent: 0
	total number of task attempts dropped reported: 0
	total number of sent failure: 0
	num status task events dropped: 0
	num profile task events dropped: 0


[2025-02-15 21:01:18,473 I 433 433] event.cc:491: Ray Event initialized for CORE_WORKER
[2025-02-15 21:01:18,474 I 433 433] event.cc:491: Ray Event initialized for EXPORT_TASK
[2025-02-15 21:01:18,474 I 433 433] event.cc:322: Set ray event level to warning
[2025-02-15 21:01:18,479 I 433 1004] accessor.cc:762: Received notification for node, IsAlive = 1 node_id=752ac4f92daae43b5e6788582e57659b4a80764e0181b1cee6c12bc5
[2025-02-15 21:01:18,479 I 433 1004] core_worker.cc:4754: Number of alive nodes:1
[2025-02-15 21:01:28,467 W 433 972] metric_exporter.cc:105: [1] Export metrics to agent failed: RpcError: RPC Error message: failed to connect to all addresses; last error: UNKNOWN: ipv4:127.0.0.1:61139: Failed to connect to remote host: Connection refused; RPC Error details: . This won't affect Ray, but you can lose metrics from the cluster.
[2025-02-15 21:02:18,473 I 433 1004] core_worker.cc:642: Event stats:


Global stats: 875 total (8 active)
Queueing time: mean = 156.216 us, max = 21.899 ms, min = -0.025 s, total = 136.689 ms
Execution time:  mean = 83.770 us, total = 73.298 ms
Event stats:
	CoreWorker.RecoverObjects - 600 total (1 active), Execution time: mean = 5.740 us, total = 3.444 ms, Queueing time: mean = 148.788 us, max = 4.706 ms, min = -0.001 s, total = 89.273 ms
	CoreWorker.ExitIfParentRayletDies - 61 total (1 active), Execution time: mean = 8.558 us, total = 522.044 us, Queueing time: mean = 120.732 us, max = 21.871 ms, min = -0.025 s, total = 7.365 ms
	NodeManagerService.grpc_client.ReportWorkerBacklog - 60 total (0 active), Execution time: mean = 651.709 us, total = 39.103 ms, Queueing time: mean = 0.000 s, max = -0.000 s, min = 9223372036.855 s, total = 0.000 s
	CoreWorker.InternalHeartbeat - 60 total (1 active), Execution time: mean = 98.045 us, total = 5.883 ms, Queueing time: mean = 175.873 us, max = 21.899 ms, min = -0.025 s, total = 10.552 ms
	NodeManagerService.grpc_client.ReportWorkerBacklog.OnReplyReceived - 60 total (0 active), Execution time: mean = 13.330 us, total = 799.800 us, Queueing time: mean = 37.294 us, max = 243.507 us, min = 17.883 us, total = 2.238 ms
	CoreWorker.RecordMetrics - 12 total (1 active), Execution time: mean = 16.364 us, total = 196.364 us, Queueing time: mean = 198.328 us, max = 8.120 ms, min = -0.006 s, total = 2.380 ms
	PeriodicalRunner.RunFnPeriodically - 7 total (0 active), Execution time: mean = 807.569 us, total = 5.653 ms, Queueing time: mean = 2.326 ms, max = 5.637 ms, min = 27.130 us, total = 16.284 ms
	CoreWorker.GCStreamingGeneratorMetadata - 6 total (1 active), Execution time: mean = 2.917 us, total = 17.499 us, Queueing time: mean = 1.380 ms, max = 8.012 ms, min = -0.001 s, total = 8.277 ms
	ray::rpc::NodeInfoGcsService.grpc_client.GetAllNodeInfo.OnReplyReceived - 1 total (0 active), Execution time: mean = 73.394 us, total = 73.394 us, Queueing time: mean = 10.852 us, max = 10.852 us, min = 10.852 us, total = 10.852 us
	ray::rpc::InternalPubSubGcsService.grpc_client.GcsSubscriberCommandBatch.OnReplyReceived - 1 total (0 active), Execution time: mean = 91.946 us, total = 91.946 us, Queueing time: mean = 269.678 us, max = 269.678 us, min = 269.678 us, total = 269.678 us
	ray::rpc::InternalPubSubGcsService.grpc_client.GcsSubscriberCommandBatch - 1 total (0 active), Execution time: mean = 8.130 ms, total = 8.130 ms, Queueing time: mean = 0.000 s, max = -0.000 s, min = 9223372036.855 s, total = 0.000 s
	ray::rpc::WorkerInfoGcsService.grpc_client.AddWorkerInfo.OnReplyReceived - 1 total (0 active), Execution time: mean = 24.869 us, total = 24.869 us, Queueing time: mean = 39.800 us, max = 39.800 us, min = 39.800 us, total = 39.800 us
	ray::rpc::NodeInfoGcsService.grpc_client.GetAllNodeInfo - 1 total (0 active), Execution time: mean = 1.344 ms, total = 1.344 ms, Queueing time: mean = 0.000 s, max = -0.000 s, min = 9223372036.855 s, total = 0.000 s
	Publisher.CheckDeadSubscribers - 1 total (1 active), Execution time: mean = 0.000 s, total = 0.000 s, Queueing time: mean = 0.000 s, max = -0.000 s, min = 9223372036.855 s, total = 0.000 s
	ray::rpc::WorkerInfoGcsService.grpc_client.AddWorkerInfo - 1 total (0 active), Execution time: mean = 8.016 ms, total = 8.016 ms, Queueing time: mean = 0.000 s, max = -0.000 s, min = 9223372036.855 s, total = 0.000 s
	CoreWorker.PrintEventStats - 1 total (1 active, 1 running), Execution time: mean = 0.000 s, total = 0.000 s, Queueing time: mean = 0.000 s, max = -0.000 s, min = 9223372036.855 s, total = 0.000 s
	ray::rpc::InternalPubSubGcsService.grpc_client.GcsSubscriberPoll - 1 total (1 active), Execution time: mean = 0.000 s, total = 0.000 s, Queueing time: mean = 0.000 s, max = -0.000 s, min = 9223372036.855 s, total = 0.000 s

-----------------
Task Event stats:

IO Service Stats:

Global stats: 181 total (1 active)
Queueing time: mean = 245.679 us, max = 21.996 ms, min = -0.006 s, total = 44.468 ms
Execution time:  mean = 182.933 us, total = 33.111 ms
Event stats:
	ray::rpc::TaskInfoGcsService.grpc_client.AddTaskEventData - 60 total (0 active), Execution time: mean = 436.216 us, total = 26.173 ms, Queueing time: mean = 0.000 s, max = -0.000 s, min = 9223372036.855 s, total = 0.000 s
	CoreWorker.deadline_timer.flush_task_events - 60 total (1 active), Execution time: mean = 97.135 us, total = 5.828 ms, Queueing time: mean = 607.641 us, max = 21.996 ms, min = -0.006 s, total = 36.458 ms
	ray::rpc::TaskInfoGcsService.grpc_client.AddTaskEventData.OnReplyReceived - 60 total (0 active), Execution time: mean = 16.527 us, total = 991.605 us, Queueing time: mean = 26.710 us, max = 157.492 us, min = 17.632 us, total = 1.603 ms
	PeriodicalRunner.RunFnPeriodically - 1 total (0 active), Execution time: mean = 118.162 us, total = 118.162 us, Queueing time: mean = 6.407 ms, max = 6.407 ms, min = 6.407 ms, total = 6.407 ms
Other Stats:
	grpc_in_progress:0
	current number of task status events in buffer: 0
	current number of profile events in buffer: 0
	current number of dropped task attempts tracked: 0
	total task events sent: 0 MiB
	total number of task attempts sent: 0
	total number of task attempts dropped reported: 0
	total number of sent failure: 0
	num status task events dropped: 0
	num profile task events dropped: 0


[2025-02-15 21:03:18,473 I 433 1004] core_worker.cc:642: Event stats:


Global stats: 1732 total (8 active)
Queueing time: mean = 148.733 us, max = 23.022 ms, min = -0.027 s, total = 257.606 ms
Execution time:  mean = 69.028 us, total = 119.557 ms
Event stats:
	CoreWorker.RecoverObjects - 1199 total (1 active), Execution time: mean = 5.837 us, total = 6.998 ms, Queueing time: mean = 157.112 us, max = 4.706 ms, min = -0.001 s, total = 188.377 ms
	NodeManagerService.grpc_client.ReportWorkerBacklog - 120 total (0 active), Execution time: mean = 616.832 us, total = 74.020 ms, Queueing time: mean = 0.000 s, max = -0.000 s, min = 9223372036.855 s, total = 0.000 s
	CoreWorker.InternalHeartbeat - 120 total (1 active), Execution time: mean = 97.828 us, total = 11.739 ms, Queueing time: mean = 211.505 us, max = 23.022 ms, min = -0.027 s, total = 25.381 ms
	NodeManagerService.grpc_client.ReportWorkerBacklog.OnReplyReceived - 120 total (0 active), Execution time: mean = 13.874 us, total = 1.665 ms, Queueing time: mean = 32.190 us, max = 243.507 us, min = 17.883 us, total = 3.863 ms
	CoreWorker.ExitIfParentRayletDies - 120 total (1 active), Execution time: mean = 8.417 us, total = 1.010 ms, Queueing time: mean = 135.203 us, max = 21.871 ms, min = -0.027 s, total = 16.224 ms
	CoreWorker.RecordMetrics - 24 total (1 active), Execution time: mean = 24.556 us, total = 589.354 us, Queueing time: mean = 106.479 us, max = 8.120 ms, min = -0.006 s, total = 2.555 ms
	CoreWorker.GCStreamingGeneratorMetadata - 12 total (1 active), Execution time: mean = 3.103 us, total = 37.241 us, Queueing time: mean = 302.565 us, max = 8.012 ms, min = -0.007 s, total = 3.631 ms
	PeriodicalRunner.RunFnPeriodically - 7 total (0 active), Execution time: mean = 807.569 us, total = 5.653 ms, Queueing time: mean = 2.326 ms, max = 5.637 ms, min = 27.130 us, total = 16.284 ms
	CoreWorker.PrintEventStats - 2 total (1 active, 1 running), Execution time: mean = 82.522 us, total = 165.043 us, Queueing time: mean = 485.193 us, max = 970.386 us, min = 970.386 us, total = 970.386 us
	ray::rpc::NodeInfoGcsService.grpc_client.GetAllNodeInfo.OnReplyReceived - 1 total (0 active), Execution time: mean = 73.394 us, total = 73.394 us, Queueing time: mean = 10.852 us, max = 10.852 us, min = 10.852 us, total = 10.852 us
	ray::rpc::InternalPubSubGcsService.grpc_client.GcsSubscriberCommandBatch.OnReplyReceived - 1 total (0 active), Execution time: mean = 91.946 us, total = 91.946 us, Queueing time: mean = 269.678 us, max = 269.678 us, min = 269.678 us, total = 269.678 us
	ray::rpc::InternalPubSubGcsService.grpc_client.GcsSubscriberCommandBatch - 1 total (0 active), Execution time: mean = 8.130 ms, total = 8.130 ms, Queueing time: mean = 0.000 s, max = -0.000 s, min = 9223372036.855 s, total = 0.000 s
	ray::rpc::WorkerInfoGcsService.grpc_client.AddWorkerInfo.OnReplyReceived - 1 total (0 active), Execution time: mean = 24.869 us, total = 24.869 us, Queueing time: mean = 39.800 us, max = 39.800 us, min = 39.800 us, total = 39.800 us
	ray::rpc::NodeInfoGcsService.grpc_client.GetAllNodeInfo - 1 total (0 active), Execution time: mean = 1.344 ms, total = 1.344 ms, Queueing time: mean = 0.000 s, max = -0.000 s, min = 9223372036.855 s, total = 0.000 s
	Publisher.CheckDeadSubscribers - 1 total (1 active), Execution time: mean = 0.000 s, total = 0.000 s, Queueing time: mean = 0.000 s, max = -0.000 s, min = 9223372036.855 s, total = 0.000 s
	ray::rpc::WorkerInfoGcsService.grpc_client.AddWorkerInfo - 1 total (0 active), Execution time: mean = 8.016 ms, total = 8.016 ms, Queueing time: mean = 0.000 s, max = -0.000 s, min = 9223372036.855 s, total = 0.000 s
	ray::rpc::InternalPubSubGcsService.grpc_client.GcsSubscriberPoll - 1 total (1 active), Execution time: mean = 0.000 s, total = 0.000 s, Queueing time: mean = 0.000 s, max = -0.000 s, min = 9223372036.855 s, total = 0.000 s

-----------------
Task Event stats:

IO Service Stats:

Global stats: 361 total (1 active)
Queueing time: mean = 263.281 us, max = 21.996 ms, min = -0.006 s, total = 95.045 ms
Execution time:  mean = 219.143 us, total = 79.111 ms
Event stats:
	ray::rpc::TaskInfoGcsService.grpc_client.AddTaskEventData - 120 total (0 active), Execution time: mean = 534.962 us, total = 64.195 ms, Queueing time: mean = 0.000 s, max = -0.000 s, min = 9223372036.855 s, total = 0.000 s
	CoreWorker.deadline_timer.flush_task_events - 120 total (1 active), Execution time: mean = 104.559 us, total = 12.547 ms, Queueing time: mean = 708.178 us, max = 21.996 ms, min = -0.006 s, total = 84.981 ms
	ray::rpc::TaskInfoGcsService.grpc_client.AddTaskEventData.OnReplyReceived - 120 total (0 active), Execution time: mean = 18.751 us, total = 2.250 ms, Queueing time: mean = 30.470 us, max = 248.089 us, min = 7.947 us, total = 3.656 ms
	PeriodicalRunner.RunFnPeriodically - 1 total (0 active), Execution time: mean = 118.162 us, total = 118.162 us, Queueing time: mean = 6.407 ms, max = 6.407 ms, min = 6.407 ms, total = 6.407 ms
Other Stats:
	grpc_in_progress:0
	current number of task status events in buffer: 0
	current number of profile events in buffer: 0
	current number of dropped task attempts tracked: 0
	total task events sent: 0 MiB
	total number of task attempts sent: 0
	total number of task attempts dropped reported: 0
	total number of sent failure: 0
	num status task events dropped: 0
	num profile task events dropped: 0


[2025-02-15 21:04:18,474 I 433 1004] core_worker.cc:642: Event stats:


Global stats: 2590 total (8 active)
Queueing time: mean = 130.842 us, max = 25.484 ms, min = -0.027 s, total = 338.882 ms
Execution time:  mean = 62.892 us, total = 162.891 ms
Event stats:
	CoreWorker.RecoverObjects - 1798 total (1 active), Execution time: mean = 5.777 us, total = 10.388 ms, Queueing time: mean = 143.936 us, max = 4.706 ms, min = -0.001 s, total = 258.797 ms
	NodeManagerService.grpc_client.ReportWorkerBacklog - 180 total (0 active), Execution time: mean = 584.688 us, total = 105.244 ms, Queueing time: mean = 0.000 s, max = -0.000 s, min = 9223372036.855 s, total = 0.000 s
	CoreWorker.InternalHeartbeat - 180 total (1 active), Execution time: mean = 103.207 us, total = 18.577 ms, Queueing time: mean = 159.026 us, max = 25.484 ms, min = -0.027 s, total = 28.625 ms
	NodeManagerService.grpc_client.ReportWorkerBacklog.OnReplyReceived - 180 total (0 active), Execution time: mean = 14.741 us, total = 2.653 ms, Queueing time: mean = 31.087 us, max = 243.507 us, min = 17.883 us, total = 5.596 ms
	CoreWorker.ExitIfParentRayletDies - 180 total (1 active), Execution time: mean = 8.460 us, total = 1.523 ms, Queueing time: mean = 108.892 us, max = 25.480 ms, min = -0.027 s, total = 19.600 ms
	CoreWorker.RecordMetrics - 36 total (1 active), Execution time: mean = 21.554 us, total = 775.929 us, Queueing time: mean = 94.895 us, max = 12.079 ms, min = -0.010 s, total = 3.416 ms
	CoreWorker.GCStreamingGeneratorMetadata - 18 total (1 active), Execution time: mean = 3.436 us, total = 61.856 us, Queueing time: mean = 290.216 us, max = 12.002 ms, min = -0.011 s, total = 5.224 ms
	PeriodicalRunner.RunFnPeriodically - 7 total (0 active), Execution time: mean = 807.569 us, total = 5.653 ms, Queueing time: mean = 2.326 ms, max = 5.637 ms, min = 27.130 us, total = 16.284 ms
	CoreWorker.PrintEventStats - 3 total (1 active, 1 running), Execution time: mean = 111.731 us, total = 335.193 us, Queueing time: mean = 339.881 us, max = 970.386 us, min = 49.256 us, total = 1.020 ms
	ray::rpc::NodeInfoGcsService.grpc_client.GetAllNodeInfo.OnReplyReceived - 1 total (0 active), Execution time: mean = 73.394 us, total = 73.394 us, Queueing time: mean = 10.852 us, max = 10.852 us, min = 10.852 us, total = 10.852 us
	ray::rpc::InternalPubSubGcsService.grpc_client.GcsSubscriberCommandBatch.OnReplyReceived - 1 total (0 active), Execution time: mean = 91.946 us, total = 91.946 us, Queueing time: mean = 269.678 us, max = 269.678 us, min = 269.678 us, total = 269.678 us
	ray::rpc::InternalPubSubGcsService.grpc_client.GcsSubscriberCommandBatch - 1 total (0 active), Execution time: mean = 8.130 ms, total = 8.130 ms, Queueing time: mean = 0.000 s, max = -0.000 s, min = 9223372036.855 s, total = 0.000 s
	ray::rpc::WorkerInfoGcsService.grpc_client.AddWorkerInfo.OnReplyReceived - 1 total (0 active), Execution time: mean = 24.869 us, total = 24.869 us, Queueing time: mean = 39.800 us, max = 39.800 us, min = 39.800 us, total = 39.800 us
	ray::rpc::NodeInfoGcsService.grpc_client.GetAllNodeInfo - 1 total (0 active), Execution time: mean = 1.344 ms, total = 1.344 ms, Queueing time: mean = 0.000 s, max = -0.000 s, min = 9223372036.855 s, total = 0.000 s
	Publisher.CheckDeadSubscribers - 1 total (1 active), Execution time: mean = 0.000 s, total = 0.000 s, Queueing time: mean = 0.000 s, max = -0.000 s, min = 9223372036.855 s, total = 0.000 s
	ray::rpc::WorkerInfoGcsService.grpc_client.AddWorkerInfo - 1 total (0 active), Execution time: mean = 8.016 ms, total = 8.016 ms, Queueing time: mean = 0.000 s, max = -0.000 s, min = 9223372036.855 s, total = 0.000 s
	ray::rpc::InternalPubSubGcsService.grpc_client.GcsSubscriberPoll - 1 total (1 active), Execution time: mean = 0.000 s, total = 0.000 s, Queueing time: mean = 0.000 s, max = -0.000 s, min = 9223372036.855 s, total = 0.000 s

-----------------
Task Event stats:

IO Service Stats:

Global stats: 541 total (1 active)
Queueing time: mean = 243.979 us, max = 25.515 ms, min = -0.007 s, total = 131.992 ms
Execution time:  mean = 217.779 us, total = 117.818 ms
Event stats:
	ray::rpc::TaskInfoGcsService.grpc_client.AddTaskEventData - 180 total (0 active), Execution time: mean = 525.776 us, total = 94.640 ms, Queueing time: mean = 0.000 s, max = -0.000 s, min = 9223372036.855 s, total = 0.000 s
	CoreWorker.deadline_timer.flush_task_events - 180 total (1 active), Execution time: mean = 108.395 us, total = 19.511 ms, Queueing time: mean = 662.351 us, max = 25.515 ms, min = -0.007 s, total = 119.223 ms
	ray::rpc::TaskInfoGcsService.grpc_client.AddTaskEventData.OnReplyReceived - 180 total (0 active), Execution time: mean = 19.718 us, total = 3.549 ms, Queueing time: mean = 35.347 us, max = 248.089 us, min = 7.947 us, total = 6.362 ms
	PeriodicalRunner.RunFnPeriodically - 1 total (0 active), Execution time: mean = 118.162 us, total = 118.162 us, Queueing time: mean = 6.407 ms, max = 6.407 ms, min = 6.407 ms, total = 6.407 ms
Other Stats:
	grpc_in_progress:0
	current number of task status events in buffer: 0
	current number of profile events in buffer: 0
	current number of dropped task attempts tracked: 0
	total task events sent: 0 MiB
	total number of task attempts sent: 0
	total number of task attempts dropped reported: 0
	total number of sent failure: 0
	num status task events dropped: 0
	num profile task events dropped: 0


[2025-02-15 21:05:18,474 I 433 1004] core_worker.cc:642: Event stats:


Global stats: 3448 total (8 active)
Queueing time: mean = 127.280 us, max = 25.484 ms, min = -0.027 s, total = 438.862 ms
Execution time:  mean = 63.780 us, total = 219.913 ms
Event stats:
	CoreWorker.RecoverObjects - 2397 total (1 active), Execution time: mean = 7.955 us, total = 19.067 ms, Queueing time: mean = 143.002 us, max = 4.706 ms, min = -0.001 s, total = 342.777 ms
	NodeManagerService.grpc_client.ReportWorkerBacklog - 240 total (0 active), Execution time: mean = 588.748 us, total = 141.299 ms, Queueing time: mean = 0.000 s, max = -0.000 s, min = 9223372036.855 s, total = 0.000 s
	CoreWorker.InternalHeartbeat - 240 total (1 active), Execution time: mean = 117.624 us, total = 28.230 ms, Queueing time: mean = 163.463 us, max = 25.484 ms, min = -0.027 s, total = 39.231 ms
	NodeManagerService.grpc_client.ReportWorkerBacklog.OnReplyReceived - 240 total (0 active), Execution time: mean = 18.703 us, total = 4.489 ms, Queueing time: mean = 32.282 us, max = 545.455 us, min = 17.883 us, total = 7.748 ms
	CoreWorker.ExitIfParentRayletDies - 240 total (1 active), Execution time: mean = 8.023 us, total = 1.926 ms, Queueing time: mean = 102.583 us, max = 25.480 ms, min = -0.027 s, total = 24.620 ms
	CoreWorker.RecordMetrics - 48 total (1 active), Execution time: mean = 20.741 us, total = 995.581 us, Queueing time: mean = 73.105 us, max = 12.079 ms, min = -0.010 s, total = 3.509 ms
	CoreWorker.GCStreamingGeneratorMetadata - 24 total (1 active), Execution time: mean = 3.618 us, total = 86.824 us, Queueing time: mean = 135.340 us, max = 12.002 ms, min = -0.011 s, total = 3.248 ms
	PeriodicalRunner.RunFnPeriodically - 7 total (0 active), Execution time: mean = 807.569 us, total = 5.653 ms, Queueing time: mean = 2.326 ms, max = 5.637 ms, min = 27.130 us, total = 16.284 ms
	CoreWorker.PrintEventStats - 4 total (1 active, 1 running), Execution time: mean = 121.718 us, total = 486.872 us, Queueing time: mean = 281.247 us, max = 970.386 us, min = 49.256 us, total = 1.125 ms
	ray::rpc::NodeInfoGcsService.grpc_client.GetAllNodeInfo.OnReplyReceived - 1 total (0 active), Execution time: mean = 73.394 us, total = 73.394 us, Queueing time: mean = 10.852 us, max = 10.852 us, min = 10.852 us, total = 10.852 us
	ray::rpc::InternalPubSubGcsService.grpc_client.GcsSubscriberCommandBatch.OnReplyReceived - 1 total (0 active), Execution time: mean = 91.946 us, total = 91.946 us, Queueing time: mean = 269.678 us, max = 269.678 us, min = 269.678 us, total = 269.678 us
	ray::rpc::InternalPubSubGcsService.grpc_client.GcsSubscriberCommandBatch - 1 total (0 active), Execution time: mean = 8.130 ms, total = 8.130 ms, Queueing time: mean = 0.000 s, max = -0.000 s, min = 9223372036.855 s, total = 0.000 s
	ray::rpc::WorkerInfoGcsService.grpc_client.AddWorkerInfo.OnReplyReceived - 1 total (0 active), Execution time: mean = 24.869 us, total = 24.869 us, Queueing time: mean = 39.800 us, max = 39.800 us, min = 39.800 us, total = 39.800 us
	ray::rpc::NodeInfoGcsService.grpc_client.GetAllNodeInfo - 1 total (0 active), Execution time: mean = 1.344 ms, total = 1.344 ms, Queueing time: mean = 0.000 s, max = -0.000 s, min = 9223372036.855 s, total = 0.000 s
	Publisher.CheckDeadSubscribers - 1 total (1 active), Execution time: mean = 0.000 s, total = 0.000 s, Queueing time: mean = 0.000 s, max = -0.000 s, min = 9223372036.855 s, total = 0.000 s
	ray::rpc::WorkerInfoGcsService.grpc_client.AddWorkerInfo - 1 total (0 active), Execution time: mean = 8.016 ms, total = 8.016 ms, Queueing time: mean = 0.000 s, max = -0.000 s, min = 9223372036.855 s, total = 0.000 s
	ray::rpc::InternalPubSubGcsService.grpc_client.GcsSubscriberPoll - 1 total (1 active), Execution time: mean = 0.000 s, total = 0.000 s, Queueing time: mean = 0.000 s, max = -0.000 s, min = 9223372036.855 s, total = 0.000 s

-----------------
Task Event stats:

IO Service Stats:

Global stats: 721 total (1 active)
Queueing time: mean = 237.839 us, max = 25.515 ms, min = -0.007 s, total = 171.482 ms
Execution time:  mean = 217.223 us, total = 156.617 ms
Event stats:
	ray::rpc::TaskInfoGcsService.grpc_client.AddTaskEventData - 240 total (0 active), Execution time: mean = 523.658 us, total = 125.678 ms, Queueing time: mean = 0.000 s, max = -0.000 s, min = 9223372036.855 s, total = 0.000 s
	CoreWorker.deadline_timer.flush_task_events - 240 total (1 active), Execution time: mean = 108.451 us, total = 26.028 ms, Queueing time: mean = 653.201 us, max = 25.515 ms, min = -0.007 s, total = 156.768 ms
	ray::rpc::TaskInfoGcsService.grpc_client.AddTaskEventData.OnReplyReceived - 240 total (0 active), Execution time: mean = 19.972 us, total = 4.793 ms, Queueing time: mean = 34.612 us, max = 248.089 us, min = 7.947 us, total = 8.307 ms
	PeriodicalRunner.RunFnPeriodically - 1 total (0 active), Execution time: mean = 118.162 us, total = 118.162 us, Queueing time: mean = 6.407 ms, max = 6.407 ms, min = 6.407 ms, total = 6.407 ms
Other Stats:
	grpc_in_progress:0
	current number of task status events in buffer: 0
	current number of profile events in buffer: 0
	current number of dropped task attempts tracked: 0
	total task events sent: 0 MiB
	total number of task attempts sent: 0
	total number of task attempts dropped reported: 0
	total number of sent failure: 0
	num status task events dropped: 0
	num profile task events dropped: 0


[2025-02-15 21:06:18,474 I 433 1004] core_worker.cc:642: Event stats:


Global stats: 4307 total (8 active)
Queueing time: mean = 126.117 us, max = 25.484 ms, min = -0.027 s, total = 543.186 ms
Execution time:  mean = 66.240 us, total = 285.295 ms
Event stats:
	CoreWorker.RecoverObjects - 2996 total (1 active), Execution time: mean = 7.668 us, total = 22.973 ms, Queueing time: mean = 143.188 us, max = 5.052 ms, min = -0.001 s, total = 428.991 ms
	NodeManagerService.grpc_client.ReportWorkerBacklog - 300 total (0 active), Execution time: mean = 630.957 us, total = 189.287 ms, Queueing time: mean = 0.000 s, max = -0.000 s, min = 9223372036.855 s, total = 0.000 s
	CoreWorker.InternalHeartbeat - 300 total (1 active), Execution time: mean = 131.377 us, total = 39.413 ms, Queueing time: mean = 148.911 us, max = 25.484 ms, min = -0.027 s, total = 44.673 ms
	CoreWorker.ExitIfParentRayletDies - 300 total (1 active), Execution time: mean = 8.243 us, total = 2.473 ms, Queueing time: mean = 94.267 us, max = 25.480 ms, min = -0.027 s, total = 28.280 ms
	NodeManagerService.grpc_client.ReportWorkerBacklog.OnReplyReceived - 300 total (0 active), Execution time: mean = 19.347 us, total = 5.804 ms, Queueing time: mean = 37.697 us, max = 1.252 ms, min = 17.883 us, total = 11.309 ms
	CoreWorker.RecordMetrics - 60 total (1 active), Execution time: mean = 20.662 us, total = 1.240 ms, Queueing time: mean = 76.954 us, max = 12.079 ms, min = -0.010 s, total = 4.617 ms
	CoreWorker.GCStreamingGeneratorMetadata - 30 total (1 active), Execution time: mean = 3.821 us, total = 114.632 us, Queueing time: mean = 219.610 us, max = 12.002 ms, min = -0.011 s, total = 6.588 ms
	PeriodicalRunner.RunFnPeriodically - 7 total (0 active), Execution time: mean = 807.569 us, total = 5.653 ms, Queueing time: mean = 2.326 ms, max = 5.637 ms, min = 27.130 us, total = 16.284 ms
	CoreWorker.PrintEventStats - 5 total (1 active, 1 running), Execution time: mean = 130.513 us, total = 652.566 us, Queueing time: mean = 227.093 us, max = 970.386 us, min = 10.480 us, total = 1.135 ms
	Publisher.CheckDeadSubscribers - 2 total (1 active), Execution time: mean = 2.529 us, total = 5.057 us, Queueing time: mean = 493.010 us, max = 986.020 us, min = 986.020 us, total = 986.020 us
	ray::rpc::NodeInfoGcsService.grpc_client.GetAllNodeInfo.OnReplyReceived - 1 total (0 active), Execution time: mean = 73.394 us, total = 73.394 us, Queueing time: mean = 10.852 us, max = 10.852 us, min = 10.852 us, total = 10.852 us
	ray::rpc::InternalPubSubGcsService.grpc_client.GcsSubscriberCommandBatch.OnReplyReceived - 1 total (0 active), Execution time: mean = 91.946 us, total = 91.946 us, Queueing time: mean = 269.678 us, max = 269.678 us, min = 269.678 us, total = 269.678 us
	ray::rpc::InternalPubSubGcsService.grpc_client.GcsSubscriberCommandBatch - 1 total (0 active), Execution time: mean = 8.130 ms, total = 8.130 ms, Queueing time: mean = 0.000 s, max = -0.000 s, min = 9223372036.855 s, total = 0.000 s
	ray::rpc::WorkerInfoGcsService.grpc_client.AddWorkerInfo.OnReplyReceived - 1 total (0 active), Execution time: mean = 24.869 us, total = 24.869 us, Queueing time: mean = 39.800 us, max = 39.800 us, min = 39.800 us, total = 39.800 us
	ray::rpc::NodeInfoGcsService.grpc_client.GetAllNodeInfo - 1 total (0 active), Execution time: mean = 1.344 ms, total = 1.344 ms, Queueing time: mean = 0.000 s, max = -0.000 s, min = 9223372036.855 s, total = 0.000 s
	ray::rpc::WorkerInfoGcsService.grpc_client.AddWorkerInfo - 1 total (0 active), Execution time: mean = 8.016 ms, total = 8.016 ms, Queueing time: mean = 0.000 s, max = -0.000 s, min = 9223372036.855 s, total = 0.000 s
	ray::rpc::InternalPubSubGcsService.grpc_client.GcsSubscriberPoll - 1 total (1 active), Execution time: mean = 0.000 s, total = 0.000 s, Queueing time: mean = 0.000 s, max = -0.000 s, min = 9223372036.855 s, total = 0.000 s

-----------------
Task Event stats:

IO Service Stats:

Global stats: 901 total (1 active)
Queueing time: mean = 237.179 us, max = 25.515 ms, min = -0.008 s, total = 213.698 ms
Execution time:  mean = 228.777 us, total = 206.128 ms
Event stats:
	ray::rpc::TaskInfoGcsService.grpc_client.AddTaskEventData - 300 total (0 active), Execution time: mean = 553.629 us, total = 166.089 ms, Queueing time: mean = 0.000 s, max = -0.000 s, min = 9223372036.855 s, total = 0.000 s
	CoreWorker.deadline_timer.flush_task_events - 300 total (1 active), Execution time: mean = 112.378 us, total = 33.713 ms, Queueing time: mean = 656.443 us, max = 25.515 ms, min = -0.008 s, total = 196.933 ms
	ray::rpc::TaskInfoGcsService.grpc_client.AddTaskEventData.OnReplyReceived - 300 total (0 active), Execution time: mean = 20.692 us, total = 6.208 ms, Queueing time: mean = 34.528 us, max = 248.089 us, min = 7.947 us, total = 10.358 ms
	PeriodicalRunner.RunFnPeriodically - 1 total (0 active), Execution time: mean = 118.162 us, total = 118.162 us, Queueing time: mean = 6.407 ms, max = 6.407 ms, min = 6.407 ms, total = 6.407 ms
Other Stats:
	grpc_in_progress:0
	current number of task status events in buffer: 0
	current number of profile events in buffer: 0
	current number of dropped task attempts tracked: 0
	total task events sent: 0 MiB
	total number of task attempts sent: 0
	total number of task attempts dropped reported: 0
	total number of sent failure: 0
	num status task events dropped: 0
	num profile task events dropped: 0


[2025-02-15 21:07:18,474 I 433 1004] core_worker.cc:642: Event stats:


Global stats: 5165 total (8 active)
Queueing time: mean = 119.928 us, max = 25.484 ms, min = -0.027 s, total = 619.431 ms
Execution time:  mean = 66.635 us, total = 344.171 ms
Event stats:
	CoreWorker.RecoverObjects - 3595 total (1 active), Execution time: mean = 7.445 us, total = 26.765 ms, Queueing time: mean = 137.117 us, max = 5.052 ms, min = -0.001 s, total = 492.936 ms
	NodeManagerService.grpc_client.ReportWorkerBacklog - 360 total (0 active), Execution time: mean = 643.700 us, total = 231.732 ms, Queueing time: mean = 0.000 s, max = -0.000 s, min = 9223372036.855 s, total = 0.000 s
	CoreWorker.InternalHeartbeat - 360 total (1 active), Execution time: mean = 138.455 us, total = 49.844 ms, Queueing time: mean = 133.575 us, max = 25.484 ms, min = -0.027 s, total = 48.087 ms
	CoreWorker.ExitIfParentRayletDies - 360 total (1 active), Execution time: mean = 8.115 us, total = 2.921 ms, Queueing time: mean = 86.456 us, max = 25.480 ms, min = -0.027 s, total = 31.124 ms
	NodeManagerService.grpc_client.ReportWorkerBacklog.OnReplyReceived - 360 total (0 active), Execution time: mean = 19.607 us, total = 7.058 ms, Queueing time: mean = 36.964 us, max = 1.252 ms, min = 17.883 us, total = 13.307 ms
	CoreWorker.RecordMetrics - 72 total (1 active), Execution time: mean = 20.744 us, total = 1.494 ms, Queueing time: mean = 66.036 us, max = 12.079 ms, min = -0.010 s, total = 4.755 ms
	CoreWorker.GCStreamingGeneratorMetadata - 36 total (1 active), Execution time: mean = 3.911 us, total = 140.798 us, Queueing time: mean = 288.540 us, max = 12.002 ms, min = -0.011 s, total = 10.387 ms
	PeriodicalRunner.RunFnPeriodically - 7 total (0 active), Execution time: mean = 807.569 us, total = 5.653 ms, Queueing time: mean = 2.326 ms, max = 5.637 ms, min = 27.130 us, total = 16.284 ms
	CoreWorker.PrintEventStats - 6 total (1 active, 1 running), Execution time: mean = 146.343 us, total = 878.060 us, Queueing time: mean = 207.303 us, max = 970.386 us, min = 10.480 us, total = 1.244 ms
	Publisher.CheckDeadSubscribers - 2 total (1 active), Execution time: mean = 2.529 us, total = 5.057 us, Queueing time: mean = 493.010 us, max = 986.020 us, min = 986.020 us, total = 986.020 us
	ray::rpc::NodeInfoGcsService.grpc_client.GetAllNodeInfo.OnReplyReceived - 1 total (0 active), Execution time: mean = 73.394 us, total = 73.394 us, Queueing time: mean = 10.852 us, max = 10.852 us, min = 10.852 us, total = 10.852 us
	ray::rpc::InternalPubSubGcsService.grpc_client.GcsSubscriberCommandBatch.OnReplyReceived - 1 total (0 active), Execution time: mean = 91.946 us, total = 91.946 us, Queueing time: mean = 269.678 us, max = 269.678 us, min = 269.678 us, total = 269.678 us
	ray::rpc::InternalPubSubGcsService.grpc_client.GcsSubscriberCommandBatch - 1 total (0 active), Execution time: mean = 8.130 ms, total = 8.130 ms, Queueing time: mean = 0.000 s, max = -0.000 s, min = 9223372036.855 s, total = 0.000 s
	ray::rpc::WorkerInfoGcsService.grpc_client.AddWorkerInfo.OnReplyReceived - 1 total (0 active), Execution time: mean = 24.869 us, total = 24.869 us, Queueing time: mean = 39.800 us, max = 39.800 us, min = 39.800 us, total = 39.800 us
	ray::rpc::NodeInfoGcsService.grpc_client.GetAllNodeInfo - 1 total (0 active), Execution time: mean = 1.344 ms, total = 1.344 ms, Queueing time: mean = 0.000 s, max = -0.000 s, min = 9223372036.855 s, total = 0.000 s
	ray::rpc::WorkerInfoGcsService.grpc_client.AddWorkerInfo - 1 total (0 active), Execution time: mean = 8.016 ms, total = 8.016 ms, Queueing time: mean = 0.000 s, max = -0.000 s, min = 9223372036.855 s, total = 0.000 s
	ray::rpc::InternalPubSubGcsService.grpc_client.GcsSubscriberPoll - 1 total (1 active), Execution time: mean = 0.000 s, total = 0.000 s, Queueing time: mean = 0.000 s, max = -0.000 s, min = 9223372036.855 s, total = 0.000 s

-----------------
Task Event stats:

IO Service Stats:

Global stats: 1081 total (1 active)
Queueing time: mean = 222.965 us, max = 25.515 ms, min = -0.008 s, total = 241.025 ms
Execution time:  mean = 229.232 us, total = 247.800 ms
Event stats:
	ray::rpc::TaskInfoGcsService.grpc_client.AddTaskEventData - 360 total (0 active), Execution time: mean = 551.327 us, total = 198.478 ms, Queueing time: mean = 0.000 s, max = -0.000 s, min = 9223372036.855 s, total = 0.000 s
	CoreWorker.deadline_timer.flush_task_events - 360 total (1 active), Execution time: mean = 115.665 us, total = 41.639 ms, Queueing time: mean = 617.182 us, max = 25.515 ms, min = -0.008 s, total = 222.186 ms
	ray::rpc::TaskInfoGcsService.grpc_client.AddTaskEventData.OnReplyReceived - 360 total (0 active), Execution time: mean = 21.014 us, total = 7.565 ms, Queueing time: mean = 34.536 us, max = 248.089 us, min = 7.947 us, total = 12.433 ms
	PeriodicalRunner.RunFnPeriodically - 1 total (0 active), Execution time: mean = 118.162 us, total = 118.162 us, Queueing time: mean = 6.407 ms, max = 6.407 ms, min = 6.407 ms, total = 6.407 ms
Other Stats:
	grpc_in_progress:0
	current number of task status events in buffer: 0
	current number of profile events in buffer: 0
	current number of dropped task attempts tracked: 0
	total task events sent: 0 MiB
	total number of task attempts sent: 0
	total number of task attempts dropped reported: 0
	total number of sent failure: 0
	num status task events dropped: 0
	num profile task events dropped: 0


[2025-02-15 21:08:18,478 I 433 1004] core_worker.cc:642: Event stats:


Global stats: 6024 total (8 active)
Queueing time: mean = 118.752 us, max = 25.484 ms, min = -0.027 s, total = 715.364 ms
Execution time:  mean = 67.357 us, total = 405.758 ms
Event stats:
	CoreWorker.RecoverObjects - 4195 total (1 active), Execution time: mean = 7.237 us, total = 30.358 ms, Queueing time: mean = 138.124 us, max = 5.052 ms, min = -0.001 s, total = 579.432 ms
	NodeManagerService.grpc_client.ReportWorkerBacklog - 420 total (0 active), Execution time: mean = 658.838 us, total = 276.712 ms, Queueing time: mean = 0.000 s, max = -0.000 s, min = 9223372036.855 s, total = 0.000 s
	CoreWorker.InternalHeartbeat - 420 total (1 active), Execution time: mean = 144.723 us, total = 60.783 ms, Queueing time: mean = 128.527 us, max = 25.484 ms, min = -0.027 s, total = 53.981 ms
	CoreWorker.ExitIfParentRayletDies - 420 total (1 active), Execution time: mean = 8.147 us, total = 3.422 ms, Queueing time: mean = 92.354 us, max = 25.480 ms, min = -0.027 s, total = 38.789 ms
	NodeManagerService.grpc_client.ReportWorkerBacklog.OnReplyReceived - 420 total (0 active), Execution time: mean = 19.574 us, total = 8.221 ms, Queueing time: mean = 36.951 us, max = 1.252 ms, min = 17.883 us, total = 15.520 ms
	CoreWorker.RecordMetrics - 84 total (1 active), Execution time: mean = 20.250 us, total = 1.701 ms, Queueing time: mean = 68.015 us, max = 12.079 ms, min = -0.010 s, total = 5.713 ms
	CoreWorker.GCStreamingGeneratorMetadata - 42 total (1 active), Execution time: mean = 3.989 us, total = 167.545 us, Queueing time: mean = 73.360 us, max = 12.002 ms, min = -0.011 s, total = 3.081 ms
	CoreWorker.PrintEventStats - 7 total (1 active, 1 running), Execution time: mean = 150.651 us, total = 1.055 ms, Queueing time: mean = 179.675 us, max = 970.386 us, min = 10.480 us, total = 1.258 ms
	PeriodicalRunner.RunFnPeriodically - 7 total (0 active), Execution time: mean = 807.569 us, total = 5.653 ms, Queueing time: mean = 2.326 ms, max = 5.637 ms, min = 27.130 us, total = 16.284 ms
	Publisher.CheckDeadSubscribers - 2 total (1 active), Execution time: mean = 2.529 us, total = 5.057 us, Queueing time: mean = 493.010 us, max = 986.020 us, min = 986.020 us, total = 986.020 us
	ray::rpc::NodeInfoGcsService.grpc_client.GetAllNodeInfo.OnReplyReceived - 1 total (0 active), Execution time: mean = 73.394 us, total = 73.394 us, Queueing time: mean = 10.852 us, max = 10.852 us, min = 10.852 us, total = 10.852 us
	ray::rpc::InternalPubSubGcsService.grpc_client.GcsSubscriberCommandBatch.OnReplyReceived - 1 total (0 active), Execution time: mean = 91.946 us, total = 91.946 us, Queueing time: mean = 269.678 us, max = 269.678 us, min = 269.678 us, total = 269.678 us
	ray::rpc::InternalPubSubGcsService.grpc_client.GcsSubscriberCommandBatch - 1 total (0 active), Execution time: mean = 8.130 ms, total = 8.130 ms, Queueing time: mean = 0.000 s, max = -0.000 s, min = 9223372036.855 s, total = 0.000 s
	ray::rpc::WorkerInfoGcsService.grpc_client.AddWorkerInfo.OnReplyReceived - 1 total (0 active), Execution time: mean = 24.869 us, total = 24.869 us, Queueing time: mean = 39.800 us, max = 39.800 us, min = 39.800 us, total = 39.800 us
	ray::rpc::NodeInfoGcsService.grpc_client.GetAllNodeInfo - 1 total (0 active), Execution time: mean = 1.344 ms, total = 1.344 ms, Queueing time: mean = 0.000 s, max = -0.000 s, min = 9223372036.855 s, total = 0.000 s
	ray::rpc::WorkerInfoGcsService.grpc_client.AddWorkerInfo - 1 total (0 active), Execution time: mean = 8.016 ms, total = 8.016 ms, Queueing time: mean = 0.000 s, max = -0.000 s, min = 9223372036.855 s, total = 0.000 s
	ray::rpc::InternalPubSubGcsService.grpc_client.GcsSubscriberPoll - 1 total (1 active), Execution time: mean = 0.000 s, total = 0.000 s, Queueing time: mean = 0.000 s, max = -0.000 s, min = 9223372036.855 s, total = 0.000 s

-----------------
Task Event stats:

IO Service Stats:

Global stats: 1261 total (1 active)
Queueing time: mean = 230.254 us, max = 25.515 ms, min = -0.009 s, total = 290.350 ms
Execution time:  mean = 236.363 us, total = 298.054 ms
Event stats:
	ray::rpc::TaskInfoGcsService.grpc_client.AddTaskEventData - 420 total (0 active), Execution time: mean = 571.468 us, total = 240.017 ms, Queueing time: mean = 0.000 s, max = -0.000 s, min = 9223372036.855 s, total = 0.000 s
	CoreWorker.deadline_timer.flush_task_events - 420 total (1 active), Execution time: mean = 116.773 us, total = 49.045 ms, Queueing time: mean = 641.519 us, max = 25.515 ms, min = -0.009 s, total = 269.438 ms
	ray::rpc::TaskInfoGcsService.grpc_client.AddTaskEventData.OnReplyReceived - 420 total (0 active), Execution time: mean = 21.130 us, total = 8.875 ms, Queueing time: mean = 34.536 us, max = 248.089 us, min = 7.947 us, total = 14.505 ms
	PeriodicalRunner.RunFnPeriodically - 1 total (0 active), Execution time: mean = 118.162 us, total = 118.162 us, Queueing time: mean = 6.407 ms, max = 6.407 ms, min = 6.407 ms, total = 6.407 ms
Other Stats:
	grpc_in_progress:0
	current number of task status events in buffer: 0
	current number of profile events in buffer: 0
	current number of dropped task attempts tracked: 0
	total task events sent: 0 MiB
	total number of task attempts sent: 0
	total number of task attempts dropped reported: 0
	total number of sent failure: 0
	num status task events dropped: 0
	num profile task events dropped: 0


[2025-02-15 21:09:18,478 I 433 1004] core_worker.cc:642: Event stats:


Global stats: 6882 total (8 active)
Queueing time: mean = 120.741 us, max = 25.484 ms, min = -0.027 s, total = 830.936 ms
Execution time:  mean = 67.364 us, total = 463.598 ms
Event stats:
	CoreWorker.RecoverObjects - 4794 total (1 active), Execution time: mean = 7.045 us, total = 33.776 ms, Queueing time: mean = 140.179 us, max = 5.052 ms, min = -0.001 s, total = 672.019 ms
	NodeManagerService.grpc_client.ReportWorkerBacklog - 480 total (0 active), Execution time: mean = 668.432 us, total = 320.847 ms, Queueing time: mean = 0.000 s, max = -0.000 s, min = 9223372036.855 s, total = 0.000 s
	CoreWorker.InternalHeartbeat - 480 total (1 active), Execution time: mean = 144.415 us, total = 69.319 ms, Queueing time: mean = 121.230 us, max = 25.484 ms, min = -0.027 s, total = 58.191 ms
	CoreWorker.ExitIfParentRayletDies - 480 total (1 active), Execution time: mean = 7.989 us, total = 3.835 ms, Queueing time: mean = 96.761 us, max = 25.480 ms, min = -0.027 s, total = 46.445 ms
	NodeManagerService.grpc_client.ReportWorkerBacklog.OnReplyReceived - 480 total (0 active), Execution time: mean = 19.062 us, total = 9.150 ms, Queueing time: mean = 37.010 us, max = 1.252 ms, min = 17.883 us, total = 17.765 ms
	CoreWorker.RecordMetrics - 96 total (1 active), Execution time: mean = 20.001 us, total = 1.920 ms, Queueing time: mean = 63.939 us, max = 12.079 ms, min = -0.010 s, total = 6.138 ms
	CoreWorker.GCStreamingGeneratorMetadata - 48 total (1 active), Execution time: mean = 3.990 us, total = 191.522 us, Queueing time: mean = 167.731 us, max = 12.002 ms, min = -0.011 s, total = 8.051 ms
	CoreWorker.PrintEventStats - 8 total (1 active, 1 running), Execution time: mean = 152.614 us, total = 1.221 ms, Queueing time: mean = 592.061 us, max = 3.479 ms, min = 10.480 us, total = 4.736 ms
	PeriodicalRunner.RunFnPeriodically - 7 total (0 active), Execution time: mean = 807.569 us, total = 5.653 ms, Queueing time: mean = 2.326 ms, max = 5.637 ms, min = 27.130 us, total = 16.284 ms
	Publisher.CheckDeadSubscribers - 2 total (1 active), Execution time: mean = 2.529 us, total = 5.057 us, Queueing time: mean = 493.010 us, max = 986.020 us, min = 986.020 us, total = 986.020 us
	ray::rpc::NodeInfoGcsService.grpc_client.GetAllNodeInfo.OnReplyReceived - 1 total (0 active), Execution time: mean = 73.394 us, total = 73.394 us, Queueing time: mean = 10.852 us, max = 10.852 us, min = 10.852 us, total = 10.852 us
	ray::rpc::InternalPubSubGcsService.grpc_client.GcsSubscriberCommandBatch.OnReplyReceived - 1 total (0 active), Execution time: mean = 91.946 us, total = 91.946 us, Queueing time: mean = 269.678 us, max = 269.678 us, min = 269.678 us, total = 269.678 us
	ray::rpc::InternalPubSubGcsService.grpc_client.GcsSubscriberCommandBatch - 1 total (0 active), Execution time: mean = 8.130 ms, total = 8.130 ms, Queueing time: mean = 0.000 s, max = -0.000 s, min = 9223372036.855 s, total = 0.000 s
	ray::rpc::WorkerInfoGcsService.grpc_client.AddWorkerInfo.OnReplyReceived - 1 total (0 active), Execution time: mean = 24.869 us, total = 24.869 us, Queueing time: mean = 39.800 us, max = 39.800 us, min = 39.800 us, total = 39.800 us
	ray::rpc::NodeInfoGcsService.grpc_client.GetAllNodeInfo - 1 total (0 active), Execution time: mean = 1.344 ms, total = 1.344 ms, Queueing time: mean = 0.000 s, max = -0.000 s, min = 9223372036.855 s, total = 0.000 s
	ray::rpc::WorkerInfoGcsService.grpc_client.AddWorkerInfo - 1 total (0 active), Execution time: mean = 8.016 ms, total = 8.016 ms, Queueing time: mean = 0.000 s, max = -0.000 s, min = 9223372036.855 s, total = 0.000 s
	ray::rpc::InternalPubSubGcsService.grpc_client.GcsSubscriberPoll - 1 total (1 active), Execution time: mean = 0.000 s, total = 0.000 s, Queueing time: mean = 0.000 s, max = -0.000 s, min = 9223372036.855 s, total = 0.000 s

-----------------
Task Event stats:

IO Service Stats:

Global stats: 1441 total (1 active)
Queueing time: mean = 228.945 us, max = 25.515 ms, min = -0.009 s, total = 329.909 ms
Execution time:  mean = 236.755 us, total = 341.164 ms
Event stats:
	ray::rpc::TaskInfoGcsService.grpc_client.AddTaskEventData - 480 total (0 active), Execution time: mean = 573.484 us, total = 275.272 ms, Queueing time: mean = 0.000 s, max = -0.000 s, min = 9223372036.855 s, total = 0.000 s
	CoreWorker.deadline_timer.flush_task_events - 480 total (1 active), Execution time: mean = 116.114 us, total = 55.735 ms, Queueing time: mean = 639.847 us, max = 25.515 ms, min = -0.009 s, total = 307.126 ms
	ray::rpc::TaskInfoGcsService.grpc_client.AddTaskEventData.OnReplyReceived - 480 total (0 active), Execution time: mean = 20.913 us, total = 10.038 ms, Queueing time: mean = 34.116 us, max = 248.089 us, min = 7.947 us, total = 16.376 ms
	PeriodicalRunner.RunFnPeriodically - 1 total (0 active), Execution time: mean = 118.162 us, total = 118.162 us, Queueing time: mean = 6.407 ms, max = 6.407 ms, min = 6.407 ms, total = 6.407 ms
Other Stats:
	grpc_in_progress:0
	current number of task status events in buffer: 0
	current number of profile events in buffer: 0
	current number of dropped task attempts tracked: 0
	total task events sent: 0 MiB
	total number of task attempts sent: 0
	total number of task attempts dropped reported: 0
	total number of sent failure: 0
	num status task events dropped: 0
	num profile task events dropped: 0


[2025-02-15 21:10:18,478 I 433 1004] core_worker.cc:642: Event stats:


Global stats: 7740 total (8 active)
Queueing time: mean = 116.327 us, max = 25.484 ms, min = -0.027 s, total = 900.372 ms
Execution time:  mean = 70.068 us, total = 542.330 ms
Event stats:
	CoreWorker.RecoverObjects - 5393 total (1 active), Execution time: mean = 6.931 us, total = 37.377 ms, Queueing time: mean = 136.378 us, max = 5.052 ms, min = -0.001 s, total = 735.488 ms
	NodeManagerService.grpc_client.ReportWorkerBacklog - 540 total (0 active), Execution time: mean = 713.032 us, total = 385.037 ms, Queueing time: mean = 0.000 s, max = -0.000 s, min = 9223372036.855 s, total = 0.000 s
	CoreWorker.InternalHeartbeat - 540 total (1 active), Execution time: mean = 145.131 us, total = 78.371 ms, Queueing time: mean = 114.537 us, max = 25.484 ms, min = -0.027 s, total = 61.850 ms
	CoreWorker.ExitIfParentRayletDies - 540 total (1 active), Execution time: mean = 7.927 us, total = 4.281 ms, Queueing time: mean = 97.065 us, max = 25.480 ms, min = -0.027 s, total = 52.415 ms
	NodeManagerService.grpc_client.ReportWorkerBacklog.OnReplyReceived - 540 total (0 active), Execution time: mean = 18.925 us, total = 10.220 ms, Queueing time: mean = 37.878 us, max = 1.252 ms, min = 17.883 us, total = 20.454 ms
	CoreWorker.RecordMetrics - 108 total (1 active), Execution time: mean = 19.545 us, total = 2.111 ms, Queueing time: mean = 59.714 us, max = 12.079 ms, min = -0.010 s, total = 6.449 ms
	CoreWorker.GCStreamingGeneratorMetadata - 54 total (1 active), Execution time: mean = 3.963 us, total = 213.992 us, Queueing time: mean = 23.977 us, max = 12.002 ms, min = -0.011 s, total = 1.295 ms
	CoreWorker.PrintEventStats - 9 total (1 active, 1 running), Execution time: mean = 153.518 us, total = 1.382 ms, Queueing time: mean = 536.685 us, max = 3.479 ms, min = 10.480 us, total = 4.830 ms
	PeriodicalRunner.RunFnPeriodically - 7 total (0 active), Execution time: mean = 807.569 us, total = 5.653 ms, Queueing time: mean = 2.326 ms, max = 5.637 ms, min = 27.130 us, total = 16.284 ms
	Publisher.CheckDeadSubscribers - 2 total (1 active), Execution time: mean = 2.529 us, total = 5.057 us, Queueing time: mean = 493.010 us, max = 986.020 us, min = 986.020 us, total = 986.020 us
	ray::rpc::NodeInfoGcsService.grpc_client.GetAllNodeInfo.OnReplyReceived - 1 total (0 active), Execution time: mean = 73.394 us, total = 73.394 us, Queueing time: mean = 10.852 us, max = 10.852 us, min = 10.852 us, total = 10.852 us
	ray::rpc::InternalPubSubGcsService.grpc_client.GcsSubscriberCommandBatch.OnReplyReceived - 1 total (0 active), Execution time: mean = 91.946 us, total = 91.946 us, Queueing time: mean = 269.678 us, max = 269.678 us, min = 269.678 us, total = 269.678 us
	ray::rpc::InternalPubSubGcsService.grpc_client.GcsSubscriberCommandBatch - 1 total (0 active), Execution time: mean = 8.130 ms, total = 8.130 ms, Queueing time: mean = 0.000 s, max = -0.000 s, min = 9223372036.855 s, total = 0.000 s
	ray::rpc::WorkerInfoGcsService.grpc_client.AddWorkerInfo.OnReplyReceived - 1 total (0 active), Execution time: mean = 24.869 us, total = 24.869 us, Queueing time: mean = 39.800 us, max = 39.800 us, min = 39.800 us, total = 39.800 us
	ray::rpc::NodeInfoGcsService.grpc_client.GetAllNodeInfo - 1 total (0 active), Execution time: mean = 1.344 ms, total = 1.344 ms, Queueing time: mean = 0.000 s, max = -0.000 s, min = 9223372036.855 s, total = 0.000 s
	ray::rpc::WorkerInfoGcsService.grpc_client.AddWorkerInfo - 1 total (0 active), Execution time: mean = 8.016 ms, total = 8.016 ms, Queueing time: mean = 0.000 s, max = -0.000 s, min = 9223372036.855 s, total = 0.000 s
	ray::rpc::InternalPubSubGcsService.grpc_client.GcsSubscriberPoll - 1 total (1 active), Execution time: mean = 0.000 s, total = 0.000 s, Queueing time: mean = 0.000 s, max = -0.000 s, min = 9223372036.855 s, total = 0.000 s

-----------------
Task Event stats:

IO Service Stats:

Global stats: 1621 total (1 active)
Queueing time: mean = 222.421 us, max = 25.515 ms, min = -0.009 s, total = 360.545 ms
Execution time:  mean = 235.701 us, total = 382.071 ms
Event stats:
	ray::rpc::TaskInfoGcsService.grpc_client.AddTaskEventData - 540 total (0 active), Execution time: mean = 570.287 us, total = 307.955 ms, Queueing time: mean = 0.000 s, max = -0.000 s, min = 9223372036.855 s, total = 0.000 s
	CoreWorker.deadline_timer.flush_task_events - 540 total (1 active), Execution time: mean = 116.318 us, total = 62.812 ms, Queueing time: mean = 622.451 us, max = 25.515 ms, min = -0.009 s, total = 336.124 ms
	ray::rpc::TaskInfoGcsService.grpc_client.AddTaskEventData.OnReplyReceived - 540 total (0 active), Execution time: mean = 20.715 us, total = 11.186 ms, Queueing time: mean = 33.360 us, max = 248.089 us, min = 7.947 us, total = 18.014 ms
	PeriodicalRunner.RunFnPeriodically - 1 total (0 active), Execution time: mean = 118.162 us, total = 118.162 us, Queueing time: mean = 6.407 ms, max = 6.407 ms, min = 6.407 ms, total = 6.407 ms
Other Stats:
	grpc_in_progress:0
	current number of task status events in buffer: 0
	current number of profile events in buffer: 0
	current number of dropped task attempts tracked: 0
	total task events sent: 0 MiB
	total number of task attempts sent: 0
	total number of task attempts dropped reported: 0
	total number of sent failure: 0
	num status task events dropped: 0
	num profile task events dropped: 0


[2025-02-15 21:11:18,478 I 433 1004] core_worker.cc:642: Event stats:


Global stats: 8601 total (8 active)
Queueing time: mean = 118.264 us, max = 25.484 ms, min = -0.027 s, total = 1.017 s
Execution time:  mean = 69.636 ms, total = 598.936 s
Event stats:
	CoreWorker.RecoverObjects - 5992 total (1 active), Execution time: mean = 6.809 us, total = 40.799 ms, Queueing time: mean = 138.830 us, max = 5.052 ms, min = -0.001 s, total = 831.868 ms
	CoreWorker.InternalHeartbeat - 600 total (1 active), Execution time: mean = 143.592 us, total = 86.155 ms, Queueing time: mean = 113.195 us, max = 25.484 ms, min = -0.027 s, total = 67.917 ms
	NodeManagerService.grpc_client.ReportWorkerBacklog - 600 total (0 active), Execution time: mean = 708.178 us, total = 424.907 ms, Queueing time: mean = 0.000 s, max = -0.000 s, min = 9223372036.855 s, total = 0.000 s
	NodeManagerService.grpc_client.ReportWorkerBacklog.OnReplyReceived - 600 total (0 active), Execution time: mean = 18.594 us, total = 11.156 ms, Queueing time: mean = 37.360 us, max = 1.252 ms, min = 17.844 us, total = 22.416 ms
	CoreWorker.ExitIfParentRayletDies - 600 total (1 active), Execution time: mean = 7.941 us, total = 4.764 ms, Queueing time: mean = 94.859 us, max = 25.480 ms, min = -0.027 s, total = 56.915 ms
	CoreWorker.RecordMetrics - 120 total (1 active), Execution time: mean = 19.382 us, total = 2.326 ms, Queueing time: mean = 60.610 us, max = 13.190 ms, min = -0.011 s, total = 7.273 ms
	CoreWorker.GCStreamingGeneratorMetadata - 60 total (1 active), Execution time: mean = 3.927 us, total = 235.600 us, Queueing time: mean = 136.856 us, max = 13.102 ms, min = -0.012 s, total = 8.211 ms
	CoreWorker.PrintEventStats - 10 total (1 active, 1 running), Execution time: mean = 162.458 us, total = 1.625 ms, Queueing time: mean = 478.104 us, max = 3.479 ms, min = -0.000 s, total = 4.781 ms
	PeriodicalRunner.RunFnPeriodically - 7 total (0 active), Execution time: mean = 807.569 us, total = 5.653 ms, Queueing time: mean = 2.326 ms, max = 5.637 ms, min = 27.130 us, total = 16.284 ms
	Publisher.CheckDeadSubscribers - 3 total (1 active), Execution time: mean = 2.797 us, total = 8.392 us, Queueing time: mean = 393.650 us, max = 986.020 us, min = 194.930 us, total = 1.181 ms
	ray::rpc::InternalPubSubGcsService.grpc_client.GcsSubscriberPoll - 2 total (1 active), Execution time: mean = 299.170 s, total = 598.340 s, Queueing time: mean = 0.000 s, max = -0.000 s, min = 9223372036.855 s, total = 0.000 s
	ray::rpc::InternalPubSubGcsService.grpc_client.GcsSubscriberCommandBatch - 1 total (0 active), Execution time: mean = 8.130 ms, total = 8.130 ms, Queueing time: mean = 0.000 s, max = -0.000 s, min = 9223372036.855 s, total = 0.000 s
	ray::rpc::InternalPubSubGcsService.grpc_client.GcsSubscriberCommandBatch.OnReplyReceived - 1 total (0 active), Execution time: mean = 91.946 us, total = 91.946 us, Queueing time: mean = 269.678 us, max = 269.678 us, min = 269.678 us, total = 269.678 us
	ray::rpc::NodeInfoGcsService.grpc_client.GetAllNodeInfo.OnReplyReceived - 1 total (0 active), Execution time: mean = 73.394 us, total = 73.394 us, Queueing time: mean = 10.852 us, max = 10.852 us, min = 10.852 us, total = 10.852 us
	ray::rpc::WorkerInfoGcsService.grpc_client.AddWorkerInfo.OnReplyReceived - 1 total (0 active), Execution time: mean = 24.869 us, total = 24.869 us, Queueing time: mean = 39.800 us, max = 39.800 us, min = 39.800 us, total = 39.800 us
	ray::rpc::NodeInfoGcsService.grpc_client.GetAllNodeInfo - 1 total (0 active), Execution time: mean = 1.344 ms, total = 1.344 ms, Queueing time: mean = 0.000 s, max = -0.000 s, min = 9223372036.855 s, total = 0.000 s
	ray::rpc::InternalPubSubGcsService.grpc_client.GcsSubscriberPoll.OnReplyReceived - 1 total (0 active), Execution time: mean = 98.391 us, total = 98.391 us, Queueing time: mean = 20.530 us, max = 20.530 us, min = 20.530 us, total = 20.530 us
	ray::rpc::WorkerInfoGcsService.grpc_client.AddWorkerInfo - 1 total (0 active), Execution time: mean = 8.016 ms, total = 8.016 ms, Queueing time: mean = 0.000 s, max = -0.000 s, min = 9223372036.855 s, total = 0.000 s

-----------------
Task Event stats:

IO Service Stats:

Global stats: 1801 total (1 active)
Queueing time: mean = 220.296 us, max = 25.515 ms, min = -0.009 s, total = 396.754 ms
Execution time:  mean = 240.405 us, total = 432.969 ms
Event stats:
	ray::rpc::TaskInfoGcsService.grpc_client.AddTaskEventData - 600 total (0 active), Execution time: mean = 573.930 us, total = 344.358 ms, Queueing time: mean = 0.000 s, max = -0.000 s, min = 9223372036.855 s, total = 0.000 s
	CoreWorker.deadline_timer.flush_task_events - 600 total (1 active), Execution time: mean = 126.991 us, total = 76.194 ms, Queueing time: mean = 617.702 us, max = 25.515 ms, min = -0.009 s, total = 370.621 ms
	ray::rpc::TaskInfoGcsService.grpc_client.AddTaskEventData.OnReplyReceived - 600 total (0 active), Execution time: mean = 20.498 us, total = 12.299 ms, Queueing time: mean = 32.877 us, max = 248.089 us, min = 7.947 us, total = 19.726 ms
	PeriodicalRunner.RunFnPeriodically - 1 total (0 active), Execution time: mean = 118.162 us, total = 118.162 us, Queueing time: mean = 6.407 ms, max = 6.407 ms, min = 6.407 ms, total = 6.407 ms
Other Stats:
	grpc_in_progress:0
	current number of task status events in buffer: 0
	current number of profile events in buffer: 0
	current number of dropped task attempts tracked: 0
	total task events sent: 0 MiB
	total number of task attempts sent: 0
	total number of task attempts dropped reported: 0
	total number of sent failure: 0
	num status task events dropped: 0
	num profile task events dropped: 0


[2025-02-15 21:12:18,479 I 433 1004] core_worker.cc:642: Event stats:


Global stats: 9459 total (8 active)
Queueing time: mean = 114.409 us, max = 25.484 ms, min = -0.027 s, total = 1.082 s
Execution time:  mean = 63.325 ms, total = 598.995 s
Event stats:
	CoreWorker.RecoverObjects - 6591 total (1 active), Execution time: mean = 6.715 us, total = 44.258 ms, Queueing time: mean = 135.989 us, max = 5.052 ms, min = -0.001 s, total = 896.302 ms
	CoreWorker.InternalHeartbeat - 660 total (1 active), Execution time: mean = 144.982 us, total = 95.688 ms, Queueing time: mean = 107.575 us, max = 25.484 ms, min = -0.027 s, total = 71.000 ms
	NodeManagerService.grpc_client.ReportWorkerBacklog - 660 total (0 active), Execution time: mean = 711.531 us, total = 469.610 ms, Queueing time: mean = 0.000 s, max = -0.000 s, min = 9223372036.855 s, total = 0.000 s
	NodeManagerService.grpc_client.ReportWorkerBacklog.OnReplyReceived - 660 total (0 active), Execution time: mean = 18.480 us, total = 12.196 ms, Queueing time: mean = 36.925 us, max = 1.252 ms, min = 17.844 us, total = 24.371 ms
	CoreWorker.ExitIfParentRayletDies - 660 total (1 active), Execution time: mean = 7.844 us, total = 5.177 ms, Queueing time: mean = 90.416 us, max = 25.480 ms, min = -0.027 s, total = 59.675 ms
	CoreWorker.RecordMetrics - 132 total (1 active), Execution time: mean = 19.547 us, total = 2.580 ms, Queueing time: mean = 58.640 us, max = 13.190 ms, min = -0.011 s, total = 7.740 ms
	CoreWorker.GCStreamingGeneratorMetadata - 66 total (1 active), Execution time: mean = 3.909 us, total = 258.016 us, Queueing time: mean = 7.069 us, max = 13.102 ms, min = -0.012 s, total = 466.568 us
	CoreWorker.PrintEventStats - 11 total (1 active, 1 running), Execution time: mean = 163.021 us, total = 1.793 ms, Queueing time: mean = 439.742 us, max = 3.479 ms, min = -0.000 s, total = 4.837 ms
	PeriodicalRunner.RunFnPeriodically - 7 total (0 active), Execution time: mean = 807.569 us, total = 5.653 ms, Queueing time: mean = 2.326 ms, max = 5.637 ms, min = 27.130 us, total = 16.284 ms
	Publisher.CheckDeadSubscribers - 3 total (1 active), Execution time: mean = 2.797 us, total = 8.392 us, Queueing time: mean = 393.650 us, max = 986.020 us, min = 194.930 us, total = 1.181 ms
	ray::rpc::InternalPubSubGcsService.grpc_client.GcsSubscriberPoll - 2 total (1 active), Execution time: mean = 299.170 s, total = 598.340 s, Queueing time: mean = 0.000 s, max = -0.000 s, min = 9223372036.855 s, total = 0.000 s
	ray::rpc::InternalPubSubGcsService.grpc_client.GcsSubscriberCommandBatch - 1 total (0 active), Execution time: mean = 8.130 ms, total = 8.130 ms, Queueing time: mean = 0.000 s, max = -0.000 s, min = 9223372036.855 s, total = 0.000 s
	ray::rpc::InternalPubSubGcsService.grpc_client.GcsSubscriberCommandBatch.OnReplyReceived - 1 total (0 active), Execution time: mean = 91.946 us, total = 91.946 us, Queueing time: mean = 269.678 us, max = 269.678 us, min = 269.678 us, total = 269.678 us
	ray::rpc::NodeInfoGcsService.grpc_client.GetAllNodeInfo.OnReplyReceived - 1 total (0 active), Execution time: mean = 73.394 us, total = 73.394 us, Queueing time: mean = 10.852 us, max = 10.852 us, min = 10.852 us, total = 10.852 us
	ray::rpc::WorkerInfoGcsService.grpc_client.AddWorkerInfo.OnReplyReceived - 1 total (0 active), Execution time: mean = 24.869 us, total = 24.869 us, Queueing time: mean = 39.800 us, max = 39.800 us, min = 39.800 us, total = 39.800 us
	ray::rpc::NodeInfoGcsService.grpc_client.GetAllNodeInfo - 1 total (0 active), Execution time: mean = 1.344 ms, total = 1.344 ms, Queueing time: mean = 0.000 s, max = -0.000 s, min = 9223372036.855 s, total = 0.000 s
	ray::rpc::InternalPubSubGcsService.grpc_client.GcsSubscriberPoll.OnReplyReceived - 1 total (0 active), Execution time: mean = 98.391 us, total = 98.391 us, Queueing time: mean = 20.530 us, max = 20.530 us, min = 20.530 us, total = 20.530 us
	ray::rpc::WorkerInfoGcsService.grpc_client.AddWorkerInfo - 1 total (0 active), Execution time: mean = 8.016 ms, total = 8.016 ms, Queueing time: mean = 0.000 s, max = -0.000 s, min = 9223372036.855 s, total = 0.000 s

-----------------
Task Event stats:

IO Service Stats:

Global stats: 1981 total (1 active)
Queueing time: mean = 216.884 us, max = 25.515 ms, min = -0.009 s, total = 429.648 ms
Execution time:  mean = 236.499 us, total = 468.505 ms
Event stats:
	ray::rpc::TaskInfoGcsService.grpc_client.AddTaskEventData - 660 total (0 active), Execution time: mean = 563.601 us, total = 371.977 ms, Queueing time: mean = 0.000 s, max = -0.000 s, min = 9223372036.855 s, total = 0.000 s
	CoreWorker.deadline_timer.flush_task_events - 660 total (1 active), Execution time: mean = 125.863 us, total = 83.070 ms, Queueing time: mean = 608.983 us, max = 25.515 ms, min = -0.009 s, total = 401.929 ms
	ray::rpc::TaskInfoGcsService.grpc_client.AddTaskEventData.OnReplyReceived - 660 total (0 active), Execution time: mean = 20.213 us, total = 13.340 ms, Queueing time: mean = 32.291 us, max = 248.089 us, min = 7.947 us, total = 21.312 ms
	PeriodicalRunner.RunFnPeriodically - 1 total (0 active), Execution time: mean = 118.162 us, total = 118.162 us, Queueing time: mean = 6.407 ms, max = 6.407 ms, min = 6.407 ms, total = 6.407 ms
Other Stats:
	grpc_in_progress:0
	current number of task status events in buffer: 0
	current number of profile events in buffer: 0
	current number of dropped task attempts tracked: 0
	total task events sent: 0 MiB
	total number of task attempts sent: 0
	total number of task attempts dropped reported: 0
	total number of sent failure: 0
	num status task events dropped: 0
	num profile task events dropped: 0


[2025-02-15 21:13:18,479 I 433 1004] core_worker.cc:642: Event stats:


Global stats: 10317 total (8 active)
Queueing time: mean = 114.477 us, max = 25.484 ms, min = -0.027 s, total = 1.181 s
Execution time:  mean = 58.066 ms, total = 599.063 s
Event stats:
	CoreWorker.RecoverObjects - 7190 total (1 active), Execution time: mean = 6.635 us, total = 47.704 ms, Queueing time: mean = 135.968 us, max = 5.258 ms, min = -0.001 s, total = 977.608 ms
	CoreWorker.InternalHeartbeat - 720 total (1 active), Execution time: mean = 145.424 us, total = 104.705 ms, Queueing time: mean = 104.739 us, max = 25.484 ms, min = -0.027 s, total = 75.412 ms
	NodeManagerService.grpc_client.ReportWorkerBacklog - 720 total (0 active), Execution time: mean = 725.037 us, total = 522.027 ms, Queueing time: mean = 0.000 s, max = -0.000 s, min = 9223372036.855 s, total = 0.000 s
	NodeManagerService.grpc_client.ReportWorkerBacklog.OnReplyReceived - 720 total (0 active), Execution time: mean = 18.605 us, total = 13.396 ms, Queueing time: mean = 38.379 us, max = 1.252 ms, min = 8.470 us, total = 27.633 ms
	CoreWorker.ExitIfParentRayletDies - 720 total (1 active), Execution time: mean = 7.847 us, total = 5.650 ms, Queueing time: mean = 87.616 us, max = 25.480 ms, min = -0.027 s, total = 63.083 ms
	CoreWorker.RecordMetrics - 144 total (1 active), Execution time: mean = 19.340 us, total = 2.785 ms, Queueing time: mean = 59.534 us, max = 13.190 ms, min = -0.011 s, total = 8.573 ms
	CoreWorker.GCStreamingGeneratorMetadata - 72 total (1 active), Execution time: mean = 3.974 us, total = 286.098 us, Queueing time: mean = 83.941 us, max = 13.102 ms, min = -0.012 s, total = 6.044 ms
	CoreWorker.PrintEventStats - 12 total (1 active, 1 running), Execution time: mean = 177.905 us, total = 2.135 ms, Queueing time: mean = 408.261 us, max = 3.479 ms, min = -0.000 s, total = 4.899 ms
	PeriodicalRunner.RunFnPeriodically - 7 total (0 active), Execution time: mean = 807.569 us, total = 5.653 ms, Queueing time: mean = 2.326 ms, max = 5.637 ms, min = 27.130 us, total = 16.284 ms
	Publisher.CheckDeadSubscribers - 3 total (1 active), Execution time: mean = 2.797 us, total = 8.392 us, Queueing time: mean = 393.650 us, max = 986.020 us, min = 194.930 us, total = 1.181 ms
	ray::rpc::InternalPubSubGcsService.grpc_client.GcsSubscriberPoll - 2 total (1 active), Execution time: mean = 299.170 s, total = 598.340 s, Queueing time: mean = 0.000 s, max = -0.000 s, min = 9223372036.855 s, total = 0.000 s
	ray::rpc::InternalPubSubGcsService.grpc_client.GcsSubscriberCommandBatch - 1 total (0 active), Execution time: mean = 8.130 ms, total = 8.130 ms, Queueing time: mean = 0.000 s, max = -0.000 s, min = 9223372036.855 s, total = 0.000 s
	ray::rpc::InternalPubSubGcsService.grpc_client.GcsSubscriberCommandBatch.OnReplyReceived - 1 total (0 active), Execution time: mean = 91.946 us, total = 91.946 us, Queueing time: mean = 269.678 us, max = 269.678 us, min = 269.678 us, total = 269.678 us
	ray::rpc::NodeInfoGcsService.grpc_client.GetAllNodeInfo.OnReplyReceived - 1 total (0 active), Execution time: mean = 73.394 us, total = 73.394 us, Queueing time: mean = 10.852 us, max = 10.852 us, min = 10.852 us, total = 10.852 us
	ray::rpc::WorkerInfoGcsService.grpc_client.AddWorkerInfo.OnReplyReceived - 1 total (0 active), Execution time: mean = 24.869 us, total = 24.869 us, Queueing time: mean = 39.800 us, max = 39.800 us, min = 39.800 us, total = 39.800 us
	ray::rpc::NodeInfoGcsService.grpc_client.GetAllNodeInfo - 1 total (0 active), Execution time: mean = 1.344 ms, total = 1.344 ms, Queueing time: mean = 0.000 s, max = -0.000 s, min = 9223372036.855 s, total = 0.000 s
	ray::rpc::InternalPubSubGcsService.grpc_client.GcsSubscriberPoll.OnReplyReceived - 1 total (0 active), Execution time: mean = 98.391 us, total = 98.391 us, Queueing time: mean = 20.530 us, max = 20.530 us, min = 20.530 us, total = 20.530 us
	ray::rpc::WorkerInfoGcsService.grpc_client.AddWorkerInfo - 1 total (0 active), Execution time: mean = 8.016 ms, total = 8.016 ms, Queueing time: mean = 0.000 s, max = -0.000 s, min = 9223372036.855 s, total = 0.000 s

-----------------
Task Event stats:

IO Service Stats:

Global stats: 2161 total (1 active)
Queueing time: mean = 214.162 us, max = 25.515 ms, min = -0.009 s, total = 462.804 ms
Execution time:  mean = 236.229 us, total = 510.492 ms
Event stats:
	ray::rpc::TaskInfoGcsService.grpc_client.AddTaskEventData - 720 total (0 active), Execution time: mean = 562.571 us, total = 405.051 ms, Queueing time: mean = 0.000 s, max = -0.000 s, min = 9223372036.855 s, total = 0.000 s
	CoreWorker.deadline_timer.flush_task_events - 720 total (1 active), Execution time: mean = 126.011 us, total = 90.728 ms, Queueing time: mean = 601.688 us, max = 25.515 ms, min = -0.009 s, total = 433.215 ms
	ray::rpc::TaskInfoGcsService.grpc_client.AddTaskEventData.OnReplyReceived - 720 total (0 active), Execution time: mean = 20.271 us, total = 14.595 ms, Queueing time: mean = 32.197 us, max = 248.089 us, min = 7.947 us, total = 23.182 ms
	PeriodicalRunner.RunFnPeriodically - 1 total (0 active), Execution time: mean = 118.162 us, total = 118.162 us, Queueing time: mean = 6.407 ms, max = 6.407 ms, min = 6.407 ms, total = 6.407 ms
Other Stats:
	grpc_in_progress:0
	current number of task status events in buffer: 0
	current number of profile events in buffer: 0
	current number of dropped task attempts tracked: 0
	total task events sent: 0 MiB
	total number of task attempts sent: 0
	total number of task attempts dropped reported: 0
	total number of sent failure: 0
	num status task events dropped: 0
	num profile task events dropped: 0


[2025-02-15 21:14:18,479 I 433 1004] core_worker.cc:642: Event stats:


Global stats: 11175 total (8 active)
Queueing time: mean = 122.774 us, max = 25.484 ms, min = -0.027 s, total = 1.372 s
Execution time:  mean = 53.615 ms, total = 599.145 s
Event stats:
	CoreWorker.RecoverObjects - 7789 total (1 active), Execution time: mean = 6.598 us, total = 51.394 ms, Queueing time: mean = 146.887 us, max = 11.397 ms, min = -0.001 s, total = 1.144 s
	CoreWorker.InternalHeartbeat - 780 total (1 active), Execution time: mean = 147.569 us, total = 115.104 ms, Queueing time: mean = 105.770 us, max = 25.484 ms, min = -0.027 s, total = 82.501 ms
	NodeManagerService.grpc_client.ReportWorkerBacklog - 780 total (0 active), Execution time: mean = 754.159 us, total = 588.244 ms, Queueing time: mean = 0.000 s, max = -0.000 s, min = 9223372036.855 s, total = 0.000 s
	NodeManagerService.grpc_client.ReportWorkerBacklog.OnReplyReceived - 780 total (0 active), Execution time: mean = 18.904 us, total = 14.745 ms, Queueing time: mean = 38.518 us, max = 1.252 ms, min = 8.470 us, total = 30.044 ms
	CoreWorker.ExitIfParentRayletDies - 780 total (1 active), Execution time: mean = 7.798 us, total = 6.082 ms, Queueing time: mean = 85.688 us, max = 25.480 ms, min = -0.027 s, total = 66.837 ms
	CoreWorker.RecordMetrics - 156 total (1 active), Execution time: mean = 19.227 us, total = 2.999 ms, Queueing time: mean = 56.977 us, max = 13.190 ms, min = -0.011 s, total = 8.888 ms
	CoreWorker.GCStreamingGeneratorMetadata - 78 total (1 active), Execution time: mean = 3.947 us, total = 307.838 us, Queueing time: mean = 215.473 us, max = 13.706 ms, min = -0.012 s, total = 16.807 ms
	CoreWorker.PrintEventStats - 13 total (1 active, 1 running), Execution time: mean = 177.256 us, total = 2.304 ms, Queueing time: mean = 385.725 us, max = 3.479 ms, min = -0.000 s, total = 5.014 ms
	PeriodicalRunner.RunFnPeriodically - 7 total (0 active), Execution time: mean = 807.569 us, total = 5.653 ms, Queueing time: mean = 2.326 ms, max = 5.637 ms, min = 27.130 us, total = 16.284 ms
	Publisher.CheckDeadSubscribers - 3 total (1 active), Execution time: mean = 2.797 us, total = 8.392 us, Queueing time: mean = 393.650 us, max = 986.020 us, min = 194.930 us, total = 1.181 ms
	ray::rpc::InternalPubSubGcsService.grpc_client.GcsSubscriberPoll - 2 total (1 active), Execution time: mean = 299.170 s, total = 598.340 s, Queueing time: mean = 0.000 s, max = -0.000 s, min = 9223372036.855 s, total = 0.000 s
	ray::rpc::InternalPubSubGcsService.grpc_client.GcsSubscriberCommandBatch - 1 total (0 active), Execution time: mean = 8.130 ms, total = 8.130 ms, Queueing time: mean = 0.000 s, max = -0.000 s, min = 9223372036.855 s, total = 0.000 s
	ray::rpc::InternalPubSubGcsService.grpc_client.GcsSubscriberCommandBatch.OnReplyReceived - 1 total (0 active), Execution time: mean = 91.946 us, total = 91.946 us, Queueing time: mean = 269.678 us, max = 269.678 us, min = 269.678 us, total = 269.678 us
	ray::rpc::NodeInfoGcsService.grpc_client.GetAllNodeInfo.OnReplyReceived - 1 total (0 active), Execution time: mean = 73.394 us, total = 73.394 us, Queueing time: mean = 10.852 us, max = 10.852 us, min = 10.852 us, total = 10.852 us
	ray::rpc::WorkerInfoGcsService.grpc_client.AddWorkerInfo.OnReplyReceived - 1 total (0 active), Execution time: mean = 24.869 us, total = 24.869 us, Queueing time: mean = 39.800 us, max = 39.800 us, min = 39.800 us, total = 39.800 us
	ray::rpc::NodeInfoGcsService.grpc_client.GetAllNodeInfo - 1 total (0 active), Execution time: mean = 1.344 ms, total = 1.344 ms, Queueing time: mean = 0.000 s, max = -0.000 s, min = 9223372036.855 s, total = 0.000 s
	ray::rpc::InternalPubSubGcsService.grpc_client.GcsSubscriberPoll.OnReplyReceived - 1 total (0 active), Execution time: mean = 98.391 us, total = 98.391 us, Queueing time: mean = 20.530 us, max = 20.530 us, min = 20.530 us, total = 20.530 us
	ray::rpc::WorkerInfoGcsService.grpc_client.AddWorkerInfo - 1 total (0 active), Execution time: mean = 8.016 ms, total = 8.016 ms, Queueing time: mean = 0.000 s, max = -0.000 s, min = 9223372036.855 s, total = 0.000 s

-----------------
Task Event stats:

IO Service Stats:

Global stats: 2341 total (1 active)
Queueing time: mean = 216.650 us, max = 25.515 ms, min = -0.009 s, total = 507.177 ms
Execution time:  mean = 242.776 us, total = 568.340 ms
Event stats:
	ray::rpc::TaskInfoGcsService.grpc_client.AddTaskEventData - 780 total (0 active), Execution time: mean = 580.567 us, total = 452.842 ms, Queueing time: mean = 0.000 s, max = -0.000 s, min = 9223372036.855 s, total = 0.000 s
	CoreWorker.deadline_timer.flush_task_events - 780 total (1 active), Execution time: mean = 127.176 us, total = 99.198 ms, Queueing time: mean = 609.331 us, max = 25.515 ms, min = -0.009 s, total = 475.278 ms
	ray::rpc::TaskInfoGcsService.grpc_client.AddTaskEventData.OnReplyReceived - 780 total (0 active), Execution time: mean = 20.746 us, total = 16.182 ms, Queueing time: mean = 32.682 us, max = 248.089 us, min = 7.947 us, total = 25.492 ms
	PeriodicalRunner.RunFnPeriodically - 1 total (0 active), Execution time: mean = 118.162 us, total = 118.162 us, Queueing time: mean = 6.407 ms, max = 6.407 ms, min = 6.407 ms, total = 6.407 ms
Other Stats:
	grpc_in_progress:0
	current number of task status events in buffer: 0
	current number of profile events in buffer: 0
	current number of dropped task attempts tracked: 0
	total task events sent: 0 MiB
	total number of task attempts sent: 0
	total number of task attempts dropped reported: 0
	total number of sent failure: 0
	num status task events dropped: 0
	num profile task events dropped: 0


[2025-02-15 21:15:18,480 I 433 1004] core_worker.cc:642: Event stats:


Global stats: 12033 total (8 active)
Queueing time: mean = 120.450 us, max = 25.484 ms, min = -0.027 s, total = 1.449 s
Execution time:  mean = 49.797 ms, total = 599.210 s
Event stats:
	CoreWorker.RecoverObjects - 8388 total (1 active), Execution time: mean = 6.557 us, total = 54.998 ms, Queueing time: mean = 145.744 us, max = 11.397 ms, min = -0.001 s, total = 1.222 s
	CoreWorker.InternalHeartbeat - 840 total (1 active), Execution time: mean = 149.691 us, total = 125.740 ms, Queueing time: mean = 102.418 us, max = 25.484 ms, min = -0.027 s, total = 86.031 ms
	NodeManagerService.grpc_client.ReportWorkerBacklog - 840 total (0 active), Execution time: mean = 752.375 us, total = 631.995 ms, Queueing time: mean = 0.000 s, max = -0.000 s, min = 9223372036.855 s, total = 0.000 s
	NodeManagerService.grpc_client.ReportWorkerBacklog.OnReplyReceived - 840 total (0 active), Execution time: mean = 19.020 us, total = 15.977 ms, Queueing time: mean = 37.949 us, max = 1.252 ms, min = 8.470 us, total = 31.878 ms
	CoreWorker.ExitIfParentRayletDies - 840 total (1 active), Execution time: mean = 13.241 us, total = 11.122 ms, Queueing time: mean = 82.912 us, max = 25.480 ms, min = -0.027 s, total = 69.646 ms
	CoreWorker.RecordMetrics - 168 total (1 active), Execution time: mean = 19.149 us, total = 3.217 ms, Queueing time: mean = 56.420 us, max = 13.190 ms, min = -0.011 s, total = 9.479 ms
	CoreWorker.GCStreamingGeneratorMetadata - 84 total (1 active), Execution time: mean = 3.957 us, total = 332.429 us, Queueing time: mean = 83.951 us, max = 13.706 ms, min = -0.012 s, total = 7.052 ms
	CoreWorker.PrintEventStats - 14 total (1 active, 1 running), Execution time: mean = 185.963 us, total = 2.603 ms, Queueing time: mean = 356.347 us, max = 3.479 ms, min = -0.000 s, total = 4.989 ms
	PeriodicalRunner.RunFnPeriodically - 7 total (0 active), Execution time: mean = 807.569 us, total = 5.653 ms, Queueing time: mean = 2.326 ms, max = 5.637 ms, min = 27.130 us, total = 16.284 ms
	Publisher.CheckDeadSubscribers - 3 total (1 active), Execution time: mean = 2.797 us, total = 8.392 us, Queueing time: mean = 393.650 us, max = 986.020 us, min = 194.930 us, total = 1.181 ms
	ray::rpc::InternalPubSubGcsService.grpc_client.GcsSubscriberPoll - 2 total (1 active), Execution time: mean = 299.170 s, total = 598.340 s, Queueing time: mean = 0.000 s, max = -0.000 s, min = 9223372036.855 s, total = 0.000 s
	ray::rpc::InternalPubSubGcsService.grpc_client.GcsSubscriberCommandBatch - 1 total (0 active), Execution time: mean = 8.130 ms, total = 8.130 ms, Queueing time: mean = 0.000 s, max = -0.000 s, min = 9223372036.855 s, total = 0.000 s
	ray::rpc::InternalPubSubGcsService.grpc_client.GcsSubscriberCommandBatch.OnReplyReceived - 1 total (0 active), Execution time: mean = 91.946 us, total = 91.946 us, Queueing time: mean = 269.678 us, max = 269.678 us, min = 269.678 us, total = 269.678 us
	ray::rpc::NodeInfoGcsService.grpc_client.GetAllNodeInfo.OnReplyReceived - 1 total (0 active), Execution time: mean = 73.394 us, total = 73.394 us, Queueing time: mean = 10.852 us, max = 10.852 us, min = 10.852 us, total = 10.852 us
	ray::rpc::WorkerInfoGcsService.grpc_client.AddWorkerInfo.OnReplyReceived - 1 total (0 active), Execution time: mean = 24.869 us, total = 24.869 us, Queueing time: mean = 39.800 us, max = 39.800 us, min = 39.800 us, total = 39.800 us
	ray::rpc::NodeInfoGcsService.grpc_client.GetAllNodeInfo - 1 total (0 active), Execution time: mean = 1.344 ms, total = 1.344 ms, Queueing time: mean = 0.000 s, max = -0.000 s, min = 9223372036.855 s, total = 0.000 s
	ray::rpc::InternalPubSubGcsService.grpc_client.GcsSubscriberPoll.OnReplyReceived - 1 total (0 active), Execution time: mean = 98.391 us, total = 98.391 us, Queueing time: mean = 20.530 us, max = 20.530 us, min = 20.530 us, total = 20.530 us
	ray::rpc::WorkerInfoGcsService.grpc_client.AddWorkerInfo - 1 total (0 active), Execution time: mean = 8.016 ms, total = 8.016 ms, Queueing time: mean = 0.000 s, max = -0.000 s, min = 9223372036.855 s, total = 0.000 s

-----------------
Task Event stats:

IO Service Stats:

Global stats: 2521 total (1 active)
Queueing time: mean = 215.516 us, max = 25.515 ms, min = -0.009 s, total = 543.315 ms
Execution time:  mean = 241.934 us, total = 609.916 ms
Event stats:
	ray::rpc::TaskInfoGcsService.grpc_client.AddTaskEventData - 840 total (0 active), Execution time: mean = 578.391 us, total = 485.849 ms, Queueing time: mean = 0.000 s, max = -0.000 s, min = 9223372036.855 s, total = 0.000 s
	CoreWorker.deadline_timer.flush_task_events - 840 total (1 active), Execution time: mean = 126.769 us, total = 106.486 ms, Queueing time: mean = 606.595 us, max = 25.515 ms, min = -0.009 s, total = 509.540 ms
	ray::rpc::TaskInfoGcsService.grpc_client.AddTaskEventData.OnReplyReceived - 840 total (0 active), Execution time: mean = 20.790 us, total = 17.463 ms, Queueing time: mean = 32.581 us, max = 248.089 us, min = 7.947 us, total = 27.368 ms
	PeriodicalRunner.RunFnPeriodically - 1 total (0 active), Execution time: mean = 118.162 us, total = 118.162 us, Queueing time: mean = 6.407 ms, max = 6.407 ms, min = 6.407 ms, total = 6.407 ms
Other Stats:
	grpc_in_progress:0
	current number of task status events in buffer: 0
	current number of profile events in buffer: 0
	current number of dropped task attempts tracked: 0
	total task events sent: 0 MiB
	total number of task attempts sent: 0
	total number of task attempts dropped reported: 0
	total number of sent failure: 0
	num status task events dropped: 0
	num profile task events dropped: 0


[2025-02-15 21:16:18,480 I 433 1004] core_worker.cc:642: Event stats:


Global stats: 12894 total (8 active)
Queueing time: mean = 119.454 us, max = 25.484 ms, min = -0.027 s, total = 1.540 s
Execution time:  mean = 69.758 ms, total = 899.459 s
Event stats:
	CoreWorker.RecoverObjects - 8987 total (1 active), Execution time: mean = 6.452 us, total = 57.983 ms, Queueing time: mean = 144.181 us, max = 11.397 ms, min = -0.001 s, total = 1.296 s
	CoreWorker.InternalHeartbeat - 900 total (1 active), Execution time: mean = 149.672 us, total = 134.705 ms, Queueing time: mean = 98.959 us, max = 25.484 ms, min = -0.027 s, total = 89.063 ms
	NodeManagerService.grpc_client.ReportWorkerBacklog - 900 total (0 active), Execution time: mean = 744.363 us, total = 669.926 ms, Queueing time: mean = 0.000 s, max = -0.000 s, min = 9223372036.855 s, total = 0.000 s
	NodeManagerService.grpc_client.ReportWorkerBacklog.OnReplyReceived - 900 total (0 active), Execution time: mean = 18.755 us, total = 16.879 ms, Queueing time: mean = 37.225 us, max = 1.252 ms, min = 8.470 us, total = 33.503 ms
	CoreWorker.ExitIfParentRayletDies - 900 total (1 active), Execution time: mean = 12.769 us, total = 11.492 ms, Queueing time: mean = 80.058 us, max = 25.480 ms, min = -0.027 s, total = 72.052 ms
	CoreWorker.RecordMetrics - 180 total (1 active), Execution time: mean = 18.952 us, total = 3.411 ms, Queueing time: mean = 55.572 us, max = 13.190 ms, min = -0.011 s, total = 10.003 ms
	CoreWorker.GCStreamingGeneratorMetadata - 90 total (1 active), Execution time: mean = 3.953 us, total = 355.772 us, Queueing time: mean = 188.005 us, max = 13.706 ms, min = -0.012 s, total = 16.920 ms
	CoreWorker.PrintEventStats - 15 total (1 active, 1 running), Execution time: mean = 184.485 us, total = 2.767 ms, Queueing time: mean = 333.788 us, max = 3.479 ms, min = -0.000 s, total = 5.007 ms
	PeriodicalRunner.RunFnPeriodically - 7 total (0 active), Execution time: mean = 807.569 us, total = 5.653 ms, Queueing time: mean = 2.326 ms, max = 5.637 ms, min = 27.130 us, total = 16.284 ms
	Publisher.CheckDeadSubscribers - 4 total (1 active), Execution time: mean = 2.970 us, total = 11.882 us, Queueing time: mean = 319.590 us, max = 986.020 us, min = 97.411 us, total = 1.278 ms
	ray::rpc::InternalPubSubGcsService.grpc_client.GcsSubscriberPoll - 3 total (1 active), Execution time: mean = 299.513 s, total = 898.538 s, Queueing time: mean = 0.000 s, max = -0.000 s, min = 9223372036.855 s, total = 0.000 s
	ray::rpc::InternalPubSubGcsService.grpc_client.GcsSubscriberPoll.OnReplyReceived - 2 total (0 active), Execution time: mean = 115.853 us, total = 231.707 us, Queueing time: mean = 31.004 us, max = 41.478 us, min = 20.530 us, total = 62.008 us
	ray::rpc::InternalPubSubGcsService.grpc_client.GcsSubscriberCommandBatch - 1 total (0 active), Execution time: mean = 8.130 ms, total = 8.130 ms, Queueing time: mean = 0.000 s, max = -0.000 s, min = 9223372036.855 s, total = 0.000 s
	ray::rpc::InternalPubSubGcsService.grpc_client.GcsSubscriberCommandBatch.OnReplyReceived - 1 total (0 active), Execution time: mean = 91.946 us, total = 91.946 us, Queueing time: mean = 269.678 us, max = 269.678 us, min = 269.678 us, total = 269.678 us
	ray::rpc::NodeInfoGcsService.grpc_client.GetAllNodeInfo.OnReplyReceived - 1 total (0 active), Execution time: mean = 73.394 us, total = 73.394 us, Queueing time: mean = 10.852 us, max = 10.852 us, min = 10.852 us, total = 10.852 us
	ray::rpc::WorkerInfoGcsService.grpc_client.AddWorkerInfo.OnReplyReceived - 1 total (0 active), Execution time: mean = 24.869 us, total = 24.869 us, Queueing time: mean = 39.800 us, max = 39.800 us, min = 39.800 us, total = 39.800 us
	ray::rpc::NodeInfoGcsService.grpc_client.GetAllNodeInfo - 1 total (0 active), Execution time: mean = 1.344 ms, total = 1.344 ms, Queueing time: mean = 0.000 s, max = -0.000 s, min = 9223372036.855 s, total = 0.000 s
	ray::rpc::WorkerInfoGcsService.grpc_client.AddWorkerInfo - 1 total (0 active), Execution time: mean = 8.016 ms, total = 8.016 ms, Queueing time: mean = 0.000 s, max = -0.000 s, min = 9223372036.855 s, total = 0.000 s

-----------------
Task Event stats:

IO Service Stats:

Global stats: 2701 total (1 active)
Queueing time: mean = 217.568 us, max = 25.515 ms, min = -0.009 s, total = 587.651 ms
Execution time:  mean = 236.730 us, total = 639.406 ms
Event stats:
	ray::rpc::TaskInfoGcsService.grpc_client.AddTaskEventData - 900 total (0 active), Execution time: mean = 565.034 us, total = 508.530 ms, Queueing time: mean = 0.000 s, max = -0.000 s, min = 9223372036.855 s, total = 0.000 s
	CoreWorker.deadline_timer.flush_task_events - 900 total (1 active), Execution time: mean = 124.906 us, total = 112.416 ms, Queueing time: mean = 613.832 us, max = 25.515 ms, min = -0.009 s, total = 552.449 ms
	ray::rpc::TaskInfoGcsService.grpc_client.AddTaskEventData.OnReplyReceived - 900 total (0 active), Execution time: mean = 20.381 us, total = 18.342 ms, Queueing time: mean = 31.995 us, max = 248.089 us, min = 7.947 us, total = 28.795 ms
	PeriodicalRunner.RunFnPeriodically - 1 total (0 active), Execution time: mean = 118.162 us, total = 118.162 us, Queueing time: mean = 6.407 ms, max = 6.407 ms, min = 6.407 ms, total = 6.407 ms
Other Stats:
	grpc_in_progress:0
	current number of task status events in buffer: 0
	current number of profile events in buffer: 0
	current number of dropped task attempts tracked: 0
	total task events sent: 0 MiB
	total number of task attempts sent: 0
	total number of task attempts dropped reported: 0
	total number of sent failure: 0
	num status task events dropped: 0
	num profile task events dropped: 0


[2025-02-15 21:17:18,480 I 433 1004] core_worker.cc:642: Event stats:


Global stats: 13753 total (8 active)
Queueing time: mean = 116.517 us, max = 25.484 ms, min = -0.027 s, total = 1.602 s
Execution time:  mean = 65.405 ms, total = 899.515 s
Event stats:
	CoreWorker.RecoverObjects - 9587 total (1 active), Execution time: mean = 6.395 us, total = 61.306 ms, Queueing time: mean = 141.838 us, max = 11.397 ms, min = -0.001 s, total = 1.360 s
	CoreWorker.InternalHeartbeat - 960 total (1 active), Execution time: mean = 150.335 us, total = 144.322 ms, Queueing time: mean = 96.770 us, max = 25.484 ms, min = -0.027 s, total = 92.899 ms
	NodeManagerService.grpc_client.ReportWorkerBacklog - 960 total (0 active), Execution time: mean = 740.506 us, total = 710.886 ms, Queueing time: mean = 0.000 s, max = -0.000 s, min = 9223372036.855 s, total = 0.000 s
	NodeManagerService.grpc_client.ReportWorkerBacklog.OnReplyReceived - 960 total (0 active), Execution time: mean = 18.674 us, total = 17.927 ms, Queueing time: mean = 36.786 us, max = 1.252 ms, min = 8.470 us, total = 35.315 ms
	CoreWorker.ExitIfParentRayletDies - 960 total (1 active), Execution time: mean = 12.397 us, total = 11.901 ms, Queueing time: mean = 78.463 us, max = 25.480 ms, min = -0.027 s, total = 75.325 ms
	CoreWorker.RecordMetrics - 192 total (1 active), Execution time: mean = 18.916 us, total = 3.632 ms, Queueing time: mean = 55.376 us, max = 13.190 ms, min = -0.011 s, total = 10.632 ms
	CoreWorker.GCStreamingGeneratorMetadata - 96 total (1 active), Execution time: mean = 3.971 us, total = 381.204 us, Queueing time: mean = 56.617 us, max = 13.706 ms, min = -0.012 s, total = 5.435 ms
	CoreWorker.PrintEventStats - 16 total (1 active, 1 running), Execution time: mean = 182.387 us, total = 2.918 ms, Queueing time: mean = 319.751 us, max = 3.479 ms, min = -0.000 s, total = 5.116 ms
	PeriodicalRunner.RunFnPeriodically - 7 total (0 active), Execution time: mean = 807.569 us, total = 5.653 ms, Queueing time: mean = 2.326 ms, max = 5.637 ms, min = 27.130 us, total = 16.284 ms
	Publisher.CheckDeadSubscribers - 4 total (1 active), Execution time: mean = 2.970 us, total = 11.882 us, Queueing time: mean = 319.590 us, max = 986.020 us, min = 97.411 us, total = 1.278 ms
	ray::rpc::InternalPubSubGcsService.grpc_client.GcsSubscriberPoll - 3 total (1 active), Execution time: mean = 299.513 s, total = 898.538 s, Queueing time: mean = 0.000 s, max = -0.000 s, min = 9223372036.855 s, total = 0.000 s
	ray::rpc::InternalPubSubGcsService.grpc_client.GcsSubscriberPoll.OnReplyReceived - 2 total (0 active), Execution time: mean = 115.853 us, total = 231.707 us, Queueing time: mean = 31.004 us, max = 41.478 us, min = 20.530 us, total = 62.008 us
	ray::rpc::InternalPubSubGcsService.grpc_client.GcsSubscriberCommandBatch - 1 total (0 active), Execution time: mean = 8.130 ms, total = 8.130 ms, Queueing time: mean = 0.000 s, max = -0.000 s, min = 9223372036.855 s, total = 0.000 s
	ray::rpc::InternalPubSubGcsService.grpc_client.GcsSubscriberCommandBatch.OnReplyReceived - 1 total (0 active), Execution time: mean = 91.946 us, total = 91.946 us, Queueing time: mean = 269.678 us, max = 269.678 us, min = 269.678 us, total = 269.678 us
	ray::rpc::NodeInfoGcsService.grpc_client.GetAllNodeInfo.OnReplyReceived - 1 total (0 active), Execution time: mean = 73.394 us, total = 73.394 us, Queueing time: mean = 10.852 us, max = 10.852 us, min = 10.852 us, total = 10.852 us
	ray::rpc::WorkerInfoGcsService.grpc_client.AddWorkerInfo.OnReplyReceived - 1 total (0 active), Execution time: mean = 24.869 us, total = 24.869 us, Queueing time: mean = 39.800 us, max = 39.800 us, min = 39.800 us, total = 39.800 us
	ray::rpc::NodeInfoGcsService.grpc_client.GetAllNodeInfo - 1 total (0 active), Execution time: mean = 1.344 ms, total = 1.344 ms, Queueing time: mean = 0.000 s, max = -0.000 s, min = 9223372036.855 s, total = 0.000 s
	ray::rpc::WorkerInfoGcsService.grpc_client.AddWorkerInfo - 1 total (0 active), Execution time: mean = 8.016 ms, total = 8.016 ms, Queueing time: mean = 0.000 s, max = -0.000 s, min = 9223372036.855 s, total = 0.000 s

-----------------
Task Event stats:

IO Service Stats:

Global stats: 2881 total (1 active)
Queueing time: mean = 214.467 us, max = 25.515 ms, min = -0.009 s, total = 617.881 ms
Execution time:  mean = 233.754 us, total = 673.446 ms
Event stats:
	ray::rpc::TaskInfoGcsService.grpc_client.AddTaskEventData - 960 total (0 active), Execution time: mean = 557.566 us, total = 535.263 ms, Queueing time: mean = 0.000 s, max = -0.000 s, min = 9223372036.855 s, total = 0.000 s
	CoreWorker.deadline_timer.flush_task_events - 960 total (1 active), Execution time: mean = 123.632 us, total = 118.687 ms, Queueing time: mean = 605.575 us, max = 25.515 ms, min = -0.009 s, total = 581.352 ms
	ray::rpc::TaskInfoGcsService.grpc_client.AddTaskEventData.OnReplyReceived - 960 total (0 active), Execution time: mean = 20.185 us, total = 19.377 ms, Queueing time: mean = 31.377 us, max = 248.089 us, min = 7.947 us, total = 30.122 ms
	PeriodicalRunner.RunFnPeriodically - 1 total (0 active), Execution time: mean = 118.162 us, total = 118.162 us, Queueing time: mean = 6.407 ms, max = 6.407 ms, min = 6.407 ms, total = 6.407 ms
Other Stats:
	grpc_in_progress:0
	current number of task status events in buffer: 0
	current number of profile events in buffer: 0
	current number of dropped task attempts tracked: 0
	total task events sent: 0 MiB
	total number of task attempts sent: 0
	total number of task attempts dropped reported: 0
	total number of sent failure: 0
	num status task events dropped: 0
	num profile task events dropped: 0


[2025-02-15 21:18:18,480 I 433 1004] core_worker.cc:642: Event stats:


Global stats: 14611 total (8 active)
Queueing time: mean = 116.691 us, max = 25.484 ms, min = -0.027 s, total = 1.705 s
Execution time:  mean = 61.568 ms, total = 899.576 s
Event stats:
	CoreWorker.RecoverObjects - 10186 total (1 active), Execution time: mean = 6.402 us, total = 65.210 ms, Queueing time: mean = 141.637 us, max = 11.397 ms, min = -0.001 s, total = 1.443 s
	CoreWorker.InternalHeartbeat - 1020 total (1 active), Execution time: mean = 151.290 us, total = 154.316 ms, Queueing time: mean = 94.711 us, max = 25.484 ms, min = -0.027 s, total = 96.605 ms
	NodeManagerService.grpc_client.ReportWorkerBacklog - 1020 total (0 active), Execution time: mean = 740.744 us, total = 755.559 ms, Queueing time: mean = 0.000 s, max = -0.000 s, min = 9223372036.855 s, total = 0.000 s
	NodeManagerService.grpc_client.ReportWorkerBacklog.OnReplyReceived - 1020 total (0 active), Execution time: mean = 18.783 us, total = 19.158 ms, Queueing time: mean = 36.796 us, max = 1.252 ms, min = 8.470 us, total = 37.532 ms
	CoreWorker.ExitIfParentRayletDies - 1020 total (1 active), Execution time: mean = 12.274 us, total = 12.520 ms, Queueing time: mean = 78.028 us, max = 25.480 ms, min = -0.027 s, total = 79.588 ms
	CoreWorker.RecordMetrics - 204 total (1 active), Execution time: mean = 19.029 us, total = 3.882 ms, Queueing time: mean = 55.888 us, max = 16.947 ms, min = -0.013 s, total = 11.401 ms
	CoreWorker.GCStreamingGeneratorMetadata - 102 total (1 active), Execution time: mean = 4.021 us, total = 410.114 us, Queueing time: mean = 138.029 us, max = 14.077 ms, min = -0.015 s, total = 14.079 ms
	CoreWorker.PrintEventStats - 17 total (1 active, 1 running), Execution time: mean = 188.589 us, total = 3.206 ms, Queueing time: mean = 300.746 us, max = 3.479 ms, min = -0.000 s, total = 5.113 ms
	PeriodicalRunner.RunFnPeriodically - 7 total (0 active), Execution time: mean = 807.569 us, total = 5.653 ms, Queueing time: mean = 2.326 ms, max = 5.637 ms, min = 27.130 us, total = 16.284 ms
	Publisher.CheckDeadSubscribers - 4 total (1 active), Execution time: mean = 2.970 us, total = 11.882 us, Queueing time: mean = 319.590 us, max = 986.020 us, min = 97.411 us, total = 1.278 ms
	ray::rpc::InternalPubSubGcsService.grpc_client.GcsSubscriberPoll - 3 total (1 active), Execution time: mean = 299.513 s, total = 898.538 s, Queueing time: mean = 0.000 s, max = -0.000 s, min = 9223372036.855 s, total = 0.000 s
	ray::rpc::InternalPubSubGcsService.grpc_client.GcsSubscriberPoll.OnReplyReceived - 2 total (0 active), Execution time: mean = 115.853 us, total = 231.707 us, Queueing time: mean = 31.004 us, max = 41.478 us, min = 20.530 us, total = 62.008 us
	ray::rpc::InternalPubSubGcsService.grpc_client.GcsSubscriberCommandBatch - 1 total (0 active), Execution time: mean = 8.130 ms, total = 8.130 ms, Queueing time: mean = 0.000 s, max = -0.000 s, min = 9223372036.855 s, total = 0.000 s
	ray::rpc::InternalPubSubGcsService.grpc_client.GcsSubscriberCommandBatch.OnReplyReceived - 1 total (0 active), Execution time: mean = 91.946 us, total = 91.946 us, Queueing time: mean = 269.678 us, max = 269.678 us, min = 269.678 us, total = 269.678 us
	ray::rpc::NodeInfoGcsService.grpc_client.GetAllNodeInfo.OnReplyReceived - 1 total (0 active), Execution time: mean = 73.394 us, total = 73.394 us, Queueing time: mean = 10.852 us, max = 10.852 us, min = 10.852 us, total = 10.852 us
	ray::rpc::WorkerInfoGcsService.grpc_client.AddWorkerInfo.OnReplyReceived - 1 total (0 active), Execution time: mean = 24.869 us, total = 24.869 us, Queueing time: mean = 39.800 us, max = 39.800 us, min = 39.800 us, total = 39.800 us
	ray::rpc::NodeInfoGcsService.grpc_client.GetAllNodeInfo - 1 total (0 active), Execution time: mean = 1.344 ms, total = 1.344 ms, Queueing time: mean = 0.000 s, max = -0.000 s, min = 9223372036.855 s, total = 0.000 s
	ray::rpc::WorkerInfoGcsService.grpc_client.AddWorkerInfo - 1 total (0 active), Execution time: mean = 8.016 ms, total = 8.016 ms, Queueing time: mean = 0.000 s, max = -0.000 s, min = 9223372036.855 s, total = 0.000 s

-----------------
Task Event stats:

IO Service Stats:

Global stats: 3061 total (1 active)
Queueing time: mean = 218.384 us, max = 25.515 ms, min = -0.009 s, total = 668.472 ms
Execution time:  mean = 233.519 us, total = 714.803 ms
Event stats:
	ray::rpc::TaskInfoGcsService.grpc_client.AddTaskEventData - 1020 total (0 active), Execution time: mean = 556.489 us, total = 567.619 ms, Queueing time: mean = 0.000 s, max = -0.000 s, min = 9223372036.855 s, total = 0.000 s
	CoreWorker.deadline_timer.flush_task_events - 1020 total (1 active), Execution time: mean = 123.972 us, total = 126.451 ms, Queueing time: mean = 617.824 us, max = 25.515 ms, min = -0.009 s, total = 630.181 ms
	ray::rpc::TaskInfoGcsService.grpc_client.AddTaskEventData.OnReplyReceived - 1020 total (0 active), Execution time: mean = 20.210 us, total = 20.614 ms, Queueing time: mean = 31.259 us, max = 248.089 us, min = 7.947 us, total = 31.884 ms
	PeriodicalRunner.RunFnPeriodically - 1 total (0 active), Execution time: mean = 118.162 us, total = 118.162 us, Queueing time: mean = 6.407 ms, max = 6.407 ms, min = 6.407 ms, total = 6.407 ms
Other Stats:
	grpc_in_progress:0
	current number of task status events in buffer: 0
	current number of profile events in buffer: 0
	current number of dropped task attempts tracked: 0
	total task events sent: 0 MiB
	total number of task attempts sent: 0
	total number of task attempts dropped reported: 0
	total number of sent failure: 0
	num status task events dropped: 0
	num profile task events dropped: 0


[2025-02-15 21:19:18,481 I 433 1004] core_worker.cc:642: Event stats:


Global stats: 15469 total (8 active)
Queueing time: mean = 114.099 us, max = 25.484 ms, min = -0.027 s, total = 1.765 s
Execution time:  mean = 58.157 ms, total = 899.634 s
Event stats:
	CoreWorker.RecoverObjects - 10785 total (1 active), Execution time: mean = 6.405 us, total = 69.078 ms, Queueing time: mean = 139.292 us, max = 11.397 ms, min = -0.001 s, total = 1.502 s
	CoreWorker.InternalHeartbeat - 1080 total (1 active), Execution time: mean = 152.067 us, total = 164.233 ms, Queueing time: mean = 92.670 us, max = 25.484 ms, min = -0.027 s, total = 100.084 ms
	NodeManagerService.grpc_client.ReportWorkerBacklog - 1080 total (0 active), Execution time: mean = 739.183 us, total = 798.318 ms, Queueing time: mean = 0.000 s, max = -0.000 s, min = 9223372036.855 s, total = 0.000 s
	NodeManagerService.grpc_client.ReportWorkerBacklog.OnReplyReceived - 1080 total (0 active), Execution time: mean = 18.734 us, total = 20.233 ms, Queueing time: mean = 36.538 us, max = 1.252 ms, min = 8.470 us, total = 39.461 ms
	CoreWorker.ExitIfParentRayletDies - 1080 total (1 active), Execution time: mean = 12.106 us, total = 13.075 ms, Queueing time: mean = 77.195 us, max = 25.480 ms, min = -0.027 s, total = 83.370 ms
	CoreWorker.RecordMetrics - 216 total (1 active), Execution time: mean = 19.345 us, total = 4.179 ms, Queueing time: mean = 56.834 us, max = 16.947 ms, min = -0.013 s, total = 12.276 ms
	CoreWorker.GCStreamingGeneratorMetadata - 108 total (1 active), Execution time: mean = 4.055 us, total = 437.887 us, Queueing time: mean = 39.834 us, max = 14.077 ms, min = -0.015 s, total = 4.302 ms
	CoreWorker.PrintEventStats - 18 total (1 active, 1 running), Execution time: mean = 187.954 us, total = 3.383 ms, Queueing time: mean = 293.918 us, max = 3.479 ms, min = -0.000 s, total = 5.291 ms
	PeriodicalRunner.RunFnPeriodically - 7 total (0 active), Execution time: mean = 807.569 us, total = 5.653 ms, Queueing time: mean = 2.326 ms, max = 5.637 ms, min = 27.130 us, total = 16.284 ms
	Publisher.CheckDeadSubscribers - 4 total (1 active), Execution time: mean = 2.970 us, total = 11.882 us, Queueing time: mean = 319.590 us, max = 986.020 us, min = 97.411 us, total = 1.278 ms
	ray::rpc::InternalPubSubGcsService.grpc_client.GcsSubscriberPoll - 3 total (1 active), Execution time: mean = 299.513 s, total = 898.538 s, Queueing time: mean = 0.000 s, max = -0.000 s, min = 9223372036.855 s, total = 0.000 s
	ray::rpc::InternalPubSubGcsService.grpc_client.GcsSubscriberPoll.OnReplyReceived - 2 total (0 active), Execution time: mean = 115.853 us, total = 231.707 us, Queueing time: mean = 31.004 us, max = 41.478 us, min = 20.530 us, total = 62.008 us
	ray::rpc::InternalPubSubGcsService.grpc_client.GcsSubscriberCommandBatch - 1 total (0 active), Execution time: mean = 8.130 ms, total = 8.130 ms, Queueing time: mean = 0.000 s, max = -0.000 s, min = 9223372036.855 s, total = 0.000 s
	ray::rpc::InternalPubSubGcsService.grpc_client.GcsSubscriberCommandBatch.OnReplyReceived - 1 total (0 active), Execution time: mean = 91.946 us, total = 91.946 us, Queueing time: mean = 269.678 us, max = 269.678 us, min = 269.678 us, total = 269.678 us
	ray::rpc::NodeInfoGcsService.grpc_client.GetAllNodeInfo.OnReplyReceived - 1 total (0 active), Execution time: mean = 73.394 us, total = 73.394 us, Queueing time: mean = 10.852 us, max = 10.852 us, min = 10.852 us, total = 10.852 us
	ray::rpc::WorkerInfoGcsService.grpc_client.AddWorkerInfo.OnReplyReceived - 1 total (0 active), Execution time: mean = 24.869 us, total = 24.869 us, Queueing time: mean = 39.800 us, max = 39.800 us, min = 39.800 us, total = 39.800 us
	ray::rpc::NodeInfoGcsService.grpc_client.GetAllNodeInfo - 1 total (0 active), Execution time: mean = 1.344 ms, total = 1.344 ms, Queueing time: mean = 0.000 s, max = -0.000 s, min = 9223372036.855 s, total = 0.000 s
	ray::rpc::WorkerInfoGcsService.grpc_client.AddWorkerInfo - 1 total (0 active), Execution time: mean = 8.016 ms, total = 8.016 ms, Queueing time: mean = 0.000 s, max = -0.000 s, min = 9223372036.855 s, total = 0.000 s

-----------------
Task Event stats:

IO Service Stats:

Global stats: 3241 total (1 active)
Queueing time: mean = 213.750 us, max = 25.515 ms, min = -0.009 s, total = 692.763 ms
Execution time:  mean = 234.452 us, total = 759.859 ms
Event stats:
	ray::rpc::TaskInfoGcsService.grpc_client.AddTaskEventData - 1080 total (0 active), Execution time: mean = 558.286 us, total = 602.949 ms, Queueing time: mean = 0.000 s, max = -0.000 s, min = 9223372036.855 s, total = 0.000 s
	CoreWorker.deadline_timer.flush_task_events - 1080 total (1 active), Execution time: mean = 124.806 us, total = 134.791 ms, Queueing time: mean = 604.311 us, max = 25.515 ms, min = -0.009 s, total = 652.656 ms
	ray::rpc::TaskInfoGcsService.grpc_client.AddTaskEventData.OnReplyReceived - 1080 total (0 active), Execution time: mean = 20.372 us, total = 22.001 ms, Queueing time: mean = 31.204 us, max = 248.089 us, min = 7.947 us, total = 33.700 ms
	PeriodicalRunner.RunFnPeriodically - 1 total (0 active), Execution time: mean = 118.162 us, total = 118.162 us, Queueing time: mean = 6.407 ms, max = 6.407 ms, min = 6.407 ms, total = 6.407 ms
Other Stats:
	grpc_in_progress:0
	current number of task status events in buffer: 0
	current number of profile events in buffer: 0
	current number of dropped task attempts tracked: 0
	total task events sent: 0 MiB
	total number of task attempts sent: 0
	total number of task attempts dropped reported: 0
	total number of sent failure: 0
	num status task events dropped: 0
	num profile task events dropped: 0


[2025-02-15 21:20:18,481 I 433 1004] core_worker.cc:642: Event stats:


Global stats: 16327 total (8 active)
Queueing time: mean = 113.167 us, max = 25.484 ms, min = -0.027 s, total = 1.848 s
Execution time:  mean = 55.104 ms, total = 899.686 s
Event stats:
	CoreWorker.RecoverObjects - 11384 total (1 active), Execution time: mean = 6.346 us, total = 72.242 ms, Queueing time: mean = 137.882 us, max = 11.397 ms, min = -0.001 s, total = 1.570 s
	CoreWorker.InternalHeartbeat - 1140 total (1 active), Execution time: mean = 151.212 us, total = 172.382 ms, Queueing time: mean = 89.346 us, max = 25.484 ms, min = -0.027 s, total = 101.854 ms
	NodeManagerService.grpc_client.ReportWorkerBacklog - 1140 total (0 active), Execution time: mean = 733.831 us, total = 836.567 ms, Queueing time: mean = 0.000 s, max = -0.000 s, min = 9223372036.855 s, total = 0.000 s
	NodeManagerService.grpc_client.ReportWorkerBacklog.OnReplyReceived - 1140 total (0 active), Execution time: mean = 18.584 us, total = 21.186 ms, Queueing time: mean = 36.323 us, max = 1.252 ms, min = 8.470 us, total = 41.408 ms
	CoreWorker.ExitIfParentRayletDies - 1140 total (1 active), Execution time: mean = 11.824 us, total = 13.479 ms, Queueing time: mean = 74.043 us, max = 25.480 ms, min = -0.027 s, total = 84.409 ms
	CoreWorker.RecordMetrics - 228 total (1 active), Execution time: mean = 19.155 us, total = 4.367 ms, Queueing time: mean = 45.209 us, max = 16.947 ms, min = -0.013 s, total = 10.308 ms
	CoreWorker.GCStreamingGeneratorMetadata - 114 total (1 active), Execution time: mean = 4.039 us, total = 460.493 us, Queueing time: mean = 146.153 us, max = 14.077 ms, min = -0.015 s, total = 16.661 ms
	CoreWorker.PrintEventStats - 19 total (1 active, 1 running), Execution time: mean = 187.805 us, total = 3.568 ms, Queueing time: mean = 286.361 us, max = 3.479 ms, min = -0.000 s, total = 5.441 ms
	PeriodicalRunner.RunFnPeriodically - 7 total (0 active), Execution time: mean = 807.569 us, total = 5.653 ms, Queueing time: mean = 2.326 ms, max = 5.637 ms, min = 27.130 us, total = 16.284 ms
	Publisher.CheckDeadSubscribers - 4 total (1 active), Execution time: mean = 2.970 us, total = 11.882 us, Queueing time: mean = 319.590 us, max = 986.020 us, min = 97.411 us, total = 1.278 ms
	ray::rpc::InternalPubSubGcsService.grpc_client.GcsSubscriberPoll - 3 total (1 active), Execution time: mean = 299.513 s, total = 898.538 s, Queueing time: mean = 0.000 s, max = -0.000 s, min = 9223372036.855 s, total = 0.000 s
	ray::rpc::InternalPubSubGcsService.grpc_client.GcsSubscriberPoll.OnReplyReceived - 2 total (0 active), Execution time: mean = 115.853 us, total = 231.707 us, Queueing time: mean = 31.004 us, max = 41.478 us, min = 20.530 us, total = 62.008 us
	ray::rpc::InternalPubSubGcsService.grpc_client.GcsSubscriberCommandBatch - 1 total (0 active), Execution time: mean = 8.130 ms, total = 8.130 ms, Queueing time: mean = 0.000 s, max = -0.000 s, min = 9223372036.855 s, total = 0.000 s
	ray::rpc::InternalPubSubGcsService.grpc_client.GcsSubscriberCommandBatch.OnReplyReceived - 1 total (0 active), Execution time: mean = 91.946 us, total = 91.946 us, Queueing time: mean = 269.678 us, max = 269.678 us, min = 269.678 us, total = 269.678 us
	ray::rpc::NodeInfoGcsService.grpc_client.GetAllNodeInfo.OnReplyReceived - 1 total (0 active), Execution time: mean = 73.394 us, total = 73.394 us, Queueing time: mean = 10.852 us, max = 10.852 us, min = 10.852 us, total = 10.852 us
	ray::rpc::WorkerInfoGcsService.grpc_client.AddWorkerInfo.OnReplyReceived - 1 total (0 active), Execution time: mean = 24.869 us, total = 24.869 us, Queueing time: mean = 39.800 us, max = 39.800 us, min = 39.800 us, total = 39.800 us
	ray::rpc::NodeInfoGcsService.grpc_client.GetAllNodeInfo - 1 total (0 active), Execution time: mean = 1.344 ms, total = 1.344 ms, Queueing time: mean = 0.000 s, max = -0.000 s, min = 9223372036.855 s, total = 0.000 s
	ray::rpc::WorkerInfoGcsService.grpc_client.AddWorkerInfo - 1 total (0 active), Execution time: mean = 8.016 ms, total = 8.016 ms, Queueing time: mean = 0.000 s, max = -0.000 s, min = 9223372036.855 s, total = 0.000 s

-----------------
Task Event stats:

IO Service Stats:

Global stats: 3421 total (1 active)
Queueing time: mean = 213.944 us, max = 25.515 ms, min = -0.009 s, total = 731.903 ms
Execution time:  mean = 232.087 us, total = 793.971 ms
Event stats:
	ray::rpc::TaskInfoGcsService.grpc_client.AddTaskEventData - 1140 total (0 active), Execution time: mean = 551.652 us, total = 628.883 ms, Queueing time: mean = 0.000 s, max = -0.000 s, min = 9223372036.855 s, total = 0.000 s
	CoreWorker.deadline_timer.flush_task_events - 1140 total (1 active), Execution time: mean = 124.452 us, total = 141.876 ms, Queueing time: mean = 605.600 us, max = 25.515 ms, min = -0.009 s, total = 690.384 ms
	ray::rpc::TaskInfoGcsService.grpc_client.AddTaskEventData.OnReplyReceived - 1140 total (0 active), Execution time: mean = 20.258 us, total = 23.094 ms, Queueing time: mean = 30.800 us, max = 248.089 us, min = 7.947 us, total = 35.112 ms
	PeriodicalRunner.RunFnPeriodically - 1 total (0 active), Execution time: mean = 118.162 us, total = 118.162 us, Queueing time: mean = 6.407 ms, max = 6.407 ms, min = 6.407 ms, total = 6.407 ms
Other Stats:
	grpc_in_progress:0
	current number of task status events in buffer: 0
	current number of profile events in buffer: 0
	current number of dropped task attempts tracked: 0
	total task events sent: 0 MiB
	total number of task attempts sent: 0
	total number of task attempts dropped reported: 0
	total number of sent failure: 0
	num status task events dropped: 0
	num profile task events dropped: 0


[2025-02-15 21:21:18,481 I 433 1004] core_worker.cc:642: Event stats:


Global stats: 17189 total (8 active)
Queueing time: mean = 111.792 us, max = 25.484 ms, min = -0.027 s, total = 1.922 s
Execution time:  mean = 69.807 ms, total = 1199.906 s
Event stats:
	CoreWorker.RecoverObjects - 11984 total (1 active), Execution time: mean = 6.316 us, total = 75.687 ms, Queueing time: mean = 135.585 us, max = 11.397 ms, min = -0.002 s, total = 1.625 s
	CoreWorker.InternalHeartbeat - 1200 total (1 active), Execution time: mean = 150.394 us, total = 180.473 ms, Queueing time: mean = 89.131 us, max = 25.484 ms, min = -0.027 s, total = 106.957 ms
	NodeManagerService.grpc_client.ReportWorkerBacklog - 1200 total (0 active), Execution time: mean = 728.758 us, total = 874.510 ms, Queueing time: mean = 0.000 s, max = -0.000 s, min = 9223372036.855 s, total = 0.000 s
	NodeManagerService.grpc_client.ReportWorkerBacklog.OnReplyReceived - 1200 total (0 active), Execution time: mean = 18.401 us, total = 22.082 ms, Queueing time: mean = 35.947 us, max = 1.252 ms, min = 8.470 us, total = 43.136 ms
	CoreWorker.ExitIfParentRayletDies - 1200 total (1 active), Execution time: mean = 11.604 us, total = 13.924 ms, Queueing time: mean = 74.305 us, max = 25.480 ms, min = -0.027 s, total = 89.166 ms
	CoreWorker.RecordMetrics - 240 total (1 active), Execution time: mean = 18.993 us, total = 4.558 ms, Queueing time: mean = 55.021 us, max = 16.947 ms, min = -0.014 s, total = 13.205 ms
	CoreWorker.GCStreamingGeneratorMetadata - 120 total (1 active), Execution time: mean = 4.097 us, total = 491.666 us, Queueing time: mean = 183.972 us, max = 16.592 ms, min = -0.015 s, total = 22.077 ms
	CoreWorker.PrintEventStats - 20 total (1 active, 1 running), Execution time: mean = 185.898 us, total = 3.718 ms, Queueing time: mean = 205.039 us, max = 3.479 ms, min = -0.001 s, total = 4.101 ms
	PeriodicalRunner.RunFnPeriodically - 7 total (0 active), Execution time: mean = 807.569 us, total = 5.653 ms, Queueing time: mean = 2.326 ms, max = 5.637 ms, min = 27.130 us, total = 16.284 ms
	Publisher.CheckDeadSubscribers - 5 total (1 active), Execution time: mean = 3.546 us, total = 17.728 us, Queueing time: mean = 281.214 us, max = 986.020 us, min = 97.411 us, total = 1.406 ms
	ray::rpc::InternalPubSubGcsService.grpc_client.GcsSubscriberPoll - 4 total (1 active), Execution time: mean = 299.677 s, total = 1198.707 s, Queueing time: mean = 0.000 s, max = -0.000 s, min = 9223372036.855 s, total = 0.000 s
	ray::rpc::InternalPubSubGcsService.grpc_client.GcsSubscriberPoll.OnReplyReceived - 3 total (0 active), Execution time: mean = 115.700 us, total = 347.101 us, Queueing time: mean = 30.007 us, max = 41.478 us, min = 20.530 us, total = 90.021 us
	ray::rpc::InternalPubSubGcsService.grpc_client.GcsSubscriberCommandBatch - 1 total (0 active), Execution time: mean = 8.130 ms, total = 8.130 ms, Queueing time: mean = 0.000 s, max = -0.000 s, min = 9223372036.855 s, total = 0.000 s
	ray::rpc::InternalPubSubGcsService.grpc_client.GcsSubscriberCommandBatch.OnReplyReceived - 1 total (0 active), Execution time: mean = 91.946 us, total = 91.946 us, Queueing time: mean = 269.678 us, max = 269.678 us, min = 269.678 us, total = 269.678 us
	ray::rpc::NodeInfoGcsService.grpc_client.GetAllNodeInfo.OnReplyReceived - 1 total (0 active), Execution time: mean = 73.394 us, total = 73.394 us, Queueing time: mean = 10.852 us, max = 10.852 us, min = 10.852 us, total = 10.852 us
	ray::rpc::WorkerInfoGcsService.grpc_client.AddWorkerInfo.OnReplyReceived - 1 total (0 active), Execution time: mean = 24.869 us, total = 24.869 us, Queueing time: mean = 39.800 us, max = 39.800 us, min = 39.800 us, total = 39.800 us
	ray::rpc::NodeInfoGcsService.grpc_client.GetAllNodeInfo - 1 total (0 active), Execution time: mean = 1.344 ms, total = 1.344 ms, Queueing time: mean = 0.000 s, max = -0.000 s, min = 9223372036.855 s, total = 0.000 s
	ray::rpc::WorkerInfoGcsService.grpc_client.AddWorkerInfo - 1 total (0 active), Execution time: mean = 8.016 ms, total = 8.016 ms, Queueing time: mean = 0.000 s, max = -0.000 s, min = 9223372036.855 s, total = 0.000 s

-----------------
Task Event stats:

IO Service Stats:

Global stats: 3601 total (1 active)
Queueing time: mean = 209.541 us, max = 25.553 ms, min = -0.015 s, total = 754.556 ms
Execution time:  mean = 231.007 us, total = 831.856 ms
Event stats:
	ray::rpc::TaskInfoGcsService.grpc_client.AddTaskEventData - 1200 total (0 active), Execution time: mean = 548.636 us, total = 658.363 ms, Queueing time: mean = 0.000 s, max = -0.000 s, min = 9223372036.855 s, total = 0.000 s
	CoreWorker.deadline_timer.flush_task_events - 1200 total (1 active), Execution time: mean = 124.307 us, total = 149.168 ms, Queueing time: mean = 592.832 us, max = 25.553 ms, min = -0.015 s, total = 711.398 ms
	ray::rpc::TaskInfoGcsService.grpc_client.AddTaskEventData.OnReplyReceived - 1200 total (0 active), Execution time: mean = 20.172 us, total = 24.207 ms, Queueing time: mean = 30.626 us, max = 248.089 us, min = 7.947 us, total = 36.751 ms
	PeriodicalRunner.RunFnPeriodically - 1 total (0 active), Execution time: mean = 118.162 us, total = 118.162 us, Queueing time: mean = 6.407 ms, max = 6.407 ms, min = 6.407 ms, total = 6.407 ms
Other Stats:
	grpc_in_progress:0
	current number of task status events in buffer: 0
	current number of profile events in buffer: 0
	current number of dropped task attempts tracked: 0
	total task events sent: 0 MiB
	total number of task attempts sent: 0
	total number of task attempts dropped reported: 0
	total number of sent failure: 0
	num status task events dropped: 0
	num profile task events dropped: 0


[2025-02-15 21:22:18,481 I 433 1004] core_worker.cc:642: Event stats:


Global stats: 18047 total (8 active)
Queueing time: mean = 110.497 us, max = 26.134 ms, min = -0.028 s, total = 1.994 s
Execution time:  mean = 66.491 ms, total = 1199.958 s
Event stats:
	CoreWorker.RecoverObjects - 12583 total (1 active), Execution time: mean = 6.270 us, total = 78.892 ms, Queueing time: mean = 134.989 us, max = 11.397 ms, min = -0.002 s, total = 1.699 s
	CoreWorker.InternalHeartbeat - 1260 total (1 active), Execution time: mean = 149.512 us, total = 188.385 ms, Queueing time: mean = 86.493 us, max = 26.134 ms, min = -0.028 s, total = 108.981 ms
	NodeManagerService.grpc_client.ReportWorkerBacklog - 1260 total (0 active), Execution time: mean = 724.853 us, total = 913.315 ms, Queueing time: mean = 0.000 s, max = -0.000 s, min = 9223372036.855 s, total = 0.000 s
	NodeManagerService.grpc_client.ReportWorkerBacklog.OnReplyReceived - 1260 total (0 active), Execution time: mean = 18.213 us, total = 22.948 ms, Queueing time: mean = 35.628 us, max = 1.252 ms, min = 8.470 us, total = 44.891 ms
	CoreWorker.ExitIfParentRayletDies - 1260 total (1 active), Execution time: mean = 11.391 us, total = 14.352 ms, Queueing time: mean = 71.828 us, max = 26.130 ms, min = -0.028 s, total = 90.504 ms
	CoreWorker.RecordMetrics - 252 total (1 active), Execution time: mean = 18.847 us, total = 4.749 ms, Queueing time: mean = 44.533 us, max = 16.947 ms, min = -0.014 s, total = 11.222 ms
	CoreWorker.GCStreamingGeneratorMetadata - 126 total (1 active), Execution time: mean = 4.129 us, total = 520.307 us, Queueing time: mean = 130.713 us, max = 16.592 ms, min = -0.015 s, total = 16.470 ms
	CoreWorker.PrintEventStats - 21 total (1 active, 1 running), Execution time: mean = 185.248 us, total = 3.890 ms, Queueing time: mean = 257.058 us, max = 3.479 ms, min = -0.001 s, total = 5.398 ms
	PeriodicalRunner.RunFnPeriodically - 7 total (0 active), Execution time: mean = 807.569 us, total = 5.653 ms, Queueing time: mean = 2.326 ms, max = 5.637 ms, min = 27.130 us, total = 16.284 ms
	Publisher.CheckDeadSubscribers - 5 total (1 active), Execution time: mean = 3.546 us, total = 17.728 us, Queueing time: mean = 281.214 us, max = 986.020 us, min = 97.411 us, total = 1.406 ms
	ray::rpc::InternalPubSubGcsService.grpc_client.GcsSubscriberPoll - 4 total (1 active), Execution time: mean = 299.677 s, total = 1198.707 s, Queueing time: mean = 0.000 s, max = -0.000 s, min = 9223372036.855 s, total = 0.000 s
	ray::rpc::InternalPubSubGcsService.grpc_client.GcsSubscriberPoll.OnReplyReceived - 3 total (0 active), Execution time: mean = 115.700 us, total = 347.101 us, Queueing time: mean = 30.007 us, max = 41.478 us, min = 20.530 us, total = 90.021 us
	ray::rpc::InternalPubSubGcsService.grpc_client.GcsSubscriberCommandBatch - 1 total (0 active), Execution time: mean = 8.130 ms, total = 8.130 ms, Queueing time: mean = 0.000 s, max = -0.000 s, min = 9223372036.855 s, total = 0.000 s
	ray::rpc::InternalPubSubGcsService.grpc_client.GcsSubscriberCommandBatch.OnReplyReceived - 1 total (0 active), Execution time: mean = 91.946 us, total = 91.946 us, Queueing time: mean = 269.678 us, max = 269.678 us, min = 269.678 us, total = 269.678 us
	ray::rpc::NodeInfoGcsService.grpc_client.GetAllNodeInfo.OnReplyReceived - 1 total (0 active), Execution time: mean = 73.394 us, total = 73.394 us, Queueing time: mean = 10.852 us, max = 10.852 us, min = 10.852 us, total = 10.852 us
	ray::rpc::WorkerInfoGcsService.grpc_client.AddWorkerInfo.OnReplyReceived - 1 total (0 active), Execution time: mean = 24.869 us, total = 24.869 us, Queueing time: mean = 39.800 us, max = 39.800 us, min = 39.800 us, total = 39.800 us
	ray::rpc::NodeInfoGcsService.grpc_client.GetAllNodeInfo - 1 total (0 active), Execution time: mean = 1.344 ms, total = 1.344 ms, Queueing time: mean = 0.000 s, max = -0.000 s, min = 9223372036.855 s, total = 0.000 s
	ray::rpc::WorkerInfoGcsService.grpc_client.AddWorkerInfo - 1 total (0 active), Execution time: mean = 8.016 ms, total = 8.016 ms, Queueing time: mean = 0.000 s, max = -0.000 s, min = 9223372036.855 s, total = 0.000 s

-----------------
Task Event stats:

IO Service Stats:

Global stats: 3781 total (1 active)
Queueing time: mean = 211.481 us, max = 26.127 ms, min = -0.015 s, total = 799.610 ms
Execution time:  mean = 228.845 us, total = 865.264 ms
Event stats:
	ray::rpc::TaskInfoGcsService.grpc_client.AddTaskEventData - 1260 total (0 active), Execution time: mean = 543.104 us, total = 684.311 ms, Queueing time: mean = 0.000 s, max = -0.000 s, min = 9223372036.855 s, total = 0.000 s
	CoreWorker.deadline_timer.flush_task_events - 1260 total (1 active), Execution time: mean = 123.489 us, total = 155.596 ms, Queueing time: mean = 599.221 us, max = 26.127 ms, min = -0.015 s, total = 755.019 ms
	ray::rpc::TaskInfoGcsService.grpc_client.AddTaskEventData.OnReplyReceived - 1260 total (0 active), Execution time: mean = 20.030 us, total = 25.238 ms, Queueing time: mean = 30.305 us, max = 248.089 us, min = 7.947 us, total = 38.185 ms
	PeriodicalRunner.RunFnPeriodically - 1 total (0 active), Execution time: mean = 118.162 us, total = 118.162 us, Queueing time: mean = 6.407 ms, max = 6.407 ms, min = 6.407 ms, total = 6.407 ms
Other Stats:
	grpc_in_progress:0
	current number of task status events in buffer: 0
	current number of profile events in buffer: 0
	current number of dropped task attempts tracked: 0
	total task events sent: 0 MiB
	total number of task attempts sent: 0
	total number of task attempts dropped reported: 0
	total number of sent failure: 0
	num status task events dropped: 0
	num profile task events dropped: 0


[2025-02-15 21:23:18,481 I 433 1004] core_worker.cc:642: Event stats:


Global stats: 18906 total (8 active)
Queueing time: mean = 109.511 us, max = 26.134 ms, min = -0.028 s, total = 2.070 s
Execution time:  mean = 63.472 ms, total = 1200.010 s
Event stats:
	CoreWorker.RecoverObjects - 13183 total (1 active), Execution time: mean = 6.213 us, total = 81.907 ms, Queueing time: mean = 132.932 us, max = 11.397 ms, min = -0.002 s, total = 1.752 s
	CoreWorker.InternalHeartbeat - 1320 total (1 active), Execution time: mean = 148.349 us, total = 195.821 ms, Queueing time: mean = 86.165 us, max = 26.134 ms, min = -0.028 s, total = 113.738 ms
	NodeManagerService.grpc_client.ReportWorkerBacklog - 1320 total (0 active), Execution time: mean = 722.169 us, total = 953.263 ms, Queueing time: mean = 0.000 s, max = -0.000 s, min = 9223372036.855 s, total = 0.000 s
	NodeManagerService.grpc_client.ReportWorkerBacklog.OnReplyReceived - 1320 total (0 active), Execution time: mean = 18.095 us, total = 23.885 ms, Queueing time: mean = 35.629 us, max = 1.252 ms, min = 8.470 us, total = 47.030 ms
	CoreWorker.ExitIfParentRayletDies - 1320 total (1 active), Execution time: mean = 11.188 us, total = 14.769 ms, Queueing time: mean = 77.405 us, max = 26.130 ms, min = -0.028 s, total = 102.175 ms
	CoreWorker.RecordMetrics - 264 total (1 active), Execution time: mean = 18.855 us, total = 4.978 ms, Queueing time: mean = 53.043 us, max = 16.947 ms, min = -0.014 s, total = 14.003 ms
	CoreWorker.GCStreamingGeneratorMetadata - 132 total (1 active), Execution time: mean = 4.116 us, total = 543.253 us, Queueing time: mean = 141.868 us, max = 16.592 ms, min = -0.015 s, total = 18.727 ms
	CoreWorker.PrintEventStats - 22 total (1 active, 1 running), Execution time: mean = 184.479 us, total = 4.059 ms, Queueing time: mean = 190.798 us, max = 3.479 ms, min = -0.001 s, total = 4.198 ms
	PeriodicalRunner.RunFnPeriodically - 7 total (0 active), Execution time: mean = 807.569 us, total = 5.653 ms, Queueing time: mean = 2.326 ms, max = 5.637 ms, min = 27.130 us, total = 16.284 ms
	Publisher.CheckDeadSubscribers - 5 total (1 active), Execution time: mean = 3.546 us, total = 17.728 us, Queueing time: mean = 281.214 us, max = 986.020 us, min = 97.411 us, total = 1.406 ms
	ray::rpc::InternalPubSubGcsService.grpc_client.GcsSubscriberPoll - 4 total (1 active), Execution time: mean = 299.677 s, total = 1198.707 s, Queueing time: mean = 0.000 s, max = -0.000 s, min = 9223372036.855 s, total = 0.000 s
	ray::rpc::InternalPubSubGcsService.grpc_client.GcsSubscriberPoll.OnReplyReceived - 3 total (0 active), Execution time: mean = 115.700 us, total = 347.101 us, Queueing time: mean = 30.007 us, max = 41.478 us, min = 20.530 us, total = 90.021 us
	ray::rpc::InternalPubSubGcsService.grpc_client.GcsSubscriberCommandBatch - 1 total (0 active), Execution time: mean = 8.130 ms, total = 8.130 ms, Queueing time: mean = 0.000 s, max = -0.000 s, min = 9223372036.855 s, total = 0.000 s
	ray::rpc::InternalPubSubGcsService.grpc_client.GcsSubscriberCommandBatch.OnReplyReceived - 1 total (0 active), Execution time: mean = 91.946 us, total = 91.946 us, Queueing time: mean = 269.678 us, max = 269.678 us, min = 269.678 us, total = 269.678 us
	ray::rpc::NodeInfoGcsService.grpc_client.GetAllNodeInfo.OnReplyReceived - 1 total (0 active), Execution time: mean = 73.394 us, total = 73.394 us, Queueing time: mean = 10.852 us, max = 10.852 us, min = 10.852 us, total = 10.852 us
	ray::rpc::WorkerInfoGcsService.grpc_client.AddWorkerInfo.OnReplyReceived - 1 total (0 active), Execution time: mean = 24.869 us, total = 24.869 us, Queueing time: mean = 39.800 us, max = 39.800 us, min = 39.800 us, total = 39.800 us
	ray::rpc::NodeInfoGcsService.grpc_client.GetAllNodeInfo - 1 total (0 active), Execution time: mean = 1.344 ms, total = 1.344 ms, Queueing time: mean = 0.000 s, max = -0.000 s, min = 9223372036.855 s, total = 0.000 s
	ray::rpc::WorkerInfoGcsService.grpc_client.AddWorkerInfo - 1 total (0 active), Execution time: mean = 8.016 ms, total = 8.016 ms, Queueing time: mean = 0.000 s, max = -0.000 s, min = 9223372036.855 s, total = 0.000 s

-----------------
Task Event stats:

IO Service Stats:

Global stats: 3961 total (1 active)
Queueing time: mean = 207.308 us, max = 26.127 ms, min = -0.015 s, total = 821.147 ms
Execution time:  mean = 227.722 us, total = 902.008 ms
Event stats:
	ray::rpc::TaskInfoGcsService.grpc_client.AddTaskEventData - 1320 total (0 active), Execution time: mean = 540.039 us, total = 712.851 ms, Queueing time: mean = 0.000 s, max = -0.000 s, min = 9223372036.855 s, total = 0.000 s
	CoreWorker.deadline_timer.flush_task_events - 1320 total (1 active), Execution time: mean = 123.291 us, total = 162.744 ms, Queueing time: mean = 587.137 us, max = 26.127 ms, min = -0.015 s, total = 775.021 ms
	ray::rpc::TaskInfoGcsService.grpc_client.AddTaskEventData.OnReplyReceived - 1320 total (0 active), Execution time: mean = 19.920 us, total = 26.294 ms, Queueing time: mean = 30.090 us, max = 248.089 us, min = 7.947 us, total = 39.719 ms
	PeriodicalRunner.RunFnPeriodically - 1 total (0 active), Execution time: mean = 118.162 us, total = 118.162 us, Queueing time: mean = 6.407 ms, max = 6.407 ms, min = 6.407 ms, total = 6.407 ms
Other Stats:
	grpc_in_progress:0
	current number of task status events in buffer: 0
	current number of profile events in buffer: 0
	current number of dropped task attempts tracked: 0
	total task events sent: 0 MiB
	total number of task attempts sent: 0
	total number of task attempts dropped reported: 0
	total number of sent failure: 0
	num status task events dropped: 0
	num profile task events dropped: 0


[2025-02-15 21:24:18,481 I 433 1004] core_worker.cc:642: Event stats:


Global stats: 19764 total (8 active)
Queueing time: mean = 110.206 us, max = 26.134 ms, min = -0.029 s, total = 2.178 s
Execution time:  mean = 60.719 ms, total = 1200.053 s
Event stats:
	CoreWorker.RecoverObjects - 13782 total (1 active), Execution time: mean = 6.146 us, total = 84.704 ms, Queueing time: mean = 131.009 us, max = 11.397 ms, min = -0.012 s, total = 1.806 s
	CoreWorker.InternalHeartbeat - 1380 total (1 active), Execution time: mean = 145.973 us, total = 201.443 ms, Queueing time: mean = 84.986 us, max = 26.134 ms, min = -0.029 s, total = 117.281 ms
	NodeManagerService.grpc_client.ReportWorkerBacklog - 1380 total (0 active), Execution time: mean = 714.824 us, total = 986.457 ms, Queueing time: mean = 0.000 s, max = -0.000 s, min = 9223372036.855 s, total = 0.000 s
	NodeManagerService.grpc_client.ReportWorkerBacklog.OnReplyReceived - 1380 total (0 active), Execution time: mean = 17.897 us, total = 24.698 ms, Queueing time: mean = 35.536 us, max = 1.252 ms, min = 8.470 us, total = 49.040 ms
	CoreWorker.ExitIfParentRayletDies - 1380 total (1 active), Execution time: mean = 10.956 us, total = 15.119 ms, Queueing time: mean = 114.216 us, max = 26.130 ms, min = -0.028 s, total = 157.618 ms
	CoreWorker.RecordMetrics - 276 total (1 active), Execution time: mean = 18.607 us, total = 5.135 ms, Queueing time: mean = 54.406 us, max = 16.947 ms, min = -0.014 s, total = 15.016 ms
	CoreWorker.GCStreamingGeneratorMetadata - 138 total (1 active), Execution time: mean = 4.065 us, total = 561.011 us, Queueing time: mean = 73.043 us, max = 16.592 ms, min = -0.015 s, total = 10.080 ms
	CoreWorker.PrintEventStats - 23 total (1 active, 1 running), Execution time: mean = 183.374 us, total = 4.218 ms, Queueing time: mean = 235.018 us, max = 3.479 ms, min = -0.001 s, total = 5.405 ms
	PeriodicalRunner.RunFnPeriodically - 7 total (0 active), Execution time: mean = 807.569 us, total = 5.653 ms, Queueing time: mean = 2.326 ms, max = 5.637 ms, min = 27.130 us, total = 16.284 ms
	Publisher.CheckDeadSubscribers - 5 total (1 active), Execution time: mean = 3.546 us, total = 17.728 us, Queueing time: mean = 281.214 us, max = 986.020 us, min = 97.411 us, total = 1.406 ms
	ray::rpc::InternalPubSubGcsService.grpc_client.GcsSubscriberPoll - 4 total (1 active), Execution time: mean = 299.677 s, total = 1198.707 s, Queueing time: mean = 0.000 s, max = -0.000 s, min = 9223372036.855 s, total = 0.000 s
	ray::rpc::InternalPubSubGcsService.grpc_client.GcsSubscriberPoll.OnReplyReceived - 3 total (0 active), Execution time: mean = 115.700 us, total = 347.101 us, Queueing time: mean = 30.007 us, max = 41.478 us, min = 20.530 us, total = 90.021 us
	ray::rpc::InternalPubSubGcsService.grpc_client.GcsSubscriberCommandBatch - 1 total (0 active), Execution time: mean = 8.130 ms, total = 8.130 ms, Queueing time: mean = 0.000 s, max = -0.000 s, min = 9223372036.855 s, total = 0.000 s
	ray::rpc::InternalPubSubGcsService.grpc_client.GcsSubscriberCommandBatch.OnReplyReceived - 1 total (0 active), Execution time: mean = 91.946 us, total = 91.946 us, Queueing time: mean = 269.678 us, max = 269.678 us, min = 269.678 us, total = 269.678 us
	ray::rpc::NodeInfoGcsService.grpc_client.GetAllNodeInfo.OnReplyReceived - 1 total (0 active), Execution time: mean = 73.394 us, total = 73.394 us, Queueing time: mean = 10.852 us, max = 10.852 us, min = 10.852 us, total = 10.852 us
	ray::rpc::WorkerInfoGcsService.grpc_client.AddWorkerInfo.OnReplyReceived - 1 total (0 active), Execution time: mean = 24.869 us, total = 24.869 us, Queueing time: mean = 39.800 us, max = 39.800 us, min = 39.800 us, total = 39.800 us
	ray::rpc::NodeInfoGcsService.grpc_client.GetAllNodeInfo - 1 total (0 active), Execution time: mean = 1.344 ms, total = 1.344 ms, Queueing time: mean = 0.000 s, max = -0.000 s, min = 9223372036.855 s, total = 0.000 s
	ray::rpc::WorkerInfoGcsService.grpc_client.AddWorkerInfo - 1 total (0 active), Execution time: mean = 8.016 ms, total = 8.016 ms, Queueing time: mean = 0.000 s, max = -0.000 s, min = 9223372036.855 s, total = 0.000 s

-----------------
Task Event stats:

IO Service Stats:

Global stats: 4141 total (1 active)
Queueing time: mean = 210.816 us, max = 26.127 ms, min = -0.015 s, total = 872.989 ms
Execution time:  mean = 225.225 us, total = 932.656 ms
Event stats:
	ray::rpc::TaskInfoGcsService.grpc_client.AddTaskEventData - 1380 total (0 active), Execution time: mean = 533.818 us, total = 736.669 ms, Queueing time: mean = 0.000 s, max = -0.000 s, min = 9223372036.855 s, total = 0.000 s
	CoreWorker.deadline_timer.flush_task_events - 1380 total (1 active), Execution time: mean = 122.241 us, total = 168.692 ms, Queueing time: mean = 598.251 us, max = 26.127 ms, min = -0.015 s, total = 825.586 ms
	ray::rpc::TaskInfoGcsService.grpc_client.AddTaskEventData.OnReplyReceived - 1380 total (0 active), Execution time: mean = 19.693 us, total = 27.177 ms, Queueing time: mean = 29.707 us, max = 248.089 us, min = 7.947 us, total = 40.996 ms
	PeriodicalRunner.RunFnPeriodically - 1 total (0 active), Execution time: mean = 118.162 us, total = 118.162 us, Queueing time: mean = 6.407 ms, max = 6.407 ms, min = 6.407 ms, total = 6.407 ms
Other Stats:
	grpc_in_progress:0
	current number of task status events in buffer: 0
	current number of profile events in buffer: 0
	current number of dropped task attempts tracked: 0
	total task events sent: 0 MiB
	total number of task attempts sent: 0
	total number of task attempts dropped reported: 0
	total number of sent failure: 0
	num status task events dropped: 0
	num profile task events dropped: 0


[2025-02-15 21:25:18,482 I 433 1004] core_worker.cc:642: Event stats:


Global stats: 20622 total (8 active)
Queueing time: mean = 110.638 us, max = 26.134 ms, min = -0.029 s, total = 2.282 s
Execution time:  mean = 58.195 ms, total = 1200.095 s
Event stats:
	CoreWorker.RecoverObjects - 14381 total (1 active), Execution time: mean = 6.096 us, total = 87.673 ms, Queueing time: mean = 128.822 us, max = 11.397 ms, min = -0.015 s, total = 1.853 s
	CoreWorker.InternalHeartbeat - 1440 total (1 active), Execution time: mean = 144.237 us, total = 207.701 ms, Queueing time: mean = 83.597 us, max = 26.134 ms, min = -0.029 s, total = 120.380 ms
	NodeManagerService.grpc_client.ReportWorkerBacklog - 1440 total (0 active), Execution time: mean = 706.802 us, total = 1.018 s, Queueing time: mean = 0.000 s, max = -0.000 s, min = 9223372036.855 s, total = 0.000 s
	NodeManagerService.grpc_client.ReportWorkerBacklog.OnReplyReceived - 1440 total (0 active), Execution time: mean = 17.759 us, total = 25.574 ms, Queueing time: mean = 35.345 us, max = 1.252 ms, min = 8.470 us, total = 50.897 ms
	CoreWorker.ExitIfParentRayletDies - 1440 total (1 active), Execution time: mean = 10.765 us, total = 15.502 ms, Queueing time: mean = 141.753 us, max = 26.130 ms, min = -0.028 s, total = 204.124 ms
	CoreWorker.RecordMetrics - 288 total (1 active), Execution time: mean = 18.413 us, total = 5.303 ms, Queueing time: mean = 53.643 us, max = 16.947 ms, min = -0.014 s, total = 15.449 ms
	CoreWorker.GCStreamingGeneratorMetadata - 144 total (1 active), Execution time: mean = 4.010 us, total = 577.437 us, Queueing time: mean = 101.377 us, max = 16.592 ms, min = -0.015 s, total = 14.598 ms
	CoreWorker.PrintEventStats - 24 total (1 active, 1 running), Execution time: mean = 181.703 us, total = 4.361 ms, Queueing time: mean = 226.374 us, max = 3.479 ms, min = -0.001 s, total = 5.433 ms
	PeriodicalRunner.RunFnPeriodically - 7 total (0 active), Execution time: mean = 807.569 us, total = 5.653 ms, Queueing time: mean = 2.326 ms, max = 5.637 ms, min = 27.130 us, total = 16.284 ms
	Publisher.CheckDeadSubscribers - 5 total (1 active), Execution time: mean = 3.546 us, total = 17.728 us, Queueing time: mean = 281.214 us, max = 986.020 us, min = 97.411 us, total = 1.406 ms
	ray::rpc::InternalPubSubGcsService.grpc_client.GcsSubscriberPoll - 4 total (1 active), Execution time: mean = 299.677 s, total = 1198.707 s, Queueing time: mean = 0.000 s, max = -0.000 s, min = 9223372036.855 s, total = 0.000 s
	ray::rpc::InternalPubSubGcsService.grpc_client.GcsSubscriberPoll.OnReplyReceived - 3 total (0 active), Execution time: mean = 115.700 us, total = 347.101 us, Queueing time: mean = 30.007 us, max = 41.478 us, min = 20.530 us, total = 90.021 us
	ray::rpc::InternalPubSubGcsService.grpc_client.GcsSubscriberCommandBatch - 1 total (0 active), Execution time: mean = 8.130 ms, total = 8.130 ms, Queueing time: mean = 0.000 s, max = -0.000 s, min = 9223372036.855 s, total = 0.000 s
	ray::rpc::InternalPubSubGcsService.grpc_client.GcsSubscriberCommandBatch.OnReplyReceived - 1 total (0 active), Execution time: mean = 91.946 us, total = 91.946 us, Queueing time: mean = 269.678 us, max = 269.678 us, min = 269.678 us, total = 269.678 us
	ray::rpc::NodeInfoGcsService.grpc_client.GetAllNodeInfo.OnReplyReceived - 1 total (0 active), Execution time: mean = 73.394 us, total = 73.394 us, Queueing time: mean = 10.852 us, max = 10.852 us, min = 10.852 us, total = 10.852 us
	ray::rpc::WorkerInfoGcsService.grpc_client.AddWorkerInfo.OnReplyReceived - 1 total (0 active), Execution time: mean = 24.869 us, total = 24.869 us, Queueing time: mean = 39.800 us, max = 39.800 us, min = 39.800 us, total = 39.800 us
	ray::rpc::NodeInfoGcsService.grpc_client.GetAllNodeInfo - 1 total (0 active), Execution time: mean = 1.344 ms, total = 1.344 ms, Queueing time: mean = 0.000 s, max = -0.000 s, min = 9223372036.855 s, total = 0.000 s
	ray::rpc::WorkerInfoGcsService.grpc_client.AddWorkerInfo - 1 total (0 active), Execution time: mean = 8.016 ms, total = 8.016 ms, Queueing time: mean = 0.000 s, max = -0.000 s, min = 9223372036.855 s, total = 0.000 s

-----------------
Task Event stats:

IO Service Stats:

Global stats: 4318 total (1 active)
Queueing time: mean = 212.564 us, max = 26.127 ms, min = -0.015 s, total = 917.853 ms
Execution time:  mean = 223.394 us, total = 964.614 ms
Event stats:
	ray::rpc::TaskInfoGcsService.grpc_client.AddTaskEventData - 1439 total (0 active), Execution time: mean = 529.055 us, total = 761.311 ms, Queueing time: mean = 0.000 s, max = -0.000 s, min = 9223372036.855 s, total = 0.000 s
	CoreWorker.deadline_timer.flush_task_events - 1439 total (1 active), Execution time: mean = 121.591 us, total = 174.969 ms, Queueing time: mean = 603.984 us, max = 26.127 ms, min = -0.015 s, total = 869.133 ms
	ray::rpc::TaskInfoGcsService.grpc_client.AddTaskEventData.OnReplyReceived - 1439 total (0 active), Execution time: mean = 19.608 us, total = 28.216 ms, Queueing time: mean = 29.405 us, max = 248.089 us, min = 7.947 us, total = 42.313 ms
	PeriodicalRunner.RunFnPeriodically - 1 total (0 active), Execution time: mean = 118.162 us, total = 118.162 us, Queueing time: mean = 6.407 ms, max = 6.407 ms, min = 6.407 ms, total = 6.407 ms
Other Stats:
	grpc_in_progress:0
	current number of task status events in buffer: 0
	current number of profile events in buffer: 0
	current number of dropped task attempts tracked: 0
	total task events sent: 0 MiB
	total number of task attempts sent: 0
	total number of task attempts dropped reported: 0
	total number of sent failure: 0
	num status task events dropped: 0
	num profile task events dropped: 0


[2025-02-15 21:26:18,482 I 433 1004] core_worker.cc:642: Event stats:


Global stats: 21484 total (8 active)
Queueing time: mean = 111.784 us, max = 30.360 ms, min = -0.029 s, total = 2.402 s
Execution time:  mean = 69.835 ms, total = 1500.343 s
Event stats:
	CoreWorker.RecoverObjects - 14981 total (1 active), Execution time: mean = 6.051 us, total = 90.656 ms, Queueing time: mean = 127.220 us, max = 11.397 ms, min = -0.015 s, total = 1.906 s
	CoreWorker.InternalHeartbeat - 1500 total (1 active), Execution time: mean = 142.099 us, total = 213.149 ms, Queueing time: mean = 82.608 us, max = 29.634 ms, min = -0.029 s, total = 123.911 ms
	NodeManagerService.grpc_client.ReportWorkerBacklog - 1500 total (0 active), Execution time: mean = 695.082 us, total = 1.043 s, Queueing time: mean = 0.000 s, max = -0.000 s, min = 9223372036.855 s, total = 0.000 s
	NodeManagerService.grpc_client.ReportWorkerBacklog.OnReplyReceived - 1500 total (0 active), Execution time: mean = 17.525 us, total = 26.287 ms, Queueing time: mean = 34.979 us, max = 1.252 ms, min = 8.470 us, total = 52.469 ms
	CoreWorker.ExitIfParentRayletDies - 1500 total (1 active), Execution time: mean = 10.623 us, total = 15.935 ms, Queueing time: mean = 172.567 us, max = 30.360 ms, min = -0.028 s, total = 258.851 ms
	CoreWorker.RecordMetrics - 300 total (1 active), Execution time: mean = 18.319 us, total = 5.496 ms, Queueing time: mean = 52.066 us, max = 16.947 ms, min = -0.014 s, total = 15.620 ms
	CoreWorker.GCStreamingGeneratorMetadata - 150 total (1 active), Execution time: mean = 3.980 us, total = 596.988 us, Queueing time: mean = 141.984 us, max = 16.592 ms, min = -0.015 s, total = 21.298 ms
	CoreWorker.PrintEventStats - 25 total (1 active, 1 running), Execution time: mean = 180.262 us, total = 4.507 ms, Queueing time: mean = 221.951 us, max = 3.479 ms, min = -0.001 s, total = 5.549 ms
	PeriodicalRunner.RunFnPeriodically - 7 total (0 active), Execution time: mean = 807.569 us, total = 5.653 ms, Queueing time: mean = 2.326 ms, max = 5.637 ms, min = 27.130 us, total = 16.284 ms
	Publisher.CheckDeadSubscribers - 6 total (1 active), Execution time: mean = 3.463 us, total = 20.780 us, Queueing time: mean = 209.974 us, max = 986.020 us, min = -0.000 s, total = 1.260 ms
	ray::rpc::InternalPubSubGcsService.grpc_client.GcsSubscriberPoll - 5 total (1 active), Execution time: mean = 299.784 s, total = 1498.920 s, Queueing time: mean = 0.000 s, max = -0.000 s, min = 9223372036.855 s, total = 0.000 s
	ray::rpc::InternalPubSubGcsService.grpc_client.GcsSubscriberPoll.OnReplyReceived - 4 total (0 active), Execution time: mean = 110.487 us, total = 441.948 us, Queueing time: mean = 29.236 us, max = 41.478 us, min = 20.530 us, total = 116.946 us
	ray::rpc::InternalPubSubGcsService.grpc_client.GcsSubscriberCommandBatch - 1 total (0 active), Execution time: mean = 8.130 ms, total = 8.130 ms, Queueing time: mean = 0.000 s, max = -0.000 s, min = 9223372036.855 s, total = 0.000 s
	ray::rpc::InternalPubSubGcsService.grpc_client.GcsSubscriberCommandBatch.OnReplyReceived - 1 total (0 active), Execution time: mean = 91.946 us, total = 91.946 us, Queueing time: mean = 269.678 us, max = 269.678 us, min = 269.678 us, total = 269.678 us
	ray::rpc::NodeInfoGcsService.grpc_client.GetAllNodeInfo.OnReplyReceived - 1 total (0 active), Execution time: mean = 73.394 us, total = 73.394 us, Queueing time: mean = 10.852 us, max = 10.852 us, min = 10.852 us, total = 10.852 us
	ray::rpc::WorkerInfoGcsService.grpc_client.AddWorkerInfo.OnReplyReceived - 1 total (0 active), Execution time: mean = 24.869 us, total = 24.869 us, Queueing time: mean = 39.800 us, max = 39.800 us, min = 39.800 us, total = 39.800 us
	ray::rpc::NodeInfoGcsService.grpc_client.GetAllNodeInfo - 1 total (0 active), Execution time: mean = 1.344 ms, total = 1.344 ms, Queueing time: mean = 0.000 s, max = -0.000 s, min = 9223372036.855 s, total = 0.000 s
	ray::rpc::WorkerInfoGcsService.grpc_client.AddWorkerInfo - 1 total (0 active), Execution time: mean = 8.016 ms, total = 8.016 ms, Queueing time: mean = 0.000 s, max = -0.000 s, min = 9223372036.855 s, total = 0.000 s

-----------------
Task Event stats:

IO Service Stats:

Global stats: 4498 total (1 active)
Queueing time: mean = 215.281 us, max = 30.205 ms, min = -0.015 s, total = 968.334 ms
Execution time:  mean = 222.765 us, total = 1.002 s
Event stats:
	ray::rpc::TaskInfoGcsService.grpc_client.AddTaskEventData - 1499 total (0 active), Execution time: mean = 527.441 us, total = 790.634 ms, Queueing time: mean = 0.000 s, max = -0.000 s, min = 9223372036.855 s, total = 0.000 s
	CoreWorker.deadline_timer.flush_task_events - 1499 total (1 active), Execution time: mean = 121.379 us, total = 181.947 ms, Queueing time: mean = 612.241 us, max = 30.205 ms, min = -0.015 s, total = 917.749 ms
	ray::rpc::TaskInfoGcsService.grpc_client.AddTaskEventData.OnReplyReceived - 1499 total (0 active), Execution time: mean = 19.546 us, total = 29.299 ms, Queueing time: mean = 29.471 us, max = 248.089 us, min = 7.947 us, total = 44.178 ms
	PeriodicalRunner.RunFnPeriodically - 1 total (0 active), Execution time: mean = 118.162 us, total = 118.162 us, Queueing time: mean = 6.407 ms, max = 6.407 ms, min = 6.407 ms, total = 6.407 ms
Other Stats:
	grpc_in_progress:0
	current number of task status events in buffer: 0
	current number of profile events in buffer: 0
	current number of dropped task attempts tracked: 0
	total task events sent: 0 MiB
	total number of task attempts sent: 0
	total number of task attempts dropped reported: 0
	total number of sent failure: 0
	num status task events dropped: 0
	num profile task events dropped: 0


[2025-02-15 21:27:18,482 I 433 1004] core_worker.cc:642: Event stats:


Global stats: 22342 total (8 active)
Queueing time: mean = 112.309 us, max = 30.360 ms, min = -0.031 s, total = 2.509 s
Execution time:  mean = 67.155 ms, total = 1500.378 s
Event stats:
	CoreWorker.RecoverObjects - 15580 total (1 active), Execution time: mean = 6.004 us, total = 93.549 ms, Queueing time: mean = 125.789 us, max = 11.397 ms, min = -0.015 s, total = 1.960 s
	CoreWorker.InternalHeartbeat - 1560 total (1 active), Execution time: mean = 140.131 us, total = 218.604 ms, Queueing time: mean = 81.366 us, max = 30.351 ms, min = -0.031 s, total = 126.931 ms
	NodeManagerService.grpc_client.ReportWorkerBacklog - 1560 total (0 active), Execution time: mean = 684.622 us, total = 1.068 s, Queueing time: mean = 0.000 s, max = -0.000 s, min = 9223372036.855 s, total = 0.000 s
	NodeManagerService.grpc_client.ReportWorkerBacklog.OnReplyReceived - 1560 total (0 active), Execution time: mean = 17.322 us, total = 27.023 ms, Queueing time: mean = 34.661 us, max = 1.252 ms, min = 8.470 us, total = 54.071 ms
	CoreWorker.ExitIfParentRayletDies - 1560 total (1 active), Execution time: mean = 10.492 us, total = 16.368 ms, Queueing time: mean = 202.007 us, max = 30.360 ms, min = -0.028 s, total = 315.130 ms
	CoreWorker.RecordMetrics - 312 total (1 active), Execution time: mean = 18.306 us, total = 5.711 ms, Queueing time: mean = 52.115 us, max = 18.821 ms, min = -0.016 s, total = 16.260 ms
	CoreWorker.GCStreamingGeneratorMetadata - 156 total (1 active), Execution time: mean = 3.928 us, total = 612.822 us, Queueing time: mean = 87.490 us, max = 18.777 ms, min = -0.018 s, total = 13.648 ms
	CoreWorker.PrintEventStats - 26 total (1 active, 1 running), Execution time: mean = 179.181 us, total = 4.659 ms, Queueing time: mean = 207.179 us, max = 3.479 ms, min = -0.001 s, total = 5.387 ms
	PeriodicalRunner.RunFnPeriodically - 7 total (0 active), Execution time: mean = 807.569 us, total = 5.653 ms, Queueing time: mean = 2.326 ms, max = 5.637 ms, min = 27.130 us, total = 16.284 ms
	Publisher.CheckDeadSubscribers - 6 total (1 active), Execution time: mean = 3.463 us, total = 20.780 us, Queueing time: mean = 209.974 us, max = 986.020 us, min = -0.000 s, total = 1.260 ms
	ray::rpc::InternalPubSubGcsService.grpc_client.GcsSubscriberPoll - 5 total (1 active), Execution time: mean = 299.784 s, total = 1498.920 s, Queueing time: mean = 0.000 s, max = -0.000 s, min = 9223372036.855 s, total = 0.000 s
	ray::rpc::InternalPubSubGcsService.grpc_client.GcsSubscriberPoll.OnReplyReceived - 4 total (0 active), Execution time: mean = 110.487 us, total = 441.948 us, Queueing time: mean = 29.236 us, max = 41.478 us, min = 20.530 us, total = 116.946 us
	ray::rpc::InternalPubSubGcsService.grpc_client.GcsSubscriberCommandBatch - 1 total (0 active), Execution time: mean = 8.130 ms, total = 8.130 ms, Queueing time: mean = 0.000 s, max = -0.000 s, min = 9223372036.855 s, total = 0.000 s
	ray::rpc::InternalPubSubGcsService.grpc_client.GcsSubscriberCommandBatch.OnReplyReceived - 1 total (0 active), Execution time: mean = 91.946 us, total = 91.946 us, Queueing time: mean = 269.678 us, max = 269.678 us, min = 269.678 us, total = 269.678 us
	ray::rpc::NodeInfoGcsService.grpc_client.GetAllNodeInfo.OnReplyReceived - 1 total (0 active), Execution time: mean = 73.394 us, total = 73.394 us, Queueing time: mean = 10.852 us, max = 10.852 us, min = 10.852 us, total = 10.852 us
	ray::rpc::WorkerInfoGcsService.grpc_client.AddWorkerInfo.OnReplyReceived - 1 total (0 active), Execution time: mean = 24.869 us, total = 24.869 us, Queueing time: mean = 39.800 us, max = 39.800 us, min = 39.800 us, total = 39.800 us
	ray::rpc::NodeInfoGcsService.grpc_client.GetAllNodeInfo - 1 total (0 active), Execution time: mean = 1.344 ms, total = 1.344 ms, Queueing time: mean = 0.000 s, max = -0.000 s, min = 9223372036.855 s, total = 0.000 s
	ray::rpc::WorkerInfoGcsService.grpc_client.AddWorkerInfo - 1 total (0 active), Execution time: mean = 8.016 ms, total = 8.016 ms, Queueing time: mean = 0.000 s, max = -0.000 s, min = 9223372036.855 s, total = 0.000 s

-----------------
Task Event stats:

IO Service Stats:

Global stats: 4678 total (1 active)
Queueing time: mean = 218.323 us, max = 30.205 ms, min = -0.015 s, total = 1.021 s
Execution time:  mean = 222.512 us, total = 1.041 s
Event stats:
	ray::rpc::TaskInfoGcsService.grpc_client.AddTaskEventData - 1559 total (0 active), Execution time: mean = 526.990 us, total = 821.577 ms, Queueing time: mean = 0.000 s, max = -0.000 s, min = 9223372036.855 s, total = 0.000 s
	CoreWorker.deadline_timer.flush_task_events - 1559 total (1 active), Execution time: mean = 121.081 us, total = 188.765 ms, Queueing time: mean = 621.499 us, max = 30.205 ms, min = -0.015 s, total = 968.917 ms
	ray::rpc::TaskInfoGcsService.grpc_client.AddTaskEventData.OnReplyReceived - 1559 total (0 active), Execution time: mean = 19.532 us, total = 30.450 ms, Queueing time: mean = 29.500 us, max = 248.089 us, min = 7.947 us, total = 45.991 ms
	PeriodicalRunner.RunFnPeriodically - 1 total (0 active), Execution time: mean = 118.162 us, total = 118.162 us, Queueing time: mean = 6.407 ms, max = 6.407 ms, min = 6.407 ms, total = 6.407 ms
Other Stats:
	grpc_in_progress:0
	current number of task status events in buffer: 0
	current number of profile events in buffer: 0
	current number of dropped task attempts tracked: 0
	total task events sent: 0 MiB
	total number of task attempts sent: 0
	total number of task attempts dropped reported: 0
	total number of sent failure: 0
	num status task events dropped: 0
	num profile task events dropped: 0


[2025-02-15 21:28:18,482 I 433 1004] core_worker.cc:642: Event stats:


Global stats: 23201 total (8 active)
Queueing time: mean = 114.224 us, max = 30.360 ms, min = -0.031 s, total = 2.650 s
Execution time:  mean = 64.670 ms, total = 1500.416 s
Event stats:
	CoreWorker.RecoverObjects - 16180 total (1 active), Execution time: mean = 5.961 us, total = 96.446 ms, Queueing time: mean = 124.354 us, max = 11.397 ms, min = -0.015 s, total = 2.012 s
	CoreWorker.InternalHeartbeat - 1620 total (1 active), Execution time: mean = 139.096 us, total = 225.336 ms, Queueing time: mean = 90.792 us, max = 30.351 ms, min = -0.031 s, total = 147.084 ms
	NodeManagerService.grpc_client.ReportWorkerBacklog - 1620 total (0 active), Execution time: mean = 675.696 us, total = 1.095 s, Queueing time: mean = 0.000 s, max = -0.000 s, min = 9223372036.855 s, total = 0.000 s
	NodeManagerService.grpc_client.ReportWorkerBacklog.OnReplyReceived - 1620 total (0 active), Execution time: mean = 17.136 us, total = 27.760 ms, Queueing time: mean = 34.384 us, max = 1.252 ms, min = 8.470 us, total = 55.702 ms
	CoreWorker.ExitIfParentRayletDies - 1620 total (1 active), Execution time: mean = 10.364 us, total = 16.789 ms, Queueing time: mean = 227.794 us, max = 30.360 ms, min = -0.028 s, total = 369.026 ms
	CoreWorker.RecordMetrics - 324 total (1 active), Execution time: mean = 18.239 us, total = 5.910 ms, Queueing time: mean = 51.481 us, max = 19.494 ms, min = -0.017 s, total = 16.680 ms
	CoreWorker.GCStreamingGeneratorMetadata - 162 total (1 active), Execution time: mean = 3.929 us, total = 636.571 us, Queueing time: mean = 160.477 us, max = 18.777 ms, min = -0.018 s, total = 25.997 ms
	CoreWorker.PrintEventStats - 27 total (1 active, 1 running), Execution time: mean = 178.059 us, total = 4.808 ms, Queueing time: mean = 207.077 us, max = 3.479 ms, min = -0.001 s, total = 5.591 ms
	PeriodicalRunner.RunFnPeriodically - 7 total (0 active), Execution time: mean = 807.569 us, total = 5.653 ms, Queueing time: mean = 2.326 ms, max = 5.637 ms, min = 27.130 us, total = 16.284 ms
	Publisher.CheckDeadSubscribers - 6 total (1 active), Execution time: mean = 3.463 us, total = 20.780 us, Queueing time: mean = 209.974 us, max = 986.020 us, min = -0.000 s, total = 1.260 ms
	ray::rpc::InternalPubSubGcsService.grpc_client.GcsSubscriberPoll - 5 total (1 active), Execution time: mean = 299.784 s, total = 1498.920 s, Queueing time: mean = 0.000 s, max = -0.000 s, min = 9223372036.855 s, total = 0.000 s
	ray::rpc::InternalPubSubGcsService.grpc_client.GcsSubscriberPoll.OnReplyReceived - 4 total (0 active), Execution time: mean = 110.487 us, total = 441.948 us, Queueing time: mean = 29.236 us, max = 41.478 us, min = 20.530 us, total = 116.946 us
	ray::rpc::InternalPubSubGcsService.grpc_client.GcsSubscriberCommandBatch - 1 total (0 active), Execution time: mean = 8.130 ms, total = 8.130 ms, Queueing time: mean = 0.000 s, max = -0.000 s, min = 9223372036.855 s, total = 0.000 s
	ray::rpc::InternalPubSubGcsService.grpc_client.GcsSubscriberCommandBatch.OnReplyReceived - 1 total (0 active), Execution time: mean = 91.946 us, total = 91.946 us, Queueing time: mean = 269.678 us, max = 269.678 us, min = 269.678 us, total = 269.678 us
	ray::rpc::NodeInfoGcsService.grpc_client.GetAllNodeInfo.OnReplyReceived - 1 total (0 active), Execution time: mean = 73.394 us, total = 73.394 us, Queueing time: mean = 10.852 us, max = 10.852 us, min = 10.852 us, total = 10.852 us
	ray::rpc::WorkerInfoGcsService.grpc_client.AddWorkerInfo.OnReplyReceived - 1 total (0 active), Execution time: mean = 24.869 us, total = 24.869 us, Queueing time: mean = 39.800 us, max = 39.800 us, min = 39.800 us, total = 39.800 us
	ray::rpc::NodeInfoGcsService.grpc_client.GetAllNodeInfo - 1 total (0 active), Execution time: mean = 1.344 ms, total = 1.344 ms, Queueing time: mean = 0.000 s, max = -0.000 s, min = 9223372036.855 s, total = 0.000 s
	ray::rpc::WorkerInfoGcsService.grpc_client.AddWorkerInfo - 1 total (0 active), Execution time: mean = 8.016 ms, total = 8.016 ms, Queueing time: mean = 0.000 s, max = -0.000 s, min = 9223372036.855 s, total = 0.000 s

-----------------
Task Event stats:

IO Service Stats:

Global stats: 4858 total (1 active)
Queueing time: mean = 220.717 us, max = 30.205 ms, min = -0.015 s, total = 1.072 s
Execution time:  mean = 220.297 us, total = 1.070 s
Event stats:
	ray::rpc::TaskInfoGcsService.grpc_client.AddTaskEventData - 1619 total (0 active), Execution time: mean = 521.393 us, total = 844.135 ms, Queueing time: mean = 0.000 s, max = -0.000 s, min = 9223372036.855 s, total = 0.000 s
	CoreWorker.deadline_timer.flush_task_events - 1619 total (1 active), Execution time: mean = 120.183 us, total = 194.576 ms, Queueing time: mean = 629.033 us, max = 30.205 ms, min = -0.015 s, total = 1.018 s
	ray::rpc::TaskInfoGcsService.grpc_client.AddTaskEventData.OnReplyReceived - 1619 total (0 active), Execution time: mean = 19.378 us, total = 31.372 ms, Queueing time: mean = 29.296 us, max = 248.089 us, min = 7.947 us, total = 47.430 ms
	PeriodicalRunner.RunFnPeriodically - 1 total (0 active), Execution time: mean = 118.162 us, total = 118.162 us, Queueing time: mean = 6.407 ms, max = 6.407 ms, min = 6.407 ms, total = 6.407 ms
Other Stats:
	grpc_in_progress:0
	current number of task status events in buffer: 0
	current number of profile events in buffer: 0
	current number of dropped task attempts tracked: 0
	total task events sent: 0 MiB
	total number of task attempts sent: 0
	total number of task attempts dropped reported: 0
	total number of sent failure: 0
	num status task events dropped: 0
	num profile task events dropped: 0


[2025-02-15 21:29:18,482 I 433 1004] core_worker.cc:642: Event stats:


Global stats: 24059 total (8 active)
Queueing time: mean = 116.815 us, max = 30.360 ms, min = -0.031 s, total = 2.810 s
Execution time:  mean = 62.366 ms, total = 1500.467 s
Event stats:
	CoreWorker.RecoverObjects - 16779 total (1 active), Execution time: mean = 6.006 us, total = 100.779 ms, Queueing time: mean = 123.357 us, max = 11.397 ms, min = -0.017 s, total = 2.070 s
	CoreWorker.InternalHeartbeat - 1680 total (1 active), Execution time: mean = 138.894 us, total = 233.341 ms, Queueing time: mean = 118.279 us, max = 30.351 ms, min = -0.031 s, total = 198.709 ms
	NodeManagerService.grpc_client.ReportWorkerBacklog - 1680 total (0 active), Execution time: mean = 673.116 us, total = 1.131 s, Queueing time: mean = 0.000 s, max = -0.000 s, min = 9223372036.855 s, total = 0.000 s
	NodeManagerService.grpc_client.ReportWorkerBacklog.OnReplyReceived - 1680 total (0 active), Execution time: mean = 17.187 us, total = 28.874 ms, Queueing time: mean = 34.270 us, max = 1.252 ms, min = 8.470 us, total = 57.574 ms
	CoreWorker.ExitIfParentRayletDies - 1680 total (1 active), Execution time: mean = 10.364 us, total = 17.412 ms, Queueing time: mean = 254.824 us, max = 30.360 ms, min = -0.028 s, total = 428.105 ms
	CoreWorker.RecordMetrics - 336 total (1 active), Execution time: mean = 18.322 us, total = 6.156 ms, Queueing time: mean = 51.505 us, max = 19.494 ms, min = -0.017 s, total = 17.306 ms
	CoreWorker.GCStreamingGeneratorMetadata - 168 total (1 active), Execution time: mean = 4.001 us, total = 672.228 us, Queueing time: mean = 91.617 us, max = 18.777 ms, min = -0.018 s, total = 15.392 ms
	CoreWorker.PrintEventStats - 28 total (1 active, 1 running), Execution time: mean = 177.250 us, total = 4.963 ms, Queueing time: mean = 199.105 us, max = 3.479 ms, min = -0.001 s, total = 5.575 ms
	PeriodicalRunner.RunFnPeriodically - 7 total (0 active), Execution time: mean = 807.569 us, total = 5.653 ms, Queueing time: mean = 2.326 ms, max = 5.637 ms, min = 27.130 us, total = 16.284 ms
	Publisher.CheckDeadSubscribers - 6 total (1 active), Execution time: mean = 3.463 us, total = 20.780 us, Queueing time: mean = 209.974 us, max = 986.020 us, min = -0.000 s, total = 1.260 ms
	ray::rpc::InternalPubSubGcsService.grpc_client.GcsSubscriberPoll - 5 total (1 active), Execution time: mean = 299.784 s, total = 1498.920 s, Queueing time: mean = 0.000 s, max = -0.000 s, min = 9223372036.855 s, total = 0.000 s
	ray::rpc::InternalPubSubGcsService.grpc_client.GcsSubscriberPoll.OnReplyReceived - 4 total (0 active), Execution time: mean = 110.487 us, total = 441.948 us, Queueing time: mean = 29.236 us, max = 41.478 us, min = 20.530 us, total = 116.946 us
	ray::rpc::InternalPubSubGcsService.grpc_client.GcsSubscriberCommandBatch - 1 total (0 active), Execution time: mean = 8.130 ms, total = 8.130 ms, Queueing time: mean = 0.000 s, max = -0.000 s, min = 9223372036.855 s, total = 0.000 s
	ray::rpc::InternalPubSubGcsService.grpc_client.GcsSubscriberCommandBatch.OnReplyReceived - 1 total (0 active), Execution time: mean = 91.946 us, total = 91.946 us, Queueing time: mean = 269.678 us, max = 269.678 us, min = 269.678 us, total = 269.678 us
	ray::rpc::NodeInfoGcsService.grpc_client.GetAllNodeInfo.OnReplyReceived - 1 total (0 active), Execution time: mean = 73.394 us, total = 73.394 us, Queueing time: mean = 10.852 us, max = 10.852 us, min = 10.852 us, total = 10.852 us
	ray::rpc::WorkerInfoGcsService.grpc_client.AddWorkerInfo.OnReplyReceived - 1 total (0 active), Execution time: mean = 24.869 us, total = 24.869 us, Queueing time: mean = 39.800 us, max = 39.800 us, min = 39.800 us, total = 39.800 us
	ray::rpc::NodeInfoGcsService.grpc_client.GetAllNodeInfo - 1 total (0 active), Execution time: mean = 1.344 ms, total = 1.344 ms, Queueing time: mean = 0.000 s, max = -0.000 s, min = 9223372036.855 s, total = 0.000 s
	ray::rpc::WorkerInfoGcsService.grpc_client.AddWorkerInfo - 1 total (0 active), Execution time: mean = 8.016 ms, total = 8.016 ms, Queueing time: mean = 0.000 s, max = -0.000 s, min = 9223372036.855 s, total = 0.000 s

-----------------
Task Event stats:

IO Service Stats:

Global stats: 5038 total (1 active)
Queueing time: mean = 223.760 us, max = 30.205 ms, min = -0.015 s, total = 1.127 s
Execution time:  mean = 221.016 us, total = 1.113 s
Event stats:
	ray::rpc::TaskInfoGcsService.grpc_client.AddTaskEventData - 1679 total (0 active), Execution time: mean = 523.321 us, total = 878.655 ms, Queueing time: mean = 0.000 s, max = -0.000 s, min = 9223372036.855 s, total = 0.000 s
	CoreWorker.deadline_timer.flush_task_events - 1679 total (1 active), Execution time: mean = 120.245 us, total = 201.891 ms, Queueing time: mean = 638.042 us, max = 30.205 ms, min = -0.015 s, total = 1.071 s
	ray::rpc::TaskInfoGcsService.grpc_client.AddTaskEventData.OnReplyReceived - 1679 total (0 active), Execution time: mean = 19.545 us, total = 32.816 ms, Queueing time: mean = 29.557 us, max = 248.089 us, min = 7.947 us, total = 49.626 ms
	PeriodicalRunner.RunFnPeriodically - 1 total (0 active), Execution time: mean = 118.162 us, total = 118.162 us, Queueing time: mean = 6.407 ms, max = 6.407 ms, min = 6.407 ms, total = 6.407 ms
Other Stats:
	grpc_in_progress:0
	current number of task status events in buffer: 0
	current number of profile events in buffer: 0
	current number of dropped task attempts tracked: 0
	total task events sent: 0 MiB
	total number of task attempts sent: 0
	total number of task attempts dropped reported: 0
	total number of sent failure: 0
	num status task events dropped: 0
	num profile task events dropped: 0


[2025-02-15 21:30:18,483 I 433 1004] core_worker.cc:642: Event stats:


Global stats: 24918 total (8 active)
Queueing time: mean = 119.307 us, max = 34.754 ms, min = -0.031 s, total = 2.973 s
Execution time:  mean = 60.218 ms, total = 1500.504 s
Event stats:
	CoreWorker.RecoverObjects - 17379 total (1 active), Execution time: mean = 6.013 us, total = 104.497 ms, Queueing time: mean = 122.197 us, max = 11.397 ms, min = -0.017 s, total = 2.124 s
	CoreWorker.InternalHeartbeat - 1740 total (1 active), Execution time: mean = 137.612 us, total = 239.446 ms, Queueing time: mean = 142.890 us, max = 34.753 ms, min = -0.031 s, total = 248.628 ms
	NodeManagerService.grpc_client.ReportWorkerBacklog - 1740 total (0 active), Execution time: mean = 664.520 us, total = 1.156 s, Queueing time: mean = 0.000 s, max = -0.000 s, min = 9223372036.855 s, total = 0.000 s
	NodeManagerService.grpc_client.ReportWorkerBacklog.OnReplyReceived - 1740 total (0 active), Execution time: mean = 17.043 us, total = 29.655 ms, Queueing time: mean = 33.884 us, max = 1.252 ms, min = 4.459 us, total = 58.957 ms
	CoreWorker.ExitIfParentRayletDies - 1740 total (1 active), Execution time: mean = 10.291 us, total = 17.906 ms, Queueing time: mean = 278.356 us, max = 34.754 ms, min = -0.028 s, total = 484.340 ms
	CoreWorker.RecordMetrics - 348 total (1 active), Execution time: mean = 18.314 us, total = 6.373 ms, Queueing time: mean = 54.793 us, max = 19.494 ms, min = -0.017 s, total = 19.068 ms
	CoreWorker.GCStreamingGeneratorMetadata - 174 total (1 active), Execution time: mean = 4.048 us, total = 704.381 us, Queueing time: mean = 84.464 us, max = 18.777 ms, min = -0.018 s, total = 14.697 ms
	CoreWorker.PrintEventStats - 29 total (1 active, 1 running), Execution time: mean = 176.952 us, total = 5.132 ms, Queueing time: mean = 191.852 us, max = 3.479 ms, min = -0.001 s, total = 5.564 ms
	PeriodicalRunner.RunFnPeriodically - 7 total (0 active), Execution time: mean = 807.569 us, total = 5.653 ms, Queueing time: mean = 2.326 ms, max = 5.637 ms, min = 27.130 us, total = 16.284 ms
	Publisher.CheckDeadSubscribers - 6 total (1 active), Execution time: mean = 3.463 us, total = 20.780 us, Queueing time: mean = 209.974 us, max = 986.020 us, min = -0.000 s, total = 1.260 ms
	ray::rpc::InternalPubSubGcsService.grpc_client.GcsSubscriberPoll - 5 total (1 active), Execution time: mean = 299.784 s, total = 1498.920 s, Queueing time: mean = 0.000 s, max = -0.000 s, min = 9223372036.855 s, total = 0.000 s
	ray::rpc::InternalPubSubGcsService.grpc_client.GcsSubscriberPoll.OnReplyReceived - 4 total (0 active), Execution time: mean = 110.487 us, total = 441.948 us, Queueing time: mean = 29.236 us, max = 41.478 us, min = 20.530 us, total = 116.946 us
	ray::rpc::InternalPubSubGcsService.grpc_client.GcsSubscriberCommandBatch - 1 total (0 active), Execution time: mean = 8.130 ms, total = 8.130 ms, Queueing time: mean = 0.000 s, max = -0.000 s, min = 9223372036.855 s, total = 0.000 s
	ray::rpc::InternalPubSubGcsService.grpc_client.GcsSubscriberCommandBatch.OnReplyReceived - 1 total (0 active), Execution time: mean = 91.946 us, total = 91.946 us, Queueing time: mean = 269.678 us, max = 269.678 us, min = 269.678 us, total = 269.678 us
	ray::rpc::NodeInfoGcsService.grpc_client.GetAllNodeInfo.OnReplyReceived - 1 total (0 active), Execution time: mean = 73.394 us, total = 73.394 us, Queueing time: mean = 10.852 us, max = 10.852 us, min = 10.852 us, total = 10.852 us
	ray::rpc::WorkerInfoGcsService.grpc_client.AddWorkerInfo.OnReplyReceived - 1 total (0 active), Execution time: mean = 24.869 us, total = 24.869 us, Queueing time: mean = 39.800 us, max = 39.800 us, min = 39.800 us, total = 39.800 us
	ray::rpc::NodeInfoGcsService.grpc_client.GetAllNodeInfo - 1 total (0 active), Execution time: mean = 1.344 ms, total = 1.344 ms, Queueing time: mean = 0.000 s, max = -0.000 s, min = 9223372036.855 s, total = 0.000 s
	ray::rpc::WorkerInfoGcsService.grpc_client.AddWorkerInfo - 1 total (0 active), Execution time: mean = 8.016 ms, total = 8.016 ms, Queueing time: mean = 0.000 s, max = -0.000 s, min = 9223372036.855 s, total = 0.000 s

-----------------
Task Event stats:

IO Service Stats:

Global stats: 5218 total (1 active)
Queueing time: mean = 225.979 us, max = 35.511 ms, min = -0.015 s, total = 1.179 s
Execution time:  mean = 219.930 us, total = 1.148 s
Event stats:
	ray::rpc::TaskInfoGcsService.grpc_client.AddTaskEventData - 1739 total (0 active), Execution time: mean = 520.720 us, total = 905.532 ms, Queueing time: mean = 0.000 s, max = -0.000 s, min = 9223372036.855 s, total = 0.000 s
	CoreWorker.deadline_timer.flush_task_events - 1739 total (1 active), Execution time: mean = 119.635 us, total = 208.045 ms, Queueing time: mean = 644.911 us, max = 35.511 ms, min = -0.015 s, total = 1.121 s
	ray::rpc::TaskInfoGcsService.grpc_client.AddTaskEventData.OnReplyReceived - 1739 total (0 active), Execution time: mean = 19.495 us, total = 33.902 ms, Queueing time: mean = 29.473 us, max = 248.089 us, min = 7.947 us, total = 51.253 ms
	PeriodicalRunner.RunFnPeriodically - 1 total (0 active), Execution time: mean = 118.162 us, total = 118.162 us, Queueing time: mean = 6.407 ms, max = 6.407 ms, min = 6.407 ms, total = 6.407 ms
Other Stats:
	grpc_in_progress:0
	current number of task status events in buffer: 0
	current number of profile events in buffer: 0
	current number of dropped task attempts tracked: 0
	total task events sent: 0 MiB
	total number of task attempts sent: 0
	total number of task attempts dropped reported: 0
	total number of sent failure: 0
	num status task events dropped: 0
	num profile task events dropped: 0


[2025-02-15 21:31:18,483 I 433 1004] core_worker.cc:642: Event stats:


Global stats: 25779 total (8 active)
Queueing time: mean = 122.183 us, max = 34.754 ms, min = -0.031 s, total = 3.150 s
Execution time:  mean = 69.856 ms, total = 1800.809 s
Event stats:
	CoreWorker.RecoverObjects - 17978 total (1 active), Execution time: mean = 6.019 us, total = 108.214 ms, Queueing time: mean = 121.411 us, max = 11.397 ms, min = -0.017 s, total = 2.183 s
	CoreWorker.InternalHeartbeat - 1800 total (1 active), Execution time: mean = 135.806 us, total = 244.450 ms, Queueing time: mean = 169.376 us, max = 34.753 ms, min = -0.031 s, total = 304.877 ms
	NodeManagerService.grpc_client.ReportWorkerBacklog - 1800 total (0 active), Execution time: mean = 654.651 us, total = 1.178 s, Queueing time: mean = 0.000 s, max = -0.000 s, min = 9223372036.855 s, total = 0.000 s
	NodeManagerService.grpc_client.ReportWorkerBacklog.OnReplyReceived - 1800 total (0 active), Execution time: mean = 16.841 us, total = 30.313 ms, Queueing time: mean = 33.502 us, max = 1.252 ms, min = 4.459 us, total = 60.303 ms
	CoreWorker.ExitIfParentRayletDies - 1800 total (1 active), Execution time: mean = 10.175 us, total = 18.316 ms, Queueing time: mean = 302.976 us, max = 34.754 ms, min = -0.028 s, total = 545.357 ms
	CoreWorker.RecordMetrics - 360 total (1 active), Execution time: mean = 18.278 us, total = 6.580 ms, Queueing time: mean = 54.781 us, max = 19.494 ms, min = -0.017 s, total = 19.721 ms
	CoreWorker.GCStreamingGeneratorMetadata - 180 total (1 active), Execution time: mean = 4.055 us, total = 729.962 us, Queueing time: mean = 68.935 us, max = 18.777 ms, min = -0.018 s, total = 12.408 ms
	CoreWorker.PrintEventStats - 30 total (1 active, 1 running), Execution time: mean = 176.144 us, total = 5.284 ms, Queueing time: mean = 195.678 us, max = 3.479 ms, min = -0.001 s, total = 5.870 ms
	PeriodicalRunner.RunFnPeriodically - 7 total (0 active), Execution time: mean = 807.569 us, total = 5.653 ms, Queueing time: mean = 2.326 ms, max = 5.637 ms, min = 27.130 us, total = 16.284 ms
	Publisher.CheckDeadSubscribers - 7 total (1 active), Execution time: mean = 3.544 us, total = 24.810 us, Queueing time: mean = 223.717 us, max = 986.020 us, min = -0.000 s, total = 1.566 ms
	ray::rpc::InternalPubSubGcsService.grpc_client.GcsSubscriberPoll - 6 total (1 active), Execution time: mean = 299.865 s, total = 1799.193 s, Queueing time: mean = 0.000 s, max = -0.000 s, min = 9223372036.855 s, total = 0.000 s
	ray::rpc::InternalPubSubGcsService.grpc_client.GcsSubscriberPoll.OnReplyReceived - 5 total (0 active), Execution time: mean = 105.943 us, total = 529.717 us, Queueing time: mean = 61.086 us, max = 188.482 us, min = 20.530 us, total = 305.428 us
	ray::rpc::InternalPubSubGcsService.grpc_client.GcsSubscriberCommandBatch - 1 total (0 active), Execution time: mean = 8.130 ms, total = 8.130 ms, Queueing time: mean = 0.000 s, max = -0.000 s, min = 9223372036.855 s, total = 0.000 s
	ray::rpc::InternalPubSubGcsService.grpc_client.GcsSubscriberCommandBatch.OnReplyReceived - 1 total (0 active), Execution time: mean = 91.946 us, total = 91.946 us, Queueing time: mean = 269.678 us, max = 269.678 us, min = 269.678 us, total = 269.678 us
	ray::rpc::NodeInfoGcsService.grpc_client.GetAllNodeInfo.OnReplyReceived - 1 total (0 active), Execution time: mean = 73.394 us, total = 73.394 us, Queueing time: mean = 10.852 us, max = 10.852 us, min = 10.852 us, total = 10.852 us
	ray::rpc::WorkerInfoGcsService.grpc_client.AddWorkerInfo.OnReplyReceived - 1 total (0 active), Execution time: mean = 24.869 us, total = 24.869 us, Queueing time: mean = 39.800 us, max = 39.800 us, min = 39.800 us, total = 39.800 us
	ray::rpc::NodeInfoGcsService.grpc_client.GetAllNodeInfo - 1 total (0 active), Execution time: mean = 1.344 ms, total = 1.344 ms, Queueing time: mean = 0.000 s, max = -0.000 s, min = 9223372036.855 s, total = 0.000 s
	ray::rpc::WorkerInfoGcsService.grpc_client.AddWorkerInfo - 1 total (0 active), Execution time: mean = 8.016 ms, total = 8.016 ms, Queueing time: mean = 0.000 s, max = -0.000 s, min = 9223372036.855 s, total = 0.000 s

-----------------
Task Event stats:

IO Service Stats:

Global stats: 5398 total (1 active)
Queueing time: mean = 229.265 us, max = 35.511 ms, min = -0.015 s, total = 1.238 s
Execution time:  mean = 218.350 us, total = 1.179 s
Event stats:
	ray::rpc::TaskInfoGcsService.grpc_client.AddTaskEventData - 1799 total (0 active), Execution time: mean = 516.810 us, total = 929.742 ms, Queueing time: mean = 0.000 s, max = -0.000 s, min = 9223372036.855 s, total = 0.000 s
	CoreWorker.deadline_timer.flush_task_events - 1799 total (1 active), Execution time: mean = 118.886 us, total = 213.875 ms, Queueing time: mean = 655.092 us, max = 35.511 ms, min = -0.015 s, total = 1.179 s
	ray::rpc::TaskInfoGcsService.grpc_client.AddTaskEventData.OnReplyReceived - 1799 total (0 active), Execution time: mean = 19.410 us, total = 34.918 ms, Queueing time: mean = 29.269 us, max = 248.089 us, min = 7.947 us, total = 52.655 ms
	PeriodicalRunner.RunFnPeriodically - 1 total (0 active), Execution time: mean = 118.162 us, total = 118.162 us, Queueing time: mean = 6.407 ms, max = 6.407 ms, min = 6.407 ms, total = 6.407 ms
Other Stats:
	grpc_in_progress:0
	current number of task status events in buffer: 0
	current number of profile events in buffer: 0
	current number of dropped task attempts tracked: 0
	total task events sent: 0 MiB
	total number of task attempts sent: 0
	total number of task attempts dropped reported: 0
	total number of sent failure: 0
	num status task events dropped: 0
	num profile task events dropped: 0


[2025-02-15 21:32:18,483 I 433 1004] core_worker.cc:642: Event stats:


Global stats: 26638 total (8 active)
Queueing time: mean = 124.193 us, max = 34.754 ms, min = -0.031 s, total = 3.308 s
Execution time:  mean = 67.604 ms, total = 1800.841 s
Event stats:
	CoreWorker.RecoverObjects - 18578 total (1 active), Execution time: mean = 5.988 us, total = 111.251 ms, Queueing time: mean = 120.264 us, max = 11.397 ms, min = -0.017 s, total = 2.234 s
	CoreWorker.InternalHeartbeat - 1860 total (1 active), Execution time: mean = 134.169 us, total = 249.555 ms, Queueing time: mean = 190.363 us, max = 34.753 ms, min = -0.031 s, total = 354.075 ms
	NodeManagerService.grpc_client.ReportWorkerBacklog - 1860 total (0 active), Execution time: mean = 645.764 us, total = 1.201 s, Queueing time: mean = 0.000 s, max = -0.000 s, min = 9223372036.855 s, total = 0.000 s
	NodeManagerService.grpc_client.ReportWorkerBacklog.OnReplyReceived - 1860 total (0 active), Execution time: mean = 16.701 us, total = 31.063 ms, Queueing time: mean = 33.156 us, max = 1.252 ms, min = 4.459 us, total = 61.669 ms
	CoreWorker.ExitIfParentRayletDies - 1860 total (1 active), Execution time: mean = 10.055 us, total = 18.703 ms, Queueing time: mean = 322.004 us, max = 34.754 ms, min = -0.028 s, total = 598.928 ms
	CoreWorker.RecordMetrics - 372 total (1 active), Execution time: mean = 18.201 us, total = 6.771 ms, Queueing time: mean = 53.586 us, max = 19.494 ms, min = -0.017 s, total = 19.934 ms
	CoreWorker.GCStreamingGeneratorMetadata - 186 total (1 active), Execution time: mean = 4.045 us, total = 752.432 us, Queueing time: mean = 80.932 us, max = 18.777 ms, min = -0.018 s, total = 15.053 ms
	CoreWorker.PrintEventStats - 31 total (1 active, 1 running), Execution time: mean = 175.609 us, total = 5.444 ms, Queueing time: mean = 189.078 us, max = 3.479 ms, min = -0.001 s, total = 5.861 ms
	PeriodicalRunner.RunFnPeriodically - 7 total (0 active), Execution time: mean = 807.569 us, total = 5.653 ms, Queueing time: mean = 2.326 ms, max = 5.637 ms, min = 27.130 us, total = 16.284 ms
	Publisher.CheckDeadSubscribers - 7 total (1 active), Execution time: mean = 3.544 us, total = 24.810 us, Queueing time: mean = 223.717 us, max = 986.020 us, min = -0.000 s, total = 1.566 ms
	ray::rpc::InternalPubSubGcsService.grpc_client.GcsSubscriberPoll - 6 total (1 active), Execution time: mean = 299.865 s, total = 1799.193 s, Queueing time: mean = 0.000 s, max = -0.000 s, min = 9223372036.855 s, total = 0.000 s
	ray::rpc::InternalPubSubGcsService.grpc_client.GcsSubscriberPoll.OnReplyReceived - 5 total (0 active), Execution time: mean = 105.943 us, total = 529.717 us, Queueing time: mean = 61.086 us, max = 188.482 us, min = 20.530 us, total = 305.428 us
	ray::rpc::InternalPubSubGcsService.grpc_client.GcsSubscriberCommandBatch - 1 total (0 active), Execution time: mean = 8.130 ms, total = 8.130 ms, Queueing time: mean = 0.000 s, max = -0.000 s, min = 9223372036.855 s, total = 0.000 s
	ray::rpc::InternalPubSubGcsService.grpc_client.GcsSubscriberCommandBatch.OnReplyReceived - 1 total (0 active), Execution time: mean = 91.946 us, total = 91.946 us, Queueing time: mean = 269.678 us, max = 269.678 us, min = 269.678 us, total = 269.678 us
	ray::rpc::NodeInfoGcsService.grpc_client.GetAllNodeInfo.OnReplyReceived - 1 total (0 active), Execution time: mean = 73.394 us, total = 73.394 us, Queueing time: mean = 10.852 us, max = 10.852 us, min = 10.852 us, total = 10.852 us
	ray::rpc::WorkerInfoGcsService.grpc_client.AddWorkerInfo.OnReplyReceived - 1 total (0 active), Execution time: mean = 24.869 us, total = 24.869 us, Queueing time: mean = 39.800 us, max = 39.800 us, min = 39.800 us, total = 39.800 us
	ray::rpc::NodeInfoGcsService.grpc_client.GetAllNodeInfo - 1 total (0 active), Execution time: mean = 1.344 ms, total = 1.344 ms, Queueing time: mean = 0.000 s, max = -0.000 s, min = 9223372036.855 s, total = 0.000 s
	ray::rpc::WorkerInfoGcsService.grpc_client.AddWorkerInfo - 1 total (0 active), Execution time: mean = 8.016 ms, total = 8.016 ms, Queueing time: mean = 0.000 s, max = -0.000 s, min = 9223372036.855 s, total = 0.000 s

-----------------
Task Event stats:

IO Service Stats:

Global stats: 5578 total (1 active)
Queueing time: mean = 230.660 us, max = 35.511 ms, min = -0.015 s, total = 1.287 s
Execution time:  mean = 216.703 us, total = 1.209 s
Event stats:
	ray::rpc::TaskInfoGcsService.grpc_client.AddTaskEventData - 1859 total (0 active), Execution time: mean = 512.684 us, total = 953.080 ms, Queueing time: mean = 0.000 s, max = -0.000 s, min = 9223372036.855 s, total = 0.000 s
	CoreWorker.deadline_timer.flush_task_events - 1859 total (1 active), Execution time: mean = 118.156 us, total = 219.652 ms, Queueing time: mean = 659.586 us, max = 35.511 ms, min = -0.015 s, total = 1.226 s
	ray::rpc::TaskInfoGcsService.grpc_client.AddTaskEventData.OnReplyReceived - 1859 total (0 active), Execution time: mean = 19.323 us, total = 35.921 ms, Queueing time: mean = 29.073 us, max = 248.089 us, min = 7.947 us, total = 54.046 ms
	PeriodicalRunner.RunFnPeriodically - 1 total (0 active), Execution time: mean = 118.162 us, total = 118.162 us, Queueing time: mean = 6.407 ms, max = 6.407 ms, min = 6.407 ms, total = 6.407 ms
Other Stats:
	grpc_in_progress:0
	current number of task status events in buffer: 0
	current number of profile events in buffer: 0
	current number of dropped task attempts tracked: 0
	total task events sent: 0 MiB
	total number of task attempts sent: 0
	total number of task attempts dropped reported: 0
	total number of sent failure: 0
	num status task events dropped: 0
	num profile task events dropped: 0


[2025-02-15 21:33:18,483 I 433 1004] core_worker.cc:642: Event stats:


Global stats: 27496 total (8 active)
Queueing time: mean = 127.672 us, max = 34.754 ms, min = -0.031 s, total = 3.510 s
Execution time:  mean = 65.496 ms, total = 1800.873 s
Event stats:
	CoreWorker.RecoverObjects - 19177 total (1 active), Execution time: mean = 5.962 us, total = 114.328 ms, Queueing time: mean = 120.003 us, max = 11.397 ms, min = -0.017 s, total = 2.301 s
	CoreWorker.InternalHeartbeat - 1920 total (1 active), Execution time: mean = 132.513 us, total = 254.424 ms, Queueing time: mean = 217.532 us, max = 34.753 ms, min = -0.031 s, total = 417.661 ms
	NodeManagerService.grpc_client.ReportWorkerBacklog - 1920 total (0 active), Execution time: mean = 636.971 us, total = 1.223 s, Queueing time: mean = 0.000 s, max = -0.000 s, min = 9223372036.855 s, total = 0.000 s
	NodeManagerService.grpc_client.ReportWorkerBacklog.OnReplyReceived - 1920 total (0 active), Execution time: mean = 16.536 us, total = 31.750 ms, Queueing time: mean = 32.790 us, max = 1.252 ms, min = 4.459 us, total = 62.958 ms
	CoreWorker.ExitIfParentRayletDies - 1920 total (1 active), Execution time: mean = 9.955 us, total = 19.114 ms, Queueing time: mean = 347.664 us, max = 34.754 ms, min = -0.028 s, total = 667.515 ms
	CoreWorker.RecordMetrics - 384 total (1 active), Execution time: mean = 18.192 us, total = 6.986 ms, Queueing time: mean = 54.545 us, max = 19.494 ms, min = -0.017 s, total = 20.945 ms
	CoreWorker.GCStreamingGeneratorMetadata - 192 total (1 active), Execution time: mean = 4.032 us, total = 774.162 us, Queueing time: mean = 81.645 us, max = 18.777 ms, min = -0.018 s, total = 15.676 ms
	CoreWorker.PrintEventStats - 32 total (1 active, 1 running), Execution time: mean = 175.489 us, total = 5.616 ms, Queueing time: mean = 185.444 us, max = 3.479 ms, min = -0.001 s, total = 5.934 ms
	PeriodicalRunner.RunFnPeriodically - 7 total (0 active), Execution time: mean = 807.569 us, total = 5.653 ms, Queueing time: mean = 2.326 ms, max = 5.637 ms, min = 27.130 us, total = 16.284 ms
	Publisher.CheckDeadSubscribers - 7 total (1 active), Execution time: mean = 3.544 us, total = 24.810 us, Queueing time: mean = 223.717 us, max = 986.020 us, min = -0.000 s, total = 1.566 ms
	ray::rpc::InternalPubSubGcsService.grpc_client.GcsSubscriberPoll - 6 total (1 active), Execution time: mean = 299.865 s, total = 1799.193 s, Queueing time: mean = 0.000 s, max = -0.000 s, min = 9223372036.855 s, total = 0.000 s
	ray::rpc::InternalPubSubGcsService.grpc_client.GcsSubscriberPoll.OnReplyReceived - 5 total (0 active), Execution time: mean = 105.943 us, total = 529.717 us, Queueing time: mean = 61.086 us, max = 188.482 us, min = 20.530 us, total = 305.428 us
	ray::rpc::InternalPubSubGcsService.grpc_client.GcsSubscriberCommandBatch - 1 total (0 active), Execution time: mean = 8.130 ms, total = 8.130 ms, Queueing time: mean = 0.000 s, max = -0.000 s, min = 9223372036.855 s, total = 0.000 s
	ray::rpc::InternalPubSubGcsService.grpc_client.GcsSubscriberCommandBatch.OnReplyReceived - 1 total (0 active), Execution time: mean = 91.946 us, total = 91.946 us, Queueing time: mean = 269.678 us, max = 269.678 us, min = 269.678 us, total = 269.678 us
	ray::rpc::NodeInfoGcsService.grpc_client.GetAllNodeInfo.OnReplyReceived - 1 total (0 active), Execution time: mean = 73.394 us, total = 73.394 us, Queueing time: mean = 10.852 us, max = 10.852 us, min = 10.852 us, total = 10.852 us
	ray::rpc::WorkerInfoGcsService.grpc_client.AddWorkerInfo.OnReplyReceived - 1 total (0 active), Execution time: mean = 24.869 us, total = 24.869 us, Queueing time: mean = 39.800 us, max = 39.800 us, min = 39.800 us, total = 39.800 us
	ray::rpc::NodeInfoGcsService.grpc_client.GetAllNodeInfo - 1 total (0 active), Execution time: mean = 1.344 ms, total = 1.344 ms, Queueing time: mean = 0.000 s, max = -0.000 s, min = 9223372036.855 s, total = 0.000 s
	ray::rpc::WorkerInfoGcsService.grpc_client.AddWorkerInfo - 1 total (0 active), Execution time: mean = 8.016 ms, total = 8.016 ms, Queueing time: mean = 0.000 s, max = -0.000 s, min = 9223372036.855 s, total = 0.000 s

-----------------
Task Event stats:

IO Service Stats:

Global stats: 5758 total (1 active)
Queueing time: mean = 234.606 us, max = 35.511 ms, min = -0.015 s, total = 1.351 s
Execution time:  mean = 215.224 us, total = 1.239 s
Event stats:
	ray::rpc::TaskInfoGcsService.grpc_client.AddTaskEventData - 1919 total (0 active), Execution time: mean = 508.932 us, total = 976.641 ms, Queueing time: mean = 0.000 s, max = -0.000 s, min = 9223372036.855 s, total = 0.000 s
	CoreWorker.deadline_timer.flush_task_events - 1919 total (1 active), Execution time: mean = 117.547 us, total = 225.572 ms, Queueing time: mean = 671.685 us, max = 35.511 ms, min = -0.015 s, total = 1.289 s
	ray::rpc::TaskInfoGcsService.grpc_client.AddTaskEventData.OnReplyReceived - 1919 total (0 active), Execution time: mean = 19.245 us, total = 36.931 ms, Queueing time: mean = 28.917 us, max = 248.089 us, min = 7.947 us, total = 55.492 ms
	PeriodicalRunner.RunFnPeriodically - 1 total (0 active), Execution time: mean = 118.162 us, total = 118.162 us, Queueing time: mean = 6.407 ms, max = 6.407 ms, min = 6.407 ms, total = 6.407 ms
Other Stats:
	grpc_in_progress:0
	current number of task status events in buffer: 0
	current number of profile events in buffer: 0
	current number of dropped task attempts tracked: 0
	total task events sent: 0 MiB
	total number of task attempts sent: 0
	total number of task attempts dropped reported: 0
	total number of sent failure: 0
	num status task events dropped: 0
	num profile task events dropped: 0


[2025-02-15 21:34:18,484 I 433 1004] core_worker.cc:642: Event stats:


Global stats: 28354 total (8 active)
Queueing time: mean = 129.569 us, max = 34.754 ms, min = -0.031 s, total = 3.674 s
Execution time:  mean = 63.515 ms, total = 1800.903 s
Event stats:
	CoreWorker.RecoverObjects - 19776 total (1 active), Execution time: mean = 5.918 us, total = 117.040 ms, Queueing time: mean = 119.133 us, max = 11.397 ms, min = -0.017 s, total = 2.356 s
	CoreWorker.InternalHeartbeat - 1980 total (1 active), Execution time: mean = 130.875 us, total = 259.132 ms, Queueing time: mean = 236.698 us, max = 34.753 ms, min = -0.031 s, total = 468.662 ms
	NodeManagerService.grpc_client.ReportWorkerBacklog - 1980 total (0 active), Execution time: mean = 628.328 us, total = 1.244 s, Queueing time: mean = 0.000 s, max = -0.000 s, min = 9223372036.855 s, total = 0.000 s
	NodeManagerService.grpc_client.ReportWorkerBacklog.OnReplyReceived - 1980 total (0 active), Execution time: mean = 16.578 us, total = 32.825 ms, Queueing time: mean = 32.418 us, max = 1.252 ms, min = 4.459 us, total = 64.189 ms
	CoreWorker.ExitIfParentRayletDies - 1980 total (1 active), Execution time: mean = 9.838 us, total = 19.479 ms, Queueing time: mean = 364.982 us, max = 34.754 ms, min = -0.028 s, total = 722.665 ms
	CoreWorker.RecordMetrics - 396 total (1 active), Execution time: mean = 18.229 us, total = 7.219 ms, Queueing time: mean = 53.757 us, max = 19.494 ms, min = -0.017 s, total = 21.288 ms
	CoreWorker.GCStreamingGeneratorMetadata - 198 total (1 active), Execution time: mean = 4.037 us, total = 799.356 us, Queueing time: mean = 83.660 us, max = 18.777 ms, min = -0.018 s, total = 16.565 ms
	CoreWorker.PrintEventStats - 33 total (1 active, 1 running), Execution time: mean = 181.504 us, total = 5.990 ms, Queueing time: mean = 181.169 us, max = 3.479 ms, min = -0.001 s, total = 5.979 ms
	PeriodicalRunner.RunFnPeriodically - 7 total (0 active), Execution time: mean = 807.569 us, total = 5.653 ms, Queueing time: mean = 2.326 ms, max = 5.637 ms, min = 27.130 us, total = 16.284 ms
	Publisher.CheckDeadSubscribers - 7 total (1 active), Execution time: mean = 3.544 us, total = 24.810 us, Queueing time: mean = 223.717 us, max = 986.020 us, min = -0.000 s, total = 1.566 ms
	ray::rpc::InternalPubSubGcsService.grpc_client.GcsSubscriberPoll - 6 total (1 active), Execution time: mean = 299.865 s, total = 1799.193 s, Queueing time: mean = 0.000 s, max = -0.000 s, min = 9223372036.855 s, total = 0.000 s
	ray::rpc::InternalPubSubGcsService.grpc_client.GcsSubscriberPoll.OnReplyReceived - 5 total (0 active), Execution time: mean = 105.943 us, total = 529.717 us, Queueing time: mean = 61.086 us, max = 188.482 us, min = 20.530 us, total = 305.428 us
	ray::rpc::InternalPubSubGcsService.grpc_client.GcsSubscriberCommandBatch - 1 total (0 active), Execution time: mean = 8.130 ms, total = 8.130 ms, Queueing time: mean = 0.000 s, max = -0.000 s, min = 9223372036.855 s, total = 0.000 s
	ray::rpc::InternalPubSubGcsService.grpc_client.GcsSubscriberCommandBatch.OnReplyReceived - 1 total (0 active), Execution time: mean = 91.946 us, total = 91.946 us, Queueing time: mean = 269.678 us, max = 269.678 us, min = 269.678 us, total = 269.678 us
	ray::rpc::NodeInfoGcsService.grpc_client.GetAllNodeInfo.OnReplyReceived - 1 total (0 active), Execution time: mean = 73.394 us, total = 73.394 us, Queueing time: mean = 10.852 us, max = 10.852 us, min = 10.852 us, total = 10.852 us
	ray::rpc::WorkerInfoGcsService.grpc_client.AddWorkerInfo.OnReplyReceived - 1 total (0 active), Execution time: mean = 24.869 us, total = 24.869 us, Queueing time: mean = 39.800 us, max = 39.800 us, min = 39.800 us, total = 39.800 us
	ray::rpc::NodeInfoGcsService.grpc_client.GetAllNodeInfo - 1 total (0 active), Execution time: mean = 1.344 ms, total = 1.344 ms, Queueing time: mean = 0.000 s, max = -0.000 s, min = 9223372036.855 s, total = 0.000 s
	ray::rpc::WorkerInfoGcsService.grpc_client.AddWorkerInfo - 1 total (0 active), Execution time: mean = 8.016 ms, total = 8.016 ms, Queueing time: mean = 0.000 s, max = -0.000 s, min = 9223372036.855 s, total = 0.000 s

-----------------
Task Event stats:

IO Service Stats:

Global stats: 5938 total (1 active)
Queueing time: mean = 236.025 us, max = 35.511 ms, min = -0.015 s, total = 1.402 s
Execution time:  mean = 213.821 us, total = 1.270 s
Event stats:
	ray::rpc::TaskInfoGcsService.grpc_client.AddTaskEventData - 1979 total (0 active), Execution time: mean = 505.580 us, total = 1.001 s, Queueing time: mean = 0.000 s, max = -0.000 s, min = 9223372036.855 s, total = 0.000 s
	CoreWorker.deadline_timer.flush_task_events - 1979 total (1 active), Execution time: mean = 116.757 us, total = 231.063 ms, Queueing time: mean = 676.084 us, max = 35.511 ms, min = -0.015 s, total = 1.338 s
	ray::rpc::TaskInfoGcsService.grpc_client.AddTaskEventData.OnReplyReceived - 1979 total (0 active), Execution time: mean = 19.175 us, total = 37.948 ms, Queueing time: mean = 28.873 us, max = 248.089 us, min = 7.947 us, total = 57.140 ms
	PeriodicalRunner.RunFnPeriodically - 1 total (0 active), Execution time: mean = 118.162 us, total = 118.162 us, Queueing time: mean = 6.407 ms, max = 6.407 ms, min = 6.407 ms, total = 6.407 ms
Other Stats:
	grpc_in_progress:0
	current number of task status events in buffer: 0
	current number of profile events in buffer: 0
	current number of dropped task attempts tracked: 0
	total task events sent: 0 MiB
	total number of task attempts sent: 0
	total number of task attempts dropped reported: 0
	total number of sent failure: 0
	num status task events dropped: 0
	num profile task events dropped: 0


[2025-02-15 21:35:18,484 I 433 1004] core_worker.cc:642: Event stats:


Global stats: 29213 total (8 active)
Queueing time: mean = 131.122 us, max = 34.754 ms, min = -0.031 s, total = 3.830 s
Execution time:  mean = 61.648 ms, total = 1800.933 s
Event stats:
	CoreWorker.RecoverObjects - 20376 total (1 active), Execution time: mean = 5.883 us, total = 119.867 ms, Queueing time: mean = 118.160 us, max = 11.397 ms, min = -0.017 s, total = 2.408 s
	CoreWorker.InternalHeartbeat - 2040 total (1 active), Execution time: mean = 129.390 us, total = 263.956 ms, Queueing time: mean = 253.815 us, max = 34.753 ms, min = -0.031 s, total = 517.782 ms
	NodeManagerService.grpc_client.ReportWorkerBacklog - 2040 total (0 active), Execution time: mean = 620.035 us, total = 1.265 s, Queueing time: mean = 0.000 s, max = -0.000 s, min = 9223372036.855 s, total = 0.000 s
	NodeManagerService.grpc_client.ReportWorkerBacklog.OnReplyReceived - 2040 total (0 active), Execution time: mean = 16.402 us, total = 33.460 ms, Queueing time: mean = 32.186 us, max = 1.252 ms, min = 4.459 us, total = 65.659 ms
	CoreWorker.ExitIfParentRayletDies - 2040 total (1 active), Execution time: mean = 9.723 us, total = 19.834 ms, Queueing time: mean = 380.608 us, max = 34.754 ms, min = -0.028 s, total = 776.440 ms
	CoreWorker.RecordMetrics - 408 total (1 active), Execution time: mean = 18.138 us, total = 7.400 ms, Queueing time: mean = 53.946 us, max = 19.494 ms, min = -0.017 s, total = 22.010 ms
	CoreWorker.GCStreamingGeneratorMetadata - 204 total (1 active), Execution time: mean = 4.201 us, total = 857.089 us, Queueing time: mean = 80.465 us, max = 18.777 ms, min = -0.018 s, total = 16.415 ms
	CoreWorker.PrintEventStats - 34 total (1 active, 1 running), Execution time: mean = 180.328 us, total = 6.131 ms, Queueing time: mean = 178.053 us, max = 3.479 ms, min = -0.001 s, total = 6.054 ms
	PeriodicalRunner.RunFnPeriodically - 7 total (0 active), Execution time: mean = 807.569 us, total = 5.653 ms, Queueing time: mean = 2.326 ms, max = 5.637 ms, min = 27.130 us, total = 16.284 ms
	Publisher.CheckDeadSubscribers - 7 total (1 active), Execution time: mean = 3.544 us, total = 24.810 us, Queueing time: mean = 223.717 us, max = 986.020 us, min = -0.000 s, total = 1.566 ms
	ray::rpc::InternalPubSubGcsService.grpc_client.GcsSubscriberPoll - 6 total (1 active), Execution time: mean = 299.865 s, total = 1799.193 s, Queueing time: mean = 0.000 s, max = -0.000 s, min = 9223372036.855 s, total = 0.000 s
	ray::rpc::InternalPubSubGcsService.grpc_client.GcsSubscriberPoll.OnReplyReceived - 5 total (0 active), Execution time: mean = 105.943 us, total = 529.717 us, Queueing time: mean = 61.086 us, max = 188.482 us, min = 20.530 us, total = 305.428 us
	ray::rpc::InternalPubSubGcsService.grpc_client.GcsSubscriberCommandBatch - 1 total (0 active), Execution time: mean = 8.130 ms, total = 8.130 ms, Queueing time: mean = 0.000 s, max = -0.000 s, min = 9223372036.855 s, total = 0.000 s
	ray::rpc::InternalPubSubGcsService.grpc_client.GcsSubscriberCommandBatch.OnReplyReceived - 1 total (0 active), Execution time: mean = 91.946 us, total = 91.946 us, Queueing time: mean = 269.678 us, max = 269.678 us, min = 269.678 us, total = 269.678 us
	ray::rpc::NodeInfoGcsService.grpc_client.GetAllNodeInfo.OnReplyReceived - 1 total (0 active), Execution time: mean = 73.394 us, total = 73.394 us, Queueing time: mean = 10.852 us, max = 10.852 us, min = 10.852 us, total = 10.852 us
	ray::rpc::WorkerInfoGcsService.grpc_client.AddWorkerInfo.OnReplyReceived - 1 total (0 active), Execution time: mean = 24.869 us, total = 24.869 us, Queueing time: mean = 39.800 us, max = 39.800 us, min = 39.800 us, total = 39.800 us
	ray::rpc::NodeInfoGcsService.grpc_client.GetAllNodeInfo - 1 total (0 active), Execution time: mean = 1.344 ms, total = 1.344 ms, Queueing time: mean = 0.000 s, max = -0.000 s, min = 9223372036.855 s, total = 0.000 s
	ray::rpc::WorkerInfoGcsService.grpc_client.AddWorkerInfo - 1 total (0 active), Execution time: mean = 8.016 ms, total = 8.016 ms, Queueing time: mean = 0.000 s, max = -0.000 s, min = 9223372036.855 s, total = 0.000 s

-----------------
Task Event stats:

IO Service Stats:

Global stats: 6118 total (1 active)
Queueing time: mean = 237.226 us, max = 35.511 ms, min = -0.015 s, total = 1.451 s
Execution time:  mean = 214.079 us, total = 1.310 s
Event stats:
	ray::rpc::TaskInfoGcsService.grpc_client.AddTaskEventData - 2039 total (0 active), Execution time: mean = 507.215 us, total = 1.034 s, Queueing time: mean = 0.000 s, max = -0.000 s, min = 9223372036.855 s, total = 0.000 s
	CoreWorker.deadline_timer.flush_task_events - 2039 total (1 active), Execution time: mean = 116.005 us, total = 236.535 ms, Queueing time: mean = 679.912 us, max = 35.511 ms, min = -0.015 s, total = 1.386 s
	ray::rpc::TaskInfoGcsService.grpc_client.AddTaskEventData.OnReplyReceived - 2039 total (0 active), Execution time: mean = 19.064 us, total = 38.871 ms, Queueing time: mean = 28.739 us, max = 248.089 us, min = 7.947 us, total = 58.598 ms
	PeriodicalRunner.RunFnPeriodically - 1 total (0 active), Execution time: mean = 118.162 us, total = 118.162 us, Queueing time: mean = 6.407 ms, max = 6.407 ms, min = 6.407 ms, total = 6.407 ms
Other Stats:
	grpc_in_progress:0
	current number of task status events in buffer: 0
	current number of profile events in buffer: 0
	current number of dropped task attempts tracked: 0
	total task events sent: 0 MiB
	total number of task attempts sent: 0
	total number of task attempts dropped reported: 0
	total number of sent failure: 0
	num status task events dropped: 0
	num profile task events dropped: 0


[2025-02-15 21:36:18,484 I 433 1004] core_worker.cc:642: Event stats:


Global stats: 30074 total (8 active)
Queueing time: mean = 132.984 us, max = 34.754 ms, min = -0.031 s, total = 3.999 s
Execution time:  mean = 69.869 ms, total = 2101.240 s
Event stats:
	CoreWorker.RecoverObjects - 20975 total (1 active), Execution time: mean = 5.847 us, total = 122.637 ms, Queueing time: mean = 117.467 us, max = 11.397 ms, min = -0.017 s, total = 2.464 s
	NodeManagerService.grpc_client.ReportWorkerBacklog - 2100 total (0 active), Execution time: mean = 613.345 us, total = 1.288 s, Queueing time: mean = 0.000 s, max = -0.000 s, min = 9223372036.855 s, total = 0.000 s
	CoreWorker.InternalHeartbeat - 2100 total (1 active), Execution time: mean = 127.914 us, total = 268.620 ms, Queueing time: mean = 271.864 us, max = 34.753 ms, min = -0.031 s, total = 570.915 ms
	NodeManagerService.grpc_client.ReportWorkerBacklog.OnReplyReceived - 2100 total (0 active), Execution time: mean = 16.250 us, total = 34.125 ms, Queueing time: mean = 31.934 us, max = 1.252 ms, min = 4.459 us, total = 67.061 ms
	CoreWorker.ExitIfParentRayletDies - 2100 total (1 active), Execution time: mean = 9.649 us, total = 20.263 ms, Queueing time: mean = 397.082 us, max = 34.754 ms, min = -0.028 s, total = 833.872 ms
	CoreWorker.RecordMetrics - 420 total (1 active), Execution time: mean = 18.085 us, total = 7.596 ms, Queueing time: mean = 53.401 us, max = 19.494 ms, min = -0.017 s, total = 22.429 ms
	CoreWorker.GCStreamingGeneratorMetadata - 210 total (1 active), Execution time: mean = 4.180 us, total = 877.858 us, Queueing time: mean = 77.601 us, max = 18.777 ms, min = -0.018 s, total = 16.296 ms
	CoreWorker.PrintEventStats - 35 total (1 active, 1 running), Execution time: mean = 180.214 us, total = 6.307 ms, Queueing time: mean = 174.152 us, max = 3.479 ms, min = -0.001 s, total = 6.095 ms
	Publisher.CheckDeadSubscribers - 8 total (1 active), Execution time: mean = 3.652 us, total = 29.220 us, Queueing time: mean = 229.590 us, max = 986.020 us, min = -0.000 s, total = 1.837 ms
	ray::rpc::InternalPubSubGcsService.grpc_client.GcsSubscriberPoll - 7 total (1 active), Execution time: mean = 299.924 s, total = 2099.468 s, Queueing time: mean = 0.000 s, max = -0.000 s, min = 9223372036.855 s, total = 0.000 s
	PeriodicalRunner.RunFnPeriodically - 7 total (0 active), Execution time: mean = 807.569 us, total = 5.653 ms, Queueing time: mean = 2.326 ms, max = 5.637 ms, min = 27.130 us, total = 16.284 ms
	ray::rpc::InternalPubSubGcsService.grpc_client.GcsSubscriberPoll.OnReplyReceived - 6 total (0 active), Execution time: mean = 119.611 us, total = 717.667 us, Queueing time: mean = 61.686 us, max = 188.482 us, min = 20.530 us, total = 370.114 us
	ray::rpc::InternalPubSubGcsService.grpc_client.GcsSubscriberCommandBatch - 1 total (0 active), Execution time: mean = 8.130 ms, total = 8.130 ms, Queueing time: mean = 0.000 s, max = -0.000 s, min = 9223372036.855 s, total = 0.000 s
	ray::rpc::NodeInfoGcsService.grpc_client.GetAllNodeInfo.OnReplyReceived - 1 total (0 active), Execution time: mean = 73.394 us, total = 73.394 us, Queueing time: mean = 10.852 us, max = 10.852 us, min = 10.852 us, total = 10.852 us
	ray::rpc::InternalPubSubGcsService.grpc_client.GcsSubscriberCommandBatch.OnReplyReceived - 1 total (0 active), Execution time: mean = 91.946 us, total = 91.946 us, Queueing time: mean = 269.678 us, max = 269.678 us, min = 269.678 us, total = 269.678 us
	ray::rpc::WorkerInfoGcsService.grpc_client.AddWorkerInfo.OnReplyReceived - 1 total (0 active), Execution time: mean = 24.869 us, total = 24.869 us, Queueing time: mean = 39.800 us, max = 39.800 us, min = 39.800 us, total = 39.800 us
	ray::rpc::NodeInfoGcsService.grpc_client.GetAllNodeInfo - 1 total (0 active), Execution time: mean = 1.344 ms, total = 1.344 ms, Queueing time: mean = 0.000 s, max = -0.000 s, min = 9223372036.855 s, total = 0.000 s
	ray::rpc::WorkerInfoGcsService.grpc_client.AddWorkerInfo - 1 total (0 active), Execution time: mean = 8.016 ms, total = 8.016 ms, Queueing time: mean = 0.000 s, max = -0.000 s, min = 9223372036.855 s, total = 0.000 s

-----------------
Task Event stats:

IO Service Stats:

Global stats: 6298 total (1 active)
Queueing time: mean = 238.925 us, max = 35.511 ms, min = -0.015 s, total = 1.505 s
Execution time:  mean = 212.618 us, total = 1.339 s
Event stats:
	ray::rpc::TaskInfoGcsService.grpc_client.AddTaskEventData - 2099 total (0 active), Execution time: mean = 503.591 us, total = 1.057 s, Queueing time: mean = 0.000 s, max = -0.000 s, min = 9223372036.855 s, total = 0.000 s
	CoreWorker.deadline_timer.flush_task_events - 2099 total (1 active), Execution time: mean = 115.374 us, total = 242.170 ms, Queueing time: mean = 685.277 us, max = 35.511 ms, min = -0.015 s, total = 1.438 s
	ray::rpc::TaskInfoGcsService.grpc_client.AddTaskEventData.OnReplyReceived - 2099 total (0 active), Execution time: mean = 18.934 us, total = 39.743 ms, Queueing time: mean = 28.559 us, max = 248.089 us, min = 7.947 us, total = 59.946 ms
	PeriodicalRunner.RunFnPeriodically - 1 total (0 active), Execution time: mean = 118.162 us, total = 118.162 us, Queueing time: mean = 6.407 ms, max = 6.407 ms, min = 6.407 ms, total = 6.407 ms
Other Stats:
	grpc_in_progress:0
	current number of task status events in buffer: 0
	current number of profile events in buffer: 0
	current number of dropped task attempts tracked: 0
	total task events sent: 0 MiB
	total number of task attempts sent: 0
	total number of task attempts dropped reported: 0
	total number of sent failure: 0
	num status task events dropped: 0
	num profile task events dropped: 0


[2025-02-15 21:37:18,484 I 433 1004] core_worker.cc:642: Event stats:


Global stats: 30933 total (8 active)
Queueing time: mean = 133.703 us, max = 34.754 ms, min = -0.031 s, total = 4.136 s
Execution time:  mean = 67.930 ms, total = 2101.272 s
Event stats:
	CoreWorker.RecoverObjects - 21575 total (1 active), Execution time: mean = 5.809 us, total = 125.323 ms, Queueing time: mean = 116.345 us, max = 11.397 ms, min = -0.017 s, total = 2.510 s
	NodeManagerService.grpc_client.ReportWorkerBacklog - 2160 total (0 active), Execution time: mean = 606.636 us, total = 1.310 s, Queueing time: mean = 0.000 s, max = -0.000 s, min = 9223372036.855 s, total = 0.000 s
	CoreWorker.InternalHeartbeat - 2160 total (1 active), Execution time: mean = 126.686 us, total = 273.641 ms, Queueing time: mean = 283.929 us, max = 34.753 ms, min = -0.031 s, total = 613.287 ms
	NodeManagerService.grpc_client.ReportWorkerBacklog.OnReplyReceived - 2160 total (0 active), Execution time: mean = 16.090 us, total = 34.755 ms, Queueing time: mean = 31.683 us, max = 1.252 ms, min = 4.459 us, total = 68.435 ms
	CoreWorker.ExitIfParentRayletDies - 2160 total (1 active), Execution time: mean = 9.563 us, total = 20.656 ms, Queueing time: mean = 407.802 us, max = 34.754 ms, min = -0.028 s, total = 880.853 ms
	CoreWorker.RecordMetrics - 432 total (1 active), Execution time: mean = 18.007 us, total = 7.779 ms, Queueing time: mean = 52.865 us, max = 19.494 ms, min = -0.017 s, total = 22.838 ms
	CoreWorker.GCStreamingGeneratorMetadata - 216 total (1 active), Execution time: mean = 4.141 us, total = 894.395 us, Queueing time: mean = 70.658 us, max = 18.777 ms, min = -0.018 s, total = 15.262 ms
	CoreWorker.PrintEventStats - 36 total (1 active, 1 running), Execution time: mean = 179.255 us, total = 6.453 ms, Queueing time: mean = 172.581 us, max = 3.479 ms, min = -0.001 s, total = 6.213 ms
	Publisher.CheckDeadSubscribers - 8 total (1 active), Execution time: mean = 3.652 us, total = 29.220 us, Queueing time: mean = 229.590 us, max = 986.020 us, min = -0.000 s, total = 1.837 ms
	ray::rpc::InternalPubSubGcsService.grpc_client.GcsSubscriberPoll - 7 total (1 active), Execution time: mean = 299.924 s, total = 2099.468 s, Queueing time: mean = 0.000 s, max = -0.000 s, min = 9223372036.855 s, total = 0.000 s
	PeriodicalRunner.RunFnPeriodically - 7 total (0 active), Execution time: mean = 807.569 us, total = 5.653 ms, Queueing time: mean = 2.326 ms, max = 5.637 ms, min = 27.130 us, total = 16.284 ms
	ray::rpc::InternalPubSubGcsService.grpc_client.GcsSubscriberPoll.OnReplyReceived - 6 total (0 active), Execution time: mean = 119.611 us, total = 717.667 us, Queueing time: mean = 61.686 us, max = 188.482 us, min = 20.530 us, total = 370.114 us
	ray::rpc::InternalPubSubGcsService.grpc_client.GcsSubscriberCommandBatch - 1 total (0 active), Execution time: mean = 8.130 ms, total = 8.130 ms, Queueing time: mean = 0.000 s, max = -0.000 s, min = 9223372036.855 s, total = 0.000 s
	ray::rpc::NodeInfoGcsService.grpc_client.GetAllNodeInfo.OnReplyReceived - 1 total (0 active), Execution time: mean = 73.394 us, total = 73.394 us, Queueing time: mean = 10.852 us, max = 10.852 us, min = 10.852 us, total = 10.852 us
	ray::rpc::InternalPubSubGcsService.grpc_client.GcsSubscriberCommandBatch.OnReplyReceived - 1 total (0 active), Execution time: mean = 91.946 us, total = 91.946 us, Queueing time: mean = 269.678 us, max = 269.678 us, min = 269.678 us, total = 269.678 us
	ray::rpc::WorkerInfoGcsService.grpc_client.AddWorkerInfo.OnReplyReceived - 1 total (0 active), Execution time: mean = 24.869 us, total = 24.869 us, Queueing time: mean = 39.800 us, max = 39.800 us, min = 39.800 us, total = 39.800 us
	ray::rpc::NodeInfoGcsService.grpc_client.GetAllNodeInfo - 1 total (0 active), Execution time: mean = 1.344 ms, total = 1.344 ms, Queueing time: mean = 0.000 s, max = -0.000 s, min = 9223372036.855 s, total = 0.000 s
	ray::rpc::WorkerInfoGcsService.grpc_client.AddWorkerInfo - 1 total (0 active), Execution time: mean = 8.016 ms, total = 8.016 ms, Queueing time: mean = 0.000 s, max = -0.000 s, min = 9223372036.855 s, total = 0.000 s

-----------------
Task Event stats:

IO Service Stats:

Global stats: 6478 total (1 active)
Queueing time: mean = 238.954 us, max = 35.511 ms, min = -0.015 s, total = 1.548 s
Execution time:  mean = 211.979 us, total = 1.373 s
Event stats:
	ray::rpc::TaskInfoGcsService.grpc_client.AddTaskEventData - 2159 total (0 active), Execution time: mean = 502.023 us, total = 1.084 s, Queueing time: mean = 0.000 s, max = -0.000 s, min = 9223372036.855 s, total = 0.000 s
	CoreWorker.deadline_timer.flush_task_events - 2159 total (1 active), Execution time: mean = 115.090 us, total = 248.479 ms, Queueing time: mean = 685.482 us, max = 35.511 ms, min = -0.015 s, total = 1.480 s
	ray::rpc::TaskInfoGcsService.grpc_client.AddTaskEventData.OnReplyReceived - 2159 total (0 active), Execution time: mean = 18.866 us, total = 40.732 ms, Queueing time: mean = 28.524 us, max = 248.089 us, min = 7.947 us, total = 61.583 ms
	PeriodicalRunner.RunFnPeriodically - 1 total (0 active), Execution time: mean = 118.162 us, total = 118.162 us, Queueing time: mean = 6.407 ms, max = 6.407 ms, min = 6.407 ms, total = 6.407 ms
Other Stats:
	grpc_in_progress:0
	current number of task status events in buffer: 0
	current number of profile events in buffer: 0
	current number of dropped task attempts tracked: 0
	total task events sent: 0 MiB
	total number of task attempts sent: 0
	total number of task attempts dropped reported: 0
	total number of sent failure: 0
	num status task events dropped: 0
	num profile task events dropped: 0


[2025-02-15 21:38:18,485 I 433 1004] core_worker.cc:642: Event stats:


Global stats: 31791 total (8 active)
Queueing time: mean = 134.815 us, max = 34.754 ms, min = -0.031 s, total = 4.286 s
Execution time:  mean = 66.097 ms, total = 2101.302 s
Event stats:
	CoreWorker.RecoverObjects - 22174 total (1 active), Execution time: mean = 5.771 us, total = 127.968 ms, Queueing time: mean = 115.441 us, max = 11.397 ms, min = -0.017 s, total = 2.560 s
	NodeManagerService.grpc_client.ReportWorkerBacklog - 2220 total (0 active), Execution time: mean = 599.973 us, total = 1.332 s, Queueing time: mean = 0.000 s, max = -0.000 s, min = 9223372036.855 s, total = 0.000 s
	CoreWorker.InternalHeartbeat - 2220 total (1 active), Execution time: mean = 125.401 us, total = 278.390 ms, Queueing time: mean = 298.475 us, max = 34.753 ms, min = -0.031 s, total = 662.615 ms
	NodeManagerService.grpc_client.ReportWorkerBacklog.OnReplyReceived - 2220 total (0 active), Execution time: mean = 15.975 us, total = 35.464 ms, Queueing time: mean = 31.608 us, max = 1.252 ms, min = 4.459 us, total = 70.171 ms
	CoreWorker.ExitIfParentRayletDies - 2220 total (1 active), Execution time: mean = 9.483 us, total = 21.052 ms, Queueing time: mean = 420.373 us, max = 34.754 ms, min = -0.028 s, total = 933.229 ms
	CoreWorker.RecordMetrics - 444 total (1 active), Execution time: mean = 17.959 us, total = 7.974 ms, Queueing time: mean = 46.366 us, max = 19.494 ms, min = -0.017 s, total = 20.586 ms
	CoreWorker.GCStreamingGeneratorMetadata - 222 total (1 active), Execution time: mean = 4.111 us, total = 912.533 us, Queueing time: mean = 65.482 us, max = 18.777 ms, min = -0.018 s, total = 14.537 ms
	CoreWorker.PrintEventStats - 37 total (1 active, 1 running), Execution time: mean = 181.201 us, total = 6.704 ms, Queueing time: mean = 166.557 us, max = 3.479 ms, min = -0.001 s, total = 6.163 ms
	Publisher.CheckDeadSubscribers - 8 total (1 active), Execution time: mean = 3.652 us, total = 29.220 us, Queueing time: mean = 229.590 us, max = 986.020 us, min = -0.000 s, total = 1.837 ms
	ray::rpc::InternalPubSubGcsService.grpc_client.GcsSubscriberPoll - 7 total (1 active), Execution time: mean = 299.924 s, total = 2099.468 s, Queueing time: mean = 0.000 s, max = -0.000 s, min = 9223372036.855 s, total = 0.000 s
	PeriodicalRunner.RunFnPeriodically - 7 total (0 active), Execution time: mean = 807.569 us, total = 5.653 ms, Queueing time: mean = 2.326 ms, max = 5.637 ms, min = 27.130 us, total = 16.284 ms
	ray::rpc::InternalPubSubGcsService.grpc_client.GcsSubscriberPoll.OnReplyReceived - 6 total (0 active), Execution time: mean = 119.611 us, total = 717.667 us, Queueing time: mean = 61.686 us, max = 188.482 us, min = 20.530 us, total = 370.114 us
	ray::rpc::InternalPubSubGcsService.grpc_client.GcsSubscriberCommandBatch - 1 total (0 active), Execution time: mean = 8.130 ms, total = 8.130 ms, Queueing time: mean = 0.000 s, max = -0.000 s, min = 9223372036.855 s, total = 0.000 s
	ray::rpc::NodeInfoGcsService.grpc_client.GetAllNodeInfo.OnReplyReceived - 1 total (0 active), Execution time: mean = 73.394 us, total = 73.394 us, Queueing time: mean = 10.852 us, max = 10.852 us, min = 10.852 us, total = 10.852 us
	ray::rpc::InternalPubSubGcsService.grpc_client.GcsSubscriberCommandBatch.OnReplyReceived - 1 total (0 active), Execution time: mean = 91.946 us, total = 91.946 us, Queueing time: mean = 269.678 us, max = 269.678 us, min = 269.678 us, total = 269.678 us
	ray::rpc::WorkerInfoGcsService.grpc_client.AddWorkerInfo.OnReplyReceived - 1 total (0 active), Execution time: mean = 24.869 us, total = 24.869 us, Queueing time: mean = 39.800 us, max = 39.800 us, min = 39.800 us, total = 39.800 us
	ray::rpc::NodeInfoGcsService.grpc_client.GetAllNodeInfo - 1 total (0 active), Execution time: mean = 1.344 ms, total = 1.344 ms, Queueing time: mean = 0.000 s, max = -0.000 s, min = 9223372036.855 s, total = 0.000 s
	ray::rpc::WorkerInfoGcsService.grpc_client.AddWorkerInfo - 1 total (0 active), Execution time: mean = 8.016 ms, total = 8.016 ms, Queueing time: mean = 0.000 s, max = -0.000 s, min = 9223372036.855 s, total = 0.000 s

-----------------
Task Event stats:

IO Service Stats:

Global stats: 6658 total (1 active)
Queueing time: mean = 239.892 us, max = 35.511 ms, min = -0.015 s, total = 1.597 s
Execution time:  mean = 210.601 us, total = 1.402 s
Event stats:
	ray::rpc::TaskInfoGcsService.grpc_client.AddTaskEventData - 2219 total (0 active), Execution time: mean = 498.657 us, total = 1.107 s, Queueing time: mean = 0.000 s, max = -0.000 s, min = 9223372036.855 s, total = 0.000 s
	CoreWorker.deadline_timer.flush_task_events - 2219 total (1 active), Execution time: mean = 114.419 us, total = 253.895 ms, Queueing time: mean = 688.518 us, max = 35.511 ms, min = -0.015 s, total = 1.528 s
	ray::rpc::TaskInfoGcsService.grpc_client.AddTaskEventData.OnReplyReceived - 2219 total (0 active), Execution time: mean = 18.769 us, total = 41.649 ms, Queueing time: mean = 28.378 us, max = 248.089 us, min = 7.947 us, total = 62.972 ms
	PeriodicalRunner.RunFnPeriodically - 1 total (0 active), Execution time: mean = 118.162 us, total = 118.162 us, Queueing time: mean = 6.407 ms, max = 6.407 ms, min = 6.407 ms, total = 6.407 ms
Other Stats:
	grpc_in_progress:0
	current number of task status events in buffer: 0
	current number of profile events in buffer: 0
	current number of dropped task attempts tracked: 0
	total task events sent: 0 MiB
	total number of task attempts sent: 0
	total number of task attempts dropped reported: 0
	total number of sent failure: 0
	num status task events dropped: 0
	num profile task events dropped: 0


[2025-02-15 21:39:18,485 I 433 1004] core_worker.cc:642: Event stats:


Global stats: 32650 total (8 active)
Queueing time: mean = 133.649 us, max = 34.754 ms, min = -0.031 s, total = 4.364 s
Execution time:  mean = 64.359 ms, total = 2101.332 s
Event stats:
	CoreWorker.RecoverObjects - 22774 total (1 active), Execution time: mean = 5.771 us, total = 131.432 ms, Queueing time: mean = 113.768 us, max = 11.397 ms, min = -0.021 s, total = 2.591 s
	NodeManagerService.grpc_client.ReportWorkerBacklog - 2280 total (0 active), Execution time: mean = 592.965 us, total = 1.352 s, Queueing time: mean = 0.000 s, max = -0.000 s, min = 9223372036.855 s, total = 0.000 s
	CoreWorker.InternalHeartbeat - 2280 total (1 active), Execution time: mean = 124.121 us, total = 282.996 ms, Queueing time: mean = 299.334 us, max = 34.753 ms, min = -0.031 s, total = 682.481 ms
	NodeManagerService.grpc_client.ReportWorkerBacklog.OnReplyReceived - 2280 total (0 active), Execution time: mean = 15.857 us, total = 36.154 ms, Queueing time: mean = 31.348 us, max = 1.252 ms, min = 4.459 us, total = 71.473 ms
	CoreWorker.ExitIfParentRayletDies - 2280 total (1 active), Execution time: mean = 9.395 us, total = 21.421 ms, Queueing time: mean = 420.392 us, max = 34.754 ms, min = -0.028 s, total = 958.494 ms
	CoreWorker.RecordMetrics - 456 total (1 active), Execution time: mean = 17.981 us, total = 8.199 ms, Queueing time: mean = 52.138 us, max = 19.494 ms, min = -0.017 s, total = 23.775 ms
	CoreWorker.GCStreamingGeneratorMetadata - 228 total (1 active), Execution time: mean = 4.083 us, total = 930.877 us, Queueing time: mean = 56.728 us, max = 18.777 ms, min = -0.019 s, total = 12.934 ms
	CoreWorker.PrintEventStats - 38 total (1 active, 1 running), Execution time: mean = 184.778 us, total = 7.022 ms, Queueing time: mean = 124.203 us, max = 3.479 ms, min = -0.001 s, total = 4.720 ms
	Publisher.CheckDeadSubscribers - 8 total (1 active), Execution time: mean = 3.652 us, total = 29.220 us, Queueing time: mean = 229.590 us, max = 986.020 us, min = -0.000 s, total = 1.837 ms
	ray::rpc::InternalPubSubGcsService.grpc_client.GcsSubscriberPoll - 7 total (1 active), Execution time: mean = 299.924 s, total = 2099.468 s, Queueing time: mean = 0.000 s, max = -0.000 s, min = 9223372036.855 s, total = 0.000 s
	PeriodicalRunner.RunFnPeriodically - 7 total (0 active), Execution time: mean = 807.569 us, total = 5.653 ms, Queueing time: mean = 2.326 ms, max = 5.637 ms, min = 27.130 us, total = 16.284 ms
	ray::rpc::InternalPubSubGcsService.grpc_client.GcsSubscriberPoll.OnReplyReceived - 6 total (0 active), Execution time: mean = 119.611 us, total = 717.667 us, Queueing time: mean = 61.686 us, max = 188.482 us, min = 20.530 us, total = 370.114 us
	ray::rpc::InternalPubSubGcsService.grpc_client.GcsSubscriberCommandBatch - 1 total (0 active), Execution time: mean = 8.130 ms, total = 8.130 ms, Queueing time: mean = 0.000 s, max = -0.000 s, min = 9223372036.855 s, total = 0.000 s
	ray::rpc::NodeInfoGcsService.grpc_client.GetAllNodeInfo.OnReplyReceived - 1 total (0 active), Execution time: mean = 73.394 us, total = 73.394 us, Queueing time: mean = 10.852 us, max = 10.852 us, min = 10.852 us, total = 10.852 us
	ray::rpc::InternalPubSubGcsService.grpc_client.GcsSubscriberCommandBatch.OnReplyReceived - 1 total (0 active), Execution time: mean = 91.946 us, total = 91.946 us, Queueing time: mean = 269.678 us, max = 269.678 us, min = 269.678 us, total = 269.678 us
	ray::rpc::WorkerInfoGcsService.grpc_client.AddWorkerInfo.OnReplyReceived - 1 total (0 active), Execution time: mean = 24.869 us, total = 24.869 us, Queueing time: mean = 39.800 us, max = 39.800 us, min = 39.800 us, total = 39.800 us
	ray::rpc::NodeInfoGcsService.grpc_client.GetAllNodeInfo - 1 total (0 active), Execution time: mean = 1.344 ms, total = 1.344 ms, Queueing time: mean = 0.000 s, max = -0.000 s, min = 9223372036.855 s, total = 0.000 s
	ray::rpc::WorkerInfoGcsService.grpc_client.AddWorkerInfo - 1 total (0 active), Execution time: mean = 8.016 ms, total = 8.016 ms, Queueing time: mean = 0.000 s, max = -0.000 s, min = 9223372036.855 s, total = 0.000 s

-----------------
Task Event stats:

IO Service Stats:

Global stats: 6838 total (1 active)
Queueing time: mean = 236.657 us, max = 35.511 ms, min = -0.015 s, total = 1.618 s
Execution time:  mean = 209.175 us, total = 1.430 s
Event stats:
	ray::rpc::TaskInfoGcsService.grpc_client.AddTaskEventData - 2279 total (0 active), Execution time: mean = 495.077 us, total = 1.128 s, Queueing time: mean = 0.000 s, max = -0.000 s, min = 9223372036.855 s, total = 0.000 s
	CoreWorker.deadline_timer.flush_task_events - 2279 total (1 active), Execution time: mean = 113.851 us, total = 259.467 ms, Queueing time: mean = 678.988 us, max = 35.511 ms, min = -0.015 s, total = 1.547 s
	ray::rpc::TaskInfoGcsService.grpc_client.AddTaskEventData.OnReplyReceived - 2279 total (0 active), Execution time: mean = 18.638 us, total = 42.475 ms, Queueing time: mean = 28.276 us, max = 248.089 us, min = 7.947 us, total = 64.442 ms
	PeriodicalRunner.RunFnPeriodically - 1 total (0 active), Execution time: mean = 118.162 us, total = 118.162 us, Queueing time: mean = 6.407 ms, max = 6.407 ms, min = 6.407 ms, total = 6.407 ms
Other Stats:
	grpc_in_progress:0
	current number of task status events in buffer: 0
	current number of profile events in buffer: 0
	current number of dropped task attempts tracked: 0
	total task events sent: 0 MiB
	total number of task attempts sent: 0
	total number of task attempts dropped reported: 0
	total number of sent failure: 0
	num status task events dropped: 0
	num profile task events dropped: 0


[2025-02-15 21:40:18,485 I 433 1004] core_worker.cc:642: Event stats:


Global stats: 33504 total (8 active)
Queueing time: mean = 134.786 us, max = 34.754 ms, min = -0.031 s, total = 4.516 s
Execution time:  mean = 62.720 ms, total = 2101.360 s
Event stats:
	CoreWorker.RecoverObjects - 23373 total (1 active), Execution time: mean = 5.737 us, total = 134.096 ms, Queueing time: mean = 112.684 us, max = 11.397 ms, min = -0.021 s, total = 2.634 s
	NodeManagerService.grpc_client.ReportWorkerBacklog - 2339 total (0 active), Execution time: mean = 586.403 us, total = 1.372 s, Queueing time: mean = 0.000 s, max = -0.000 s, min = 9223372036.855 s, total = 0.000 s
	CoreWorker.InternalHeartbeat - 2339 total (1 active), Execution time: mean = 122.987 us, total = 287.666 ms, Queueing time: mean = 312.306 us, max = 34.753 ms, min = -0.031 s, total = 730.483 ms
	NodeManagerService.grpc_client.ReportWorkerBacklog.OnReplyReceived - 2339 total (0 active), Execution time: mean = 15.696 us, total = 36.712 ms, Queueing time: mean = 31.068 us, max = 1.252 ms, min = 4.459 us, total = 72.668 ms
	CoreWorker.ExitIfParentRayletDies - 2339 total (1 active), Execution time: mean = 9.310 us, total = 21.777 ms, Queueing time: mean = 432.182 us, max = 34.754 ms, min = -0.028 s, total = 1.011 s
	CoreWorker.RecordMetrics - 468 total (1 active), Execution time: mean = 17.925 us, total = 8.389 ms, Queueing time: mean = 45.891 us, max = 19.494 ms, min = -0.017 s, total = 21.477 ms
	CoreWorker.GCStreamingGeneratorMetadata - 234 total (1 active), Execution time: mean = 4.059 us, total = 949.890 us, Queueing time: mean = 92.170 us, max = 18.777 ms, min = -0.019 s, total = 21.568 ms
	CoreWorker.PrintEventStats - 39 total (1 active, 1 running), Execution time: mean = 183.406 us, total = 7.153 ms, Queueing time: mean = 159.619 us, max = 3.479 ms, min = -0.001 s, total = 6.225 ms
	Publisher.CheckDeadSubscribers - 8 total (1 active), Execution time: mean = 3.652 us, total = 29.220 us, Queueing time: mean = 229.590 us, max = 986.020 us, min = -0.000 s, total = 1.837 ms
	ray::rpc::InternalPubSubGcsService.grpc_client.GcsSubscriberPoll - 7 total (1 active), Execution time: mean = 299.924 s, total = 2099.468 s, Queueing time: mean = 0.000 s, max = -0.000 s, min = 9223372036.855 s, total = 0.000 s
	PeriodicalRunner.RunFnPeriodically - 7 total (0 active), Execution time: mean = 807.569 us, total = 5.653 ms, Queueing time: mean = 2.326 ms, max = 5.637 ms, min = 27.130 us, total = 16.284 ms
	ray::rpc::InternalPubSubGcsService.grpc_client.GcsSubscriberPoll.OnReplyReceived - 6 total (0 active), Execution time: mean = 119.611 us, total = 717.667 us, Queueing time: mean = 61.686 us, max = 188.482 us, min = 20.530 us, total = 370.114 us
	ray::rpc::InternalPubSubGcsService.grpc_client.GcsSubscriberCommandBatch - 1 total (0 active), Execution time: mean = 8.130 ms, total = 8.130 ms, Queueing time: mean = 0.000 s, max = -0.000 s, min = 9223372036.855 s, total = 0.000 s
	ray::rpc::NodeInfoGcsService.grpc_client.GetAllNodeInfo.OnReplyReceived - 1 total (0 active), Execution time: mean = 73.394 us, total = 73.394 us, Queueing time: mean = 10.852 us, max = 10.852 us, min = 10.852 us, total = 10.852 us
	ray::rpc::InternalPubSubGcsService.grpc_client.GcsSubscriberCommandBatch.OnReplyReceived - 1 total (0 active), Execution time: mean = 91.946 us, total = 91.946 us, Queueing time: mean = 269.678 us, max = 269.678 us, min = 269.678 us, total = 269.678 us
	ray::rpc::WorkerInfoGcsService.grpc_client.AddWorkerInfo.OnReplyReceived - 1 total (0 active), Execution time: mean = 24.869 us, total = 24.869 us, Queueing time: mean = 39.800 us, max = 39.800 us, min = 39.800 us, total = 39.800 us
	ray::rpc::NodeInfoGcsService.grpc_client.GetAllNodeInfo - 1 total (0 active), Execution time: mean = 1.344 ms, total = 1.344 ms, Queueing time: mean = 0.000 s, max = -0.000 s, min = 9223372036.855 s, total = 0.000 s
	ray::rpc::WorkerInfoGcsService.grpc_client.AddWorkerInfo - 1 total (0 active), Execution time: mean = 8.016 ms, total = 8.016 ms, Queueing time: mean = 0.000 s, max = -0.000 s, min = 9223372036.855 s, total = 0.000 s

-----------------
Task Event stats:

IO Service Stats:

Global stats: 7018 total (1 active)
Queueing time: mean = 237.517 us, max = 35.511 ms, min = -0.015 s, total = 1.667 s
Execution time:  mean = 208.070 us, total = 1.460 s
Event stats:
	ray::rpc::TaskInfoGcsService.grpc_client.AddTaskEventData - 2339 total (0 active), Execution time: mean = 492.395 us, total = 1.152 s, Queueing time: mean = 0.000 s, max = -0.000 s, min = 9223372036.855 s, total = 0.000 s
	CoreWorker.deadline_timer.flush_task_events - 2339 total (1 active), Execution time: mean = 113.286 us, total = 264.977 ms, Queueing time: mean = 681.731 us, max = 35.511 ms, min = -0.015 s, total = 1.595 s
	ray::rpc::TaskInfoGcsService.grpc_client.AddTaskEventData.OnReplyReceived - 2339 total (0 active), Execution time: mean = 18.566 us, total = 43.427 ms, Queueing time: mean = 28.181 us, max = 248.089 us, min = 7.947 us, total = 65.915 ms
	PeriodicalRunner.RunFnPeriodically - 1 total (0 active), Execution time: mean = 118.162 us, total = 118.162 us, Queueing time: mean = 6.407 ms, max = 6.407 ms, min = 6.407 ms, total = 6.407 ms
Other Stats:
	grpc_in_progress:0
	current number of task status events in buffer: 0
	current number of profile events in buffer: 0
	current number of dropped task attempts tracked: 0
	total task events sent: 0 MiB
	total number of task attempts sent: 0
	total number of task attempts dropped reported: 0
	total number of sent failure: 0
	num status task events dropped: 0
	num profile task events dropped: 0


[2025-02-15 21:41:18,485 I 433 1004] core_worker.cc:642: Event stats:


Global stats: 34366 total (8 active)
Queueing time: mean = 133.298 us, max = 34.754 ms, min = -0.031 s, total = 4.581 s
Execution time:  mean = 69.882 ms, total = 2401.569 s
Event stats:
	CoreWorker.RecoverObjects - 23973 total (1 active), Execution time: mean = 5.717 us, total = 137.059 ms, Queueing time: mean = 112.265 us, max = 13.220 ms, min = -0.021 s, total = 2.691 s
	NodeManagerService.grpc_client.ReportWorkerBacklog - 2399 total (0 active), Execution time: mean = 581.486 us, total = 1.395 s, Queueing time: mean = 0.000 s, max = -0.000 s, min = 9223372036.855 s, total = 0.000 s
	CoreWorker.InternalHeartbeat - 2399 total (1 active), Execution time: mean = 121.865 us, total = 292.355 ms, Queueing time: mean = 306.149 us, max = 34.753 ms, min = -0.031 s, total = 734.450 ms
	NodeManagerService.grpc_client.ReportWorkerBacklog.OnReplyReceived - 2399 total (0 active), Execution time: mean = 15.573 us, total = 37.360 ms, Queueing time: mean = 30.853 us, max = 1.252 ms, min = 4.459 us, total = 74.016 ms
	CoreWorker.ExitIfParentRayletDies - 2399 total (1 active), Execution time: mean = 9.229 us, total = 22.139 ms, Queueing time: mean = 423.267 us, max = 34.754 ms, min = -0.028 s, total = 1.015 s
	CoreWorker.RecordMetrics - 480 total (1 active), Execution time: mean = 17.774 us, total = 8.531 ms, Queueing time: mean = 51.929 us, max = 24.983 ms, min = -0.025 s, total = 24.926 ms
	CoreWorker.GCStreamingGeneratorMetadata - 240 total (1 active), Execution time: mean = 4.037 us, total = 968.817 us, Queueing time: mean = 71.528 us, max = 24.031 ms, min = -0.027 s, total = 17.167 ms
	CoreWorker.PrintEventStats - 40 total (1 active, 1 running), Execution time: mean = 182.829 us, total = 7.313 ms, Queueing time: mean = 118.027 us, max = 3.479 ms, min = -0.002 s, total = 4.721 ms
	Publisher.CheckDeadSubscribers - 9 total (1 active), Execution time: mean = 3.477 us, total = 31.295 us, Queueing time: mean = 212.643 us, max = 986.020 us, min = -0.000 s, total = 1.914 ms
	ray::rpc::InternalPubSubGcsService.grpc_client.GcsSubscriberPoll - 8 total (1 active), Execution time: mean = 299.955 s, total = 2399.644 s, Queueing time: mean = 0.000 s, max = -0.000 s, min = 9223372036.855 s, total = 0.000 s
	ray::rpc::InternalPubSubGcsService.grpc_client.GcsSubscriberPoll.OnReplyReceived - 7 total (0 active), Execution time: mean = 117.285 us, total = 820.995 us, Queueing time: mean = 55.234 us, max = 188.482 us, min = 16.526 us, total = 386.640 us
	PeriodicalRunner.RunFnPeriodically - 7 total (0 active), Execution time: mean = 807.569 us, total = 5.653 ms, Queueing time: mean = 2.326 ms, max = 5.637 ms, min = 27.130 us, total = 16.284 ms
	ray::rpc::InternalPubSubGcsService.grpc_client.GcsSubscriberCommandBatch - 1 total (0 active), Execution time: mean = 8.130 ms, total = 8.130 ms, Queueing time: mean = 0.000 s, max = -0.000 s, min = 9223372036.855 s, total = 0.000 s
	ray::rpc::NodeInfoGcsService.grpc_client.GetAllNodeInfo.OnReplyReceived - 1 total (0 active), Execution time: mean = 73.394 us, total = 73.394 us, Queueing time: mean = 10.852 us, max = 10.852 us, min = 10.852 us, total = 10.852 us
	ray::rpc::InternalPubSubGcsService.grpc_client.GcsSubscriberCommandBatch.OnReplyReceived - 1 total (0 active), Execution time: mean = 91.946 us, total = 91.946 us, Queueing time: mean = 269.678 us, max = 269.678 us, min = 269.678 us, total = 269.678 us
	ray::rpc::WorkerInfoGcsService.grpc_client.AddWorkerInfo.OnReplyReceived - 1 total (0 active), Execution time: mean = 24.869 us, total = 24.869 us, Queueing time: mean = 39.800 us, max = 39.800 us, min = 39.800 us, total = 39.800 us
	ray::rpc::NodeInfoGcsService.grpc_client.GetAllNodeInfo - 1 total (0 active), Execution time: mean = 1.344 ms, total = 1.344 ms, Queueing time: mean = 0.000 s, max = -0.000 s, min = 9223372036.855 s, total = 0.000 s
	ray::rpc::WorkerInfoGcsService.grpc_client.AddWorkerInfo - 1 total (0 active), Execution time: mean = 8.016 ms, total = 8.016 ms, Queueing time: mean = 0.000 s, max = -0.000 s, min = 9223372036.855 s, total = 0.000 s

-----------------
Task Event stats:

IO Service Stats:

Global stats: 7198 total (1 active)
Queueing time: mean = 235.629 us, max = 35.511 ms, min = -0.018 s, total = 1.696 s
Execution time:  mean = 206.926 us, total = 1.489 s
Event stats:
	ray::rpc::TaskInfoGcsService.grpc_client.AddTaskEventData - 2399 total (0 active), Execution time: mean = 489.587 us, total = 1.175 s, Queueing time: mean = 0.000 s, max = -0.000 s, min = 9223372036.855 s, total = 0.000 s
	CoreWorker.deadline_timer.flush_task_events - 2399 total (1 active), Execution time: mean = 112.746 us, total = 270.477 ms, Queueing time: mean = 676.229 us, max = 35.511 ms, min = -0.018 s, total = 1.622 s
	ray::rpc::TaskInfoGcsService.grpc_client.AddTaskEventData.OnReplyReceived - 2399 total (0 active), Execution time: mean = 18.482 us, total = 44.339 ms, Queueing time: mean = 28.086 us, max = 248.089 us, min = 7.947 us, total = 67.378 ms
	PeriodicalRunner.RunFnPeriodically - 1 total (0 active), Execution time: mean = 118.162 us, total = 118.162 us, Queueing time: mean = 6.407 ms, max = 6.407 ms, min = 6.407 ms, total = 6.407 ms
Other Stats:
	grpc_in_progress:0
	current number of task status events in buffer: 0
	current number of profile events in buffer: 0
	current number of dropped task attempts tracked: 0
	total task events sent: 0 MiB
	total number of task attempts sent: 0
	total number of task attempts dropped reported: 0
	total number of sent failure: 0
	num status task events dropped: 0
	num profile task events dropped: 0


[2025-02-15 21:41:46,501 I 433 1004] raylet_client.cc:369: Error reporting task backlog information: RpcError: RPC Error message: failed to connect to all addresses; last error: UNKNOWN: ipv4:172.19.0.2:38621: Failed to connect to remote host: Connection refused; RPC Error details: 
[2025-02-15 21:41:47,388 W 433 1302] task_event_buffer.cc:475: [1] GCS hasn't replied to the previous flush events call (likely overloaded). Skipping reporting task state events and retry later.[cur_status_events_size=0][cur_profile_events_size=0]
[2025-02-15 21:41:47,501 I 433 1004] raylet_client.cc:369: Error reporting task backlog information: RpcError: RPC Error message: failed to connect to all addresses; last error: UNKNOWN: ipv4:172.19.0.2:38621: Failed to connect to remote host: Connection refused; RPC Error details: 
[2025-02-15 21:41:48,501 I 433 1004] raylet_client.cc:369: Error reporting task backlog information: RpcError: RPC Error message: failed to connect to all addresses; last error: UNKNOWN: ipv4:172.19.0.2:38621: Failed to connect to remote host: Connection refused; RPC Error details: 
[2025-02-15 21:41:49,501 I 433 1004] raylet_client.cc:369: Error reporting task backlog information: RpcError: RPC Error message: failed to connect to all addresses; last error: UNKNOWN: ipv4:172.19.0.2:38621: Failed to connect to remote host: Connection refused; RPC Error details: 
[2025-02-15 21:41:50,501 I 433 1004] raylet_client.cc:369: Error reporting task backlog information: RpcError: RPC Error message: failed to connect to all addresses; last error: UNKNOWN: ipv4:172.19.0.2:38621: Failed to connect to remote host: Connection refused; RPC Error details: 
[2025-02-15 21:41:51,501 I 433 1004] raylet_client.cc:369: Error reporting task backlog information: RpcError: RPC Error message: failed to connect to all addresses; last error: UNKNOWN: ipv4:172.19.0.2:38621: Failed to connect to remote host: Connection refused; RPC Error details: 
[2025-02-15 21:41:52,501 I 433 1004] raylet_client.cc:369: Error reporting task backlog information: RpcError: RPC Error message: failed to connect to all addresses; last error: UNKNOWN: ipv4:172.19.0.2:38621: Failed to connect to remote host: Connection refused; RPC Error details: 
[2025-02-15 21:41:53,501 I 433 1004] raylet_client.cc:369: Error reporting task backlog information: RpcError: RPC Error message: failed to connect to all addresses; last error: UNKNOWN: ipv4:172.19.0.2:38621: Failed to connect to remote host: Connection refused; RPC Error details: 
[2025-02-15 21:41:54,502 I 433 1004] raylet_client.cc:369: Error reporting task backlog information: RpcError: RPC Error message: failed to connect to all addresses; last error: UNKNOWN: ipv4:172.19.0.2:38621: Failed to connect to remote host: Connection refused; RPC Error details: 
