[2025-02-16 14:36:44,238 I 460 460] core_worker_process.cc:107: Constructing CoreWorkerProcess. pid: 460
[2025-02-16 14:36:44,256 I 460 460] io_service_pool.cc:35: IOServicePool is running with 1 io_service.
[2025-02-16 14:36:44,264 I 460 460] grpc_server.cc:134: worker server started, listening on port 37235.
[2025-02-16 14:36:44,276 I 460 460] core_worker.cc:275: Initializing worker at address: 172.19.0.2:37235 worker_id=7cf36fc8ce8676de6a3d1d8ee28ba1ae19a584bdfe0c31c6086f0ee1 node_id=816adedaa007cdcc0cd45373f60e7db6274e62064526c8820e476a2e
[2025-02-16 14:36:44,278 I 460 460] task_event_buffer.cc:257: Reporting task events to GCS every 1000ms.
[2025-02-16 14:36:44,280 I 460 592] accessor.cc:762: Received notification for node, IsAlive = 1 node_id=816adedaa007cdcc0cd45373f60e7db6274e62064526c8820e476a2e
[2025-02-16 14:36:44,280 I 460 592] core_worker.cc:4754: Number of alive nodes:1
[2025-02-16 14:36:44,347 I 460 460] core_worker.cc:703: Adjusted worker niceness to 15
[2025-02-16 14:36:44,347 I 460 592] core_worker.cc:642: Event stats:


Global stats: 16 total (8 active)
Queueing time: mean = 606.947 us, max = 9.142 ms, min = 13.808 us, total = 9.711 ms
Execution time:  mean = 144.670 us, total = 2.315 ms
Event stats:
	PeriodicalRunner.RunFnPeriodically - 7 total (5 active, 1 running), Execution time: mean = 4.074 us, total = 28.520 us, Queueing time: mean = 1.312 ms, max = 9.142 ms, min = 43.560 us, total = 9.186 ms
	CoreWorker.ExitIfParentRayletDies - 1 total (1 active), Execution time: mean = 0.000 s, total = 0.000 s, Queueing time: mean = 0.000 s, max = -0.000 s, min = 9223372036.855 s, total = 0.000 s
	ray::rpc::NodeInfoGcsService.grpc_client.GetAllNodeInfo - 1 total (0 active), Execution time: mean = 500.075 us, total = 500.075 us, Queueing time: mean = 0.000 s, max = -0.000 s, min = 9223372036.855 s, total = 0.000 s
	ray::rpc::NodeInfoGcsService.grpc_client.GetAllNodeInfo.OnReplyReceived - 1 total (0 active), Execution time: mean = 146.935 us, total = 146.935 us, Queueing time: mean = 13.808 us, max = 13.808 us, min = 13.808 us, total = 13.808 us
	ray::rpc::InternalPubSubGcsService.grpc_client.GcsSubscriberCommandBatch.OnReplyReceived - 1 total (0 active), Execution time: mean = 180.215 us, total = 180.215 us, Queueing time: mean = 481.347 us, max = 481.347 us, min = 481.347 us, total = 481.347 us
	ray::rpc::InternalPubSubGcsService.grpc_client.GcsSubscriberPoll - 1 total (1 active), Execution time: mean = 0.000 s, total = 0.000 s, Queueing time: mean = 0.000 s, max = -0.000 s, min = 9223372036.855 s, total = 0.000 s
	ray::rpc::InternalPubSubGcsService.grpc_client.GcsSubscriberCommandBatch - 1 total (0 active), Execution time: mean = 658.120 us, total = 658.120 us, Queueing time: mean = 0.000 s, max = -0.000 s, min = 9223372036.855 s, total = 0.000 s
	ray::rpc::WorkerInfoGcsService.grpc_client.AddWorkerInfo.OnReplyReceived - 1 total (0 active), Execution time: mean = 27.096 us, total = 27.096 us, Queueing time: mean = 30.143 us, max = 30.143 us, min = 30.143 us, total = 30.143 us
	ray::rpc::WorkerInfoGcsService.grpc_client.AddWorkerInfo - 1 total (0 active), Execution time: mean = 773.753 us, total = 773.753 us, Queueing time: mean = 0.000 s, max = -0.000 s, min = 9223372036.855 s, total = 0.000 s
	Publisher.CheckDeadSubscribers - 1 total (1 active), Execution time: mean = 0.000 s, total = 0.000 s, Queueing time: mean = 0.000 s, max = -0.000 s, min = 9223372036.855 s, total = 0.000 s

-----------------
Task Event stats:

IO Service Stats:

Global stats: 4 total (1 active)
Queueing time: mean = 294.882 us, max = 1.148 ms, min = 31.375 us, total = 1.180 ms
Execution time:  mean = 160.356 us, total = 641.425 us
Event stats:
	ray::rpc::TaskInfoGcsService.grpc_client.AddTaskEventData - 1 total (0 active), Execution time: mean = 410.613 us, total = 410.613 us, Queueing time: mean = 0.000 s, max = -0.000 s, min = 9223372036.855 s, total = 0.000 s
	PeriodicalRunner.RunFnPeriodically - 1 total (0 active), Execution time: mean = 208.529 us, total = 208.529 us, Queueing time: mean = 1.148 ms, max = 1.148 ms, min = 1.148 ms, total = 1.148 ms
	CoreWorker.deadline_timer.flush_task_events - 1 total (1 active), Execution time: mean = 0.000 s, total = 0.000 s, Queueing time: mean = 0.000 s, max = -0.000 s, min = 9223372036.855 s, total = 0.000 s
	ray::rpc::TaskInfoGcsService.grpc_client.AddTaskEventData.OnReplyReceived - 1 total (0 active), Execution time: mean = 22.283 us, total = 22.283 us, Queueing time: mean = 31.375 us, max = 31.375 us, min = 31.375 us, total = 31.375 us
Other Stats:
	grpc_in_progress:0
	current number of task status events in buffer: 0
	current number of profile events in buffer: 0
	current number of dropped task attempts tracked: 0
	total task events sent: 0 MiB
	total number of task attempts sent: 0
	total number of task attempts dropped reported: 0
	total number of sent failure: 0
	num status task events dropped: 0
	num profile task events dropped: 0


[2025-02-16 14:36:44,347 I 460 460] event.cc:491: Ray Event initialized for CORE_WORKER
[2025-02-16 14:36:44,347 I 460 460] event.cc:491: Ray Event initialized for EXPORT_TASK
[2025-02-16 14:36:44,347 I 460 460] event.cc:322: Set ray event level to warning
[2025-02-16 14:36:54,282 W 460 587] metric_exporter.cc:105: [1] Export metrics to agent failed: RpcError: RPC Error message: failed to connect to all addresses; last error: UNKNOWN: ipv4:127.0.0.1:61040: Failed to connect to remote host: Connection refused; RPC Error details: . This won't affect Ray, but you can lose metrics from the cluster.
[2025-02-16 14:37:44,347 I 460 592] core_worker.cc:642: Event stats:


Global stats: 879 total (8 active)
Queueing time: mean = 138.716 us, max = 19.007 ms, min = -0.029 s, total = 121.931 ms
Execution time:  mean = 180.023 us, total = 158.240 ms
Event stats:
	CoreWorker.RecoverObjects - 600 total (1 active), Execution time: mean = 4.586 us, total = 2.752 ms, Queueing time: mean = 145.738 us, max = 5.481 ms, min = -0.001 s, total = 87.443 ms
	CoreWorker.ExitIfParentRayletDies - 61 total (1 active), Execution time: mean = 9.590 us, total = 584.964 us, Queueing time: mean = 188.024 us, max = 18.965 ms, min = -0.028 s, total = 11.469 ms
	NodeManagerService.grpc_client.ReportWorkerBacklog.OnReplyReceived - 60 total (0 active), Execution time: mean = 17.993 us, total = 1.080 ms, Queueing time: mean = 31.419 us, max = 145.590 us, min = 18.176 us, total = 1.885 ms
	CoreWorker.InternalHeartbeat - 60 total (1 active), Execution time: mean = 129.908 us, total = 7.794 ms, Queueing time: mean = 70.400 us, max = 19.007 ms, min = -0.029 s, total = 4.224 ms
	NodeManagerService.grpc_client.ReportWorkerBacklog - 60 total (0 active), Execution time: mean = 712.841 us, total = 42.770 ms, Queueing time: mean = 0.000 s, max = -0.000 s, min = 9223372036.855 s, total = 0.000 s
	CoreWorker.RecordMetrics - 12 total (1 active), Execution time: mean = 70.442 us, total = 845.303 us, Queueing time: mean = 177.987 us, max = 6.878 ms, min = -0.004 s, total = 2.136 ms
	PeriodicalRunner.RunFnPeriodically - 7 total (0 active), Execution time: mean = 93.012 us, total = 651.086 us, Queueing time: mean = 1.568 ms, max = 9.142 ms, min = 20.666 us, total = 10.973 ms
	CoreWorker.GCStreamingGeneratorMetadata - 6 total (1 active), Execution time: mean = 2.079 us, total = 12.471 us, Queueing time: mean = 536.974 us, max = 2.976 ms, min = -0.002 s, total = 3.222 ms
	CoreWorkerService.grpc_server.PushTask.HandleRequestImpl - 2 total (0 active), Execution time: mean = 67.686 us, total = 135.371 us, Queueing time: mean = 27.083 us, max = 29.146 us, min = 25.020 us, total = 54.166 us
	CoreWorkerService.grpc_server.PushTask - 2 total (0 active), Execution time: mean = 49.664 ms, total = 99.328 ms, Queueing time: mean = 0.000 s, max = -0.000 s, min = 9223372036.855 s, total = 0.000 s
	ray::rpc::InternalPubSubGcsService.grpc_client.GcsSubscriberCommandBatch.OnReplyReceived - 1 total (0 active), Execution time: mean = 180.215 us, total = 180.215 us, Queueing time: mean = 481.347 us, max = 481.347 us, min = 481.347 us, total = 481.347 us
	CoreWorker.PrintEventStats - 1 total (1 active, 1 running), Execution time: mean = 0.000 s, total = 0.000 s, Queueing time: mean = 0.000 s, max = -0.000 s, min = 9223372036.855 s, total = 0.000 s
	ray::rpc::InternalPubSubGcsService.grpc_client.GcsSubscriberPoll - 1 total (1 active), Execution time: mean = 0.000 s, total = 0.000 s, Queueing time: mean = 0.000 s, max = -0.000 s, min = 9223372036.855 s, total = 0.000 s
	Publisher.CheckDeadSubscribers - 1 total (1 active), Execution time: mean = 0.000 s, total = 0.000 s, Queueing time: mean = 0.000 s, max = -0.000 s, min = 9223372036.855 s, total = 0.000 s
	ray::rpc::WorkerInfoGcsService.grpc_client.AddWorkerInfo.OnReplyReceived - 1 total (0 active), Execution time: mean = 27.096 us, total = 27.096 us, Queueing time: mean = 30.143 us, max = 30.143 us, min = 30.143 us, total = 30.143 us
	ray::rpc::NodeInfoGcsService.grpc_client.GetAllNodeInfo - 1 total (0 active), Execution time: mean = 500.075 us, total = 500.075 us, Queueing time: mean = 0.000 s, max = -0.000 s, min = 9223372036.855 s, total = 0.000 s
	ray::rpc::WorkerInfoGcsService.grpc_client.AddWorkerInfo - 1 total (0 active), Execution time: mean = 773.753 us, total = 773.753 us, Queueing time: mean = 0.000 s, max = -0.000 s, min = 9223372036.855 s, total = 0.000 s
	ray::rpc::NodeInfoGcsService.grpc_client.GetAllNodeInfo.OnReplyReceived - 1 total (0 active), Execution time: mean = 146.935 us, total = 146.935 us, Queueing time: mean = 13.808 us, max = 13.808 us, min = 13.808 us, total = 13.808 us
	ray::rpc::InternalPubSubGcsService.grpc_client.GcsSubscriberCommandBatch - 1 total (0 active), Execution time: mean = 658.120 us, total = 658.120 us, Queueing time: mean = 0.000 s, max = -0.000 s, min = 9223372036.855 s, total = 0.000 s

-----------------
Task Event stats:

IO Service Stats:

Global stats: 184 total (1 active)
Queueing time: mean = 241.472 us, max = 18.956 ms, min = -0.006 s, total = 44.431 ms
Execution time:  mean = 326.433 us, total = 60.064 ms
Event stats:
	ray::rpc::TaskInfoGcsService.grpc_client.AddTaskEventData - 61 total (0 active), Execution time: mean = 783.448 us, total = 47.790 ms, Queueing time: mean = 0.000 s, max = -0.000 s, min = 9223372036.855 s, total = 0.000 s
	CoreWorker.deadline_timer.flush_task_events - 61 total (1 active), Execution time: mean = 172.573 us, total = 10.527 ms, Queueing time: mean = 678.970 us, max = 18.956 ms, min = -0.006 s, total = 41.417 ms
	ray::rpc::TaskInfoGcsService.grpc_client.AddTaskEventData.OnReplyReceived - 61 total (0 active), Execution time: mean = 25.211 us, total = 1.538 ms, Queueing time: mean = 30.581 us, max = 162.326 us, min = 16.354 us, total = 1.865 ms
	PeriodicalRunner.RunFnPeriodically - 1 total (0 active), Execution time: mean = 208.529 us, total = 208.529 us, Queueing time: mean = 1.148 ms, max = 1.148 ms, min = 1.148 ms, total = 1.148 ms
Other Stats:
	grpc_in_progress:0
	current number of task status events in buffer: 0
	current number of profile events in buffer: 0
	current number of dropped task attempts tracked: 0
	total task events sent: 0.00137138 MiB
	total number of task attempts sent: 2
	total number of task attempts dropped reported: 0
	total number of sent failure: 0
	num status task events dropped: 0
	num profile task events dropped: 0


[2025-02-16 14:38:44,347 I 460 592] core_worker.cc:642: Event stats:


Global stats: 1740 total (8 active)
Queueing time: mean = 144.206 us, max = 28.001 ms, min = -0.033 s, total = 250.918 ms
Execution time:  mean = 132.147 us, total = 229.936 ms
Event stats:
	CoreWorker.RecoverObjects - 1198 total (1 active), Execution time: mean = 5.127 us, total = 6.142 ms, Queueing time: mean = 170.395 us, max = 9.184 ms, min = -0.001 s, total = 204.134 ms
	CoreWorker.ExitIfParentRayletDies - 121 total (1 active), Execution time: mean = 10.433 us, total = 1.262 ms, Queueing time: mean = 120.361 us, max = 28.001 ms, min = -0.032 s, total = 14.564 ms
	NodeManagerService.grpc_client.ReportWorkerBacklog.OnReplyReceived - 120 total (0 active), Execution time: mean = 17.636 us, total = 2.116 ms, Queueing time: mean = 33.302 us, max = 355.540 us, min = 18.176 us, total = 3.996 ms
	CoreWorker.InternalHeartbeat - 120 total (1 active), Execution time: mean = 197.075 us, total = 23.649 ms, Queueing time: mean = 60.024 us, max = 27.611 ms, min = -0.033 s, total = 7.203 ms
	NodeManagerService.grpc_client.ReportWorkerBacklog - 120 total (0 active), Execution time: mean = 749.389 us, total = 89.927 ms, Queueing time: mean = 0.000 s, max = -0.000 s, min = 9223372036.855 s, total = 0.000 s
	CoreWorker.RecordMetrics - 24 total (1 active), Execution time: mean = 49.910 us, total = 1.198 ms, Queueing time: mean = 195.262 us, max = 12.916 ms, min = -0.008 s, total = 4.686 ms
	CoreWorker.GCStreamingGeneratorMetadata - 12 total (1 active), Execution time: mean = 2.509 us, total = 30.113 us, Queueing time: mean = 297.382 us, max = 3.673 ms, min = -0.002 s, total = 3.569 ms
	PeriodicalRunner.RunFnPeriodically - 7 total (0 active), Execution time: mean = 93.012 us, total = 651.086 us, Queueing time: mean = 1.568 ms, max = 9.142 ms, min = 20.666 us, total = 10.973 ms
	CoreWorkerService.grpc_server.PushTask.HandleRequestImpl - 4 total (0 active), Execution time: mean = 59.736 us, total = 238.944 us, Queueing time: mean = 26.209 us, max = 29.146 us, min = 24.027 us, total = 104.837 us
	CoreWorkerService.grpc_server.PushTask - 4 total (0 active), Execution time: mean = 25.554 ms, total = 102.217 ms, Queueing time: mean = 0.000 s, max = -0.000 s, min = 9223372036.855 s, total = 0.000 s
	CoreWorker.PrintEventStats - 2 total (1 active, 1 running), Execution time: mean = 109.333 us, total = 218.666 us, Queueing time: mean = 581.756 us, max = 1.164 ms, min = 1.164 ms, total = 1.164 ms
	ray::rpc::InternalPubSubGcsService.grpc_client.GcsSubscriberCommandBatch.OnReplyReceived - 1 total (0 active), Execution time: mean = 180.215 us, total = 180.215 us, Queueing time: mean = 481.347 us, max = 481.347 us, min = 481.347 us, total = 481.347 us
	ray::rpc::InternalPubSubGcsService.grpc_client.GcsSubscriberPoll - 1 total (1 active), Execution time: mean = 0.000 s, total = 0.000 s, Queueing time: mean = 0.000 s, max = -0.000 s, min = 9223372036.855 s, total = 0.000 s
	Publisher.CheckDeadSubscribers - 1 total (1 active), Execution time: mean = 0.000 s, total = 0.000 s, Queueing time: mean = 0.000 s, max = -0.000 s, min = 9223372036.855 s, total = 0.000 s
	ray::rpc::WorkerInfoGcsService.grpc_client.AddWorkerInfo.OnReplyReceived - 1 total (0 active), Execution time: mean = 27.096 us, total = 27.096 us, Queueing time: mean = 30.143 us, max = 30.143 us, min = 30.143 us, total = 30.143 us
	ray::rpc::NodeInfoGcsService.grpc_client.GetAllNodeInfo - 1 total (0 active), Execution time: mean = 500.075 us, total = 500.075 us, Queueing time: mean = 0.000 s, max = -0.000 s, min = 9223372036.855 s, total = 0.000 s
	ray::rpc::WorkerInfoGcsService.grpc_client.AddWorkerInfo - 1 total (0 active), Execution time: mean = 773.753 us, total = 773.753 us, Queueing time: mean = 0.000 s, max = -0.000 s, min = 9223372036.855 s, total = 0.000 s
	ray::rpc::NodeInfoGcsService.grpc_client.GetAllNodeInfo.OnReplyReceived - 1 total (0 active), Execution time: mean = 146.935 us, total = 146.935 us, Queueing time: mean = 13.808 us, max = 13.808 us, min = 13.808 us, total = 13.808 us
	ray::rpc::InternalPubSubGcsService.grpc_client.GcsSubscriberCommandBatch - 1 total (0 active), Execution time: mean = 658.120 us, total = 658.120 us, Queueing time: mean = 0.000 s, max = -0.000 s, min = 9223372036.855 s, total = 0.000 s

-----------------
Task Event stats:

IO Service Stats:

Global stats: 361 total (1 active)
Queueing time: mean = 264.830 us, max = 28.235 ms, min = -0.010 s, total = 95.604 ms
Execution time:  mean = 331.376 us, total = 119.627 ms
Event stats:
	ray::rpc::TaskInfoGcsService.grpc_client.AddTaskEventData - 120 total (0 active), Execution time: mean = 799.599 us, total = 95.952 ms, Queueing time: mean = 0.000 s, max = -0.000 s, min = 9223372036.855 s, total = 0.000 s
	CoreWorker.deadline_timer.flush_task_events - 120 total (1 active), Execution time: mean = 170.958 us, total = 20.515 ms, Queueing time: mean = 755.906 us, max = 28.235 ms, min = -0.010 s, total = 90.709 ms
	ray::rpc::TaskInfoGcsService.grpc_client.AddTaskEventData.OnReplyReceived - 120 total (0 active), Execution time: mean = 24.596 us, total = 2.952 ms, Queueing time: mean = 31.224 us, max = 162.326 us, min = 16.354 us, total = 3.747 ms
	PeriodicalRunner.RunFnPeriodically - 1 total (0 active), Execution time: mean = 208.529 us, total = 208.529 us, Queueing time: mean = 1.148 ms, max = 1.148 ms, min = 1.148 ms, total = 1.148 ms
Other Stats:
	grpc_in_progress:0
	current number of task status events in buffer: 0
	current number of profile events in buffer: 0
	current number of dropped task attempts tracked: 0
	total task events sent: 0.0027504 MiB
	total number of task attempts sent: 4
	total number of task attempts dropped reported: 0
	total number of sent failure: 0
	num status task events dropped: 0
	num profile task events dropped: 0


[2025-02-16 14:39:44,348 I 460 592] core_worker.cc:642: Event stats:


Global stats: 2607 total (8 active)
Queueing time: mean = 129.780 us, max = 29.004 ms, min = -0.033 s, total = 338.336 ms
Execution time:  mean = 111.559 us, total = 290.833 ms
Event stats:
	CoreWorker.RecoverObjects - 1798 total (1 active), Execution time: mean = 5.018 us, total = 9.022 ms, Queueing time: mean = 157.465 us, max = 9.184 ms, min = -0.001 s, total = 283.122 ms
	CoreWorker.ExitIfParentRayletDies - 181 total (1 active), Execution time: mean = 9.947 us, total = 1.800 ms, Queueing time: mean = 96.838 us, max = 28.926 ms, min = -0.032 s, total = 17.528 ms
	CoreWorker.InternalHeartbeat - 180 total (1 active), Execution time: mean = 188.322 us, total = 33.898 ms, Queueing time: mean = 56.164 us, max = 29.004 ms, min = -0.033 s, total = 10.110 ms
	NodeManagerService.grpc_client.ReportWorkerBacklog.OnReplyReceived - 180 total (0 active), Execution time: mean = 17.757 us, total = 3.196 ms, Queueing time: mean = 31.865 us, max = 355.540 us, min = 18.176 us, total = 5.736 ms
	NodeManagerService.grpc_client.ReportWorkerBacklog - 180 total (0 active), Execution time: mean = 727.536 us, total = 130.956 ms, Queueing time: mean = 0.000 s, max = -0.000 s, min = 9223372036.855 s, total = 0.000 s
	CoreWorker.RecordMetrics - 36 total (1 active), Execution time: mean = 43.017 us, total = 1.549 ms, Queueing time: mean = 146.947 us, max = 21.558 ms, min = -0.018 s, total = 5.290 ms
	CoreWorker.GCStreamingGeneratorMetadata - 18 total (1 active), Execution time: mean = 2.803 us, total = 50.447 us, Queueing time: mean = 213.578 us, max = 3.673 ms, min = -0.002 s, total = 3.844 ms
	CoreWorkerService.grpc_server.PushTask.HandleRequestImpl - 8 total (0 active), Execution time: mean = 59.257 us, total = 474.055 us, Queueing time: mean = 30.829 us, max = 72.888 us, min = 20.461 us, total = 246.634 us
	CoreWorkerService.grpc_server.PushTask - 8 total (0 active), Execution time: mean = 13.304 ms, total = 106.436 ms, Queueing time: mean = 0.000 s, max = -0.000 s, min = 9223372036.855 s, total = 0.000 s
	PeriodicalRunner.RunFnPeriodically - 7 total (0 active), Execution time: mean = 93.012 us, total = 651.086 us, Queueing time: mean = 1.568 ms, max = 9.142 ms, min = 20.666 us, total = 10.973 ms
	CoreWorker.PrintEventStats - 3 total (1 active, 1 running), Execution time: mean = 171.350 us, total = 514.049 us, Queueing time: mean = 320.562 us, max = 1.164 ms, min = -0.000 s, total = 961.686 us
	ray::rpc::InternalPubSubGcsService.grpc_client.GcsSubscriberCommandBatch.OnReplyReceived - 1 total (0 active), Execution time: mean = 180.215 us, total = 180.215 us, Queueing time: mean = 481.347 us, max = 481.347 us, min = 481.347 us, total = 481.347 us
	Publisher.CheckDeadSubscribers - 1 total (1 active), Execution time: mean = 0.000 s, total = 0.000 s, Queueing time: mean = 0.000 s, max = -0.000 s, min = 9223372036.855 s, total = 0.000 s
	ray::rpc::InternalPubSubGcsService.grpc_client.GcsSubscriberPoll - 1 total (1 active), Execution time: mean = 0.000 s, total = 0.000 s, Queueing time: mean = 0.000 s, max = -0.000 s, min = 9223372036.855 s, total = 0.000 s
	ray::rpc::WorkerInfoGcsService.grpc_client.AddWorkerInfo.OnReplyReceived - 1 total (0 active), Execution time: mean = 27.096 us, total = 27.096 us, Queueing time: mean = 30.143 us, max = 30.143 us, min = 30.143 us, total = 30.143 us
	ray::rpc::NodeInfoGcsService.grpc_client.GetAllNodeInfo - 1 total (0 active), Execution time: mean = 500.075 us, total = 500.075 us, Queueing time: mean = 0.000 s, max = -0.000 s, min = 9223372036.855 s, total = 0.000 s
	ray::rpc::WorkerInfoGcsService.grpc_client.AddWorkerInfo - 1 total (0 active), Execution time: mean = 773.753 us, total = 773.753 us, Queueing time: mean = 0.000 s, max = -0.000 s, min = 9223372036.855 s, total = 0.000 s
	ray::rpc::NodeInfoGcsService.grpc_client.GetAllNodeInfo.OnReplyReceived - 1 total (0 active), Execution time: mean = 146.935 us, total = 146.935 us, Queueing time: mean = 13.808 us, max = 13.808 us, min = 13.808 us, total = 13.808 us
	ray::rpc::InternalPubSubGcsService.grpc_client.GcsSubscriberCommandBatch - 1 total (0 active), Execution time: mean = 658.120 us, total = 658.120 us, Queueing time: mean = 0.000 s, max = -0.000 s, min = 9223372036.855 s, total = 0.000 s

-----------------
Task Event stats:

IO Service Stats:

Global stats: 541 total (1 active)
Queueing time: mean = 262.434 us, max = 29.024 ms, min = -0.010 s, total = 141.977 ms
Execution time:  mean = 303.875 us, total = 164.397 ms
Event stats:
	ray::rpc::TaskInfoGcsService.grpc_client.AddTaskEventData - 180 total (0 active), Execution time: mean = 732.650 us, total = 131.877 ms, Queueing time: mean = 0.000 s, max = -0.000 s, min = 9223372036.855 s, total = 0.000 s
	CoreWorker.deadline_timer.flush_task_events - 180 total (1 active), Execution time: mean = 156.391 us, total = 28.150 ms, Queueing time: mean = 751.343 us, max = 29.024 ms, min = -0.010 s, total = 135.242 ms
	ray::rpc::TaskInfoGcsService.grpc_client.AddTaskEventData.OnReplyReceived - 180 total (0 active), Execution time: mean = 23.116 us, total = 4.161 ms, Queueing time: mean = 31.039 us, max = 162.326 us, min = 16.354 us, total = 5.587 ms
	PeriodicalRunner.RunFnPeriodically - 1 total (0 active), Execution time: mean = 208.529 us, total = 208.529 us, Queueing time: mean = 1.148 ms, max = 1.148 ms, min = 1.148 ms, total = 1.148 ms
Other Stats:
	grpc_in_progress:0
	current number of task status events in buffer: 0
	current number of profile events in buffer: 0
	current number of dropped task attempts tracked: 0
	total task events sent: 0.00550842 MiB
	total number of task attempts sent: 8
	total number of task attempts dropped reported: 0
	total number of sent failure: 0
	num status task events dropped: 0
	num profile task events dropped: 0


[2025-02-16 14:40:44,348 I 460 592] core_worker.cc:642: Event stats:


Global stats: 3467 total (8 active)
Queueing time: mean = 132.271 us, max = 29.004 ms, min = -0.034 s, total = 458.584 ms
Execution time:  mean = 102.310 us, total = 354.709 ms
Event stats:
	CoreWorker.RecoverObjects - 2397 total (1 active), Execution time: mean = 5.306 us, total = 12.718 ms, Queueing time: mean = 163.169 us, max = 9.184 ms, min = -0.001 s, total = 391.116 ms
	CoreWorker.ExitIfParentRayletDies - 241 total (1 active), Execution time: mean = 9.943 us, total = 2.396 ms, Queueing time: mean = 94.124 us, max = 28.926 ms, min = -0.033 s, total = 22.684 ms
	CoreWorker.InternalHeartbeat - 240 total (1 active), Execution time: mean = 181.474 us, total = 43.554 ms, Queueing time: mean = 52.281 us, max = 29.004 ms, min = -0.034 s, total = 12.548 ms
	NodeManagerService.grpc_client.ReportWorkerBacklog.OnReplyReceived - 240 total (0 active), Execution time: mean = 17.827 us, total = 4.279 ms, Queueing time: mean = 32.354 us, max = 355.540 us, min = 5.454 us, total = 7.765 ms
	NodeManagerService.grpc_client.ReportWorkerBacklog - 240 total (0 active), Execution time: mean = 742.683 us, total = 178.244 ms, Queueing time: mean = 0.000 s, max = -0.000 s, min = 9223372036.855 s, total = 0.000 s
	CoreWorker.RecordMetrics - 48 total (1 active), Execution time: mean = 38.600 us, total = 1.853 ms, Queueing time: mean = 155.955 us, max = 21.558 ms, min = -0.018 s, total = 7.486 ms
	CoreWorker.GCStreamingGeneratorMetadata - 24 total (1 active), Execution time: mean = 2.835 us, total = 68.035 us, Queueing time: mean = 169.524 us, max = 3.673 ms, min = -0.002 s, total = 4.069 ms
	CoreWorkerService.grpc_server.PushTask.HandleRequestImpl - 9 total (0 active), Execution time: mean = 62.558 us, total = 563.026 us, Queueing time: mean = 32.633 us, max = 72.888 us, min = 20.461 us, total = 293.698 us
	CoreWorkerService.grpc_server.PushTask - 9 total (0 active), Execution time: mean = 11.926 ms, total = 107.338 ms, Queueing time: mean = 0.000 s, max = -0.000 s, min = 9223372036.855 s, total = 0.000 s
	PeriodicalRunner.RunFnPeriodically - 7 total (0 active), Execution time: mean = 93.012 us, total = 651.086 us, Queueing time: mean = 1.568 ms, max = 9.142 ms, min = 20.666 us, total = 10.973 ms
	CoreWorker.PrintEventStats - 4 total (1 active, 1 running), Execution time: mean = 189.894 us, total = 759.576 us, Queueing time: mean = 281.358 us, max = 1.164 ms, min = -0.000 s, total = 1.125 ms
	ray::rpc::InternalPubSubGcsService.grpc_client.GcsSubscriberCommandBatch.OnReplyReceived - 1 total (0 active), Execution time: mean = 180.215 us, total = 180.215 us, Queueing time: mean = 481.347 us, max = 481.347 us, min = 481.347 us, total = 481.347 us
	Publisher.CheckDeadSubscribers - 1 total (1 active), Execution time: mean = 0.000 s, total = 0.000 s, Queueing time: mean = 0.000 s, max = -0.000 s, min = 9223372036.855 s, total = 0.000 s
	ray::rpc::InternalPubSubGcsService.grpc_client.GcsSubscriberPoll - 1 total (1 active), Execution time: mean = 0.000 s, total = 0.000 s, Queueing time: mean = 0.000 s, max = -0.000 s, min = 9223372036.855 s, total = 0.000 s
	ray::rpc::WorkerInfoGcsService.grpc_client.AddWorkerInfo.OnReplyReceived - 1 total (0 active), Execution time: mean = 27.096 us, total = 27.096 us, Queueing time: mean = 30.143 us, max = 30.143 us, min = 30.143 us, total = 30.143 us
	ray::rpc::NodeInfoGcsService.grpc_client.GetAllNodeInfo - 1 total (0 active), Execution time: mean = 500.075 us, total = 500.075 us, Queueing time: mean = 0.000 s, max = -0.000 s, min = 9223372036.855 s, total = 0.000 s
	ray::rpc::WorkerInfoGcsService.grpc_client.AddWorkerInfo - 1 total (0 active), Execution time: mean = 773.753 us, total = 773.753 us, Queueing time: mean = 0.000 s, max = -0.000 s, min = 9223372036.855 s, total = 0.000 s
	ray::rpc::NodeInfoGcsService.grpc_client.GetAllNodeInfo.OnReplyReceived - 1 total (0 active), Execution time: mean = 146.935 us, total = 146.935 us, Queueing time: mean = 13.808 us, max = 13.808 us, min = 13.808 us, total = 13.808 us
	ray::rpc::InternalPubSubGcsService.grpc_client.GcsSubscriberCommandBatch - 1 total (0 active), Execution time: mean = 658.120 us, total = 658.120 us, Queueing time: mean = 0.000 s, max = -0.000 s, min = 9223372036.855 s, total = 0.000 s

-----------------
Task Event stats:

IO Service Stats:

Global stats: 721 total (1 active)
Queueing time: mean = 277.163 us, max = 29.024 ms, min = -0.010 s, total = 199.835 ms
Execution time:  mean = 293.673 us, total = 211.738 ms
Event stats:
	ray::rpc::TaskInfoGcsService.grpc_client.AddTaskEventData - 240 total (0 active), Execution time: mean = 703.661 us, total = 168.879 ms, Queueing time: mean = 0.000 s, max = -0.000 s, min = 9223372036.855 s, total = 0.000 s
	CoreWorker.deadline_timer.flush_task_events - 240 total (1 active), Execution time: mean = 155.031 us, total = 37.208 ms, Queueing time: mean = 795.860 us, max = 29.024 ms, min = -0.010 s, total = 191.006 ms
	ray::rpc::TaskInfoGcsService.grpc_client.AddTaskEventData.OnReplyReceived - 240 total (0 active), Execution time: mean = 22.681 us, total = 5.444 ms, Queueing time: mean = 32.001 us, max = 219.339 us, min = 16.354 us, total = 7.680 ms
	PeriodicalRunner.RunFnPeriodically - 1 total (0 active), Execution time: mean = 208.529 us, total = 208.529 us, Queueing time: mean = 1.148 ms, max = 1.148 ms, min = 1.148 ms, total = 1.148 ms
Other Stats:
	grpc_in_progress:0
	current number of task status events in buffer: 0
	current number of profile events in buffer: 0
	current number of dropped task attempts tracked: 0
	total task events sent: 0.00619793 MiB
	total number of task attempts sent: 9
	total number of task attempts dropped reported: 0
	total number of sent failure: 0
	num status task events dropped: 0
	num profile task events dropped: 0


[2025-02-16 14:41:44,348 I 460 592] core_worker.cc:642: Event stats:


Global stats: 4330 total (8 active)
Queueing time: mean = 130.457 us, max = 29.004 ms, min = -0.034 s, total = 564.877 ms
Execution time:  mean = 95.254 us, total = 412.452 ms
Event stats:
	CoreWorker.RecoverObjects - 2996 total (1 active), Execution time: mean = 5.344 us, total = 16.012 ms, Queueing time: mean = 160.163 us, max = 9.562 ms, min = -0.001 s, total = 479.847 ms
	CoreWorker.ExitIfParentRayletDies - 301 total (1 active), Execution time: mean = 9.746 us, total = 2.934 ms, Queueing time: mean = 109.861 us, max = 28.926 ms, min = -0.033 s, total = 33.068 ms
	CoreWorker.InternalHeartbeat - 300 total (1 active), Execution time: mean = 176.158 us, total = 52.847 ms, Queueing time: mean = 51.327 us, max = 29.004 ms, min = -0.034 s, total = 15.398 ms
	NodeManagerService.grpc_client.ReportWorkerBacklog.OnReplyReceived - 300 total (0 active), Execution time: mean = 18.245 us, total = 5.473 ms, Queueing time: mean = 33.461 us, max = 355.540 us, min = 5.454 us, total = 10.038 ms
	NodeManagerService.grpc_client.ReportWorkerBacklog - 300 total (0 active), Execution time: mean = 729.786 us, total = 218.936 ms, Queueing time: mean = 0.000 s, max = -0.000 s, min = 9223372036.855 s, total = 0.000 s
	CoreWorker.RecordMetrics - 60 total (1 active), Execution time: mean = 36.420 us, total = 2.185 ms, Queueing time: mean = 135.459 us, max = 21.558 ms, min = -0.018 s, total = 8.128 ms
	CoreWorker.GCStreamingGeneratorMetadata - 30 total (1 active), Execution time: mean = 3.012 us, total = 90.360 us, Queueing time: mean = 147.630 us, max = 3.673 ms, min = -0.002 s, total = 4.429 ms
	CoreWorkerService.grpc_server.PushTask.HandleRequestImpl - 11 total (0 active), Execution time: mean = 62.920 us, total = 692.119 us, Queueing time: mean = 32.424 us, max = 72.888 us, min = 20.461 us, total = 356.664 us
	CoreWorkerService.grpc_server.PushTask - 11 total (0 active), Execution time: mean = 9.940 ms, total = 109.339 ms, Queueing time: mean = 0.000 s, max = -0.000 s, min = 9223372036.855 s, total = 0.000 s
	PeriodicalRunner.RunFnPeriodically - 7 total (0 active), Execution time: mean = 93.012 us, total = 651.086 us, Queueing time: mean = 1.568 ms, max = 9.142 ms, min = 20.666 us, total = 10.973 ms
	CoreWorker.PrintEventStats - 5 total (1 active, 1 running), Execution time: mean = 200.273 us, total = 1.001 ms, Queueing time: mean = 220.202 us, max = 1.164 ms, min = -0.000 s, total = 1.101 ms
	Publisher.CheckDeadSubscribers - 2 total (1 active), Execution time: mean = 1.839 us, total = 3.678 us, Queueing time: mean = 506.647 us, max = 1.013 ms, min = 1.013 ms, total = 1.013 ms
	ray::rpc::InternalPubSubGcsService.grpc_client.GcsSubscriberCommandBatch.OnReplyReceived - 1 total (0 active), Execution time: mean = 180.215 us, total = 180.215 us, Queueing time: mean = 481.347 us, max = 481.347 us, min = 481.347 us, total = 481.347 us
	ray::rpc::InternalPubSubGcsService.grpc_client.GcsSubscriberPoll - 1 total (1 active), Execution time: mean = 0.000 s, total = 0.000 s, Queueing time: mean = 0.000 s, max = -0.000 s, min = 9223372036.855 s, total = 0.000 s
	ray::rpc::WorkerInfoGcsService.grpc_client.AddWorkerInfo.OnReplyReceived - 1 total (0 active), Execution time: mean = 27.096 us, total = 27.096 us, Queueing time: mean = 30.143 us, max = 30.143 us, min = 30.143 us, total = 30.143 us
	ray::rpc::NodeInfoGcsService.grpc_client.GetAllNodeInfo - 1 total (0 active), Execution time: mean = 500.075 us, total = 500.075 us, Queueing time: mean = 0.000 s, max = -0.000 s, min = 9223372036.855 s, total = 0.000 s
	ray::rpc::WorkerInfoGcsService.grpc_client.AddWorkerInfo - 1 total (0 active), Execution time: mean = 773.753 us, total = 773.753 us, Queueing time: mean = 0.000 s, max = -0.000 s, min = 9223372036.855 s, total = 0.000 s
	ray::rpc::NodeInfoGcsService.grpc_client.GetAllNodeInfo.OnReplyReceived - 1 total (0 active), Execution time: mean = 146.935 us, total = 146.935 us, Queueing time: mean = 13.808 us, max = 13.808 us, min = 13.808 us, total = 13.808 us
	ray::rpc::InternalPubSubGcsService.grpc_client.GcsSubscriberCommandBatch - 1 total (0 active), Execution time: mean = 658.120 us, total = 658.120 us, Queueing time: mean = 0.000 s, max = -0.000 s, min = 9223372036.855 s, total = 0.000 s

-----------------
Task Event stats:

IO Service Stats:

Global stats: 901 total (1 active)
Queueing time: mean = 264.609 us, max = 29.024 ms, min = -0.011 s, total = 238.412 ms
Execution time:  mean = 306.286 us, total = 275.964 ms
Event stats:
	ray::rpc::TaskInfoGcsService.grpc_client.AddTaskEventData - 300 total (0 active), Execution time: mean = 736.886 us, total = 221.066 ms, Queueing time: mean = 0.000 s, max = -0.000 s, min = 9223372036.855 s, total = 0.000 s
	CoreWorker.deadline_timer.flush_task_events - 300 total (1 active), Execution time: mean = 159.213 us, total = 47.764 ms, Queueing time: mean = 754.642 us, max = 29.024 ms, min = -0.011 s, total = 226.393 ms
	ray::rpc::TaskInfoGcsService.grpc_client.AddTaskEventData.OnReplyReceived - 300 total (0 active), Execution time: mean = 23.086 us, total = 6.926 ms, Queueing time: mean = 36.238 us, max = 1.401 ms, min = 16.354 us, total = 10.871 ms
	PeriodicalRunner.RunFnPeriodically - 1 total (0 active), Execution time: mean = 208.529 us, total = 208.529 us, Queueing time: mean = 1.148 ms, max = 1.148 ms, min = 1.148 ms, total = 1.148 ms
Other Stats:
	grpc_in_progress:0
	current number of task status events in buffer: 0
	current number of profile events in buffer: 0
	current number of dropped task attempts tracked: 0
	total task events sent: 0.00757694 MiB
	total number of task attempts sent: 11
	total number of task attempts dropped reported: 0
	total number of sent failure: 0
	num status task events dropped: 0
	num profile task events dropped: 0


[2025-02-16 14:42:44,349 I 460 592] core_worker.cc:642: Event stats:


Global stats: 5192 total (8 active)
Queueing time: mean = 128.412 us, max = 29.004 ms, min = -0.034 s, total = 666.713 ms
Execution time:  mean = 90.684 us, total = 470.830 ms
Event stats:
	CoreWorker.RecoverObjects - 3595 total (1 active), Execution time: mean = 5.472 us, total = 19.673 ms, Queueing time: mean = 157.132 us, max = 9.562 ms, min = -0.001 s, total = 564.888 ms
	CoreWorker.ExitIfParentRayletDies - 361 total (1 active), Execution time: mean = 9.550 us, total = 3.448 ms, Queueing time: mean = 109.980 us, max = 28.926 ms, min = -0.033 s, total = 39.703 ms
	CoreWorker.InternalHeartbeat - 360 total (1 active), Execution time: mean = 171.444 us, total = 61.720 ms, Queueing time: mean = 62.601 us, max = 29.004 ms, min = -0.034 s, total = 22.536 ms
	NodeManagerService.grpc_client.ReportWorkerBacklog.OnReplyReceived - 360 total (0 active), Execution time: mean = 18.158 us, total = 6.537 ms, Queueing time: mean = 33.738 us, max = 355.540 us, min = 5.454 us, total = 12.146 ms
	NodeManagerService.grpc_client.ReportWorkerBacklog - 360 total (0 active), Execution time: mean = 722.057 us, total = 259.941 ms, Queueing time: mean = 0.000 s, max = -0.000 s, min = 9223372036.855 s, total = 0.000 s
	CoreWorker.RecordMetrics - 72 total (1 active), Execution time: mean = 35.519 us, total = 2.557 ms, Queueing time: mean = 121.313 us, max = 21.558 ms, min = -0.018 s, total = 8.735 ms
	CoreWorker.GCStreamingGeneratorMetadata - 36 total (1 active), Execution time: mean = 3.079 us, total = 110.855 us, Queueing time: mean = 124.075 us, max = 3.673 ms, min = -0.002 s, total = 4.467 ms
	CoreWorkerService.grpc_server.PushTask.HandleRequestImpl - 13 total (0 active), Execution time: mean = 62.274 us, total = 809.568 us, Queueing time: mean = 36.018 us, max = 83.726 us, min = 20.461 us, total = 468.234 us
	CoreWorkerService.grpc_server.PushTask - 13 total (0 active), Execution time: mean = 8.603 ms, total = 111.834 ms, Queueing time: mean = 0.000 s, max = -0.000 s, min = 9223372036.855 s, total = 0.000 s
	PeriodicalRunner.RunFnPeriodically - 7 total (0 active), Execution time: mean = 93.012 us, total = 651.086 us, Queueing time: mean = 1.568 ms, max = 9.142 ms, min = 20.666 us, total = 10.973 ms
	CoreWorker.PrintEventStats - 6 total (1 active, 1 running), Execution time: mean = 209.918 us, total = 1.260 ms, Queueing time: mean = 209.911 us, max = 1.164 ms, min = -0.000 s, total = 1.259 ms
	Publisher.CheckDeadSubscribers - 2 total (1 active), Execution time: mean = 1.839 us, total = 3.678 us, Queueing time: mean = 506.647 us, max = 1.013 ms, min = 1.013 ms, total = 1.013 ms
	ray::rpc::InternalPubSubGcsService.grpc_client.GcsSubscriberCommandBatch.OnReplyReceived - 1 total (0 active), Execution time: mean = 180.215 us, total = 180.215 us, Queueing time: mean = 481.347 us, max = 481.347 us, min = 481.347 us, total = 481.347 us
	ray::rpc::InternalPubSubGcsService.grpc_client.GcsSubscriberPoll - 1 total (1 active), Execution time: mean = 0.000 s, total = 0.000 s, Queueing time: mean = 0.000 s, max = -0.000 s, min = 9223372036.855 s, total = 0.000 s
	ray::rpc::WorkerInfoGcsService.grpc_client.AddWorkerInfo.OnReplyReceived - 1 total (0 active), Execution time: mean = 27.096 us, total = 27.096 us, Queueing time: mean = 30.143 us, max = 30.143 us, min = 30.143 us, total = 30.143 us
	ray::rpc::NodeInfoGcsService.grpc_client.GetAllNodeInfo - 1 total (0 active), Execution time: mean = 500.075 us, total = 500.075 us, Queueing time: mean = 0.000 s, max = -0.000 s, min = 9223372036.855 s, total = 0.000 s
	ray::rpc::WorkerInfoGcsService.grpc_client.AddWorkerInfo - 1 total (0 active), Execution time: mean = 773.753 us, total = 773.753 us, Queueing time: mean = 0.000 s, max = -0.000 s, min = 9223372036.855 s, total = 0.000 s
	ray::rpc::NodeInfoGcsService.grpc_client.GetAllNodeInfo.OnReplyReceived - 1 total (0 active), Execution time: mean = 146.935 us, total = 146.935 us, Queueing time: mean = 13.808 us, max = 13.808 us, min = 13.808 us, total = 13.808 us
	ray::rpc::InternalPubSubGcsService.grpc_client.GcsSubscriberCommandBatch - 1 total (0 active), Execution time: mean = 658.120 us, total = 658.120 us, Queueing time: mean = 0.000 s, max = -0.000 s, min = 9223372036.855 s, total = 0.000 s

-----------------
Task Event stats:

IO Service Stats:

Global stats: 1081 total (1 active)
Queueing time: mean = 263.160 us, max = 29.024 ms, min = -0.011 s, total = 284.476 ms
Execution time:  mean = 307.233 us, total = 332.118 ms
Event stats:
	ray::rpc::TaskInfoGcsService.grpc_client.AddTaskEventData - 360 total (0 active), Execution time: mean = 734.321 us, total = 264.356 ms, Queueing time: mean = 0.000 s, max = -0.000 s, min = 9223372036.855 s, total = 0.000 s
	CoreWorker.deadline_timer.flush_task_events - 360 total (1 active), Execution time: mean = 163.582 us, total = 58.890 ms, Queueing time: mean = 751.103 us, max = 29.024 ms, min = -0.011 s, total = 270.397 ms
	ray::rpc::TaskInfoGcsService.grpc_client.AddTaskEventData.OnReplyReceived - 360 total (0 active), Execution time: mean = 24.068 us, total = 8.665 ms, Queueing time: mean = 35.920 us, max = 1.401 ms, min = 16.354 us, total = 12.931 ms
	PeriodicalRunner.RunFnPeriodically - 1 total (0 active), Execution time: mean = 208.529 us, total = 208.529 us, Queueing time: mean = 1.148 ms, max = 1.148 ms, min = 1.148 ms, total = 1.148 ms
Other Stats:
	grpc_in_progress:0
	current number of task status events in buffer: 0
	current number of profile events in buffer: 0
	current number of dropped task attempts tracked: 0
	total task events sent: 0.00895596 MiB
	total number of task attempts sent: 13
	total number of task attempts dropped reported: 0
	total number of sent failure: 0
	num status task events dropped: 0
	num profile task events dropped: 0


[2025-02-16 14:43:44,349 I 460 592] core_worker.cc:642: Event stats:


Global stats: 6056 total (8 active)
Queueing time: mean = 129.433 us, max = 29.004 ms, min = -0.034 s, total = 783.848 ms
Execution time:  mean = 87.245 us, total = 528.356 ms
Event stats:
	CoreWorker.RecoverObjects - 4194 total (1 active), Execution time: mean = 5.422 us, total = 22.742 ms, Queueing time: mean = 159.044 us, max = 9.562 ms, min = -0.001 s, total = 667.029 ms
	CoreWorker.ExitIfParentRayletDies - 421 total (1 active), Execution time: mean = 9.397 us, total = 3.956 ms, Queueing time: mean = 101.160 us, max = 28.926 ms, min = -0.033 s, total = 42.588 ms
	CoreWorker.InternalHeartbeat - 420 total (1 active), Execution time: mean = 162.003 us, total = 68.041 ms, Queueing time: mean = 69.758 us, max = 29.004 ms, min = -0.034 s, total = 29.299 ms
	NodeManagerService.grpc_client.ReportWorkerBacklog.OnReplyReceived - 420 total (0 active), Execution time: mean = 17.843 us, total = 7.494 ms, Queueing time: mean = 36.374 us, max = 970.587 us, min = 5.454 us, total = 15.277 ms
	NodeManagerService.grpc_client.ReportWorkerBacklog - 420 total (0 active), Execution time: mean = 720.091 us, total = 302.438 ms, Queueing time: mean = 0.000 s, max = -0.000 s, min = 9223372036.855 s, total = 0.000 s
	CoreWorker.RecordMetrics - 84 total (1 active), Execution time: mean = 34.966 us, total = 2.937 ms, Queueing time: mean = 113.777 us, max = 22.111 ms, min = -0.018 s, total = 9.557 ms
	CoreWorker.GCStreamingGeneratorMetadata - 42 total (1 active), Execution time: mean = 3.169 us, total = 133.095 us, Queueing time: mean = 136.712 us, max = 3.673 ms, min = -0.003 s, total = 5.742 ms
	CoreWorkerService.grpc_server.PushTask.HandleRequestImpl - 16 total (0 active), Execution time: mean = 65.227 us, total = 1.044 ms, Queueing time: mean = 35.531 us, max = 83.726 us, min = 20.461 us, total = 568.492 us
	CoreWorkerService.grpc_server.PushTask - 16 total (0 active), Execution time: mean = 7.176 ms, total = 114.822 ms, Queueing time: mean = 0.000 s, max = -0.000 s, min = 9223372036.855 s, total = 0.000 s
	CoreWorker.PrintEventStats - 7 total (1 active, 1 running), Execution time: mean = 258.363 us, total = 1.809 ms, Queueing time: mean = 182.238 us, max = 1.164 ms, min = -0.000 s, total = 1.276 ms
	PeriodicalRunner.RunFnPeriodically - 7 total (0 active), Execution time: mean = 93.012 us, total = 651.086 us, Queueing time: mean = 1.568 ms, max = 9.142 ms, min = 20.666 us, total = 10.973 ms
	Publisher.CheckDeadSubscribers - 2 total (1 active), Execution time: mean = 1.839 us, total = 3.678 us, Queueing time: mean = 506.647 us, max = 1.013 ms, min = 1.013 ms, total = 1.013 ms
	ray::rpc::InternalPubSubGcsService.grpc_client.GcsSubscriberCommandBatch.OnReplyReceived - 1 total (0 active), Execution time: mean = 180.215 us, total = 180.215 us, Queueing time: mean = 481.347 us, max = 481.347 us, min = 481.347 us, total = 481.347 us
	ray::rpc::InternalPubSubGcsService.grpc_client.GcsSubscriberPoll - 1 total (1 active), Execution time: mean = 0.000 s, total = 0.000 s, Queueing time: mean = 0.000 s, max = -0.000 s, min = 9223372036.855 s, total = 0.000 s
	ray::rpc::WorkerInfoGcsService.grpc_client.AddWorkerInfo.OnReplyReceived - 1 total (0 active), Execution time: mean = 27.096 us, total = 27.096 us, Queueing time: mean = 30.143 us, max = 30.143 us, min = 30.143 us, total = 30.143 us
	ray::rpc::NodeInfoGcsService.grpc_client.GetAllNodeInfo - 1 total (0 active), Execution time: mean = 500.075 us, total = 500.075 us, Queueing time: mean = 0.000 s, max = -0.000 s, min = 9223372036.855 s, total = 0.000 s
	ray::rpc::WorkerInfoGcsService.grpc_client.AddWorkerInfo - 1 total (0 active), Execution time: mean = 773.753 us, total = 773.753 us, Queueing time: mean = 0.000 s, max = -0.000 s, min = 9223372036.855 s, total = 0.000 s
	ray::rpc::NodeInfoGcsService.grpc_client.GetAllNodeInfo.OnReplyReceived - 1 total (0 active), Execution time: mean = 146.935 us, total = 146.935 us, Queueing time: mean = 13.808 us, max = 13.808 us, min = 13.808 us, total = 13.808 us
	ray::rpc::InternalPubSubGcsService.grpc_client.GcsSubscriberCommandBatch - 1 total (0 active), Execution time: mean = 658.120 us, total = 658.120 us, Queueing time: mean = 0.000 s, max = -0.000 s, min = 9223372036.855 s, total = 0.000 s

-----------------
Task Event stats:

IO Service Stats:

Global stats: 1261 total (1 active)
Queueing time: mean = 258.888 us, max = 29.024 ms, min = -0.011 s, total = 326.458 ms
Execution time:  mean = 310.961 us, total = 392.122 ms
Event stats:
	ray::rpc::TaskInfoGcsService.grpc_client.AddTaskEventData - 420 total (0 active), Execution time: mean = 742.617 us, total = 311.899 ms, Queueing time: mean = 0.000 s, max = -0.000 s, min = 9223372036.855 s, total = 0.000 s
	CoreWorker.deadline_timer.flush_task_events - 420 total (1 active), Execution time: mean = 166.162 us, total = 69.788 ms, Queueing time: mean = 738.494 us, max = 29.024 ms, min = -0.011 s, total = 310.168 ms
	ray::rpc::TaskInfoGcsService.grpc_client.AddTaskEventData.OnReplyReceived - 420 total (0 active), Execution time: mean = 24.348 us, total = 10.226 ms, Queueing time: mean = 36.054 us, max = 1.401 ms, min = 16.354 us, total = 15.143 ms
	PeriodicalRunner.RunFnPeriodically - 1 total (0 active), Execution time: mean = 208.529 us, total = 208.529 us, Queueing time: mean = 1.148 ms, max = 1.148 ms, min = 1.148 ms, total = 1.148 ms
Other Stats:
	grpc_in_progress:0
	current number of task status events in buffer: 0
	current number of profile events in buffer: 0
	current number of dropped task attempts tracked: 0
	total task events sent: 0.0110245 MiB
	total number of task attempts sent: 16
	total number of task attempts dropped reported: 0
	total number of sent failure: 0
	num status task events dropped: 0
	num profile task events dropped: 0


[2025-02-16 14:44:44,350 I 460 592] core_worker.cc:642: Event stats:


Global stats: 6918 total (8 active)
Queueing time: mean = 129.354 us, max = 29.004 ms, min = -0.034 s, total = 894.873 ms
Execution time:  mean = 86.408 us, total = 597.774 ms
Event stats:
	CoreWorker.RecoverObjects - 4793 total (1 active), Execution time: mean = 6.429 us, total = 30.815 ms, Queueing time: mean = 158.957 us, max = 9.562 ms, min = -0.005 s, total = 761.881 ms
	CoreWorker.ExitIfParentRayletDies - 481 total (1 active), Execution time: mean = 9.321 us, total = 4.483 ms, Queueing time: mean = 99.420 us, max = 28.926 ms, min = -0.033 s, total = 47.821 ms
	CoreWorker.InternalHeartbeat - 480 total (1 active), Execution time: mean = 158.013 us, total = 75.846 ms, Queueing time: mean = 75.941 us, max = 29.004 ms, min = -0.034 s, total = 36.452 ms
	NodeManagerService.grpc_client.ReportWorkerBacklog.OnReplyReceived - 480 total (0 active), Execution time: mean = 17.604 us, total = 8.450 ms, Queueing time: mean = 37.457 us, max = 970.587 us, min = 5.454 us, total = 17.979 ms
	NodeManagerService.grpc_client.ReportWorkerBacklog - 480 total (0 active), Execution time: mean = 732.516 us, total = 351.608 ms, Queueing time: mean = 0.000 s, max = -0.000 s, min = 9223372036.855 s, total = 0.000 s
	CoreWorker.RecordMetrics - 96 total (1 active), Execution time: mean = 34.045 us, total = 3.268 ms, Queueing time: mean = 109.046 us, max = 22.111 ms, min = -0.018 s, total = 10.468 ms
	CoreWorker.GCStreamingGeneratorMetadata - 48 total (1 active), Execution time: mean = 3.117 us, total = 149.631 us, Queueing time: mean = 117.164 us, max = 3.673 ms, min = -0.003 s, total = 5.624 ms
	CoreWorkerService.grpc_server.PushTask.HandleRequestImpl - 18 total (0 active), Execution time: mean = 64.819 us, total = 1.167 ms, Queueing time: mean = 35.123 us, max = 83.726 us, min = 20.461 us, total = 632.211 us
	CoreWorkerService.grpc_server.PushTask - 18 total (0 active), Execution time: mean = 6.490 ms, total = 116.815 ms, Queueing time: mean = 0.000 s, max = -0.000 s, min = 9223372036.855 s, total = 0.000 s
	CoreWorker.PrintEventStats - 8 total (1 active, 1 running), Execution time: mean = 278.958 us, total = 2.232 ms, Queueing time: mean = 188.022 us, max = 1.164 ms, min = -0.000 s, total = 1.504 ms
	PeriodicalRunner.RunFnPeriodically - 7 total (0 active), Execution time: mean = 93.012 us, total = 651.086 us, Queueing time: mean = 1.568 ms, max = 9.142 ms, min = 20.666 us, total = 10.973 ms
	Publisher.CheckDeadSubscribers - 2 total (1 active), Execution time: mean = 1.839 us, total = 3.678 us, Queueing time: mean = 506.647 us, max = 1.013 ms, min = 1.013 ms, total = 1.013 ms
	ray::rpc::InternalPubSubGcsService.grpc_client.GcsSubscriberCommandBatch.OnReplyReceived - 1 total (0 active), Execution time: mean = 180.215 us, total = 180.215 us, Queueing time: mean = 481.347 us, max = 481.347 us, min = 481.347 us, total = 481.347 us
	ray::rpc::InternalPubSubGcsService.grpc_client.GcsSubscriberPoll - 1 total (1 active), Execution time: mean = 0.000 s, total = 0.000 s, Queueing time: mean = 0.000 s, max = -0.000 s, min = 9223372036.855 s, total = 0.000 s
	ray::rpc::WorkerInfoGcsService.grpc_client.AddWorkerInfo.OnReplyReceived - 1 total (0 active), Execution time: mean = 27.096 us, total = 27.096 us, Queueing time: mean = 30.143 us, max = 30.143 us, min = 30.143 us, total = 30.143 us
	ray::rpc::NodeInfoGcsService.grpc_client.GetAllNodeInfo - 1 total (0 active), Execution time: mean = 500.075 us, total = 500.075 us, Queueing time: mean = 0.000 s, max = -0.000 s, min = 9223372036.855 s, total = 0.000 s
	ray::rpc::WorkerInfoGcsService.grpc_client.AddWorkerInfo - 1 total (0 active), Execution time: mean = 773.753 us, total = 773.753 us, Queueing time: mean = 0.000 s, max = -0.000 s, min = 9223372036.855 s, total = 0.000 s
	ray::rpc::NodeInfoGcsService.grpc_client.GetAllNodeInfo.OnReplyReceived - 1 total (0 active), Execution time: mean = 146.935 us, total = 146.935 us, Queueing time: mean = 13.808 us, max = 13.808 us, min = 13.808 us, total = 13.808 us
	ray::rpc::InternalPubSubGcsService.grpc_client.GcsSubscriberCommandBatch - 1 total (0 active), Execution time: mean = 658.120 us, total = 658.120 us, Queueing time: mean = 0.000 s, max = -0.000 s, min = 9223372036.855 s, total = 0.000 s

-----------------
Task Event stats:

IO Service Stats:

Global stats: 1441 total (1 active)
Queueing time: mean = 261.991 us, max = 29.024 ms, min = -0.011 s, total = 377.529 ms
Execution time:  mean = 309.187 us, total = 445.539 ms
Event stats:
	ray::rpc::TaskInfoGcsService.grpc_client.AddTaskEventData - 480 total (0 active), Execution time: mean = 735.094 us, total = 352.845 ms, Queueing time: mean = 0.000 s, max = -0.000 s, min = 9223372036.855 s, total = 0.000 s
	CoreWorker.deadline_timer.flush_task_events - 480 total (1 active), Execution time: mean = 168.361 us, total = 80.813 ms, Queueing time: mean = 748.576 us, max = 29.024 ms, min = -0.011 s, total = 359.317 ms
	ray::rpc::TaskInfoGcsService.grpc_client.AddTaskEventData.OnReplyReceived - 480 total (0 active), Execution time: mean = 24.317 us, total = 11.672 ms, Queueing time: mean = 35.550 us, max = 1.401 ms, min = 16.354 us, total = 17.064 ms
	PeriodicalRunner.RunFnPeriodically - 1 total (0 active), Execution time: mean = 208.529 us, total = 208.529 us, Queueing time: mean = 1.148 ms, max = 1.148 ms, min = 1.148 ms, total = 1.148 ms
Other Stats:
	grpc_in_progress:0
	current number of task status events in buffer: 0
	current number of profile events in buffer: 0
	current number of dropped task attempts tracked: 0
	total task events sent: 0.0124035 MiB
	total number of task attempts sent: 18
	total number of task attempts dropped reported: 0
	total number of sent failure: 0
	num status task events dropped: 0
	num profile task events dropped: 0


[2025-02-16 14:45:44,350 I 460 592] core_worker.cc:642: Event stats:


Global stats: 7782 total (8 active)
Queueing time: mean = 127.414 us, max = 29.004 ms, min = -0.034 s, total = 991.534 ms
Execution time:  mean = 86.479 us, total = 672.980 ms
Event stats:
	CoreWorker.RecoverObjects - 5392 total (1 active), Execution time: mean = 6.257 us, total = 33.737 ms, Queueing time: mean = 156.849 us, max = 9.562 ms, min = -0.005 s, total = 845.732 ms
	CoreWorker.ExitIfParentRayletDies - 541 total (1 active), Execution time: mean = 9.317 us, total = 5.040 ms, Queueing time: mean = 95.258 us, max = 28.926 ms, min = -0.033 s, total = 51.534 ms
	CoreWorker.InternalHeartbeat - 540 total (1 active), Execution time: mean = 154.961 us, total = 83.679 ms, Queueing time: mean = 75.154 us, max = 29.004 ms, min = -0.034 s, total = 40.583 ms
	NodeManagerService.grpc_client.ReportWorkerBacklog.OnReplyReceived - 540 total (0 active), Execution time: mean = 17.770 us, total = 9.596 ms, Queueing time: mean = 39.985 us, max = 970.587 us, min = 5.454 us, total = 21.592 ms
	NodeManagerService.grpc_client.ReportWorkerBacklog - 540 total (0 active), Execution time: mean = 760.684 us, total = 410.769 ms, Queueing time: mean = 0.000 s, max = -0.000 s, min = 9223372036.855 s, total = 0.000 s
	CoreWorker.RecordMetrics - 108 total (1 active), Execution time: mean = 33.565 us, total = 3.625 ms, Queueing time: mean = 101.518 us, max = 22.111 ms, min = -0.018 s, total = 10.964 ms
	CoreWorker.GCStreamingGeneratorMetadata - 54 total (1 active), Execution time: mean = 3.157 us, total = 170.481 us, Queueing time: mean = 119.008 us, max = 3.673 ms, min = -0.003 s, total = 6.426 ms
	CoreWorkerService.grpc_server.PushTask.HandleRequestImpl - 21 total (0 active), Execution time: mean = 62.291 us, total = 1.308 ms, Queueing time: mean = 34.133 us, max = 83.726 us, min = 20.461 us, total = 716.793 us
	CoreWorkerService.grpc_server.PushTask - 21 total (0 active), Execution time: mean = 5.695 ms, total = 119.601 ms, Queueing time: mean = 0.000 s, max = -0.000 s, min = 9223372036.855 s, total = 0.000 s
	CoreWorker.PrintEventStats - 9 total (1 active, 1 running), Execution time: mean = 279.173 us, total = 2.513 ms, Queueing time: mean = 163.761 us, max = 1.164 ms, min = -0.000 s, total = 1.474 ms
	PeriodicalRunner.RunFnPeriodically - 7 total (0 active), Execution time: mean = 93.012 us, total = 651.086 us, Queueing time: mean = 1.568 ms, max = 9.142 ms, min = 20.666 us, total = 10.973 ms
	Publisher.CheckDeadSubscribers - 2 total (1 active), Execution time: mean = 1.839 us, total = 3.678 us, Queueing time: mean = 506.647 us, max = 1.013 ms, min = 1.013 ms, total = 1.013 ms
	ray::rpc::InternalPubSubGcsService.grpc_client.GcsSubscriberCommandBatch.OnReplyReceived - 1 total (0 active), Execution time: mean = 180.215 us, total = 180.215 us, Queueing time: mean = 481.347 us, max = 481.347 us, min = 481.347 us, total = 481.347 us
	ray::rpc::InternalPubSubGcsService.grpc_client.GcsSubscriberPoll - 1 total (1 active), Execution time: mean = 0.000 s, total = 0.000 s, Queueing time: mean = 0.000 s, max = -0.000 s, min = 9223372036.855 s, total = 0.000 s
	ray::rpc::WorkerInfoGcsService.grpc_client.AddWorkerInfo.OnReplyReceived - 1 total (0 active), Execution time: mean = 27.096 us, total = 27.096 us, Queueing time: mean = 30.143 us, max = 30.143 us, min = 30.143 us, total = 30.143 us
	ray::rpc::NodeInfoGcsService.grpc_client.GetAllNodeInfo - 1 total (0 active), Execution time: mean = 500.075 us, total = 500.075 us, Queueing time: mean = 0.000 s, max = -0.000 s, min = 9223372036.855 s, total = 0.000 s
	ray::rpc::WorkerInfoGcsService.grpc_client.AddWorkerInfo - 1 total (0 active), Execution time: mean = 773.753 us, total = 773.753 us, Queueing time: mean = 0.000 s, max = -0.000 s, min = 9223372036.855 s, total = 0.000 s
	ray::rpc::NodeInfoGcsService.grpc_client.GetAllNodeInfo.OnReplyReceived - 1 total (0 active), Execution time: mean = 146.935 us, total = 146.935 us, Queueing time: mean = 13.808 us, max = 13.808 us, min = 13.808 us, total = 13.808 us
	ray::rpc::InternalPubSubGcsService.grpc_client.GcsSubscriberCommandBatch - 1 total (0 active), Execution time: mean = 658.120 us, total = 658.120 us, Queueing time: mean = 0.000 s, max = -0.000 s, min = 9223372036.855 s, total = 0.000 s

-----------------
Task Event stats:

IO Service Stats:

Global stats: 1621 total (1 active)
Queueing time: mean = 260.780 us, max = 29.024 ms, min = -0.011 s, total = 422.724 ms
Execution time:  mean = 316.152 us, total = 512.482 ms
Event stats:
	ray::rpc::TaskInfoGcsService.grpc_client.AddTaskEventData - 540 total (0 active), Execution time: mean = 753.457 us, total = 406.867 ms, Queueing time: mean = 0.000 s, max = -0.000 s, min = 9223372036.855 s, total = 0.000 s
	CoreWorker.deadline_timer.flush_task_events - 540 total (1 active), Execution time: mean = 170.751 us, total = 92.206 ms, Queueing time: mean = 745.684 us, max = 29.024 ms, min = -0.011 s, total = 402.669 ms
	ray::rpc::TaskInfoGcsService.grpc_client.AddTaskEventData.OnReplyReceived - 540 total (0 active), Execution time: mean = 24.446 us, total = 13.201 ms, Queueing time: mean = 35.013 us, max = 1.401 ms, min = 16.354 us, total = 18.907 ms
	PeriodicalRunner.RunFnPeriodically - 1 total (0 active), Execution time: mean = 208.529 us, total = 208.529 us, Queueing time: mean = 1.148 ms, max = 1.148 ms, min = 1.148 ms, total = 1.148 ms
Other Stats:
	grpc_in_progress:0
	current number of task status events in buffer: 0
	current number of profile events in buffer: 0
	current number of dropped task attempts tracked: 0
	total task events sent: 0.014472 MiB
	total number of task attempts sent: 21
	total number of task attempts dropped reported: 0
	total number of sent failure: 0
	num status task events dropped: 0
	num profile task events dropped: 0


[2025-02-16 14:46:44,350 I 460 592] core_worker.cc:642: Event stats:


Global stats: 8647 total (8 active)
Queueing time: mean = 127.079 us, max = 29.004 ms, min = -0.034 s, total = 1.099 s
Execution time:  mean = 69.182 ms, total = 598.216 s
Event stats:
	CoreWorker.RecoverObjects - 5991 total (1 active), Execution time: mean = 6.125 us, total = 36.694 ms, Queueing time: mean = 156.899 us, max = 9.562 ms, min = -0.005 s, total = 939.984 ms
	CoreWorker.ExitIfParentRayletDies - 601 total (1 active), Execution time: mean = 9.269 us, total = 5.571 ms, Queueing time: mean = 89.923 us, max = 28.926 ms, min = -0.033 s, total = 54.044 ms
	NodeManagerService.grpc_client.ReportWorkerBacklog.OnReplyReceived - 600 total (0 active), Execution time: mean = 17.425 us, total = 10.455 ms, Queueing time: mean = 39.302 us, max = 970.587 us, min = 5.454 us, total = 23.581 ms
	NodeManagerService.grpc_client.ReportWorkerBacklog - 600 total (0 active), Execution time: mean = 740.256 us, total = 444.154 ms, Queueing time: mean = 0.000 s, max = -0.000 s, min = 9223372036.855 s, total = 0.000 s
	CoreWorker.InternalHeartbeat - 600 total (1 active), Execution time: mean = 150.560 us, total = 90.336 ms, Queueing time: mean = 77.951 us, max = 29.004 ms, min = -0.034 s, total = 46.771 ms
	CoreWorker.RecordMetrics - 120 total (1 active), Execution time: mean = 33.251 us, total = 3.990 ms, Queueing time: mean = 101.811 us, max = 26.840 ms, min = -0.022 s, total = 12.217 ms
	CoreWorker.GCStreamingGeneratorMetadata - 60 total (1 active), Execution time: mean = 3.080 us, total = 184.823 us, Queueing time: mean = 118.120 us, max = 4.785 ms, min = -0.003 s, total = 7.087 ms
	CoreWorkerService.grpc_server.PushTask - 23 total (0 active), Execution time: mean = 5.279 ms, total = 121.420 ms, Queueing time: mean = 0.000 s, max = -0.000 s, min = 9223372036.855 s, total = 0.000 s
	CoreWorkerService.grpc_server.PushTask.HandleRequestImpl - 23 total (0 active), Execution time: mean = 62.869 us, total = 1.446 ms, Queueing time: mean = 33.913 us, max = 83.726 us, min = 20.461 us, total = 780.007 us
	CoreWorker.PrintEventStats - 10 total (1 active, 1 running), Execution time: mean = 277.721 us, total = 2.777 ms, Queueing time: mean = 174.179 us, max = 1.164 ms, min = -0.000 s, total = 1.742 ms
	PeriodicalRunner.RunFnPeriodically - 7 total (0 active), Execution time: mean = 93.012 us, total = 651.086 us, Queueing time: mean = 1.568 ms, max = 9.142 ms, min = 20.666 us, total = 10.973 ms
	Publisher.CheckDeadSubscribers - 3 total (1 active), Execution time: mean = 2.709 us, total = 8.126 us, Queueing time: mean = 367.229 us, max = 1.013 ms, min = 88.394 us, total = 1.102 ms
	ray::rpc::InternalPubSubGcsService.grpc_client.GcsSubscriberPoll - 2 total (1 active), Execution time: mean = 298.748 s, total = 597.496 s, Queueing time: mean = 0.000 s, max = -0.000 s, min = 9223372036.855 s, total = 0.000 s
	ray::rpc::InternalPubSubGcsService.grpc_client.GcsSubscriberCommandBatch.OnReplyReceived - 1 total (0 active), Execution time: mean = 180.215 us, total = 180.215 us, Queueing time: mean = 481.347 us, max = 481.347 us, min = 481.347 us, total = 481.347 us
	ray::rpc::NodeInfoGcsService.grpc_client.GetAllNodeInfo.OnReplyReceived - 1 total (0 active), Execution time: mean = 146.935 us, total = 146.935 us, Queueing time: mean = 13.808 us, max = 13.808 us, min = 13.808 us, total = 13.808 us
	ray::rpc::NodeInfoGcsService.grpc_client.GetAllNodeInfo - 1 total (0 active), Execution time: mean = 500.075 us, total = 500.075 us, Queueing time: mean = 0.000 s, max = -0.000 s, min = 9223372036.855 s, total = 0.000 s
	ray::rpc::WorkerInfoGcsService.grpc_client.AddWorkerInfo.OnReplyReceived - 1 total (0 active), Execution time: mean = 27.096 us, total = 27.096 us, Queueing time: mean = 30.143 us, max = 30.143 us, min = 30.143 us, total = 30.143 us
	ray::rpc::InternalPubSubGcsService.grpc_client.GcsSubscriberPoll.OnReplyReceived - 1 total (0 active), Execution time: mean = 109.569 us, total = 109.569 us, Queueing time: mean = 43.463 us, max = 43.463 us, min = 43.463 us, total = 43.463 us
	ray::rpc::WorkerInfoGcsService.grpc_client.AddWorkerInfo - 1 total (0 active), Execution time: mean = 773.753 us, total = 773.753 us, Queueing time: mean = 0.000 s, max = -0.000 s, min = 9223372036.855 s, total = 0.000 s
	ray::rpc::InternalPubSubGcsService.grpc_client.GcsSubscriberCommandBatch - 1 total (0 active), Execution time: mean = 658.120 us, total = 658.120 us, Queueing time: mean = 0.000 s, max = -0.000 s, min = 9223372036.855 s, total = 0.000 s

-----------------
Task Event stats:

IO Service Stats:

Global stats: 1801 total (1 active)
Queueing time: mean = 262.760 us, max = 29.024 ms, min = -0.011 s, total = 473.231 ms
Execution time:  mean = 313.841 us, total = 565.228 ms
Event stats:
	ray::rpc::TaskInfoGcsService.grpc_client.AddTaskEventData - 600 total (0 active), Execution time: mean = 745.045 us, total = 447.027 ms, Queueing time: mean = 0.000 s, max = -0.000 s, min = 9223372036.855 s, total = 0.000 s
	CoreWorker.deadline_timer.flush_task_events - 600 total (1 active), Execution time: mean = 172.060 us, total = 103.236 ms, Queueing time: mean = 751.562 us, max = 29.024 ms, min = -0.011 s, total = 450.937 ms
	ray::rpc::TaskInfoGcsService.grpc_client.AddTaskEventData.OnReplyReceived - 600 total (0 active), Execution time: mean = 24.595 us, total = 14.757 ms, Queueing time: mean = 35.244 us, max = 1.401 ms, min = 16.354 us, total = 21.146 ms
	PeriodicalRunner.RunFnPeriodically - 1 total (0 active), Execution time: mean = 208.529 us, total = 208.529 us, Queueing time: mean = 1.148 ms, max = 1.148 ms, min = 1.148 ms, total = 1.148 ms
Other Stats:
	grpc_in_progress:0
	current number of task status events in buffer: 0
	current number of profile events in buffer: 0
	current number of dropped task attempts tracked: 0
	total task events sent: 0.015851 MiB
	total number of task attempts sent: 23
	total number of task attempts dropped reported: 0
	total number of sent failure: 0
	num status task events dropped: 0
	num profile task events dropped: 0


[2025-02-16 14:47:44,351 I 460 592] core_worker.cc:642: Event stats:


Global stats: 9511 total (8 active)
Queueing time: mean = 126.174 us, max = 29.004 ms, min = -0.034 s, total = 1.200 s
Execution time:  mean = 62.902 ms, total = 598.263 s
Event stats:
	CoreWorker.RecoverObjects - 6590 total (1 active), Execution time: mean = 5.998 us, total = 39.528 ms, Queueing time: mean = 156.502 us, max = 9.562 ms, min = -0.005 s, total = 1.031 s
	CoreWorker.ExitIfParentRayletDies - 661 total (1 active), Execution time: mean = 9.210 us, total = 6.088 ms, Queueing time: mean = 86.592 us, max = 28.926 ms, min = -0.033 s, total = 57.237 ms
	NodeManagerService.grpc_client.ReportWorkerBacklog.OnReplyReceived - 660 total (0 active), Execution time: mean = 17.155 us, total = 11.322 ms, Queueing time: mean = 39.559 us, max = 970.587 us, min = 5.454 us, total = 26.109 ms
	NodeManagerService.grpc_client.ReportWorkerBacklog - 660 total (0 active), Execution time: mean = 722.729 us, total = 477.001 ms, Queueing time: mean = 0.000 s, max = -0.000 s, min = 9223372036.855 s, total = 0.000 s
	CoreWorker.InternalHeartbeat - 660 total (1 active), Execution time: mean = 146.609 us, total = 96.762 ms, Queueing time: mean = 76.747 us, max = 29.004 ms, min = -0.034 s, total = 50.653 ms
	CoreWorker.RecordMetrics - 132 total (1 active), Execution time: mean = 32.611 us, total = 4.305 ms, Queueing time: mean = 94.645 us, max = 26.840 ms, min = -0.022 s, total = 12.493 ms
	CoreWorker.GCStreamingGeneratorMetadata - 66 total (1 active), Execution time: mean = 3.069 us, total = 202.525 us, Queueing time: mean = 106.992 us, max = 4.785 ms, min = -0.003 s, total = 7.061 ms
	CoreWorkerService.grpc_server.PushTask - 26 total (0 active), Execution time: mean = 4.772 ms, total = 124.076 ms, Queueing time: mean = 0.000 s, max = -0.000 s, min = 9223372036.855 s, total = 0.000 s
	CoreWorkerService.grpc_server.PushTask.HandleRequestImpl - 26 total (0 active), Execution time: mean = 61.475 us, total = 1.598 ms, Queueing time: mean = 33.860 us, max = 83.726 us, min = 20.461 us, total = 880.356 us
	CoreWorker.PrintEventStats - 11 total (1 active, 1 running), Execution time: mean = 278.010 us, total = 3.058 ms, Queueing time: mean = 146.385 us, max = 1.164 ms, min = -0.000 s, total = 1.610 ms
	PeriodicalRunner.RunFnPeriodically - 7 total (0 active), Execution time: mean = 93.012 us, total = 651.086 us, Queueing time: mean = 1.568 ms, max = 9.142 ms, min = 20.666 us, total = 10.973 ms
	Publisher.CheckDeadSubscribers - 3 total (1 active), Execution time: mean = 2.709 us, total = 8.126 us, Queueing time: mean = 367.229 us, max = 1.013 ms, min = 88.394 us, total = 1.102 ms
	ray::rpc::InternalPubSubGcsService.grpc_client.GcsSubscriberPoll - 2 total (1 active), Execution time: mean = 298.748 s, total = 597.496 s, Queueing time: mean = 0.000 s, max = -0.000 s, min = 9223372036.855 s, total = 0.000 s
	ray::rpc::InternalPubSubGcsService.grpc_client.GcsSubscriberCommandBatch.OnReplyReceived - 1 total (0 active), Execution time: mean = 180.215 us, total = 180.215 us, Queueing time: mean = 481.347 us, max = 481.347 us, min = 481.347 us, total = 481.347 us
	ray::rpc::NodeInfoGcsService.grpc_client.GetAllNodeInfo.OnReplyReceived - 1 total (0 active), Execution time: mean = 146.935 us, total = 146.935 us, Queueing time: mean = 13.808 us, max = 13.808 us, min = 13.808 us, total = 13.808 us
	ray::rpc::NodeInfoGcsService.grpc_client.GetAllNodeInfo - 1 total (0 active), Execution time: mean = 500.075 us, total = 500.075 us, Queueing time: mean = 0.000 s, max = -0.000 s, min = 9223372036.855 s, total = 0.000 s
	ray::rpc::WorkerInfoGcsService.grpc_client.AddWorkerInfo.OnReplyReceived - 1 total (0 active), Execution time: mean = 27.096 us, total = 27.096 us, Queueing time: mean = 30.143 us, max = 30.143 us, min = 30.143 us, total = 30.143 us
	ray::rpc::InternalPubSubGcsService.grpc_client.GcsSubscriberPoll.OnReplyReceived - 1 total (0 active), Execution time: mean = 109.569 us, total = 109.569 us, Queueing time: mean = 43.463 us, max = 43.463 us, min = 43.463 us, total = 43.463 us
	ray::rpc::WorkerInfoGcsService.grpc_client.AddWorkerInfo - 1 total (0 active), Execution time: mean = 773.753 us, total = 773.753 us, Queueing time: mean = 0.000 s, max = -0.000 s, min = 9223372036.855 s, total = 0.000 s
	ray::rpc::InternalPubSubGcsService.grpc_client.GcsSubscriberCommandBatch - 1 total (0 active), Execution time: mean = 658.120 us, total = 658.120 us, Queueing time: mean = 0.000 s, max = -0.000 s, min = 9223372036.855 s, total = 0.000 s

-----------------
Task Event stats:

IO Service Stats:

Global stats: 1981 total (1 active)
Queueing time: mean = 258.734 us, max = 29.024 ms, min = -0.011 s, total = 512.552 ms
Execution time:  mean = 312.591 us, total = 619.244 ms
Event stats:
	ray::rpc::TaskInfoGcsService.grpc_client.AddTaskEventData - 660 total (0 active), Execution time: mean = 740.702 us, total = 488.863 ms, Queueing time: mean = 0.000 s, max = -0.000 s, min = 9223372036.855 s, total = 0.000 s
	CoreWorker.deadline_timer.flush_task_events - 660 total (1 active), Execution time: mean = 172.680 us, total = 113.969 ms, Queueing time: mean = 739.947 us, max = 29.024 ms, min = -0.011 s, total = 488.365 ms
	ray::rpc::TaskInfoGcsService.grpc_client.AddTaskEventData.OnReplyReceived - 660 total (0 active), Execution time: mean = 24.550 us, total = 16.203 ms, Queueing time: mean = 34.907 us, max = 1.401 ms, min = 16.354 us, total = 23.039 ms
	PeriodicalRunner.RunFnPeriodically - 1 total (0 active), Execution time: mean = 208.529 us, total = 208.529 us, Queueing time: mean = 1.148 ms, max = 1.148 ms, min = 1.148 ms, total = 1.148 ms
Other Stats:
	grpc_in_progress:0
	current number of task status events in buffer: 0
	current number of profile events in buffer: 0
	current number of dropped task attempts tracked: 0
	total task events sent: 0.0179195 MiB
	total number of task attempts sent: 26
	total number of task attempts dropped reported: 0
	total number of sent failure: 0
	num status task events dropped: 0
	num profile task events dropped: 0


[2025-02-16 14:48:44,351 I 460 592] core_worker.cc:642: Event stats:


Global stats: 10373 total (8 active)
Queueing time: mean = 128.528 us, max = 38.269 ms, min = -0.035 s, total = 1.333 s
Execution time:  mean = 57.684 ms, total = 598.354 s
Event stats:
	CoreWorker.RecoverObjects - 7189 total (1 active), Execution time: mean = 5.908 us, total = 42.471 ms, Queueing time: mean = 159.443 us, max = 9.562 ms, min = -0.005 s, total = 1.146 s
	CoreWorker.ExitIfParentRayletDies - 721 total (1 active), Execution time: mean = 9.161 us, total = 6.605 ms, Queueing time: mean = 88.881 us, max = 28.926 ms, min = -0.033 s, total = 64.083 ms
	NodeManagerService.grpc_client.ReportWorkerBacklog.OnReplyReceived - 720 total (0 active), Execution time: mean = 17.428 us, total = 12.549 ms, Queueing time: mean = 40.724 us, max = 970.587 us, min = 5.454 us, total = 29.322 ms
	NodeManagerService.grpc_client.ReportWorkerBacklog - 720 total (0 active), Execution time: mean = 767.955 us, total = 552.927 ms, Queueing time: mean = 0.000 s, max = -0.000 s, min = 9223372036.855 s, total = 0.000 s
	CoreWorker.InternalHeartbeat - 720 total (1 active), Execution time: mean = 144.498 us, total = 104.039 ms, Queueing time: mean = 76.117 us, max = 29.004 ms, min = -0.034 s, total = 54.804 ms
	CoreWorker.RecordMetrics - 144 total (1 active), Execution time: mean = 32.368 us, total = 4.661 ms, Queueing time: mean = 93.720 us, max = 38.269 ms, min = -0.035 s, total = 13.496 ms
	CoreWorker.GCStreamingGeneratorMetadata - 72 total (1 active), Execution time: mean = 3.099 us, total = 223.155 us, Queueing time: mean = 134.581 us, max = 5.208 ms, min = -0.003 s, total = 9.690 ms
	CoreWorkerService.grpc_server.PushTask - 28 total (0 active), Execution time: mean = 4.516 ms, total = 126.441 ms, Queueing time: mean = 0.000 s, max = -0.000 s, min = 9223372036.855 s, total = 0.000 s
	CoreWorkerService.grpc_server.PushTask.HandleRequestImpl - 28 total (0 active), Execution time: mean = 61.561 us, total = 1.724 ms, Queueing time: mean = 33.692 us, max = 83.726 us, min = 20.461 us, total = 943.365 us
	CoreWorker.PrintEventStats - 12 total (1 active, 1 running), Execution time: mean = 276.293 us, total = 3.316 ms, Queueing time: mean = 167.468 us, max = 1.164 ms, min = -0.000 s, total = 2.010 ms
	PeriodicalRunner.RunFnPeriodically - 7 total (0 active), Execution time: mean = 93.012 us, total = 651.086 us, Queueing time: mean = 1.568 ms, max = 9.142 ms, min = 20.666 us, total = 10.973 ms
	Publisher.CheckDeadSubscribers - 3 total (1 active), Execution time: mean = 2.709 us, total = 8.126 us, Queueing time: mean = 367.229 us, max = 1.013 ms, min = 88.394 us, total = 1.102 ms
	ray::rpc::InternalPubSubGcsService.grpc_client.GcsSubscriberPoll - 2 total (1 active), Execution time: mean = 298.748 s, total = 597.496 s, Queueing time: mean = 0.000 s, max = -0.000 s, min = 9223372036.855 s, total = 0.000 s
	ray::rpc::InternalPubSubGcsService.grpc_client.GcsSubscriberCommandBatch.OnReplyReceived - 1 total (0 active), Execution time: mean = 180.215 us, total = 180.215 us, Queueing time: mean = 481.347 us, max = 481.347 us, min = 481.347 us, total = 481.347 us
	ray::rpc::NodeInfoGcsService.grpc_client.GetAllNodeInfo.OnReplyReceived - 1 total (0 active), Execution time: mean = 146.935 us, total = 146.935 us, Queueing time: mean = 13.808 us, max = 13.808 us, min = 13.808 us, total = 13.808 us
	ray::rpc::NodeInfoGcsService.grpc_client.GetAllNodeInfo - 1 total (0 active), Execution time: mean = 500.075 us, total = 500.075 us, Queueing time: mean = 0.000 s, max = -0.000 s, min = 9223372036.855 s, total = 0.000 s
	ray::rpc::WorkerInfoGcsService.grpc_client.AddWorkerInfo.OnReplyReceived - 1 total (0 active), Execution time: mean = 27.096 us, total = 27.096 us, Queueing time: mean = 30.143 us, max = 30.143 us, min = 30.143 us, total = 30.143 us
	ray::rpc::InternalPubSubGcsService.grpc_client.GcsSubscriberPoll.OnReplyReceived - 1 total (0 active), Execution time: mean = 109.569 us, total = 109.569 us, Queueing time: mean = 43.463 us, max = 43.463 us, min = 43.463 us, total = 43.463 us
	ray::rpc::WorkerInfoGcsService.grpc_client.AddWorkerInfo - 1 total (0 active), Execution time: mean = 773.753 us, total = 773.753 us, Queueing time: mean = 0.000 s, max = -0.000 s, min = 9223372036.855 s, total = 0.000 s
	ray::rpc::InternalPubSubGcsService.grpc_client.GcsSubscriberCommandBatch - 1 total (0 active), Execution time: mean = 658.120 us, total = 658.120 us, Queueing time: mean = 0.000 s, max = -0.000 s, min = 9223372036.855 s, total = 0.000 s

-----------------
Task Event stats:

IO Service Stats:

Global stats: 2161 total (1 active)
Queueing time: mean = 264.651 us, max = 29.325 ms, min = -0.011 s, total = 571.912 ms
Execution time:  mean = 321.900 us, total = 695.625 ms
Event stats:
	ray::rpc::TaskInfoGcsService.grpc_client.AddTaskEventData - 720 total (0 active), Execution time: mean = 765.805 us, total = 551.380 ms, Queueing time: mean = 0.000 s, max = -0.000 s, min = 9223372036.855 s, total = 0.000 s
	CoreWorker.deadline_timer.flush_task_events - 720 total (1 active), Execution time: mean = 175.406 us, total = 126.293 ms, Queueing time: mean = 757.876 us, max = 29.325 ms, min = -0.011 s, total = 545.671 ms
	ray::rpc::TaskInfoGcsService.grpc_client.AddTaskEventData.OnReplyReceived - 720 total (0 active), Execution time: mean = 24.645 us, total = 17.745 ms, Queueing time: mean = 34.851 us, max = 1.401 ms, min = 16.354 us, total = 25.093 ms
	PeriodicalRunner.RunFnPeriodically - 1 total (0 active), Execution time: mean = 208.529 us, total = 208.529 us, Queueing time: mean = 1.148 ms, max = 1.148 ms, min = 1.148 ms, total = 1.148 ms
Other Stats:
	grpc_in_progress:0
	current number of task status events in buffer: 0
	current number of profile events in buffer: 0
	current number of dropped task attempts tracked: 0
	total task events sent: 0.0192986 MiB
	total number of task attempts sent: 28
	total number of task attempts dropped reported: 0
	total number of sent failure: 0
	num status task events dropped: 0
	num profile task events dropped: 0


[2025-02-16 14:49:44,352 I 460 592] core_worker.cc:642: Event stats:


Global stats: 11233 total (8 active)
Queueing time: mean = 134.225 us, max = 38.269 ms, min = -0.035 s, total = 1.508 s
Execution time:  mean = 53.274 ms, total = 598.423 s
Event stats:
	CoreWorker.RecoverObjects - 7787 total (1 active), Execution time: mean = 5.850 us, total = 45.554 ms, Queueing time: mean = 165.867 us, max = 9.562 ms, min = -0.005 s, total = 1.292 s
	CoreWorker.ExitIfParentRayletDies - 780 total (1 active), Execution time: mean = 9.153 us, total = 7.139 ms, Queueing time: mean = 104.902 us, max = 28.926 ms, min = -0.033 s, total = 81.824 ms
	NodeManagerService.grpc_client.ReportWorkerBacklog.OnReplyReceived - 780 total (0 active), Execution time: mean = 17.299 us, total = 13.493 ms, Queueing time: mean = 40.474 us, max = 970.587 us, min = 5.454 us, total = 31.570 ms
	NodeManagerService.grpc_client.ReportWorkerBacklog - 780 total (0 active), Execution time: mean = 778.509 us, total = 607.237 ms, Queueing time: mean = 0.000 s, max = -0.000 s, min = 9223372036.855 s, total = 0.000 s
	CoreWorker.InternalHeartbeat - 780 total (1 active), Execution time: mean = 142.090 us, total = 110.830 ms, Queueing time: mean = 85.217 us, max = 29.004 ms, min = -0.034 s, total = 66.470 ms
	CoreWorker.RecordMetrics - 156 total (1 active), Execution time: mean = 32.864 us, total = 5.127 ms, Queueing time: mean = 94.760 us, max = 38.269 ms, min = -0.035 s, total = 14.783 ms
	CoreWorker.GCStreamingGeneratorMetadata - 78 total (1 active), Execution time: mean = 3.163 us, total = 246.692 us, Queueing time: mean = 78.443 us, max = 5.208 ms, min = -0.003 s, total = 6.119 ms
	CoreWorkerService.grpc_server.PushTask - 30 total (0 active), Execution time: mean = 4.291 ms, total = 128.721 ms, Queueing time: mean = 0.000 s, max = -0.000 s, min = 9223372036.855 s, total = 0.000 s
	CoreWorkerService.grpc_server.PushTask.HandleRequestImpl - 30 total (0 active), Execution time: mean = 63.488 us, total = 1.905 ms, Queueing time: mean = 33.672 us, max = 83.726 us, min = 20.461 us, total = 1.010 ms
	CoreWorker.PrintEventStats - 13 total (1 active, 1 running), Execution time: mean = 297.125 us, total = 3.863 ms, Queueing time: mean = 132.360 us, max = 1.164 ms, min = -0.000 s, total = 1.721 ms
	PeriodicalRunner.RunFnPeriodically - 7 total (0 active), Execution time: mean = 93.012 us, total = 651.086 us, Queueing time: mean = 1.568 ms, max = 9.142 ms, min = 20.666 us, total = 10.973 ms
	Publisher.CheckDeadSubscribers - 3 total (1 active), Execution time: mean = 2.709 us, total = 8.126 us, Queueing time: mean = 367.229 us, max = 1.013 ms, min = 88.394 us, total = 1.102 ms
	ray::rpc::InternalPubSubGcsService.grpc_client.GcsSubscriberPoll - 2 total (1 active), Execution time: mean = 298.748 s, total = 597.496 s, Queueing time: mean = 0.000 s, max = -0.000 s, min = 9223372036.855 s, total = 0.000 s
	ray::rpc::InternalPubSubGcsService.grpc_client.GcsSubscriberCommandBatch.OnReplyReceived - 1 total (0 active), Execution time: mean = 180.215 us, total = 180.215 us, Queueing time: mean = 481.347 us, max = 481.347 us, min = 481.347 us, total = 481.347 us
	ray::rpc::NodeInfoGcsService.grpc_client.GetAllNodeInfo.OnReplyReceived - 1 total (0 active), Execution time: mean = 146.935 us, total = 146.935 us, Queueing time: mean = 13.808 us, max = 13.808 us, min = 13.808 us, total = 13.808 us
	ray::rpc::NodeInfoGcsService.grpc_client.GetAllNodeInfo - 1 total (0 active), Execution time: mean = 500.075 us, total = 500.075 us, Queueing time: mean = 0.000 s, max = -0.000 s, min = 9223372036.855 s, total = 0.000 s
	ray::rpc::WorkerInfoGcsService.grpc_client.AddWorkerInfo.OnReplyReceived - 1 total (0 active), Execution time: mean = 27.096 us, total = 27.096 us, Queueing time: mean = 30.143 us, max = 30.143 us, min = 30.143 us, total = 30.143 us
	ray::rpc::InternalPubSubGcsService.grpc_client.GcsSubscriberPoll.OnReplyReceived - 1 total (0 active), Execution time: mean = 109.569 us, total = 109.569 us, Queueing time: mean = 43.463 us, max = 43.463 us, min = 43.463 us, total = 43.463 us
	ray::rpc::WorkerInfoGcsService.grpc_client.AddWorkerInfo - 1 total (0 active), Execution time: mean = 773.753 us, total = 773.753 us, Queueing time: mean = 0.000 s, max = -0.000 s, min = 9223372036.855 s, total = 0.000 s
	ray::rpc::InternalPubSubGcsService.grpc_client.GcsSubscriberCommandBatch - 1 total (0 active), Execution time: mean = 658.120 us, total = 658.120 us, Queueing time: mean = 0.000 s, max = -0.000 s, min = 9223372036.855 s, total = 0.000 s

-----------------
Task Event stats:

IO Service Stats:

Global stats: 2341 total (1 active)
Queueing time: mean = 267.296 us, max = 29.325 ms, min = -0.012 s, total = 625.740 ms
Execution time:  mean = 323.243 us, total = 756.713 ms
Event stats:
	ray::rpc::TaskInfoGcsService.grpc_client.AddTaskEventData - 780 total (0 active), Execution time: mean = 768.979 us, total = 599.804 ms, Queueing time: mean = 0.000 s, max = -0.000 s, min = 9223372036.855 s, total = 0.000 s
	CoreWorker.deadline_timer.flush_task_events - 780 total (1 active), Execution time: mean = 176.203 us, total = 137.438 ms, Queueing time: mean = 766.074 us, max = 29.325 ms, min = -0.012 s, total = 597.538 ms
	ray::rpc::TaskInfoGcsService.grpc_client.AddTaskEventData.OnReplyReceived - 780 total (0 active), Execution time: mean = 24.694 us, total = 19.262 ms, Queueing time: mean = 34.685 us, max = 1.401 ms, min = 16.354 us, total = 27.054 ms
	PeriodicalRunner.RunFnPeriodically - 1 total (0 active), Execution time: mean = 208.529 us, total = 208.529 us, Queueing time: mean = 1.148 ms, max = 1.148 ms, min = 1.148 ms, total = 1.148 ms
Other Stats:
	grpc_in_progress:0
	current number of task status events in buffer: 0
	current number of profile events in buffer: 0
	current number of dropped task attempts tracked: 0
	total task events sent: 0.0206776 MiB
	total number of task attempts sent: 30
	total number of task attempts dropped reported: 0
	total number of sent failure: 0
	num status task events dropped: 0
	num profile task events dropped: 0


[2025-02-16 14:50:44,352 I 460 592] core_worker.cc:642: Event stats:


Global stats: 12091 total (8 active)
Queueing time: mean = 139.374 us, max = 85.244 ms, min = -0.089 s, total = 1.685 s
Execution time:  mean = 49.496 ms, total = 598.462 s
Event stats:
	CoreWorker.RecoverObjects - 8386 total (1 active), Execution time: mean = 5.751 us, total = 48.229 ms, Queueing time: mean = 169.532 us, max = 9.562 ms, min = -0.012 s, total = 1.422 s
	CoreWorker.ExitIfParentRayletDies - 840 total (1 active), Execution time: mean = 9.133 us, total = 7.672 ms, Queueing time: mean = 141.322 us, max = 84.909 ms, min = -0.078 s, total = 118.710 ms
	NodeManagerService.grpc_client.ReportWorkerBacklog.OnReplyReceived - 840 total (0 active), Execution time: mean = 17.018 us, total = 14.295 ms, Queueing time: mean = 39.904 us, max = 970.587 us, min = 5.454 us, total = 33.519 ms
	NodeManagerService.grpc_client.ReportWorkerBacklog - 840 total (0 active), Execution time: mean = 756.195 us, total = 635.204 ms, Queueing time: mean = 0.000 s, max = -0.000 s, min = 9223372036.855 s, total = 0.000 s
	CoreWorker.InternalHeartbeat - 840 total (1 active), Execution time: mean = 138.976 us, total = 116.740 ms, Queueing time: mean = 85.354 us, max = 85.244 ms, min = -0.089 s, total = 71.697 ms
	CoreWorker.RecordMetrics - 168 total (1 active), Execution time: mean = 32.095 us, total = 5.392 ms, Queueing time: mean = 102.302 us, max = 77.158 ms, min = -0.072 s, total = 17.187 ms
	CoreWorker.GCStreamingGeneratorMetadata - 84 total (1 active), Execution time: mean = 3.217 us, total = 270.224 us, Queueing time: mean = 115.924 us, max = 5.208 ms, min = -0.004 s, total = 9.738 ms
	CoreWorkerService.grpc_server.PushTask - 30 total (0 active), Execution time: mean = 4.291 ms, total = 128.721 ms, Queueing time: mean = 0.000 s, max = -0.000 s, min = 9223372036.855 s, total = 0.000 s
	CoreWorkerService.grpc_server.PushTask.HandleRequestImpl - 30 total (0 active), Execution time: mean = 63.488 us, total = 1.905 ms, Queueing time: mean = 33.672 us, max = 83.726 us, min = 20.461 us, total = 1.010 ms
	CoreWorker.PrintEventStats - 14 total (1 active, 1 running), Execution time: mean = 297.506 us, total = 4.165 ms, Queueing time: mean = -0.000 s, max = 1.164 ms, min = -0.003 s, total = -0.001 s
	PeriodicalRunner.RunFnPeriodically - 7 total (0 active), Execution time: mean = 93.012 us, total = 651.086 us, Queueing time: mean = 1.568 ms, max = 9.142 ms, min = 20.666 us, total = 10.973 ms
	Publisher.CheckDeadSubscribers - 3 total (1 active), Execution time: mean = 2.709 us, total = 8.126 us, Queueing time: mean = 367.229 us, max = 1.013 ms, min = 88.394 us, total = 1.102 ms
	ray::rpc::InternalPubSubGcsService.grpc_client.GcsSubscriberPoll - 2 total (1 active), Execution time: mean = 298.748 s, total = 597.496 s, Queueing time: mean = 0.000 s, max = -0.000 s, min = 9223372036.855 s, total = 0.000 s
	ray::rpc::InternalPubSubGcsService.grpc_client.GcsSubscriberCommandBatch.OnReplyReceived - 1 total (0 active), Execution time: mean = 180.215 us, total = 180.215 us, Queueing time: mean = 481.347 us, max = 481.347 us, min = 481.347 us, total = 481.347 us
	ray::rpc::NodeInfoGcsService.grpc_client.GetAllNodeInfo.OnReplyReceived - 1 total (0 active), Execution time: mean = 146.935 us, total = 146.935 us, Queueing time: mean = 13.808 us, max = 13.808 us, min = 13.808 us, total = 13.808 us
	ray::rpc::NodeInfoGcsService.grpc_client.GetAllNodeInfo - 1 total (0 active), Execution time: mean = 500.075 us, total = 500.075 us, Queueing time: mean = 0.000 s, max = -0.000 s, min = 9223372036.855 s, total = 0.000 s
	ray::rpc::WorkerInfoGcsService.grpc_client.AddWorkerInfo.OnReplyReceived - 1 total (0 active), Execution time: mean = 27.096 us, total = 27.096 us, Queueing time: mean = 30.143 us, max = 30.143 us, min = 30.143 us, total = 30.143 us
	ray::rpc::InternalPubSubGcsService.grpc_client.GcsSubscriberPoll.OnReplyReceived - 1 total (0 active), Execution time: mean = 109.569 us, total = 109.569 us, Queueing time: mean = 43.463 us, max = 43.463 us, min = 43.463 us, total = 43.463 us
	ray::rpc::WorkerInfoGcsService.grpc_client.AddWorkerInfo - 1 total (0 active), Execution time: mean = 773.753 us, total = 773.753 us, Queueing time: mean = 0.000 s, max = -0.000 s, min = 9223372036.855 s, total = 0.000 s
	ray::rpc::InternalPubSubGcsService.grpc_client.GcsSubscriberCommandBatch - 1 total (0 active), Execution time: mean = 658.120 us, total = 658.120 us, Queueing time: mean = 0.000 s, max = -0.000 s, min = 9223372036.855 s, total = 0.000 s

-----------------
Task Event stats:

IO Service Stats:

Global stats: 2521 total (1 active)
Queueing time: mean = 289.944 us, max = 84.561 ms, min = -0.028 s, total = 730.948 ms
Execution time:  mean = 320.698 us, total = 808.479 ms
Event stats:
	ray::rpc::TaskInfoGcsService.grpc_client.AddTaskEventData - 840 total (0 active), Execution time: mean = 760.944 us, total = 639.193 ms, Queueing time: mean = 0.000 s, max = -0.000 s, min = 9223372036.855 s, total = 0.000 s
	CoreWorker.deadline_timer.flush_task_events - 840 total (1 active), Execution time: mean = 176.560 us, total = 148.310 ms, Queueing time: mean = 834.504 us, max = 84.561 ms, min = -0.028 s, total = 700.984 ms
	ray::rpc::TaskInfoGcsService.grpc_client.AddTaskEventData.OnReplyReceived - 840 total (0 active), Execution time: mean = 24.723 us, total = 20.767 ms, Queueing time: mean = 34.305 us, max = 1.401 ms, min = 16.354 us, total = 28.816 ms
	PeriodicalRunner.RunFnPeriodically - 1 total (0 active), Execution time: mean = 208.529 us, total = 208.529 us, Queueing time: mean = 1.148 ms, max = 1.148 ms, min = 1.148 ms, total = 1.148 ms
Other Stats:
	grpc_in_progress:0
	current number of task status events in buffer: 0
	current number of profile events in buffer: 0
	current number of dropped task attempts tracked: 0
	total task events sent: 0.0206776 MiB
	total number of task attempts sent: 30
	total number of task attempts dropped reported: 0
	total number of sent failure: 0
	num status task events dropped: 0
	num profile task events dropped: 0


[2025-02-16 14:51:44,352 I 460 592] core_worker.cc:642: Event stats:


Global stats: 12952 total (8 active)
Queueing time: mean = 147.490 us, max = 185.156 ms, min = -0.181 s, total = 1.910 s
Execution time:  mean = 69.400 ms, total = 898.868 s
Event stats:
	CoreWorker.RecoverObjects - 8985 total (1 active), Execution time: mean = 5.618 us, total = 50.479 ms, Queueing time: mean = 171.091 us, max = 181.864 ms, min = -0.018 s, total = 1.537 s
	CoreWorker.ExitIfParentRayletDies - 900 total (1 active), Execution time: mean = 9.004 us, total = 8.103 ms, Queueing time: mean = 251.931 us, max = 173.787 ms, min = -0.078 s, total = 226.738 ms
	NodeManagerService.grpc_client.ReportWorkerBacklog.OnReplyReceived - 900 total (0 active), Execution time: mean = 16.671 us, total = 15.004 ms, Queueing time: mean = 39.435 us, max = 970.587 us, min = 5.454 us, total = 35.491 ms
	NodeManagerService.grpc_client.ReportWorkerBacklog - 900 total (0 active), Execution time: mean = 734.752 us, total = 661.276 ms, Queueing time: mean = 0.000 s, max = -0.000 s, min = 9223372036.855 s, total = 0.000 s
	CoreWorker.InternalHeartbeat - 900 total (1 active), Execution time: mean = 135.888 us, total = 122.299 ms, Queueing time: mean = 72.653 us, max = 174.056 ms, min = -0.105 s, total = 65.387 ms
	CoreWorker.RecordMetrics - 180 total (1 active), Execution time: mean = 31.435 us, total = 5.658 ms, Queueing time: mean = 131.960 us, max = 185.156 ms, min = -0.181 s, total = 23.753 ms
	CoreWorker.GCStreamingGeneratorMetadata - 90 total (1 active), Execution time: mean = 3.222 us, total = 289.956 us, Queueing time: mean = 113.996 us, max = 5.208 ms, min = -0.004 s, total = 10.260 ms
	CoreWorkerService.grpc_server.PushTask - 30 total (0 active), Execution time: mean = 4.291 ms, total = 128.721 ms, Queueing time: mean = 0.000 s, max = -0.000 s, min = 9223372036.855 s, total = 0.000 s
	CoreWorkerService.grpc_server.PushTask.HandleRequestImpl - 30 total (0 active), Execution time: mean = 63.488 us, total = 1.905 ms, Queueing time: mean = 33.672 us, max = 83.726 us, min = 20.461 us, total = 1.010 ms
	CoreWorker.PrintEventStats - 15 total (1 active, 1 running), Execution time: mean = 292.915 us, total = 4.394 ms, Queueing time: mean = 111.878 us, max = 2.711 ms, min = -0.003 s, total = 1.678 ms
	PeriodicalRunner.RunFnPeriodically - 7 total (0 active), Execution time: mean = 93.012 us, total = 651.086 us, Queueing time: mean = 1.568 ms, max = 9.142 ms, min = 20.666 us, total = 10.973 ms
	Publisher.CheckDeadSubscribers - 4 total (1 active), Execution time: mean = 3.175 us, total = 12.701 us, Queueing time: mean = -0.001 s, max = 1.013 ms, min = -0.004 s, total = -0.003 s
	ray::rpc::InternalPubSubGcsService.grpc_client.GcsSubscriberPoll - 3 total (1 active), Execution time: mean = 299.289 s, total = 897.867 s, Queueing time: mean = 0.000 s, max = -0.000 s, min = 9223372036.855 s, total = 0.000 s
	ray::rpc::InternalPubSubGcsService.grpc_client.GcsSubscriberPoll.OnReplyReceived - 2 total (0 active), Execution time: mean = 112.399 us, total = 224.798 us, Queueing time: mean = 30.059 us, max = 43.463 us, min = 16.655 us, total = 60.118 us
	ray::rpc::InternalPubSubGcsService.grpc_client.GcsSubscriberCommandBatch.OnReplyReceived - 1 total (0 active), Execution time: mean = 180.215 us, total = 180.215 us, Queueing time: mean = 481.347 us, max = 481.347 us, min = 481.347 us, total = 481.347 us
	ray::rpc::NodeInfoGcsService.grpc_client.GetAllNodeInfo.OnReplyReceived - 1 total (0 active), Execution time: mean = 146.935 us, total = 146.935 us, Queueing time: mean = 13.808 us, max = 13.808 us, min = 13.808 us, total = 13.808 us
	ray::rpc::NodeInfoGcsService.grpc_client.GetAllNodeInfo - 1 total (0 active), Execution time: mean = 500.075 us, total = 500.075 us, Queueing time: mean = 0.000 s, max = -0.000 s, min = 9223372036.855 s, total = 0.000 s
	ray::rpc::WorkerInfoGcsService.grpc_client.AddWorkerInfo.OnReplyReceived - 1 total (0 active), Execution time: mean = 27.096 us, total = 27.096 us, Queueing time: mean = 30.143 us, max = 30.143 us, min = 30.143 us, total = 30.143 us
	ray::rpc::WorkerInfoGcsService.grpc_client.AddWorkerInfo - 1 total (0 active), Execution time: mean = 773.753 us, total = 773.753 us, Queueing time: mean = 0.000 s, max = -0.000 s, min = 9223372036.855 s, total = 0.000 s
	ray::rpc::InternalPubSubGcsService.grpc_client.GcsSubscriberCommandBatch - 1 total (0 active), Execution time: mean = 658.120 us, total = 658.120 us, Queueing time: mean = 0.000 s, max = -0.000 s, min = 9223372036.855 s, total = 0.000 s

-----------------
Task Event stats:

IO Service Stats:

Global stats: 2701 total (1 active)
Queueing time: mean = 309.879 us, max = 180.681 ms, min = -0.080 s, total = 836.983 ms
Execution time:  mean = 316.596 us, total = 855.126 ms
Event stats:
	ray::rpc::TaskInfoGcsService.grpc_client.AddTaskEventData - 900 total (0 active), Execution time: mean = 749.633 us, total = 674.670 ms, Queueing time: mean = 0.000 s, max = -0.000 s, min = 9223372036.855 s, total = 0.000 s
	CoreWorker.deadline_timer.flush_task_events - 900 total (1 active), Execution time: mean = 175.887 us, total = 158.298 ms, Queueing time: mean = 895.139 us, max = 180.681 ms, min = -0.080 s, total = 805.625 ms
	ray::rpc::TaskInfoGcsService.grpc_client.AddTaskEventData.OnReplyReceived - 900 total (0 active), Execution time: mean = 24.388 us, total = 21.949 ms, Queueing time: mean = 33.566 us, max = 1.401 ms, min = 16.354 us, total = 30.209 ms
	PeriodicalRunner.RunFnPeriodically - 1 total (0 active), Execution time: mean = 208.529 us, total = 208.529 us, Queueing time: mean = 1.148 ms, max = 1.148 ms, min = 1.148 ms, total = 1.148 ms
Other Stats:
	grpc_in_progress:0
	current number of task status events in buffer: 0
	current number of profile events in buffer: 0
	current number of dropped task attempts tracked: 0
	total task events sent: 0.0206776 MiB
	total number of task attempts sent: 30
	total number of task attempts dropped reported: 0
	total number of sent failure: 0
	num status task events dropped: 0
	num profile task events dropped: 0


[2025-02-16 14:52:44,353 I 460 592] core_worker.cc:642: Event stats:


Global stats: 13810 total (8 active)
Queueing time: mean = 155.005 us, max = 185.156 ms, min = -0.181 s, total = 2.141 s
Execution time:  mean = 65.091 ms, total = 898.907 s
Event stats:
	CoreWorker.RecoverObjects - 9584 total (1 active), Execution time: mean = 5.511 us, total = 52.816 ms, Queueing time: mean = 169.258 us, max = 181.864 ms, min = -0.018 s, total = 1.622 s
	CoreWorker.ExitIfParentRayletDies - 960 total (1 active), Execution time: mean = 8.809 us, total = 8.457 ms, Queueing time: mean = 334.791 us, max = 173.787 ms, min = -0.078 s, total = 321.400 ms
	NodeManagerService.grpc_client.ReportWorkerBacklog.OnReplyReceived - 960 total (0 active), Execution time: mean = 16.453 us, total = 15.795 ms, Queueing time: mean = 38.870 us, max = 970.587 us, min = 5.454 us, total = 37.315 ms
	NodeManagerService.grpc_client.ReportWorkerBacklog - 960 total (0 active), Execution time: mean = 719.488 us, total = 690.708 ms, Queueing time: mean = 0.000 s, max = -0.000 s, min = 9223372036.855 s, total = 0.000 s
	CoreWorker.InternalHeartbeat - 960 total (1 active), Execution time: mean = 133.379 us, total = 128.044 ms, Queueing time: mean = 126.450 us, max = 174.056 ms, min = -0.105 s, total = 121.392 ms
	CoreWorker.RecordMetrics - 192 total (1 active), Execution time: mean = 30.839 us, total = 5.921 ms, Queueing time: mean = 96.616 us, max = 185.156 ms, min = -0.181 s, total = 18.550 ms
	CoreWorker.GCStreamingGeneratorMetadata - 96 total (1 active), Execution time: mean = 3.252 us, total = 312.202 us, Queueing time: mean = 119.974 us, max = 5.684 ms, min = -0.006 s, total = 11.518 ms
	CoreWorkerService.grpc_server.PushTask - 30 total (0 active), Execution time: mean = 4.291 ms, total = 128.721 ms, Queueing time: mean = 0.000 s, max = -0.000 s, min = 9223372036.855 s, total = 0.000 s
	CoreWorkerService.grpc_server.PushTask.HandleRequestImpl - 30 total (0 active), Execution time: mean = 63.488 us, total = 1.905 ms, Queueing time: mean = 33.672 us, max = 83.726 us, min = 20.461 us, total = 1.010 ms
	CoreWorker.PrintEventStats - 16 total (1 active, 1 running), Execution time: mean = 293.686 us, total = 4.699 ms, Queueing time: mean = -0.000 s, max = 2.711 ms, min = -0.003 s, total = -0.001 s
	PeriodicalRunner.RunFnPeriodically - 7 total (0 active), Execution time: mean = 93.012 us, total = 651.086 us, Queueing time: mean = 1.568 ms, max = 9.142 ms, min = 20.666 us, total = 10.973 ms
	Publisher.CheckDeadSubscribers - 4 total (1 active), Execution time: mean = 3.175 us, total = 12.701 us, Queueing time: mean = -0.001 s, max = 1.013 ms, min = -0.004 s, total = -0.003 s
	ray::rpc::InternalPubSubGcsService.grpc_client.GcsSubscriberPoll - 3 total (1 active), Execution time: mean = 299.289 s, total = 897.867 s, Queueing time: mean = 0.000 s, max = -0.000 s, min = 9223372036.855 s, total = 0.000 s
	ray::rpc::InternalPubSubGcsService.grpc_client.GcsSubscriberPoll.OnReplyReceived - 2 total (0 active), Execution time: mean = 112.399 us, total = 224.798 us, Queueing time: mean = 30.059 us, max = 43.463 us, min = 16.655 us, total = 60.118 us
	ray::rpc::InternalPubSubGcsService.grpc_client.GcsSubscriberCommandBatch.OnReplyReceived - 1 total (0 active), Execution time: mean = 180.215 us, total = 180.215 us, Queueing time: mean = 481.347 us, max = 481.347 us, min = 481.347 us, total = 481.347 us
	ray::rpc::NodeInfoGcsService.grpc_client.GetAllNodeInfo.OnReplyReceived - 1 total (0 active), Execution time: mean = 146.935 us, total = 146.935 us, Queueing time: mean = 13.808 us, max = 13.808 us, min = 13.808 us, total = 13.808 us
	ray::rpc::NodeInfoGcsService.grpc_client.GetAllNodeInfo - 1 total (0 active), Execution time: mean = 500.075 us, total = 500.075 us, Queueing time: mean = 0.000 s, max = -0.000 s, min = 9223372036.855 s, total = 0.000 s
	ray::rpc::WorkerInfoGcsService.grpc_client.AddWorkerInfo.OnReplyReceived - 1 total (0 active), Execution time: mean = 27.096 us, total = 27.096 us, Queueing time: mean = 30.143 us, max = 30.143 us, min = 30.143 us, total = 30.143 us
	ray::rpc::WorkerInfoGcsService.grpc_client.AddWorkerInfo - 1 total (0 active), Execution time: mean = 773.753 us, total = 773.753 us, Queueing time: mean = 0.000 s, max = -0.000 s, min = 9223372036.855 s, total = 0.000 s
	ray::rpc::InternalPubSubGcsService.grpc_client.GcsSubscriberCommandBatch - 1 total (0 active), Execution time: mean = 658.120 us, total = 658.120 us, Queueing time: mean = 0.000 s, max = -0.000 s, min = 9223372036.855 s, total = 0.000 s

-----------------
Task Event stats:

IO Service Stats:

Global stats: 2881 total (1 active)
Queueing time: mean = 318.382 us, max = 180.681 ms, min = -0.080 s, total = 917.258 ms
Execution time:  mean = 314.182 us, total = 905.160 ms
Event stats:
	ray::rpc::TaskInfoGcsService.grpc_client.AddTaskEventData - 960 total (0 active), Execution time: mean = 742.190 us, total = 712.503 ms, Queueing time: mean = 0.000 s, max = -0.000 s, min = 9223372036.855 s, total = 0.000 s
	CoreWorker.deadline_timer.flush_task_events - 960 total (1 active), Execution time: mean = 176.188 us, total = 169.141 ms, Queueing time: mean = 921.119 us, max = 180.681 ms, min = -0.080 s, total = 884.274 ms
	ray::rpc::TaskInfoGcsService.grpc_client.AddTaskEventData.OnReplyReceived - 960 total (0 active), Execution time: mean = 24.279 us, total = 23.308 ms, Queueing time: mean = 33.162 us, max = 1.401 ms, min = 16.354 us, total = 31.835 ms
	PeriodicalRunner.RunFnPeriodically - 1 total (0 active), Execution time: mean = 208.529 us, total = 208.529 us, Queueing time: mean = 1.148 ms, max = 1.148 ms, min = 1.148 ms, total = 1.148 ms
Other Stats:
	grpc_in_progress:0
	current number of task status events in buffer: 0
	current number of profile events in buffer: 0
	current number of dropped task attempts tracked: 0
	total task events sent: 0.0206776 MiB
	total number of task attempts sent: 30
	total number of task attempts dropped reported: 0
	total number of sent failure: 0
	num status task events dropped: 0
	num profile task events dropped: 0


[2025-02-16 14:53:44,353 I 460 592] core_worker.cc:642: Event stats:


Global stats: 14668 total (8 active)
Queueing time: mean = 162.656 us, max = 185.156 ms, min = -0.181 s, total = 2.386 s
Execution time:  mean = 61.286 ms, total = 898.940 s
Event stats:
	CoreWorker.RecoverObjects - 10183 total (1 active), Execution time: mean = 5.406 us, total = 55.045 ms, Queueing time: mean = 167.167 us, max = 181.864 ms, min = -0.018 s, total = 1.702 s
	CoreWorker.ExitIfParentRayletDies - 1020 total (1 active), Execution time: mean = 8.633 us, total = 8.805 ms, Queueing time: mean = 394.659 us, max = 173.787 ms, min = -0.078 s, total = 402.552 ms
	NodeManagerService.grpc_client.ReportWorkerBacklog.OnReplyReceived - 1020 total (0 active), Execution time: mean = 16.231 us, total = 16.555 ms, Queueing time: mean = 38.057 us, max = 970.587 us, min = 5.454 us, total = 38.818 ms
	NodeManagerService.grpc_client.ReportWorkerBacklog - 1020 total (0 active), Execution time: mean = 701.030 us, total = 715.051 ms, Queueing time: mean = 0.000 s, max = -0.000 s, min = 9223372036.855 s, total = 0.000 s
	CoreWorker.InternalHeartbeat - 1020 total (1 active), Execution time: mean = 130.544 us, total = 133.155 ms, Queueing time: mean = 193.984 us, max = 174.056 ms, min = -0.105 s, total = 197.864 ms
	CoreWorker.RecordMetrics - 204 total (1 active), Execution time: mean = 30.464 us, total = 6.215 ms, Queueing time: mean = 98.525 us, max = 185.156 ms, min = -0.181 s, total = 20.099 ms
	CoreWorker.GCStreamingGeneratorMetadata - 102 total (1 active), Execution time: mean = 3.335 us, total = 340.182 us, Queueing time: mean = 122.749 us, max = 5.684 ms, min = -0.006 s, total = 12.520 ms
	CoreWorkerService.grpc_server.PushTask - 30 total (0 active), Execution time: mean = 4.291 ms, total = 128.721 ms, Queueing time: mean = 0.000 s, max = -0.000 s, min = 9223372036.855 s, total = 0.000 s
	CoreWorkerService.grpc_server.PushTask.HandleRequestImpl - 30 total (0 active), Execution time: mean = 63.488 us, total = 1.905 ms, Queueing time: mean = 33.672 us, max = 83.726 us, min = 20.461 us, total = 1.010 ms
	CoreWorker.PrintEventStats - 17 total (1 active, 1 running), Execution time: mean = 292.142 us, total = 4.966 ms, Queueing time: mean = 117.079 us, max = 3.448 ms, min = -0.003 s, total = 1.990 ms
	PeriodicalRunner.RunFnPeriodically - 7 total (0 active), Execution time: mean = 93.012 us, total = 651.086 us, Queueing time: mean = 1.568 ms, max = 9.142 ms, min = 20.666 us, total = 10.973 ms
	Publisher.CheckDeadSubscribers - 4 total (1 active), Execution time: mean = 3.175 us, total = 12.701 us, Queueing time: mean = -0.001 s, max = 1.013 ms, min = -0.004 s, total = -0.003 s
	ray::rpc::InternalPubSubGcsService.grpc_client.GcsSubscriberPoll - 3 total (1 active), Execution time: mean = 299.289 s, total = 897.867 s, Queueing time: mean = 0.000 s, max = -0.000 s, min = 9223372036.855 s, total = 0.000 s
	ray::rpc::InternalPubSubGcsService.grpc_client.GcsSubscriberPoll.OnReplyReceived - 2 total (0 active), Execution time: mean = 112.399 us, total = 224.798 us, Queueing time: mean = 30.059 us, max = 43.463 us, min = 16.655 us, total = 60.118 us
	ray::rpc::InternalPubSubGcsService.grpc_client.GcsSubscriberCommandBatch.OnReplyReceived - 1 total (0 active), Execution time: mean = 180.215 us, total = 180.215 us, Queueing time: mean = 481.347 us, max = 481.347 us, min = 481.347 us, total = 481.347 us
	ray::rpc::NodeInfoGcsService.grpc_client.GetAllNodeInfo.OnReplyReceived - 1 total (0 active), Execution time: mean = 146.935 us, total = 146.935 us, Queueing time: mean = 13.808 us, max = 13.808 us, min = 13.808 us, total = 13.808 us
	ray::rpc::NodeInfoGcsService.grpc_client.GetAllNodeInfo - 1 total (0 active), Execution time: mean = 500.075 us, total = 500.075 us, Queueing time: mean = 0.000 s, max = -0.000 s, min = 9223372036.855 s, total = 0.000 s
	ray::rpc::WorkerInfoGcsService.grpc_client.AddWorkerInfo.OnReplyReceived - 1 total (0 active), Execution time: mean = 27.096 us, total = 27.096 us, Queueing time: mean = 30.143 us, max = 30.143 us, min = 30.143 us, total = 30.143 us
	ray::rpc::WorkerInfoGcsService.grpc_client.AddWorkerInfo - 1 total (0 active), Execution time: mean = 773.753 us, total = 773.753 us, Queueing time: mean = 0.000 s, max = -0.000 s, min = 9223372036.855 s, total = 0.000 s
	ray::rpc::InternalPubSubGcsService.grpc_client.GcsSubscriberCommandBatch - 1 total (0 active), Execution time: mean = 658.120 us, total = 658.120 us, Queueing time: mean = 0.000 s, max = -0.000 s, min = 9223372036.855 s, total = 0.000 s

-----------------
Task Event stats:

IO Service Stats:

Global stats: 3058 total (1 active)
Queueing time: mean = 323.492 us, max = 180.681 ms, min = -0.080 s, total = 989.240 ms
Execution time:  mean = 312.138 us, total = 954.518 ms
Event stats:
	ray::rpc::TaskInfoGcsService.grpc_client.AddTaskEventData - 1019 total (0 active), Execution time: mean = 736.376 us, total = 750.368 ms, Queueing time: mean = 0.000 s, max = -0.000 s, min = 9223372036.855 s, total = 0.000 s
	CoreWorker.deadline_timer.flush_task_events - 1019 total (1 active), Execution time: mean = 175.964 us, total = 179.307 ms, Queueing time: mean = 936.949 us, max = 180.681 ms, min = -0.080 s, total = 954.751 ms
	ray::rpc::TaskInfoGcsService.grpc_client.AddTaskEventData.OnReplyReceived - 1019 total (0 active), Execution time: mean = 24.175 us, total = 24.634 ms, Queueing time: mean = 32.719 us, max = 1.401 ms, min = 16.354 us, total = 33.340 ms
	PeriodicalRunner.RunFnPeriodically - 1 total (0 active), Execution time: mean = 208.529 us, total = 208.529 us, Queueing time: mean = 1.148 ms, max = 1.148 ms, min = 1.148 ms, total = 1.148 ms
Other Stats:
	grpc_in_progress:0
	current number of task status events in buffer: 0
	current number of profile events in buffer: 0
	current number of dropped task attempts tracked: 0
	total task events sent: 0.0206776 MiB
	total number of task attempts sent: 30
	total number of task attempts dropped reported: 0
	total number of sent failure: 0
	num status task events dropped: 0
	num profile task events dropped: 0


[2025-02-16 14:54:44,353 I 460 592] core_worker.cc:642: Event stats:


Global stats: 15526 total (8 active)
Queueing time: mean = 168.969 us, max = 185.156 ms, min = -0.181 s, total = 2.623 s
Execution time:  mean = 57.902 ms, total = 898.979 s
Event stats:
	CoreWorker.RecoverObjects - 10782 total (1 active), Execution time: mean = 5.340 us, total = 57.576 ms, Queueing time: mean = 165.024 us, max = 181.864 ms, min = -0.018 s, total = 1.779 s
	CoreWorker.ExitIfParentRayletDies - 1080 total (1 active), Execution time: mean = 8.509 us, total = 9.190 ms, Queueing time: mean = 451.167 us, max = 173.787 ms, min = -0.078 s, total = 487.261 ms
	NodeManagerService.grpc_client.ReportWorkerBacklog.OnReplyReceived - 1080 total (0 active), Execution time: mean = 16.026 us, total = 17.308 ms, Queueing time: mean = 37.605 us, max = 970.587 us, min = 5.454 us, total = 40.613 ms
	NodeManagerService.grpc_client.ReportWorkerBacklog - 1080 total (0 active), Execution time: mean = 688.574 us, total = 743.660 ms, Queueing time: mean = 0.000 s, max = -0.000 s, min = 9223372036.855 s, total = 0.000 s
	CoreWorker.InternalHeartbeat - 1080 total (1 active), Execution time: mean = 128.600 us, total = 138.888 ms, Queueing time: mean = 257.408 us, max = 174.056 ms, min = -0.105 s, total = 278.001 ms
	CoreWorker.RecordMetrics - 216 total (1 active), Execution time: mean = 30.477 us, total = 6.583 ms, Queueing time: mean = 82.022 us, max = 185.156 ms, min = -0.181 s, total = 17.717 ms
	CoreWorker.GCStreamingGeneratorMetadata - 108 total (1 active), Execution time: mean = 3.480 us, total = 375.873 us, Queueing time: mean = 75.414 us, max = 5.684 ms, min = -0.006 s, total = 8.145 ms
	CoreWorkerService.grpc_server.PushTask - 30 total (0 active), Execution time: mean = 4.291 ms, total = 128.721 ms, Queueing time: mean = 0.000 s, max = -0.000 s, min = 9223372036.855 s, total = 0.000 s
	CoreWorkerService.grpc_server.PushTask.HandleRequestImpl - 30 total (0 active), Execution time: mean = 63.488 us, total = 1.905 ms, Queueing time: mean = 33.672 us, max = 83.726 us, min = 20.461 us, total = 1.010 ms
	CoreWorker.PrintEventStats - 18 total (1 active, 1 running), Execution time: mean = 290.802 us, total = 5.234 ms, Queueing time: mean = 147.778 us, max = 3.448 ms, min = -0.003 s, total = 2.660 ms
	PeriodicalRunner.RunFnPeriodically - 7 total (0 active), Execution time: mean = 93.012 us, total = 651.086 us, Queueing time: mean = 1.568 ms, max = 9.142 ms, min = 20.666 us, total = 10.973 ms
	Publisher.CheckDeadSubscribers - 4 total (1 active), Execution time: mean = 3.175 us, total = 12.701 us, Queueing time: mean = -0.001 s, max = 1.013 ms, min = -0.004 s, total = -0.003 s
	ray::rpc::InternalPubSubGcsService.grpc_client.GcsSubscriberPoll - 3 total (1 active), Execution time: mean = 299.289 s, total = 897.867 s, Queueing time: mean = 0.000 s, max = -0.000 s, min = 9223372036.855 s, total = 0.000 s
	ray::rpc::InternalPubSubGcsService.grpc_client.GcsSubscriberPoll.OnReplyReceived - 2 total (0 active), Execution time: mean = 112.399 us, total = 224.798 us, Queueing time: mean = 30.059 us, max = 43.463 us, min = 16.655 us, total = 60.118 us
	ray::rpc::InternalPubSubGcsService.grpc_client.GcsSubscriberCommandBatch.OnReplyReceived - 1 total (0 active), Execution time: mean = 180.215 us, total = 180.215 us, Queueing time: mean = 481.347 us, max = 481.347 us, min = 481.347 us, total = 481.347 us
	ray::rpc::NodeInfoGcsService.grpc_client.GetAllNodeInfo.OnReplyReceived - 1 total (0 active), Execution time: mean = 146.935 us, total = 146.935 us, Queueing time: mean = 13.808 us, max = 13.808 us, min = 13.808 us, total = 13.808 us
	ray::rpc::NodeInfoGcsService.grpc_client.GetAllNodeInfo - 1 total (0 active), Execution time: mean = 500.075 us, total = 500.075 us, Queueing time: mean = 0.000 s, max = -0.000 s, min = 9223372036.855 s, total = 0.000 s
	ray::rpc::WorkerInfoGcsService.grpc_client.AddWorkerInfo.OnReplyReceived - 1 total (0 active), Execution time: mean = 27.096 us, total = 27.096 us, Queueing time: mean = 30.143 us, max = 30.143 us, min = 30.143 us, total = 30.143 us
	ray::rpc::WorkerInfoGcsService.grpc_client.AddWorkerInfo - 1 total (0 active), Execution time: mean = 773.753 us, total = 773.753 us, Queueing time: mean = 0.000 s, max = -0.000 s, min = 9223372036.855 s, total = 0.000 s
	ray::rpc::InternalPubSubGcsService.grpc_client.GcsSubscriberCommandBatch - 1 total (0 active), Execution time: mean = 658.120 us, total = 658.120 us, Queueing time: mean = 0.000 s, max = -0.000 s, min = 9223372036.855 s, total = 0.000 s

-----------------
Task Event stats:

IO Service Stats:

Global stats: 3238 total (1 active)
Queueing time: mean = 329.093 us, max = 180.681 ms, min = -0.080 s, total = 1.066 s
Execution time:  mean = 311.094 us, total = 1.007 s
Event stats:
	ray::rpc::TaskInfoGcsService.grpc_client.AddTaskEventData - 1079 total (0 active), Execution time: mean = 732.820 us, total = 790.713 ms, Queueing time: mean = 0.000 s, max = -0.000 s, min = 9223372036.855 s, total = 0.000 s
	CoreWorker.deadline_timer.flush_task_events - 1079 total (1 active), Execution time: mean = 176.425 us, total = 190.362 ms, Queueing time: mean = 954.029 us, max = 180.681 ms, min = -0.080 s, total = 1.029 s
	ray::rpc::TaskInfoGcsService.grpc_client.AddTaskEventData.OnReplyReceived - 1079 total (0 active), Execution time: mean = 24.133 us, total = 26.040 ms, Queueing time: mean = 32.491 us, max = 1.401 ms, min = 16.354 us, total = 35.058 ms
	PeriodicalRunner.RunFnPeriodically - 1 total (0 active), Execution time: mean = 208.529 us, total = 208.529 us, Queueing time: mean = 1.148 ms, max = 1.148 ms, min = 1.148 ms, total = 1.148 ms
Other Stats:
	grpc_in_progress:0
	current number of task status events in buffer: 0
	current number of profile events in buffer: 0
	current number of dropped task attempts tracked: 0
	total task events sent: 0.0206776 MiB
	total number of task attempts sent: 30
	total number of task attempts dropped reported: 0
	total number of sent failure: 0
	num status task events dropped: 0
	num profile task events dropped: 0


[2025-02-16 14:55:44,354 I 460 592] core_worker.cc:642: Event stats:


Global stats: 16385 total (8 active)
Queueing time: mean = 167.677 us, max = 185.156 ms, min = -0.181 s, total = 2.747 s
Execution time:  mean = 54.868 ms, total = 899.017 s
Event stats:
	CoreWorker.RecoverObjects - 11382 total (1 active), Execution time: mean = 5.269 us, total = 59.966 ms, Queueing time: mean = 160.297 us, max = 181.864 ms, min = -0.025 s, total = 1.824 s
	CoreWorker.ExitIfParentRayletDies - 1140 total (1 active), Execution time: mean = 8.483 us, total = 9.671 ms, Queueing time: mean = 463.716 us, max = 173.787 ms, min = -0.078 s, total = 528.636 ms
	NodeManagerService.grpc_client.ReportWorkerBacklog.OnReplyReceived - 1140 total (0 active), Execution time: mean = 15.891 us, total = 18.115 ms, Queueing time: mean = 37.254 us, max = 970.587 us, min = 5.454 us, total = 42.470 ms
	NodeManagerService.grpc_client.ReportWorkerBacklog - 1140 total (0 active), Execution time: mean = 677.117 us, total = 771.914 ms, Queueing time: mean = 0.000 s, max = -0.000 s, min = 9223372036.855 s, total = 0.000 s
	CoreWorker.InternalHeartbeat - 1140 total (1 active), Execution time: mean = 126.725 us, total = 144.467 ms, Queueing time: mean = 275.391 us, max = 174.056 ms, min = -0.105 s, total = 313.945 ms
	CoreWorker.RecordMetrics - 228 total (1 active), Execution time: mean = 30.078 us, total = 6.858 ms, Queueing time: mean = 90.292 us, max = 185.156 ms, min = -0.181 s, total = 20.587 ms
	CoreWorker.GCStreamingGeneratorMetadata - 114 total (1 active), Execution time: mean = 3.522 us, total = 401.481 us, Queueing time: mean = 111.501 us, max = 10.191 ms, min = -0.007 s, total = 12.711 ms
	CoreWorkerService.grpc_server.PushTask - 30 total (0 active), Execution time: mean = 4.291 ms, total = 128.721 ms, Queueing time: mean = 0.000 s, max = -0.000 s, min = 9223372036.855 s, total = 0.000 s
	CoreWorkerService.grpc_server.PushTask.HandleRequestImpl - 30 total (0 active), Execution time: mean = 63.488 us, total = 1.905 ms, Queueing time: mean = 33.672 us, max = 83.726 us, min = 20.461 us, total = 1.010 ms
	CoreWorker.PrintEventStats - 19 total (1 active, 1 running), Execution time: mean = 294.193 us, total = 5.590 ms, Queueing time: mean = -0.000 s, max = 3.448 ms, min = -0.008 s, total = -0.005 s
	PeriodicalRunner.RunFnPeriodically - 7 total (0 active), Execution time: mean = 93.012 us, total = 651.086 us, Queueing time: mean = 1.568 ms, max = 9.142 ms, min = 20.666 us, total = 10.973 ms
	Publisher.CheckDeadSubscribers - 4 total (1 active), Execution time: mean = 3.175 us, total = 12.701 us, Queueing time: mean = -0.001 s, max = 1.013 ms, min = -0.004 s, total = -0.003 s
	ray::rpc::InternalPubSubGcsService.grpc_client.GcsSubscriberPoll - 3 total (1 active), Execution time: mean = 299.289 s, total = 897.867 s, Queueing time: mean = 0.000 s, max = -0.000 s, min = 9223372036.855 s, total = 0.000 s
	ray::rpc::InternalPubSubGcsService.grpc_client.GcsSubscriberPoll.OnReplyReceived - 2 total (0 active), Execution time: mean = 112.399 us, total = 224.798 us, Queueing time: mean = 30.059 us, max = 43.463 us, min = 16.655 us, total = 60.118 us
	ray::rpc::InternalPubSubGcsService.grpc_client.GcsSubscriberCommandBatch.OnReplyReceived - 1 total (0 active), Execution time: mean = 180.215 us, total = 180.215 us, Queueing time: mean = 481.347 us, max = 481.347 us, min = 481.347 us, total = 481.347 us
	ray::rpc::NodeInfoGcsService.grpc_client.GetAllNodeInfo.OnReplyReceived - 1 total (0 active), Execution time: mean = 146.935 us, total = 146.935 us, Queueing time: mean = 13.808 us, max = 13.808 us, min = 13.808 us, total = 13.808 us
	ray::rpc::NodeInfoGcsService.grpc_client.GetAllNodeInfo - 1 total (0 active), Execution time: mean = 500.075 us, total = 500.075 us, Queueing time: mean = 0.000 s, max = -0.000 s, min = 9223372036.855 s, total = 0.000 s
	ray::rpc::WorkerInfoGcsService.grpc_client.AddWorkerInfo.OnReplyReceived - 1 total (0 active), Execution time: mean = 27.096 us, total = 27.096 us, Queueing time: mean = 30.143 us, max = 30.143 us, min = 30.143 us, total = 30.143 us
	ray::rpc::WorkerInfoGcsService.grpc_client.AddWorkerInfo - 1 total (0 active), Execution time: mean = 773.753 us, total = 773.753 us, Queueing time: mean = 0.000 s, max = -0.000 s, min = 9223372036.855 s, total = 0.000 s
	ray::rpc::InternalPubSubGcsService.grpc_client.GcsSubscriberCommandBatch - 1 total (0 active), Execution time: mean = 658.120 us, total = 658.120 us, Queueing time: mean = 0.000 s, max = -0.000 s, min = 9223372036.855 s, total = 0.000 s

-----------------
Task Event stats:

IO Service Stats:

Global stats: 3418 total (1 active)
Queueing time: mean = 321.293 us, max = 180.681 ms, min = -0.080 s, total = 1.098 s
Execution time:  mean = 308.418 us, total = 1.054 s
Event stats:
	ray::rpc::TaskInfoGcsService.grpc_client.AddTaskEventData - 1139 total (0 active), Execution time: mean = 725.223 us, total = 826.030 ms, Queueing time: mean = 0.000 s, max = -0.000 s, min = 9223372036.855 s, total = 0.000 s
	CoreWorker.deadline_timer.flush_task_events - 1139 total (1 active), Execution time: mean = 176.060 us, total = 200.532 ms, Queueing time: mean = 931.082 us, max = 180.681 ms, min = -0.080 s, total = 1.061 s
	ray::rpc::TaskInfoGcsService.grpc_client.AddTaskEventData.OnReplyReceived - 1139 total (0 active), Execution time: mean = 24.058 us, total = 27.402 ms, Queueing time: mean = 32.070 us, max = 1.401 ms, min = 16.354 us, total = 36.527 ms
	PeriodicalRunner.RunFnPeriodically - 1 total (0 active), Execution time: mean = 208.529 us, total = 208.529 us, Queueing time: mean = 1.148 ms, max = 1.148 ms, min = 1.148 ms, total = 1.148 ms
Other Stats:
	grpc_in_progress:0
	current number of task status events in buffer: 0
	current number of profile events in buffer: 0
	current number of dropped task attempts tracked: 0
	total task events sent: 0.0206776 MiB
	total number of task attempts sent: 30
	total number of task attempts dropped reported: 0
	total number of sent failure: 0
	num status task events dropped: 0
	num profile task events dropped: 0


[2025-02-16 14:56:44,354 I 460 592] core_worker.cc:642: Event stats:


Global stats: 17246 total (8 active)
Queueing time: mean = 174.795 us, max = 185.156 ms, min = -0.181 s, total = 3.015 s
Execution time:  mean = 69.549 ms, total = 1199.435 s
Event stats:
	CoreWorker.RecoverObjects - 11981 total (1 active), Execution time: mean = 5.205 us, total = 62.365 ms, Queueing time: mean = 159.462 us, max = 181.864 ms, min = -0.025 s, total = 1.911 s
	CoreWorker.ExitIfParentRayletDies - 1200 total (1 active), Execution time: mean = 8.439 us, total = 10.127 ms, Queueing time: mean = 513.068 us, max = 173.787 ms, min = -0.078 s, total = 615.682 ms
	NodeManagerService.grpc_client.ReportWorkerBacklog.OnReplyReceived - 1200 total (0 active), Execution time: mean = 16.054 us, total = 19.265 ms, Queueing time: mean = 36.978 us, max = 970.587 us, min = 5.454 us, total = 44.374 ms
	NodeManagerService.grpc_client.ReportWorkerBacklog - 1200 total (0 active), Execution time: mean = 668.532 us, total = 802.238 ms, Queueing time: mean = 0.000 s, max = -0.000 s, min = 9223372036.855 s, total = 0.000 s
	CoreWorker.InternalHeartbeat - 1200 total (1 active), Execution time: mean = 125.149 us, total = 150.178 ms, Queueing time: mean = 329.167 us, max = 174.056 ms, min = -0.105 s, total = 395.001 ms
	CoreWorker.RecordMetrics - 240 total (1 active), Execution time: mean = 29.714 us, total = 7.131 ms, Queueing time: mean = 87.609 us, max = 185.156 ms, min = -0.181 s, total = 21.026 ms
	CoreWorker.GCStreamingGeneratorMetadata - 120 total (1 active), Execution time: mean = 3.551 us, total = 426.091 us, Queueing time: mean = 96.479 us, max = 10.191 ms, min = -0.007 s, total = 11.578 ms
	CoreWorkerService.grpc_server.PushTask - 30 total (0 active), Execution time: mean = 4.291 ms, total = 128.721 ms, Queueing time: mean = 0.000 s, max = -0.000 s, min = 9223372036.855 s, total = 0.000 s
	CoreWorkerService.grpc_server.PushTask.HandleRequestImpl - 30 total (0 active), Execution time: mean = 63.488 us, total = 1.905 ms, Queueing time: mean = 33.672 us, max = 83.726 us, min = 20.461 us, total = 1.010 ms
	CoreWorker.PrintEventStats - 20 total (1 active, 1 running), Execution time: mean = 292.551 us, total = 5.851 ms, Queueing time: mean = 122.561 us, max = 7.655 ms, min = -0.008 s, total = 2.451 ms
	PeriodicalRunner.RunFnPeriodically - 7 total (0 active), Execution time: mean = 93.012 us, total = 651.086 us, Queueing time: mean = 1.568 ms, max = 9.142 ms, min = 20.666 us, total = 10.973 ms
	Publisher.CheckDeadSubscribers - 5 total (1 active), Execution time: mean = 3.500 us, total = 17.498 us, Queueing time: mean = 261.999 us, max = 4.140 ms, min = -0.004 s, total = 1.310 ms
	ray::rpc::InternalPubSubGcsService.grpc_client.GcsSubscriberPoll - 4 total (1 active), Execution time: mean = 299.561 s, total = 1198.244 s, Queueing time: mean = 0.000 s, max = -0.000 s, min = 9223372036.855 s, total = 0.000 s
	ray::rpc::InternalPubSubGcsService.grpc_client.GcsSubscriberPoll.OnReplyReceived - 3 total (0 active), Execution time: mean = 110.990 us, total = 332.970 us, Queueing time: mean = 25.797 us, max = 43.463 us, min = 16.655 us, total = 77.390 us
	ray::rpc::InternalPubSubGcsService.grpc_client.GcsSubscriberCommandBatch.OnReplyReceived - 1 total (0 active), Execution time: mean = 180.215 us, total = 180.215 us, Queueing time: mean = 481.347 us, max = 481.347 us, min = 481.347 us, total = 481.347 us
	ray::rpc::NodeInfoGcsService.grpc_client.GetAllNodeInfo.OnReplyReceived - 1 total (0 active), Execution time: mean = 146.935 us, total = 146.935 us, Queueing time: mean = 13.808 us, max = 13.808 us, min = 13.808 us, total = 13.808 us
	ray::rpc::NodeInfoGcsService.grpc_client.GetAllNodeInfo - 1 total (0 active), Execution time: mean = 500.075 us, total = 500.075 us, Queueing time: mean = 0.000 s, max = -0.000 s, min = 9223372036.855 s, total = 0.000 s
	ray::rpc::WorkerInfoGcsService.grpc_client.AddWorkerInfo.OnReplyReceived - 1 total (0 active), Execution time: mean = 27.096 us, total = 27.096 us, Queueing time: mean = 30.143 us, max = 30.143 us, min = 30.143 us, total = 30.143 us
	ray::rpc::WorkerInfoGcsService.grpc_client.AddWorkerInfo - 1 total (0 active), Execution time: mean = 773.753 us, total = 773.753 us, Queueing time: mean = 0.000 s, max = -0.000 s, min = 9223372036.855 s, total = 0.000 s
	ray::rpc::InternalPubSubGcsService.grpc_client.GcsSubscriberCommandBatch - 1 total (0 active), Execution time: mean = 658.120 us, total = 658.120 us, Queueing time: mean = 0.000 s, max = -0.000 s, min = 9223372036.855 s, total = 0.000 s

-----------------
Task Event stats:

IO Service Stats:

Global stats: 3598 total (1 active)
Queueing time: mean = 326.783 us, max = 180.681 ms, min = -0.080 s, total = 1.176 s
Execution time:  mean = 306.344 us, total = 1.102 s
Event stats:
	ray::rpc::TaskInfoGcsService.grpc_client.AddTaskEventData - 1199 total (0 active), Execution time: mean = 719.106 us, total = 862.208 ms, Queueing time: mean = 0.000 s, max = -0.000 s, min = 9223372036.855 s, total = 0.000 s
	CoreWorker.deadline_timer.flush_task_events - 1199 total (1 active), Execution time: mean = 175.946 us, total = 210.960 ms, Queueing time: mean = 947.995 us, max = 180.681 ms, min = -0.080 s, total = 1.137 s
	ray::rpc::TaskInfoGcsService.grpc_client.AddTaskEventData.OnReplyReceived - 1199 total (0 active), Execution time: mean = 24.060 us, total = 28.848 ms, Queueing time: mean = 31.669 us, max = 1.401 ms, min = 11.349 us, total = 37.971 ms
	PeriodicalRunner.RunFnPeriodically - 1 total (0 active), Execution time: mean = 208.529 us, total = 208.529 us, Queueing time: mean = 1.148 ms, max = 1.148 ms, min = 1.148 ms, total = 1.148 ms
Other Stats:
	grpc_in_progress:0
	current number of task status events in buffer: 0
	current number of profile events in buffer: 0
	current number of dropped task attempts tracked: 0
	total task events sent: 0.0206776 MiB
	total number of task attempts sent: 30
	total number of task attempts dropped reported: 0
	total number of sent failure: 0
	num status task events dropped: 0
	num profile task events dropped: 0


[2025-02-16 14:57:44,354 I 460 592] core_worker.cc:642: Event stats:


Global stats: 18104 total (8 active)
Queueing time: mean = 180.836 us, max = 185.156 ms, min = -0.181 s, total = 3.274 s
Execution time:  mean = 66.255 ms, total = 1199.475 s
Event stats:
	CoreWorker.RecoverObjects - 12580 total (1 active), Execution time: mean = 5.138 us, total = 64.639 ms, Queueing time: mean = 158.667 us, max = 181.864 ms, min = -0.025 s, total = 1.996 s
	CoreWorker.ExitIfParentRayletDies - 1260 total (1 active), Execution time: mean = 8.313 us, total = 10.474 ms, Queueing time: mean = 557.694 us, max = 173.787 ms, min = -0.078 s, total = 702.695 ms
	NodeManagerService.grpc_client.ReportWorkerBacklog.OnReplyReceived - 1260 total (0 active), Execution time: mean = 15.985 us, total = 20.141 ms, Queueing time: mean = 36.904 us, max = 970.587 us, min = 5.454 us, total = 46.499 ms
	NodeManagerService.grpc_client.ReportWorkerBacklog - 1260 total (0 active), Execution time: mean = 660.687 us, total = 832.465 ms, Queueing time: mean = 0.000 s, max = -0.000 s, min = 9223372036.855 s, total = 0.000 s
	CoreWorker.InternalHeartbeat - 1260 total (1 active), Execution time: mean = 123.561 us, total = 155.687 ms, Queueing time: mean = 378.817 us, max = 174.056 ms, min = -0.105 s, total = 477.309 ms
	CoreWorker.RecordMetrics - 252 total (1 active), Execution time: mean = 29.621 us, total = 7.464 ms, Queueing time: mean = 86.507 us, max = 185.156 ms, min = -0.181 s, total = 21.800 ms
	CoreWorker.GCStreamingGeneratorMetadata - 126 total (1 active), Execution time: mean = 3.591 us, total = 452.498 us, Queueing time: mean = 105.163 us, max = 10.191 ms, min = -0.007 s, total = 13.251 ms
	CoreWorkerService.grpc_server.PushTask - 30 total (0 active), Execution time: mean = 4.291 ms, total = 128.721 ms, Queueing time: mean = 0.000 s, max = -0.000 s, min = 9223372036.855 s, total = 0.000 s
	CoreWorkerService.grpc_server.PushTask.HandleRequestImpl - 30 total (0 active), Execution time: mean = 63.488 us, total = 1.905 ms, Queueing time: mean = 33.672 us, max = 83.726 us, min = 20.461 us, total = 1.010 ms
	CoreWorker.PrintEventStats - 21 total (1 active, 1 running), Execution time: mean = 291.559 us, total = 6.123 ms, Queueing time: mean = 113.124 us, max = 7.655 ms, min = -0.008 s, total = 2.376 ms
	PeriodicalRunner.RunFnPeriodically - 7 total (0 active), Execution time: mean = 93.012 us, total = 651.086 us, Queueing time: mean = 1.568 ms, max = 9.142 ms, min = 20.666 us, total = 10.973 ms
	Publisher.CheckDeadSubscribers - 5 total (1 active), Execution time: mean = 3.500 us, total = 17.498 us, Queueing time: mean = 261.999 us, max = 4.140 ms, min = -0.004 s, total = 1.310 ms
	ray::rpc::InternalPubSubGcsService.grpc_client.GcsSubscriberPoll - 4 total (1 active), Execution time: mean = 299.561 s, total = 1198.244 s, Queueing time: mean = 0.000 s, max = -0.000 s, min = 9223372036.855 s, total = 0.000 s
	ray::rpc::InternalPubSubGcsService.grpc_client.GcsSubscriberPoll.OnReplyReceived - 3 total (0 active), Execution time: mean = 110.990 us, total = 332.970 us, Queueing time: mean = 25.797 us, max = 43.463 us, min = 16.655 us, total = 77.390 us
	ray::rpc::InternalPubSubGcsService.grpc_client.GcsSubscriberCommandBatch.OnReplyReceived - 1 total (0 active), Execution time: mean = 180.215 us, total = 180.215 us, Queueing time: mean = 481.347 us, max = 481.347 us, min = 481.347 us, total = 481.347 us
	ray::rpc::NodeInfoGcsService.grpc_client.GetAllNodeInfo.OnReplyReceived - 1 total (0 active), Execution time: mean = 146.935 us, total = 146.935 us, Queueing time: mean = 13.808 us, max = 13.808 us, min = 13.808 us, total = 13.808 us
	ray::rpc::NodeInfoGcsService.grpc_client.GetAllNodeInfo - 1 total (0 active), Execution time: mean = 500.075 us, total = 500.075 us, Queueing time: mean = 0.000 s, max = -0.000 s, min = 9223372036.855 s, total = 0.000 s
	ray::rpc::WorkerInfoGcsService.grpc_client.AddWorkerInfo.OnReplyReceived - 1 total (0 active), Execution time: mean = 27.096 us, total = 27.096 us, Queueing time: mean = 30.143 us, max = 30.143 us, min = 30.143 us, total = 30.143 us
	ray::rpc::WorkerInfoGcsService.grpc_client.AddWorkerInfo - 1 total (0 active), Execution time: mean = 773.753 us, total = 773.753 us, Queueing time: mean = 0.000 s, max = -0.000 s, min = 9223372036.855 s, total = 0.000 s
	ray::rpc::InternalPubSubGcsService.grpc_client.GcsSubscriberCommandBatch - 1 total (0 active), Execution time: mean = 658.120 us, total = 658.120 us, Queueing time: mean = 0.000 s, max = -0.000 s, min = 9223372036.855 s, total = 0.000 s

-----------------
Task Event stats:

IO Service Stats:

Global stats: 3778 total (1 active)
Queueing time: mean = 331.675 us, max = 180.681 ms, min = -0.080 s, total = 1.253 s
Execution time:  mean = 304.886 us, total = 1.152 s
Event stats:
	ray::rpc::TaskInfoGcsService.grpc_client.AddTaskEventData - 1259 total (0 active), Execution time: mean = 715.065 us, total = 900.267 ms, Queueing time: mean = 0.000 s, max = -0.000 s, min = 9223372036.855 s, total = 0.000 s
	CoreWorker.deadline_timer.flush_task_events - 1259 total (1 active), Execution time: mean = 175.788 us, total = 221.318 ms, Queueing time: mean = 963.066 us, max = 180.681 ms, min = -0.080 s, total = 1.213 s
	ray::rpc::TaskInfoGcsService.grpc_client.AddTaskEventData.OnReplyReceived - 1259 total (0 active), Execution time: mean = 23.880 us, total = 30.065 ms, Queueing time: mean = 31.309 us, max = 1.401 ms, min = 11.349 us, total = 39.419 ms
	PeriodicalRunner.RunFnPeriodically - 1 total (0 active), Execution time: mean = 208.529 us, total = 208.529 us, Queueing time: mean = 1.148 ms, max = 1.148 ms, min = 1.148 ms, total = 1.148 ms
Other Stats:
	grpc_in_progress:0
	current number of task status events in buffer: 0
	current number of profile events in buffer: 0
	current number of dropped task attempts tracked: 0
	total task events sent: 0.0206776 MiB
	total number of task attempts sent: 30
	total number of task attempts dropped reported: 0
	total number of sent failure: 0
	num status task events dropped: 0
	num profile task events dropped: 0


[2025-02-16 14:58:44,355 I 460 592] core_worker.cc:642: Event stats:


Global stats: 18962 total (8 active)
Queueing time: mean = 185.268 us, max = 185.156 ms, min = -0.181 s, total = 3.513 s
Execution time:  mean = 63.259 ms, total = 1199.515 s
Event stats:
	CoreWorker.RecoverObjects - 13179 total (1 active), Execution time: mean = 5.121 us, total = 67.495 ms, Queueing time: mean = 157.515 us, max = 181.864 ms, min = -0.025 s, total = 2.076 s
	CoreWorker.ExitIfParentRayletDies - 1320 total (1 active), Execution time: mean = 8.224 us, total = 10.856 ms, Queueing time: mean = 593.370 us, max = 173.787 ms, min = -0.078 s, total = 783.248 ms
	NodeManagerService.grpc_client.ReportWorkerBacklog.OnReplyReceived - 1320 total (0 active), Execution time: mean = 15.915 us, total = 21.008 ms, Queueing time: mean = 36.601 us, max = 970.587 us, min = 5.454 us, total = 48.314 ms
	NodeManagerService.grpc_client.ReportWorkerBacklog - 1320 total (0 active), Execution time: mean = 652.869 us, total = 861.787 ms, Queueing time: mean = 0.000 s, max = -0.000 s, min = 9223372036.855 s, total = 0.000 s
	CoreWorker.InternalHeartbeat - 1320 total (1 active), Execution time: mean = 122.140 us, total = 161.224 ms, Queueing time: mean = 418.526 us, max = 174.056 ms, min = -0.105 s, total = 552.454 ms
	CoreWorker.RecordMetrics - 264 total (1 active), Execution time: mean = 29.311 us, total = 7.738 ms, Queueing time: mean = 83.913 us, max = 185.156 ms, min = -0.181 s, total = 22.153 ms
	CoreWorker.GCStreamingGeneratorMetadata - 132 total (1 active), Execution time: mean = 3.660 us, total = 483.126 us, Queueing time: mean = 110.605 us, max = 10.191 ms, min = -0.007 s, total = 14.600 ms
	CoreWorkerService.grpc_server.PushTask - 30 total (0 active), Execution time: mean = 4.291 ms, total = 128.721 ms, Queueing time: mean = 0.000 s, max = -0.000 s, min = 9223372036.855 s, total = 0.000 s
	CoreWorkerService.grpc_server.PushTask.HandleRequestImpl - 30 total (0 active), Execution time: mean = 63.488 us, total = 1.905 ms, Queueing time: mean = 33.672 us, max = 83.726 us, min = 20.461 us, total = 1.010 ms
	CoreWorker.PrintEventStats - 22 total (1 active, 1 running), Execution time: mean = 290.132 us, total = 6.383 ms, Queueing time: mean = 114.055 us, max = 7.655 ms, min = -0.008 s, total = 2.509 ms
	PeriodicalRunner.RunFnPeriodically - 7 total (0 active), Execution time: mean = 93.012 us, total = 651.086 us, Queueing time: mean = 1.568 ms, max = 9.142 ms, min = 20.666 us, total = 10.973 ms
	Publisher.CheckDeadSubscribers - 5 total (1 active), Execution time: mean = 3.500 us, total = 17.498 us, Queueing time: mean = 261.999 us, max = 4.140 ms, min = -0.004 s, total = 1.310 ms
	ray::rpc::InternalPubSubGcsService.grpc_client.GcsSubscriberPoll - 4 total (1 active), Execution time: mean = 299.561 s, total = 1198.244 s, Queueing time: mean = 0.000 s, max = -0.000 s, min = 9223372036.855 s, total = 0.000 s
	ray::rpc::InternalPubSubGcsService.grpc_client.GcsSubscriberPoll.OnReplyReceived - 3 total (0 active), Execution time: mean = 110.990 us, total = 332.970 us, Queueing time: mean = 25.797 us, max = 43.463 us, min = 16.655 us, total = 77.390 us
	ray::rpc::InternalPubSubGcsService.grpc_client.GcsSubscriberCommandBatch.OnReplyReceived - 1 total (0 active), Execution time: mean = 180.215 us, total = 180.215 us, Queueing time: mean = 481.347 us, max = 481.347 us, min = 481.347 us, total = 481.347 us
	ray::rpc::NodeInfoGcsService.grpc_client.GetAllNodeInfo.OnReplyReceived - 1 total (0 active), Execution time: mean = 146.935 us, total = 146.935 us, Queueing time: mean = 13.808 us, max = 13.808 us, min = 13.808 us, total = 13.808 us
	ray::rpc::NodeInfoGcsService.grpc_client.GetAllNodeInfo - 1 total (0 active), Execution time: mean = 500.075 us, total = 500.075 us, Queueing time: mean = 0.000 s, max = -0.000 s, min = 9223372036.855 s, total = 0.000 s
	ray::rpc::WorkerInfoGcsService.grpc_client.AddWorkerInfo.OnReplyReceived - 1 total (0 active), Execution time: mean = 27.096 us, total = 27.096 us, Queueing time: mean = 30.143 us, max = 30.143 us, min = 30.143 us, total = 30.143 us
	ray::rpc::WorkerInfoGcsService.grpc_client.AddWorkerInfo - 1 total (0 active), Execution time: mean = 773.753 us, total = 773.753 us, Queueing time: mean = 0.000 s, max = -0.000 s, min = 9223372036.855 s, total = 0.000 s
	ray::rpc::InternalPubSubGcsService.grpc_client.GcsSubscriberCommandBatch - 1 total (0 active), Execution time: mean = 658.120 us, total = 658.120 us, Queueing time: mean = 0.000 s, max = -0.000 s, min = 9223372036.855 s, total = 0.000 s

-----------------
Task Event stats:

IO Service Stats:

Global stats: 3958 total (1 active)
Queueing time: mean = 334.670 us, max = 180.681 ms, min = -0.080 s, total = 1.325 s
Execution time:  mean = 303.325 us, total = 1.201 s
Event stats:
	ray::rpc::TaskInfoGcsService.grpc_client.AddTaskEventData - 1319 total (0 active), Execution time: mean = 710.279 us, total = 936.858 ms, Queueing time: mean = 0.000 s, max = -0.000 s, min = 9223372036.855 s, total = 0.000 s
	CoreWorker.deadline_timer.flush_task_events - 1319 total (1 active), Execution time: mean = 175.954 us, total = 232.083 ms, Queueing time: mean = 972.375 us, max = 180.681 ms, min = -0.080 s, total = 1.283 s
	ray::rpc::TaskInfoGcsService.grpc_client.AddTaskEventData.OnReplyReceived - 1319 total (0 active), Execution time: mean = 23.814 us, total = 31.411 ms, Queueing time: mean = 31.017 us, max = 1.401 ms, min = 11.349 us, total = 40.911 ms
	PeriodicalRunner.RunFnPeriodically - 1 total (0 active), Execution time: mean = 208.529 us, total = 208.529 us, Queueing time: mean = 1.148 ms, max = 1.148 ms, min = 1.148 ms, total = 1.148 ms
Other Stats:
	grpc_in_progress:0
	current number of task status events in buffer: 0
	current number of profile events in buffer: 0
	current number of dropped task attempts tracked: 0
	total task events sent: 0.0206776 MiB
	total number of task attempts sent: 30
	total number of task attempts dropped reported: 0
	total number of sent failure: 0
	num status task events dropped: 0
	num profile task events dropped: 0


[2025-02-16 14:59:44,355 I 460 592] core_worker.cc:642: Event stats:


Global stats: 19821 total (8 active)
Queueing time: mean = 189.851 us, max = 185.156 ms, min = -0.181 s, total = 3.763 s
Execution time:  mean = 60.519 ms, total = 1199.550 s
Event stats:
	CoreWorker.RecoverObjects - 13779 total (1 active), Execution time: mean = 5.065 us, total = 69.795 ms, Queueing time: mean = 156.701 us, max = 181.864 ms, min = -0.025 s, total = 2.159 s
	CoreWorker.ExitIfParentRayletDies - 1380 total (1 active), Execution time: mean = 8.132 us, total = 11.222 ms, Queueing time: mean = 628.893 us, max = 173.787 ms, min = -0.078 s, total = 867.873 ms
	NodeManagerService.grpc_client.ReportWorkerBacklog.OnReplyReceived - 1380 total (0 active), Execution time: mean = 15.833 us, total = 21.850 ms, Queueing time: mean = 36.450 us, max = 970.587 us, min = 5.454 us, total = 50.301 ms
	NodeManagerService.grpc_client.ReportWorkerBacklog - 1380 total (0 active), Execution time: mean = 643.296 us, total = 887.748 ms, Queueing time: mean = 0.000 s, max = -0.000 s, min = 9223372036.855 s, total = 0.000 s
	CoreWorker.InternalHeartbeat - 1380 total (1 active), Execution time: mean = 120.664 us, total = 166.516 ms, Queueing time: mean = 458.027 us, max = 174.056 ms, min = -0.105 s, total = 632.077 ms
	CoreWorker.RecordMetrics - 276 total (1 active), Execution time: mean = 29.068 us, total = 8.023 ms, Queueing time: mean = 84.922 us, max = 185.156 ms, min = -0.181 s, total = 23.438 ms
	CoreWorker.GCStreamingGeneratorMetadata - 138 total (1 active), Execution time: mean = 4.188 us, total = 577.885 us, Queueing time: mean = 99.466 us, max = 10.191 ms, min = -0.007 s, total = 13.726 ms
	CoreWorkerService.grpc_server.PushTask - 30 total (0 active), Execution time: mean = 4.291 ms, total = 128.721 ms, Queueing time: mean = 0.000 s, max = -0.000 s, min = 9223372036.855 s, total = 0.000 s
	CoreWorkerService.grpc_server.PushTask.HandleRequestImpl - 30 total (0 active), Execution time: mean = 63.488 us, total = 1.905 ms, Queueing time: mean = 33.672 us, max = 83.726 us, min = 20.461 us, total = 1.010 ms
	CoreWorker.PrintEventStats - 23 total (1 active, 1 running), Execution time: mean = 289.302 us, total = 6.654 ms, Queueing time: mean = 110.222 us, max = 7.655 ms, min = -0.008 s, total = 2.535 ms
	PeriodicalRunner.RunFnPeriodically - 7 total (0 active), Execution time: mean = 93.012 us, total = 651.086 us, Queueing time: mean = 1.568 ms, max = 9.142 ms, min = 20.666 us, total = 10.973 ms
	Publisher.CheckDeadSubscribers - 5 total (1 active), Execution time: mean = 3.500 us, total = 17.498 us, Queueing time: mean = 261.999 us, max = 4.140 ms, min = -0.004 s, total = 1.310 ms
	ray::rpc::InternalPubSubGcsService.grpc_client.GcsSubscriberPoll - 4 total (1 active), Execution time: mean = 299.561 s, total = 1198.244 s, Queueing time: mean = 0.000 s, max = -0.000 s, min = 9223372036.855 s, total = 0.000 s
	ray::rpc::InternalPubSubGcsService.grpc_client.GcsSubscriberPoll.OnReplyReceived - 3 total (0 active), Execution time: mean = 110.990 us, total = 332.970 us, Queueing time: mean = 25.797 us, max = 43.463 us, min = 16.655 us, total = 77.390 us
	ray::rpc::InternalPubSubGcsService.grpc_client.GcsSubscriberCommandBatch.OnReplyReceived - 1 total (0 active), Execution time: mean = 180.215 us, total = 180.215 us, Queueing time: mean = 481.347 us, max = 481.347 us, min = 481.347 us, total = 481.347 us
	ray::rpc::NodeInfoGcsService.grpc_client.GetAllNodeInfo.OnReplyReceived - 1 total (0 active), Execution time: mean = 146.935 us, total = 146.935 us, Queueing time: mean = 13.808 us, max = 13.808 us, min = 13.808 us, total = 13.808 us
	ray::rpc::NodeInfoGcsService.grpc_client.GetAllNodeInfo - 1 total (0 active), Execution time: mean = 500.075 us, total = 500.075 us, Queueing time: mean = 0.000 s, max = -0.000 s, min = 9223372036.855 s, total = 0.000 s
	ray::rpc::WorkerInfoGcsService.grpc_client.AddWorkerInfo.OnReplyReceived - 1 total (0 active), Execution time: mean = 27.096 us, total = 27.096 us, Queueing time: mean = 30.143 us, max = 30.143 us, min = 30.143 us, total = 30.143 us
	ray::rpc::WorkerInfoGcsService.grpc_client.AddWorkerInfo - 1 total (0 active), Execution time: mean = 773.753 us, total = 773.753 us, Queueing time: mean = 0.000 s, max = -0.000 s, min = 9223372036.855 s, total = 0.000 s
	ray::rpc::InternalPubSubGcsService.grpc_client.GcsSubscriberCommandBatch - 1 total (0 active), Execution time: mean = 658.120 us, total = 658.120 us, Queueing time: mean = 0.000 s, max = -0.000 s, min = 9223372036.855 s, total = 0.000 s

-----------------
Task Event stats:

IO Service Stats:

Global stats: 4138 total (1 active)
Queueing time: mean = 338.498 us, max = 180.681 ms, min = -0.080 s, total = 1.401 s
Execution time:  mean = 301.641 us, total = 1.248 s
Event stats:
	ray::rpc::TaskInfoGcsService.grpc_client.AddTaskEventData - 1379 total (0 active), Execution time: mean = 705.628 us, total = 973.060 ms, Queueing time: mean = 0.000 s, max = -0.000 s, min = 9223372036.855 s, total = 0.000 s
	CoreWorker.deadline_timer.flush_task_events - 1379 total (1 active), Execution time: mean = 175.640 us, total = 242.208 ms, Queueing time: mean = 983.904 us, max = 180.681 ms, min = -0.080 s, total = 1.357 s
	ray::rpc::TaskInfoGcsService.grpc_client.AddTaskEventData.OnReplyReceived - 1379 total (0 active), Execution time: mean = 23.722 us, total = 32.713 ms, Queueing time: mean = 31.004 us, max = 1.401 ms, min = 11.349 us, total = 42.754 ms
	PeriodicalRunner.RunFnPeriodically - 1 total (0 active), Execution time: mean = 208.529 us, total = 208.529 us, Queueing time: mean = 1.148 ms, max = 1.148 ms, min = 1.148 ms, total = 1.148 ms
Other Stats:
	grpc_in_progress:0
	current number of task status events in buffer: 0
	current number of profile events in buffer: 0
	current number of dropped task attempts tracked: 0
	total task events sent: 0.0206776 MiB
	total number of task attempts sent: 30
	total number of task attempts dropped reported: 0
	total number of sent failure: 0
	num status task events dropped: 0
	num profile task events dropped: 0


[2025-02-16 15:00:44,355 I 460 592] core_worker.cc:642: Event stats:


Global stats: 20679 total (8 active)
Queueing time: mean = 193.523 us, max = 185.156 ms, min = -0.181 s, total = 4.002 s
Execution time:  mean = 58.010 ms, total = 1199.586 s
Event stats:
	CoreWorker.RecoverObjects - 14378 total (1 active), Execution time: mean = 5.010 us, total = 72.039 ms, Queueing time: mean = 155.894 us, max = 181.864 ms, min = -0.025 s, total = 2.241 s
	CoreWorker.ExitIfParentRayletDies - 1440 total (1 active), Execution time: mean = 8.030 us, total = 11.563 ms, Queueing time: mean = 658.026 us, max = 173.787 ms, min = -0.078 s, total = 947.558 ms
	NodeManagerService.grpc_client.ReportWorkerBacklog.OnReplyReceived - 1440 total (0 active), Execution time: mean = 15.708 us, total = 22.620 ms, Queueing time: mean = 36.086 us, max = 970.587 us, min = 5.454 us, total = 51.964 ms
	NodeManagerService.grpc_client.ReportWorkerBacklog - 1440 total (0 active), Execution time: mean = 634.885 us, total = 914.234 ms, Queueing time: mean = 0.000 s, max = -0.000 s, min = 9223372036.855 s, total = 0.000 s
	CoreWorker.InternalHeartbeat - 1440 total (1 active), Execution time: mean = 119.303 us, total = 171.796 ms, Queueing time: mean = 490.336 us, max = 174.056 ms, min = -0.105 s, total = 706.084 ms
	CoreWorker.RecordMetrics - 288 total (1 active), Execution time: mean = 28.840 us, total = 8.306 ms, Queueing time: mean = 81.454 us, max = 185.156 ms, min = -0.181 s, total = 23.459 ms
	CoreWorker.GCStreamingGeneratorMetadata - 144 total (1 active), Execution time: mean = 4.183 us, total = 602.339 us, Queueing time: mean = 103.673 us, max = 10.191 ms, min = -0.007 s, total = 14.929 ms
	CoreWorkerService.grpc_server.PushTask - 30 total (0 active), Execution time: mean = 4.291 ms, total = 128.721 ms, Queueing time: mean = 0.000 s, max = -0.000 s, min = 9223372036.855 s, total = 0.000 s
	CoreWorkerService.grpc_server.PushTask.HandleRequestImpl - 30 total (0 active), Execution time: mean = 63.488 us, total = 1.905 ms, Queueing time: mean = 33.672 us, max = 83.726 us, min = 20.461 us, total = 1.010 ms
	CoreWorker.PrintEventStats - 24 total (1 active, 1 running), Execution time: mean = 288.350 us, total = 6.920 ms, Queueing time: mean = 105.299 us, max = 7.655 ms, min = -0.008 s, total = 2.527 ms
	PeriodicalRunner.RunFnPeriodically - 7 total (0 active), Execution time: mean = 93.012 us, total = 651.086 us, Queueing time: mean = 1.568 ms, max = 9.142 ms, min = 20.666 us, total = 10.973 ms
	Publisher.CheckDeadSubscribers - 5 total (1 active), Execution time: mean = 3.500 us, total = 17.498 us, Queueing time: mean = 261.999 us, max = 4.140 ms, min = -0.004 s, total = 1.310 ms
	ray::rpc::InternalPubSubGcsService.grpc_client.GcsSubscriberPoll - 4 total (1 active), Execution time: mean = 299.561 s, total = 1198.244 s, Queueing time: mean = 0.000 s, max = -0.000 s, min = 9223372036.855 s, total = 0.000 s
	ray::rpc::InternalPubSubGcsService.grpc_client.GcsSubscriberPoll.OnReplyReceived - 3 total (0 active), Execution time: mean = 110.990 us, total = 332.970 us, Queueing time: mean = 25.797 us, max = 43.463 us, min = 16.655 us, total = 77.390 us
	ray::rpc::InternalPubSubGcsService.grpc_client.GcsSubscriberCommandBatch.OnReplyReceived - 1 total (0 active), Execution time: mean = 180.215 us, total = 180.215 us, Queueing time: mean = 481.347 us, max = 481.347 us, min = 481.347 us, total = 481.347 us
	ray::rpc::NodeInfoGcsService.grpc_client.GetAllNodeInfo.OnReplyReceived - 1 total (0 active), Execution time: mean = 146.935 us, total = 146.935 us, Queueing time: mean = 13.808 us, max = 13.808 us, min = 13.808 us, total = 13.808 us
	ray::rpc::NodeInfoGcsService.grpc_client.GetAllNodeInfo - 1 total (0 active), Execution time: mean = 500.075 us, total = 500.075 us, Queueing time: mean = 0.000 s, max = -0.000 s, min = 9223372036.855 s, total = 0.000 s
	ray::rpc::WorkerInfoGcsService.grpc_client.AddWorkerInfo.OnReplyReceived - 1 total (0 active), Execution time: mean = 27.096 us, total = 27.096 us, Queueing time: mean = 30.143 us, max = 30.143 us, min = 30.143 us, total = 30.143 us
	ray::rpc::WorkerInfoGcsService.grpc_client.AddWorkerInfo - 1 total (0 active), Execution time: mean = 773.753 us, total = 773.753 us, Queueing time: mean = 0.000 s, max = -0.000 s, min = 9223372036.855 s, total = 0.000 s
	ray::rpc::InternalPubSubGcsService.grpc_client.GcsSubscriberCommandBatch - 1 total (0 active), Execution time: mean = 658.120 us, total = 658.120 us, Queueing time: mean = 0.000 s, max = -0.000 s, min = 9223372036.855 s, total = 0.000 s

-----------------
Task Event stats:

IO Service Stats:

Global stats: 4318 total (1 active)
Queueing time: mean = 340.586 us, max = 180.681 ms, min = -0.080 s, total = 1.471 s
Execution time:  mean = 299.535 us, total = 1.293 s
Event stats:
	ray::rpc::TaskInfoGcsService.grpc_client.AddTaskEventData - 1439 total (0 active), Execution time: mean = 700.175 us, total = 1.008 s, Queueing time: mean = 0.000 s, max = -0.000 s, min = 9223372036.855 s, total = 0.000 s
	CoreWorker.deadline_timer.flush_task_events - 1439 total (1 active), Execution time: mean = 174.915 us, total = 251.703 ms, Queueing time: mean = 990.478 us, max = 180.681 ms, min = -0.080 s, total = 1.425 s
	ray::rpc::TaskInfoGcsService.grpc_client.AddTaskEventData.OnReplyReceived - 1439 total (0 active), Execution time: mean = 23.578 us, total = 33.929 ms, Queueing time: mean = 30.719 us, max = 1.401 ms, min = 11.349 us, total = 44.205 ms
	PeriodicalRunner.RunFnPeriodically - 1 total (0 active), Execution time: mean = 208.529 us, total = 208.529 us, Queueing time: mean = 1.148 ms, max = 1.148 ms, min = 1.148 ms, total = 1.148 ms
Other Stats:
	grpc_in_progress:0
	current number of task status events in buffer: 0
	current number of profile events in buffer: 0
	current number of dropped task attempts tracked: 0
	total task events sent: 0.0206776 MiB
	total number of task attempts sent: 30
	total number of task attempts dropped reported: 0
	total number of sent failure: 0
	num status task events dropped: 0
	num profile task events dropped: 0


[2025-02-16 15:01:44,356 I 460 592] core_worker.cc:642: Event stats:


Global stats: 21540 total (8 active)
Queueing time: mean = 196.452 us, max = 185.156 ms, min = -0.181 s, total = 4.232 s
Execution time:  mean = 69.639 ms, total = 1500.016 s
Event stats:
	CoreWorker.RecoverObjects - 14977 total (1 active), Execution time: mean = 4.967 us, total = 74.398 ms, Queueing time: mean = 154.600 us, max = 181.864 ms, min = -0.025 s, total = 2.315 s
	CoreWorker.ExitIfParentRayletDies - 1500 total (1 active), Execution time: mean = 8.011 us, total = 12.017 ms, Queueing time: mean = 684.352 us, max = 173.787 ms, min = -0.078 s, total = 1.027 s
	NodeManagerService.grpc_client.ReportWorkerBacklog.OnReplyReceived - 1500 total (0 active), Execution time: mean = 15.874 us, total = 23.811 ms, Queueing time: mean = 35.789 us, max = 970.587 us, min = 5.454 us, total = 53.683 ms
	NodeManagerService.grpc_client.ReportWorkerBacklog - 1500 total (0 active), Execution time: mean = 626.363 us, total = 939.544 ms, Queueing time: mean = 0.000 s, max = -0.000 s, min = 9223372036.855 s, total = 0.000 s
	CoreWorker.InternalHeartbeat - 1500 total (1 active), Execution time: mean = 117.930 us, total = 176.896 ms, Queueing time: mean = 520.865 us, max = 174.056 ms, min = -0.105 s, total = 781.298 ms
	CoreWorker.RecordMetrics - 300 total (1 active), Execution time: mean = 28.712 us, total = 8.614 ms, Queueing time: mean = 81.455 us, max = 185.156 ms, min = -0.181 s, total = 24.436 ms
	CoreWorker.GCStreamingGeneratorMetadata - 150 total (1 active), Execution time: mean = 4.215 us, total = 632.224 us, Queueing time: mean = 88.952 us, max = 10.191 ms, min = -0.007 s, total = 13.343 ms
	CoreWorkerService.grpc_server.PushTask - 30 total (0 active), Execution time: mean = 4.291 ms, total = 128.721 ms, Queueing time: mean = 0.000 s, max = -0.000 s, min = 9223372036.855 s, total = 0.000 s
	CoreWorkerService.grpc_server.PushTask.HandleRequestImpl - 30 total (0 active), Execution time: mean = 63.488 us, total = 1.905 ms, Queueing time: mean = 33.672 us, max = 83.726 us, min = 20.461 us, total = 1.010 ms
	CoreWorker.PrintEventStats - 25 total (1 active, 1 running), Execution time: mean = 291.620 us, total = 7.290 ms, Queueing time: mean = 107.635 us, max = 7.655 ms, min = -0.008 s, total = 2.691 ms
	PeriodicalRunner.RunFnPeriodically - 7 total (0 active), Execution time: mean = 93.012 us, total = 651.086 us, Queueing time: mean = 1.568 ms, max = 9.142 ms, min = 20.666 us, total = 10.973 ms
	Publisher.CheckDeadSubscribers - 6 total (1 active), Execution time: mean = 3.441 us, total = 20.646 us, Queueing time: mean = 232.737 us, max = 4.140 ms, min = -0.004 s, total = 1.396 ms
	ray::rpc::InternalPubSubGcsService.grpc_client.GcsSubscriberPoll - 5 total (1 active), Execution time: mean = 299.728 s, total = 1498.638 s, Queueing time: mean = 0.000 s, max = -0.000 s, min = 9223372036.855 s, total = 0.000 s
	ray::rpc::InternalPubSubGcsService.grpc_client.GcsSubscriberPoll.OnReplyReceived - 4 total (0 active), Execution time: mean = 108.636 us, total = 434.546 us, Queueing time: mean = 60.542 us, max = 164.777 us, min = 16.655 us, total = 242.167 us
	ray::rpc::InternalPubSubGcsService.grpc_client.GcsSubscriberCommandBatch.OnReplyReceived - 1 total (0 active), Execution time: mean = 180.215 us, total = 180.215 us, Queueing time: mean = 481.347 us, max = 481.347 us, min = 481.347 us, total = 481.347 us
	ray::rpc::NodeInfoGcsService.grpc_client.GetAllNodeInfo.OnReplyReceived - 1 total (0 active), Execution time: mean = 146.935 us, total = 146.935 us, Queueing time: mean = 13.808 us, max = 13.808 us, min = 13.808 us, total = 13.808 us
	ray::rpc::NodeInfoGcsService.grpc_client.GetAllNodeInfo - 1 total (0 active), Execution time: mean = 500.075 us, total = 500.075 us, Queueing time: mean = 0.000 s, max = -0.000 s, min = 9223372036.855 s, total = 0.000 s
	ray::rpc::WorkerInfoGcsService.grpc_client.AddWorkerInfo.OnReplyReceived - 1 total (0 active), Execution time: mean = 27.096 us, total = 27.096 us, Queueing time: mean = 30.143 us, max = 30.143 us, min = 30.143 us, total = 30.143 us
	ray::rpc::WorkerInfoGcsService.grpc_client.AddWorkerInfo - 1 total (0 active), Execution time: mean = 773.753 us, total = 773.753 us, Queueing time: mean = 0.000 s, max = -0.000 s, min = 9223372036.855 s, total = 0.000 s
	ray::rpc::InternalPubSubGcsService.grpc_client.GcsSubscriberCommandBatch - 1 total (0 active), Execution time: mean = 658.120 us, total = 658.120 us, Queueing time: mean = 0.000 s, max = -0.000 s, min = 9223372036.855 s, total = 0.000 s

-----------------
Task Event stats:

IO Service Stats:

Global stats: 4498 total (1 active)
Queueing time: mean = 342.443 us, max = 180.681 ms, min = -0.080 s, total = 1.540 s
Execution time:  mean = 297.687 us, total = 1.339 s
Event stats:
	ray::rpc::TaskInfoGcsService.grpc_client.AddTaskEventData - 1499 total (0 active), Execution time: mean = 695.329 us, total = 1.042 s, Queueing time: mean = 0.000 s, max = -0.000 s, min = 9223372036.855 s, total = 0.000 s
	CoreWorker.deadline_timer.flush_task_events - 1499 total (1 active), Execution time: mean = 174.310 us, total = 261.291 ms, Queueing time: mean = 996.218 us, max = 180.681 ms, min = -0.080 s, total = 1.493 s
	ray::rpc::TaskInfoGcsService.grpc_client.AddTaskEventData.OnReplyReceived - 1499 total (0 active), Execution time: mean = 23.480 us, total = 35.196 ms, Queueing time: mean = 30.572 us, max = 1.401 ms, min = 11.349 us, total = 45.827 ms
	PeriodicalRunner.RunFnPeriodically - 1 total (0 active), Execution time: mean = 208.529 us, total = 208.529 us, Queueing time: mean = 1.148 ms, max = 1.148 ms, min = 1.148 ms, total = 1.148 ms
Other Stats:
	grpc_in_progress:0
	current number of task status events in buffer: 0
	current number of profile events in buffer: 0
	current number of dropped task attempts tracked: 0
	total task events sent: 0.0206776 MiB
	total number of task attempts sent: 30
	total number of task attempts dropped reported: 0
	total number of sent failure: 0
	num status task events dropped: 0
	num profile task events dropped: 0


[2025-02-16 15:02:44,356 I 460 592] core_worker.cc:642: Event stats:


Global stats: 22395 total (7 active)
Queueing time: mean = 200.781 us, max = 185.156 ms, min = -0.181 s, total = 4.496 s
Execution time:  mean = 69.690 ms, total = 1560.716 s
Event stats:
	CoreWorker.RecoverObjects - 15576 total (1 active), Execution time: mean = 4.917 us, total = 76.588 ms, Queueing time: mean = 154.388 us, max = 181.864 ms, min = -0.025 s, total = 2.405 s
	CoreWorker.ExitIfParentRayletDies - 1559 total (1 active), Execution time: mean = 7.979 us, total = 12.440 ms, Queueing time: mean = 715.215 us, max = 173.787 ms, min = -0.078 s, total = 1.115 s
	NodeManagerService.grpc_client.ReportWorkerBacklog.OnReplyReceived - 1559 total (0 active), Execution time: mean = 15.872 us, total = 24.744 ms, Queueing time: mean = 35.923 us, max = 970.587 us, min = 5.454 us, total = 56.003 ms
	NodeManagerService.grpc_client.ReportWorkerBacklog - 1559 total (0 active), Execution time: mean = 627.050 us, total = 977.570 ms, Queueing time: mean = 0.000 s, max = -0.000 s, min = 9223372036.855 s, total = 0.000 s
	CoreWorker.InternalHeartbeat - 1559 total (1 active), Execution time: mean = 118.049 us, total = 184.038 ms, Queueing time: mean = 554.024 us, max = 174.056 ms, min = -0.105 s, total = 863.723 ms
	CoreWorker.RecordMetrics - 312 total (1 active), Execution time: mean = 28.448 us, total = 8.876 ms, Queueing time: mean = 79.078 us, max = 185.156 ms, min = -0.181 s, total = 24.672 ms
	CoreWorker.GCStreamingGeneratorMetadata - 156 total (1 active), Execution time: mean = 4.214 us, total = 657.340 us, Queueing time: mean = 99.244 us, max = 10.191 ms, min = -0.007 s, total = 15.482 ms
	CoreWorkerService.grpc_server.PushTask - 30 total (0 active), Execution time: mean = 4.291 ms, total = 128.721 ms, Queueing time: mean = 0.000 s, max = -0.000 s, min = 9223372036.855 s, total = 0.000 s
	CoreWorkerService.grpc_server.PushTask.HandleRequestImpl - 30 total (0 active), Execution time: mean = 63.488 us, total = 1.905 ms, Queueing time: mean = 33.672 us, max = 83.726 us, min = 20.461 us, total = 1.010 ms
	CoreWorker.PrintEventStats - 26 total (1 active, 1 running), Execution time: mean = 295.120 us, total = 7.673 ms, Queueing time: mean = 102.450 us, max = 7.655 ms, min = -0.008 s, total = 2.664 ms
	PeriodicalRunner.RunFnPeriodically - 7 total (0 active), Execution time: mean = 93.012 us, total = 651.086 us, Queueing time: mean = 1.568 ms, max = 9.142 ms, min = 20.666 us, total = 10.973 ms
	Publisher.CheckDeadSubscribers - 6 total (1 active), Execution time: mean = 3.441 us, total = 20.646 us, Queueing time: mean = 232.737 us, max = 4.140 ms, min = -0.004 s, total = 1.396 ms
	ray::rpc::InternalPubSubGcsService.grpc_client.GcsSubscriberPoll.OnReplyReceived - 5 total (0 active), Execution time: mean = 91.671 us, total = 458.355 us, Queueing time: mean = 53.428 us, max = 164.777 us, min = 16.655 us, total = 267.140 us
	ray::rpc::InternalPubSubGcsService.grpc_client.GcsSubscriberPoll - 5 total (0 active), Execution time: mean = 311.858 s, total = 1559.289 s, Queueing time: mean = 0.000 s, max = -0.000 s, min = 9223372036.855 s, total = 0.000 s
	ray::rpc::InternalPubSubGcsService.grpc_client.GcsSubscriberCommandBatch.OnReplyReceived - 1 total (0 active), Execution time: mean = 180.215 us, total = 180.215 us, Queueing time: mean = 481.347 us, max = 481.347 us, min = 481.347 us, total = 481.347 us
	ray::rpc::NodeInfoGcsService.grpc_client.GetAllNodeInfo.OnReplyReceived - 1 total (0 active), Execution time: mean = 146.935 us, total = 146.935 us, Queueing time: mean = 13.808 us, max = 13.808 us, min = 13.808 us, total = 13.808 us
	ray::rpc::NodeInfoGcsService.grpc_client.GetAllNodeInfo - 1 total (0 active), Execution time: mean = 500.075 us, total = 500.075 us, Queueing time: mean = 0.000 s, max = -0.000 s, min = 9223372036.855 s, total = 0.000 s
	ray::rpc::WorkerInfoGcsService.grpc_client.AddWorkerInfo.OnReplyReceived - 1 total (0 active), Execution time: mean = 27.096 us, total = 27.096 us, Queueing time: mean = 30.143 us, max = 30.143 us, min = 30.143 us, total = 30.143 us
	ray::rpc::WorkerInfoGcsService.grpc_client.AddWorkerInfo - 1 total (0 active), Execution time: mean = 773.753 us, total = 773.753 us, Queueing time: mean = 0.000 s, max = -0.000 s, min = 9223372036.855 s, total = 0.000 s
	ray::rpc::InternalPubSubGcsService.grpc_client.GcsSubscriberCommandBatch - 1 total (0 active), Execution time: mean = 658.120 us, total = 658.120 us, Queueing time: mean = 0.000 s, max = -0.000 s, min = 9223372036.855 s, total = 0.000 s

-----------------
Task Event stats:

IO Service Stats:

Global stats: 4678 total (1 active)
Queueing time: mean = 346.242 us, max = 180.681 ms, min = -0.080 s, total = 1.620 s
Execution time:  mean = 296.672 us, total = 1.388 s
Event stats:
	ray::rpc::TaskInfoGcsService.grpc_client.AddTaskEventData - 1559 total (0 active), Execution time: mean = 692.566 us, total = 1.080 s, Queueing time: mean = 0.000 s, max = -0.000 s, min = 9223372036.855 s, total = 0.000 s
	CoreWorker.deadline_timer.flush_task_events - 1559 total (1 active), Execution time: mean = 174.099 us, total = 271.420 ms, Queueing time: mean = 1.008 ms, max = 180.681 ms, min = -0.080 s, total = 1.571 s
	ray::rpc::TaskInfoGcsService.grpc_client.AddTaskEventData.OnReplyReceived - 1559 total (0 active), Execution time: mean = 23.407 us, total = 36.492 ms, Queueing time: mean = 30.386 us, max = 1.401 ms, min = 11.349 us, total = 47.372 ms
	PeriodicalRunner.RunFnPeriodically - 1 total (0 active), Execution time: mean = 208.529 us, total = 208.529 us, Queueing time: mean = 1.148 ms, max = 1.148 ms, min = 1.148 ms, total = 1.148 ms
Other Stats:
	grpc_in_progress:1
	current number of task status events in buffer: 0
	current number of profile events in buffer: 0
	current number of dropped task attempts tracked: 0
	total task events sent: 0.0206776 MiB
	total number of task attempts sent: 30
	total number of task attempts dropped reported: 0
	total number of sent failure: 0
	num status task events dropped: 0
	num profile task events dropped: 0


[2025-02-16 15:02:44,393 I 460 592] raylet_client.cc:369: Error reporting task backlog information: RpcError: RPC Error message: failed to connect to all addresses; last error: UNKNOWN: ipv4:172.19.0.2:39851: Failed to connect to remote host: Connection refused; RPC Error details: 
[2025-02-16 15:02:45,119 W 460 639] task_event_buffer.cc:475: [1] GCS hasn't replied to the previous flush events call (likely overloaded). Skipping reporting task state events and retry later.[cur_status_events_size=0][cur_profile_events_size=0]
[2025-02-16 15:02:45,392 I 460 592] raylet_client.cc:369: Error reporting task backlog information: RpcError: RPC Error message: failed to connect to all addresses; last error: UNKNOWN: ipv4:172.19.0.2:39851: Failed to connect to remote host: Connection refused; RPC Error details: 
[2025-02-16 15:02:46,393 I 460 592] raylet_client.cc:369: Error reporting task backlog information: RpcError: RPC Error message: failed to connect to all addresses; last error: UNKNOWN: ipv4:172.19.0.2:39851: Failed to connect to remote host: Connection refused; RPC Error details: 
[2025-02-16 15:02:47,393 I 460 592] raylet_client.cc:369: Error reporting task backlog information: RpcError: RPC Error message: failed to connect to all addresses; last error: UNKNOWN: ipv4:172.19.0.2:39851: Failed to connect to remote host: Connection refused; RPC Error details: 
[2025-02-16 15:02:48,393 I 460 592] raylet_client.cc:369: Error reporting task backlog information: RpcError: RPC Error message: failed to connect to all addresses; last error: UNKNOWN: ipv4:172.19.0.2:39851: Failed to connect to remote host: Connection refused; RPC Error details: 
[2025-02-16 15:02:49,393 I 460 592] raylet_client.cc:369: Error reporting task backlog information: RpcError: RPC Error message: failed to connect to all addresses; last error: UNKNOWN: ipv4:172.19.0.2:39851: Failed to connect to remote host: Connection refused; RPC Error details: 
[2025-02-16 15:02:50,393 I 460 592] raylet_client.cc:369: Error reporting task backlog information: RpcError: RPC Error message: failed to connect to all addresses; last error: UNKNOWN: ipv4:172.19.0.2:39851: Failed to connect to remote host: Connection refused; RPC Error details: 
[2025-02-16 15:02:51,393 I 460 592] raylet_client.cc:369: Error reporting task backlog information: RpcError: RPC Error message: failed to connect to all addresses; last error: UNKNOWN: ipv4:172.19.0.2:39851: Failed to connect to remote host: Connection refused; RPC Error details: 
[2025-02-16 15:02:52,393 I 460 592] raylet_client.cc:369: Error reporting task backlog information: RpcError: RPC Error message: failed to connect to all addresses; last error: UNKNOWN: ipv4:172.19.0.2:39851: Failed to connect to remote host: Connection refused; RPC Error details: 
