[2025-02-16 14:36:44,329 I 456 456] core_worker_process.cc:107: Constructing CoreWorkerProcess. pid: 456
[2025-02-16 14:36:44,353 I 456 456] io_service_pool.cc:35: IOServicePool is running with 1 io_service.
[2025-02-16 14:36:44,366 I 456 456] grpc_server.cc:134: worker server started, listening on port 38847.
[2025-02-16 14:36:44,377 I 456 456] core_worker.cc:275: Initializing worker at address: 172.19.0.2:38847 worker_id=54b35d4675e9a28cbfc515be038491761470850278a30f279b161da3 node_id=816adedaa007cdcc0cd45373f60e7db6274e62064526c8820e476a2e
[2025-02-16 14:36:44,378 I 456 456] task_event_buffer.cc:257: Reporting task events to GCS every 1000ms.
[2025-02-16 14:36:44,379 I 456 456] core_worker.cc:703: Adjusted worker niceness to 15
[2025-02-16 14:36:44,379 I 456 456] event.cc:491: Ray Event initialized for CORE_WORKER
[2025-02-16 14:36:44,379 I 456 456] event.cc:491: Ray Event initialized for EXPORT_TASK
[2025-02-16 14:36:44,379 I 456 456] event.cc:322: Set ray event level to warning
[2025-02-16 14:36:44,379 I 456 1043] core_worker.cc:642: Event stats:


Global stats: 15 total (9 active)
Queueing time: mean = 41.807 us, max = 300.011 us, min = 30.737 us, total = 627.104 us
Execution time:  mean = 73.204 us, total = 1.098 ms
Event stats:
	PeriodicalRunner.RunFnPeriodically - 7 total (5 active, 1 running), Execution time: mean = 2.952 us, total = 20.663 us, Queueing time: mean = 42.337 us, max = 255.388 us, min = 40.968 us, total = 296.356 us
	ray::rpc::WorkerInfoGcsService.grpc_client.AddWorkerInfo - 1 total (0 active), Execution time: mean = 462.463 us, total = 462.463 us, Queueing time: mean = 0.000 s, max = -0.000 s, min = 9223372036.855 s, total = 0.000 s
	ray::rpc::InternalPubSubGcsService.grpc_client.GcsSubscriberCommandBatch.OnReplyReceived - 1 total (0 active), Execution time: mean = 120.470 us, total = 120.470 us, Queueing time: mean = 300.011 us, max = 300.011 us, min = 300.011 us, total = 300.011 us
	ray::rpc::InternalPubSubGcsService.grpc_client.GcsSubscriberPoll - 1 total (1 active), Execution time: mean = 0.000 s, total = 0.000 s, Queueing time: mean = 0.000 s, max = -0.000 s, min = 9223372036.855 s, total = 0.000 s
	ray::rpc::NodeInfoGcsService.grpc_client.GetAllNodeInfo - 1 total (1 active), Execution time: mean = 0.000 s, total = 0.000 s, Queueing time: mean = 0.000 s, max = -0.000 s, min = 9223372036.855 s, total = 0.000 s
	ray::rpc::InternalPubSubGcsService.grpc_client.GcsSubscriberCommandBatch - 1 total (0 active), Execution time: mean = 480.303 us, total = 480.303 us, Queueing time: mean = 0.000 s, max = -0.000 s, min = 9223372036.855 s, total = 0.000 s
	CoreWorker.ExitIfParentRayletDies - 1 total (1 active), Execution time: mean = 0.000 s, total = 0.000 s, Queueing time: mean = 0.000 s, max = -0.000 s, min = 9223372036.855 s, total = 0.000 s
	Publisher.CheckDeadSubscribers - 1 total (1 active), Execution time: mean = 0.000 s, total = 0.000 s, Queueing time: mean = 0.000 s, max = -0.000 s, min = 9223372036.855 s, total = 0.000 s
	ray::rpc::WorkerInfoGcsService.grpc_client.AddWorkerInfo.OnReplyReceived - 1 total (0 active), Execution time: mean = 14.162 us, total = 14.162 us, Queueing time: mean = 30.737 us, max = 30.737 us, min = 30.737 us, total = 30.737 us

-----------------
Task Event stats:

IO Service Stats:

Global stats: 4 total (3 active)
Queueing time: mean = 9.788 us, max = 39.151 us, min = 39.151 us, total = 39.151 us
Execution time:  mean = 40.864 us, total = 163.454 us
Event stats:
	PeriodicalRunner.RunFnPeriodically - 1 total (0 active), Execution time: mean = 163.454 us, total = 163.454 us, Queueing time: mean = 39.151 us, max = 39.151 us, min = 39.151 us, total = 39.151 us
	ray::rpc::TaskInfoGcsService.grpc_client.AddTaskEventData.OnReplyReceived - 1 total (1 active), Execution time: mean = 0.000 s, total = 0.000 s, Queueing time: mean = 0.000 s, max = -0.000 s, min = 9223372036.855 s, total = 0.000 s
	ray::rpc::TaskInfoGcsService.grpc_client.AddTaskEventData - 1 total (1 active), Execution time: mean = 0.000 s, total = 0.000 s, Queueing time: mean = 0.000 s, max = -0.000 s, min = 9223372036.855 s, total = 0.000 s
	CoreWorker.deadline_timer.flush_task_events - 1 total (1 active), Execution time: mean = 0.000 s, total = 0.000 s, Queueing time: mean = 0.000 s, max = -0.000 s, min = 9223372036.855 s, total = 0.000 s
Other Stats:
	grpc_in_progress:0
	current number of task status events in buffer: 0
	current number of profile events in buffer: 0
	current number of dropped task attempts tracked: 0
	total task events sent: 0 MiB
	total number of task attempts sent: 0
	total number of task attempts dropped reported: 0
	total number of sent failure: 0
	num status task events dropped: 0
	num profile task events dropped: 0


[2025-02-16 14:36:44,381 I 456 1043] accessor.cc:762: Received notification for node, IsAlive = 1 node_id=816adedaa007cdcc0cd45373f60e7db6274e62064526c8820e476a2e
[2025-02-16 14:36:44,381 I 456 1043] core_worker.cc:4754: Number of alive nodes:1
[2025-02-16 14:36:54,365 W 456 1013] metric_exporter.cc:105: [1] Export metrics to agent failed: RpcError: RPC Error message: failed to connect to all addresses; last error: UNKNOWN: ipv4:127.0.0.1:61040: Failed to connect to remote host: Connection refused; RPC Error details: . This won't affect Ray, but you can lose metrics from the cluster.
[2025-02-16 14:37:44,380 I 456 1043] core_worker.cc:642: Event stats:


Global stats: 875 total (8 active)
Queueing time: mean = 129.502 us, max = 19.745 ms, min = -0.029 s, total = 113.315 ms
Execution time:  mean = 44.315 us, total = 38.775 ms
Event stats:
	CoreWorker.RecoverObjects - 600 total (1 active), Execution time: mean = 4.670 us, total = 2.802 ms, Queueing time: mean = 159.298 us, max = 5.642 ms, min = -0.001 s, total = 95.579 ms
	CoreWorker.ExitIfParentRayletDies - 61 total (1 active), Execution time: mean = 6.266 us, total = 382.223 us, Queueing time: mean = 62.101 us, max = 19.715 ms, min = -0.029 s, total = 3.788 ms
	NodeManagerService.grpc_client.ReportWorkerBacklog.OnReplyReceived - 60 total (0 active), Execution time: mean = 11.148 us, total = 668.870 us, Queueing time: mean = 28.631 us, max = 128.243 us, min = 6.913 us, total = 1.718 ms
	NodeManagerService.grpc_client.ReportWorkerBacklog - 60 total (0 active), Execution time: mean = 450.025 us, total = 27.001 ms, Queueing time: mean = 0.000 s, max = -0.000 s, min = 9223372036.855 s, total = 0.000 s
	CoreWorker.InternalHeartbeat - 60 total (1 active), Execution time: mean = 75.756 us, total = 4.545 ms, Queueing time: mean = 63.618 us, max = 19.745 ms, min = -0.029 s, total = 3.817 ms
	CoreWorker.RecordMetrics - 12 total (1 active), Execution time: mean = 12.838 us, total = 154.051 us, Queueing time: mean = 162.886 us, max = 6.784 ms, min = -0.004 s, total = 1.955 ms
	PeriodicalRunner.RunFnPeriodically - 7 total (0 active), Execution time: mean = 46.834 us, total = 327.840 us, Queueing time: mean = 404.448 us, max = 633.863 us, min = 40.968 us, total = 2.831 ms
	CoreWorker.GCStreamingGeneratorMetadata - 6 total (1 active), Execution time: mean = 2.153 us, total = 12.920 us, Queueing time: mean = 548.186 us, max = 3.022 ms, min = -0.002 s, total = 3.289 ms
	ray::rpc::InternalPubSubGcsService.grpc_client.GcsSubscriberCommandBatch.OnReplyReceived - 1 total (0 active), Execution time: mean = 120.470 us, total = 120.470 us, Queueing time: mean = 300.011 us, max = 300.011 us, min = 300.011 us, total = 300.011 us
	ray::rpc::NodeInfoGcsService.grpc_client.GetAllNodeInfo - 1 total (0 active), Execution time: mean = 1.749 ms, total = 1.749 ms, Queueing time: mean = 0.000 s, max = -0.000 s, min = 9223372036.855 s, total = 0.000 s
	ray::rpc::WorkerInfoGcsService.grpc_client.AddWorkerInfo - 1 total (0 active), Execution time: mean = 462.463 us, total = 462.463 us, Queueing time: mean = 0.000 s, max = -0.000 s, min = 9223372036.855 s, total = 0.000 s
	ray::rpc::InternalPubSubGcsService.grpc_client.GcsSubscriberPoll - 1 total (1 active), Execution time: mean = 0.000 s, total = 0.000 s, Queueing time: mean = 0.000 s, max = -0.000 s, min = 9223372036.855 s, total = 0.000 s
	ray::rpc::WorkerInfoGcsService.grpc_client.AddWorkerInfo.OnReplyReceived - 1 total (0 active), Execution time: mean = 14.162 us, total = 14.162 us, Queueing time: mean = 30.737 us, max = 30.737 us, min = 30.737 us, total = 30.737 us
	Publisher.CheckDeadSubscribers - 1 total (1 active), Execution time: mean = 0.000 s, total = 0.000 s, Queueing time: mean = 0.000 s, max = -0.000 s, min = 9223372036.855 s, total = 0.000 s
	CoreWorker.PrintEventStats - 1 total (1 active, 1 running), Execution time: mean = 0.000 s, total = 0.000 s, Queueing time: mean = 0.000 s, max = -0.000 s, min = 9223372036.855 s, total = 0.000 s
	ray::rpc::NodeInfoGcsService.grpc_client.GetAllNodeInfo.OnReplyReceived - 1 total (0 active), Execution time: mean = 54.617 us, total = 54.617 us, Queueing time: mean = 7.447 us, max = 7.447 us, min = 7.447 us, total = 7.447 us
	ray::rpc::InternalPubSubGcsService.grpc_client.GcsSubscriberCommandBatch - 1 total (0 active), Execution time: mean = 480.303 us, total = 480.303 us, Queueing time: mean = 0.000 s, max = -0.000 s, min = 9223372036.855 s, total = 0.000 s

-----------------
Task Event stats:

IO Service Stats:

Global stats: 181 total (1 active)
Queueing time: mean = 266.142 us, max = 19.743 ms, min = -0.005 s, total = 48.172 ms
Execution time:  mean = 205.641 us, total = 37.221 ms
Event stats:
	ray::rpc::TaskInfoGcsService.grpc_client.AddTaskEventData.OnReplyReceived - 60 total (0 active), Execution time: mean = 14.241 us, total = 854.431 us, Queueing time: mean = 25.411 us, max = 165.759 us, min = 16.495 us, total = 1.525 ms
	ray::rpc::TaskInfoGcsService.grpc_client.AddTaskEventData - 60 total (0 active), Execution time: mean = 506.189 us, total = 30.371 ms, Queueing time: mean = 0.000 s, max = -0.000 s, min = 9223372036.855 s, total = 0.000 s
	CoreWorker.deadline_timer.flush_task_events - 60 total (1 active), Execution time: mean = 97.197 us, total = 5.832 ms, Queueing time: mean = 776.798 us, max = 19.743 ms, min = -0.005 s, total = 46.608 ms
	PeriodicalRunner.RunFnPeriodically - 1 total (0 active), Execution time: mean = 163.454 us, total = 163.454 us, Queueing time: mean = 39.151 us, max = 39.151 us, min = 39.151 us, total = 39.151 us
Other Stats:
	grpc_in_progress:0
	current number of task status events in buffer: 0
	current number of profile events in buffer: 0
	current number of dropped task attempts tracked: 0
	total task events sent: 0 MiB
	total number of task attempts sent: 0
	total number of task attempts dropped reported: 0
	total number of sent failure: 0
	num status task events dropped: 0
	num profile task events dropped: 0


[2025-02-16 14:38:44,380 I 456 1043] core_worker.cc:642: Event stats:


Global stats: 1732 total (8 active)
Queueing time: mean = 157.798 us, max = 28.814 ms, min = -0.032 s, total = 273.306 ms
Execution time:  mean = 57.371 us, total = 99.367 ms
Event stats:
	CoreWorker.RecoverObjects - 1198 total (1 active), Execution time: mean = 4.829 us, total = 5.786 ms, Queueing time: mean = 201.972 us, max = 8.363 ms, min = -0.001 s, total = 241.963 ms
	CoreWorker.ExitIfParentRayletDies - 121 total (1 active), Execution time: mean = 6.526 us, total = 789.664 us, Queueing time: mean = 59.702 us, max = 28.713 ms, min = -0.032 s, total = 7.224 ms
	NodeManagerService.grpc_client.ReportWorkerBacklog.OnReplyReceived - 120 total (0 active), Execution time: mean = 11.942 us, total = 1.433 ms, Queueing time: mean = 28.611 us, max = 128.243 us, min = 6.913 us, total = 3.433 ms
	NodeManagerService.grpc_client.ReportWorkerBacklog - 120 total (0 active), Execution time: mean = 638.663 us, total = 76.640 ms, Queueing time: mean = 0.000 s, max = -0.000 s, min = 9223372036.855 s, total = 0.000 s
	CoreWorker.InternalHeartbeat - 120 total (1 active), Execution time: mean = 91.373 us, total = 10.965 ms, Queueing time: mean = 85.869 us, max = 28.814 ms, min = -0.031 s, total = 10.304 ms
	CoreWorker.RecordMetrics - 24 total (1 active), Execution time: mean = 14.367 us, total = 344.806 us, Queueing time: mean = 101.290 us, max = 14.224 ms, min = -0.011 s, total = 2.431 ms
	CoreWorker.GCStreamingGeneratorMetadata - 12 total (1 active), Execution time: mean = 2.968 us, total = 35.618 us, Queueing time: mean = 306.904 us, max = 3.708 ms, min = -0.002 s, total = 3.683 ms
	PeriodicalRunner.RunFnPeriodically - 7 total (0 active), Execution time: mean = 46.834 us, total = 327.840 us, Queueing time: mean = 404.448 us, max = 633.863 us, min = 40.968 us, total = 2.831 ms
	CoreWorker.PrintEventStats - 2 total (1 active, 1 running), Execution time: mean = 82.606 us, total = 165.213 us, Queueing time: mean = 548.878 us, max = 1.098 ms, min = 1.098 ms, total = 1.098 ms
	ray::rpc::InternalPubSubGcsService.grpc_client.GcsSubscriberCommandBatch.OnReplyReceived - 1 total (0 active), Execution time: mean = 120.470 us, total = 120.470 us, Queueing time: mean = 300.011 us, max = 300.011 us, min = 300.011 us, total = 300.011 us
	ray::rpc::NodeInfoGcsService.grpc_client.GetAllNodeInfo - 1 total (0 active), Execution time: mean = 1.749 ms, total = 1.749 ms, Queueing time: mean = 0.000 s, max = -0.000 s, min = 9223372036.855 s, total = 0.000 s
	ray::rpc::WorkerInfoGcsService.grpc_client.AddWorkerInfo - 1 total (0 active), Execution time: mean = 462.463 us, total = 462.463 us, Queueing time: mean = 0.000 s, max = -0.000 s, min = 9223372036.855 s, total = 0.000 s
	ray::rpc::InternalPubSubGcsService.grpc_client.GcsSubscriberPoll - 1 total (1 active), Execution time: mean = 0.000 s, total = 0.000 s, Queueing time: mean = 0.000 s, max = -0.000 s, min = 9223372036.855 s, total = 0.000 s
	ray::rpc::WorkerInfoGcsService.grpc_client.AddWorkerInfo.OnReplyReceived - 1 total (0 active), Execution time: mean = 14.162 us, total = 14.162 us, Queueing time: mean = 30.737 us, max = 30.737 us, min = 30.737 us, total = 30.737 us
	Publisher.CheckDeadSubscribers - 1 total (1 active), Execution time: mean = 0.000 s, total = 0.000 s, Queueing time: mean = 0.000 s, max = -0.000 s, min = 9223372036.855 s, total = 0.000 s
	ray::rpc::NodeInfoGcsService.grpc_client.GetAllNodeInfo.OnReplyReceived - 1 total (0 active), Execution time: mean = 54.617 us, total = 54.617 us, Queueing time: mean = 7.447 us, max = 7.447 us, min = 7.447 us, total = 7.447 us
	ray::rpc::InternalPubSubGcsService.grpc_client.GcsSubscriberCommandBatch - 1 total (0 active), Execution time: mean = 480.303 us, total = 480.303 us, Queueing time: mean = 0.000 s, max = -0.000 s, min = 9223372036.855 s, total = 0.000 s

-----------------
Task Event stats:

IO Service Stats:

Global stats: 361 total (1 active)
Queueing time: mean = 285.011 us, max = 28.053 ms, min = -0.015 s, total = 102.889 ms
Execution time:  mean = 267.841 us, total = 96.691 ms
Event stats:
	ray::rpc::TaskInfoGcsService.grpc_client.AddTaskEventData.OnReplyReceived - 120 total (0 active), Execution time: mean = 15.882 us, total = 1.906 ms, Queueing time: mean = 26.626 us, max = 165.759 us, min = 16.495 us, total = 3.195 ms
	ray::rpc::TaskInfoGcsService.grpc_client.AddTaskEventData - 120 total (0 active), Execution time: mean = 687.375 us, total = 82.485 ms, Queueing time: mean = 0.000 s, max = -0.000 s, min = 9223372036.855 s, total = 0.000 s
	CoreWorker.deadline_timer.flush_task_events - 120 total (1 active), Execution time: mean = 101.136 us, total = 12.136 ms, Queueing time: mean = 830.457 us, max = 28.053 ms, min = -0.015 s, total = 99.655 ms
	PeriodicalRunner.RunFnPeriodically - 1 total (0 active), Execution time: mean = 163.454 us, total = 163.454 us, Queueing time: mean = 39.151 us, max = 39.151 us, min = 39.151 us, total = 39.151 us
Other Stats:
	grpc_in_progress:0
	current number of task status events in buffer: 0
	current number of profile events in buffer: 0
	current number of dropped task attempts tracked: 0
	total task events sent: 0 MiB
	total number of task attempts sent: 0
	total number of task attempts dropped reported: 0
	total number of sent failure: 0
	num status task events dropped: 0
	num profile task events dropped: 0


[2025-02-16 14:39:44,380 I 456 1043] core_worker.cc:642: Event stats:


Global stats: 2590 total (8 active)
Queueing time: mean = 138.134 us, max = 29.598 ms, min = -0.032 s, total = 357.768 ms
Execution time:  mean = 53.142 us, total = 137.638 ms
Event stats:
	CoreWorker.RecoverObjects - 1797 total (1 active), Execution time: mean = 4.618 us, total = 8.298 ms, Queueing time: mean = 176.600 us, max = 8.363 ms, min = -0.001 s, total = 317.350 ms
	CoreWorker.ExitIfParentRayletDies - 181 total (1 active), Execution time: mean = 6.220 us, total = 1.126 ms, Queueing time: mean = 58.632 us, max = 29.598 ms, min = -0.032 s, total = 10.612 ms
	NodeManagerService.grpc_client.ReportWorkerBacklog.OnReplyReceived - 180 total (0 active), Execution time: mean = 13.280 us, total = 2.390 ms, Queueing time: mean = 28.641 us, max = 128.243 us, min = 6.913 us, total = 5.155 ms
	NodeManagerService.grpc_client.ReportWorkerBacklog - 180 total (0 active), Execution time: mean = 579.566 us, total = 104.322 ms, Queueing time: mean = 0.000 s, max = -0.000 s, min = 9223372036.855 s, total = 0.000 s
	CoreWorker.InternalHeartbeat - 180 total (1 active), Execution time: mean = 96.296 us, total = 17.333 ms, Queueing time: mean = 75.152 us, max = 29.553 ms, min = -0.031 s, total = 13.527 ms
	CoreWorker.RecordMetrics - 36 total (1 active), Execution time: mean = 14.348 us, total = 516.524 us, Queueing time: mean = 82.431 us, max = 23.401 ms, min = -0.020 s, total = 2.968 ms
	CoreWorker.GCStreamingGeneratorMetadata - 18 total (1 active), Execution time: mean = 3.044 us, total = 54.787 us, Queueing time: mean = 224.203 us, max = 3.708 ms, min = -0.002 s, total = 4.036 ms
	PeriodicalRunner.RunFnPeriodically - 7 total (0 active), Execution time: mean = 46.834 us, total = 327.840 us, Queueing time: mean = 404.448 us, max = 633.863 us, min = 40.968 us, total = 2.831 ms
	CoreWorker.PrintEventStats - 3 total (1 active, 1 running), Execution time: mean = 129.788 us, total = 389.363 us, Queueing time: mean = 316.992 us, max = 1.098 ms, min = -0.000 s, total = 950.977 us
	ray::rpc::InternalPubSubGcsService.grpc_client.GcsSubscriberCommandBatch.OnReplyReceived - 1 total (0 active), Execution time: mean = 120.470 us, total = 120.470 us, Queueing time: mean = 300.011 us, max = 300.011 us, min = 300.011 us, total = 300.011 us
	ray::rpc::NodeInfoGcsService.grpc_client.GetAllNodeInfo - 1 total (0 active), Execution time: mean = 1.749 ms, total = 1.749 ms, Queueing time: mean = 0.000 s, max = -0.000 s, min = 9223372036.855 s, total = 0.000 s
	ray::rpc::WorkerInfoGcsService.grpc_client.AddWorkerInfo - 1 total (0 active), Execution time: mean = 462.463 us, total = 462.463 us, Queueing time: mean = 0.000 s, max = -0.000 s, min = 9223372036.855 s, total = 0.000 s
	ray::rpc::InternalPubSubGcsService.grpc_client.GcsSubscriberPoll - 1 total (1 active), Execution time: mean = 0.000 s, total = 0.000 s, Queueing time: mean = 0.000 s, max = -0.000 s, min = 9223372036.855 s, total = 0.000 s
	ray::rpc::WorkerInfoGcsService.grpc_client.AddWorkerInfo.OnReplyReceived - 1 total (0 active), Execution time: mean = 14.162 us, total = 14.162 us, Queueing time: mean = 30.737 us, max = 30.737 us, min = 30.737 us, total = 30.737 us
	Publisher.CheckDeadSubscribers - 1 total (1 active), Execution time: mean = 0.000 s, total = 0.000 s, Queueing time: mean = 0.000 s, max = -0.000 s, min = 9223372036.855 s, total = 0.000 s
	ray::rpc::NodeInfoGcsService.grpc_client.GetAllNodeInfo.OnReplyReceived - 1 total (0 active), Execution time: mean = 54.617 us, total = 54.617 us, Queueing time: mean = 7.447 us, max = 7.447 us, min = 7.447 us, total = 7.447 us
	ray::rpc::InternalPubSubGcsService.grpc_client.GcsSubscriberCommandBatch - 1 total (0 active), Execution time: mean = 480.303 us, total = 480.303 us, Queueing time: mean = 0.000 s, max = -0.000 s, min = 9223372036.855 s, total = 0.000 s

-----------------
Task Event stats:

IO Service Stats:

Global stats: 541 total (1 active)
Queueing time: mean = 280.038 us, max = 29.644 ms, min = -0.015 s, total = 151.501 ms
Execution time:  mean = 242.116 us, total = 130.985 ms
Event stats:
	ray::rpc::TaskInfoGcsService.grpc_client.AddTaskEventData.OnReplyReceived - 180 total (0 active), Execution time: mean = 16.065 us, total = 2.892 ms, Queueing time: mean = 26.829 us, max = 165.759 us, min = 16.495 us, total = 4.829 ms
	ray::rpc::TaskInfoGcsService.grpc_client.AddTaskEventData - 180 total (0 active), Execution time: mean = 608.509 us, total = 109.532 ms, Queueing time: mean = 0.000 s, max = -0.000 s, min = 9223372036.855 s, total = 0.000 s
	CoreWorker.deadline_timer.flush_task_events - 180 total (1 active), Execution time: mean = 102.212 us, total = 18.398 ms, Queueing time: mean = 814.623 us, max = 29.644 ms, min = -0.015 s, total = 146.632 ms
	PeriodicalRunner.RunFnPeriodically - 1 total (0 active), Execution time: mean = 163.454 us, total = 163.454 us, Queueing time: mean = 39.151 us, max = 39.151 us, min = 39.151 us, total = 39.151 us
Other Stats:
	grpc_in_progress:0
	current number of task status events in buffer: 0
	current number of profile events in buffer: 0
	current number of dropped task attempts tracked: 0
	total task events sent: 0 MiB
	total number of task attempts sent: 0
	total number of task attempts dropped reported: 0
	total number of sent failure: 0
	num status task events dropped: 0
	num profile task events dropped: 0


[2025-02-16 14:40:44,380 I 456 1043] core_worker.cc:642: Event stats:


Global stats: 3448 total (8 active)
Queueing time: mean = 138.792 us, max = 29.598 ms, min = -0.034 s, total = 478.556 ms
Execution time:  mean = 52.541 us, total = 181.160 ms
Event stats:
	CoreWorker.RecoverObjects - 2396 total (1 active), Execution time: mean = 5.117 us, total = 12.260 ms, Queueing time: mean = 179.263 us, max = 11.730 ms, min = -0.001 s, total = 429.513 ms
	CoreWorker.ExitIfParentRayletDies - 241 total (1 active), Execution time: mean = 6.114 us, total = 1.474 ms, Queueing time: mean = 54.776 us, max = 29.598 ms, min = -0.034 s, total = 13.201 ms
	NodeManagerService.grpc_client.ReportWorkerBacklog.OnReplyReceived - 240 total (0 active), Execution time: mean = 12.829 us, total = 3.079 ms, Queueing time: mean = 29.211 us, max = 128.243 us, min = 6.913 us, total = 7.011 ms
	NodeManagerService.grpc_client.ReportWorkerBacklog - 240 total (0 active), Execution time: mean = 570.677 us, total = 136.962 ms, Queueing time: mean = 0.000 s, max = -0.000 s, min = 9223372036.855 s, total = 0.000 s
	CoreWorker.InternalHeartbeat - 240 total (1 active), Execution time: mean = 95.371 us, total = 22.889 ms, Queueing time: mean = 70.579 us, max = 29.553 ms, min = -0.034 s, total = 16.939 ms
	CoreWorker.RecordMetrics - 48 total (1 active), Execution time: mean = 14.145 us, total = 678.950 us, Queueing time: mean = 72.411 us, max = 23.401 ms, min = -0.020 s, total = 3.476 ms
	CoreWorker.GCStreamingGeneratorMetadata - 24 total (1 active), Execution time: mean = 2.803 us, total = 67.264 us, Queueing time: mean = 173.674 us, max = 3.708 ms, min = -0.002 s, total = 4.168 ms
	PeriodicalRunner.RunFnPeriodically - 7 total (0 active), Execution time: mean = 46.834 us, total = 327.840 us, Queueing time: mean = 404.448 us, max = 633.863 us, min = 40.968 us, total = 2.831 ms
	CoreWorker.PrintEventStats - 4 total (1 active, 1 running), Execution time: mean = 135.430 us, total = 541.721 us, Queueing time: mean = 269.709 us, max = 1.098 ms, min = -0.000 s, total = 1.079 ms
	ray::rpc::InternalPubSubGcsService.grpc_client.GcsSubscriberCommandBatch.OnReplyReceived - 1 total (0 active), Execution time: mean = 120.470 us, total = 120.470 us, Queueing time: mean = 300.011 us, max = 300.011 us, min = 300.011 us, total = 300.011 us
	ray::rpc::NodeInfoGcsService.grpc_client.GetAllNodeInfo - 1 total (0 active), Execution time: mean = 1.749 ms, total = 1.749 ms, Queueing time: mean = 0.000 s, max = -0.000 s, min = 9223372036.855 s, total = 0.000 s
	ray::rpc::WorkerInfoGcsService.grpc_client.AddWorkerInfo - 1 total (0 active), Execution time: mean = 462.463 us, total = 462.463 us, Queueing time: mean = 0.000 s, max = -0.000 s, min = 9223372036.855 s, total = 0.000 s
	ray::rpc::InternalPubSubGcsService.grpc_client.GcsSubscriberPoll - 1 total (1 active), Execution time: mean = 0.000 s, total = 0.000 s, Queueing time: mean = 0.000 s, max = -0.000 s, min = 9223372036.855 s, total = 0.000 s
	ray::rpc::WorkerInfoGcsService.grpc_client.AddWorkerInfo.OnReplyReceived - 1 total (0 active), Execution time: mean = 14.162 us, total = 14.162 us, Queueing time: mean = 30.737 us, max = 30.737 us, min = 30.737 us, total = 30.737 us
	Publisher.CheckDeadSubscribers - 1 total (1 active), Execution time: mean = 0.000 s, total = 0.000 s, Queueing time: mean = 0.000 s, max = -0.000 s, min = 9223372036.855 s, total = 0.000 s
	ray::rpc::NodeInfoGcsService.grpc_client.GetAllNodeInfo.OnReplyReceived - 1 total (0 active), Execution time: mean = 54.617 us, total = 54.617 us, Queueing time: mean = 7.447 us, max = 7.447 us, min = 7.447 us, total = 7.447 us
	ray::rpc::InternalPubSubGcsService.grpc_client.GcsSubscriberCommandBatch - 1 total (0 active), Execution time: mean = 480.303 us, total = 480.303 us, Queueing time: mean = 0.000 s, max = -0.000 s, min = 9223372036.855 s, total = 0.000 s

-----------------
Task Event stats:

IO Service Stats:

Global stats: 721 total (1 active)
Queueing time: mean = 291.754 us, max = 29.644 ms, min = -0.015 s, total = 210.354 ms
Execution time:  mean = 245.640 us, total = 177.107 ms
Event stats:
	ray::rpc::TaskInfoGcsService.grpc_client.AddTaskEventData.OnReplyReceived - 240 total (0 active), Execution time: mean = 16.548 us, total = 3.972 ms, Queueing time: mean = 27.881 us, max = 165.759 us, min = 12.117 us, total = 6.691 ms
	ray::rpc::TaskInfoGcsService.grpc_client.AddTaskEventData - 240 total (0 active), Execution time: mean = 617.512 us, total = 148.203 ms, Queueing time: mean = 0.000 s, max = -0.000 s, min = 9223372036.855 s, total = 0.000 s
	CoreWorker.deadline_timer.flush_task_events - 240 total (1 active), Execution time: mean = 103.204 us, total = 24.769 ms, Queueing time: mean = 848.433 us, max = 29.644 ms, min = -0.015 s, total = 203.624 ms
	PeriodicalRunner.RunFnPeriodically - 1 total (0 active), Execution time: mean = 163.454 us, total = 163.454 us, Queueing time: mean = 39.151 us, max = 39.151 us, min = 39.151 us, total = 39.151 us
Other Stats:
	grpc_in_progress:0
	current number of task status events in buffer: 0
	current number of profile events in buffer: 0
	current number of dropped task attempts tracked: 0
	total task events sent: 0 MiB
	total number of task attempts sent: 0
	total number of task attempts dropped reported: 0
	total number of sent failure: 0
	num status task events dropped: 0
	num profile task events dropped: 0


[2025-02-16 14:41:44,380 I 456 1043] core_worker.cc:642: Event stats:


Global stats: 4307 total (8 active)
Queueing time: mean = 134.025 us, max = 29.598 ms, min = -0.034 s, total = 577.248 ms
Execution time:  mean = 50.611 us, total = 217.984 ms
Event stats:
	CoreWorker.RecoverObjects - 2995 total (1 active), Execution time: mean = 5.051 us, total = 15.128 ms, Queueing time: mean = 170.049 us, max = 11.730 ms, min = -0.001 s, total = 509.296 ms
	CoreWorker.ExitIfParentRayletDies - 301 total (1 active), Execution time: mean = 6.392 us, total = 1.924 ms, Queueing time: mean = 71.764 us, max = 29.598 ms, min = -0.034 s, total = 21.601 ms
	NodeManagerService.grpc_client.ReportWorkerBacklog.OnReplyReceived - 300 total (0 active), Execution time: mean = 12.628 us, total = 3.788 ms, Queueing time: mean = 28.600 us, max = 128.243 us, min = 6.913 us, total = 8.580 ms
	NodeManagerService.grpc_client.ReportWorkerBacklog - 300 total (0 active), Execution time: mean = 546.096 us, total = 163.829 ms, Queueing time: mean = 0.000 s, max = -0.000 s, min = 9223372036.855 s, total = 0.000 s
	CoreWorker.InternalHeartbeat - 300 total (1 active), Execution time: mean = 94.817 us, total = 28.445 ms, Queueing time: mean = 66.996 us, max = 29.553 ms, min = -0.034 s, total = 20.099 ms
	CoreWorker.RecordMetrics - 60 total (1 active), Execution time: mean = 14.413 us, total = 864.754 us, Queueing time: mean = 133.833 us, max = 23.401 ms, min = -0.020 s, total = 8.030 ms
	CoreWorker.GCStreamingGeneratorMetadata - 30 total (1 active), Execution time: mean = 2.752 us, total = 82.564 us, Queueing time: mean = 148.537 us, max = 3.708 ms, min = -0.002 s, total = 4.456 ms
	PeriodicalRunner.RunFnPeriodically - 7 total (0 active), Execution time: mean = 46.834 us, total = 327.840 us, Queueing time: mean = 404.448 us, max = 633.863 us, min = 40.968 us, total = 2.831 ms
	CoreWorker.PrintEventStats - 5 total (1 active, 1 running), Execution time: mean = 142.215 us, total = 711.074 us, Queueing time: mean = 210.360 us, max = 1.098 ms, min = -0.000 s, total = 1.052 ms
	Publisher.CheckDeadSubscribers - 2 total (1 active), Execution time: mean = 959.000 ns, total = 1.918 us, Queueing time: mean = 482.372 us, max = 964.744 us, min = 964.744 us, total = 964.744 us
	ray::rpc::InternalPubSubGcsService.grpc_client.GcsSubscriberCommandBatch.OnReplyReceived - 1 total (0 active), Execution time: mean = 120.470 us, total = 120.470 us, Queueing time: mean = 300.011 us, max = 300.011 us, min = 300.011 us, total = 300.011 us
	ray::rpc::NodeInfoGcsService.grpc_client.GetAllNodeInfo - 1 total (0 active), Execution time: mean = 1.749 ms, total = 1.749 ms, Queueing time: mean = 0.000 s, max = -0.000 s, min = 9223372036.855 s, total = 0.000 s
	ray::rpc::WorkerInfoGcsService.grpc_client.AddWorkerInfo - 1 total (0 active), Execution time: mean = 462.463 us, total = 462.463 us, Queueing time: mean = 0.000 s, max = -0.000 s, min = 9223372036.855 s, total = 0.000 s
	ray::rpc::InternalPubSubGcsService.grpc_client.GcsSubscriberPoll - 1 total (1 active), Execution time: mean = 0.000 s, total = 0.000 s, Queueing time: mean = 0.000 s, max = -0.000 s, min = 9223372036.855 s, total = 0.000 s
	ray::rpc::WorkerInfoGcsService.grpc_client.AddWorkerInfo.OnReplyReceived - 1 total (0 active), Execution time: mean = 14.162 us, total = 14.162 us, Queueing time: mean = 30.737 us, max = 30.737 us, min = 30.737 us, total = 30.737 us
	ray::rpc::NodeInfoGcsService.grpc_client.GetAllNodeInfo.OnReplyReceived - 1 total (0 active), Execution time: mean = 54.617 us, total = 54.617 us, Queueing time: mean = 7.447 us, max = 7.447 us, min = 7.447 us, total = 7.447 us
	ray::rpc::InternalPubSubGcsService.grpc_client.GcsSubscriberCommandBatch - 1 total (0 active), Execution time: mean = 480.303 us, total = 480.303 us, Queueing time: mean = 0.000 s, max = -0.000 s, min = 9223372036.855 s, total = 0.000 s

-----------------
Task Event stats:

IO Service Stats:

Global stats: 901 total (1 active)
Queueing time: mean = 287.110 us, max = 29.644 ms, min = -0.015 s, total = 258.686 ms
Execution time:  mean = 238.192 us, total = 214.611 ms
Event stats:
	ray::rpc::TaskInfoGcsService.grpc_client.AddTaskEventData.OnReplyReceived - 300 total (0 active), Execution time: mean = 17.153 us, total = 5.146 ms, Queueing time: mean = 28.797 us, max = 191.846 us, min = 12.117 us, total = 8.639 ms
	ray::rpc::TaskInfoGcsService.grpc_client.AddTaskEventData - 300 total (0 active), Execution time: mean = 592.408 us, total = 177.722 ms, Queueing time: mean = 0.000 s, max = -0.000 s, min = 9223372036.855 s, total = 0.000 s
	CoreWorker.deadline_timer.flush_task_events - 300 total (1 active), Execution time: mean = 105.265 us, total = 31.580 ms, Queueing time: mean = 833.361 us, max = 29.644 ms, min = -0.015 s, total = 250.008 ms
	PeriodicalRunner.RunFnPeriodically - 1 total (0 active), Execution time: mean = 163.454 us, total = 163.454 us, Queueing time: mean = 39.151 us, max = 39.151 us, min = 39.151 us, total = 39.151 us
Other Stats:
	grpc_in_progress:0
	current number of task status events in buffer: 0
	current number of profile events in buffer: 0
	current number of dropped task attempts tracked: 0
	total task events sent: 0 MiB
	total number of task attempts sent: 0
	total number of task attempts dropped reported: 0
	total number of sent failure: 0
	num status task events dropped: 0
	num profile task events dropped: 0


[2025-02-16 14:42:44,381 I 456 1043] core_worker.cc:642: Event stats:


Global stats: 5164 total (8 active)
Queueing time: mean = 130.206 us, max = 29.598 ms, min = -0.034 s, total = 672.383 ms
Execution time:  mean = 49.234 us, total = 254.242 ms
Event stats:
	CoreWorker.RecoverObjects - 3594 total (1 active), Execution time: mean = 4.921 us, total = 17.686 ms, Queueing time: mean = 165.822 us, max = 11.730 ms, min = -0.001 s, total = 595.965 ms
	CoreWorker.ExitIfParentRayletDies - 360 total (1 active), Execution time: mean = 6.194 us, total = 2.230 ms, Queueing time: mean = 68.540 us, max = 29.598 ms, min = -0.034 s, total = 24.674 ms
	NodeManagerService.grpc_client.ReportWorkerBacklog.OnReplyReceived - 360 total (0 active), Execution time: mean = 12.636 us, total = 4.549 ms, Queueing time: mean = 28.720 us, max = 128.243 us, min = 6.913 us, total = 10.339 ms
	NodeManagerService.grpc_client.ReportWorkerBacklog - 360 total (0 active), Execution time: mean = 528.694 us, total = 190.330 ms, Queueing time: mean = 0.000 s, max = -0.000 s, min = 9223372036.855 s, total = 0.000 s
	CoreWorker.InternalHeartbeat - 360 total (1 active), Execution time: mean = 94.890 us, total = 34.160 ms, Queueing time: mean = 64.376 us, max = 29.553 ms, min = -0.034 s, total = 23.175 ms
	CoreWorker.RecordMetrics - 72 total (1 active), Execution time: mean = 14.952 us, total = 1.077 ms, Queueing time: mean = 118.924 us, max = 23.401 ms, min = -0.020 s, total = 8.563 ms
	CoreWorker.GCStreamingGeneratorMetadata - 36 total (1 active), Execution time: mean = 2.619 us, total = 94.292 us, Queueing time: mean = 121.879 us, max = 3.708 ms, min = -0.002 s, total = 4.388 ms
	PeriodicalRunner.RunFnPeriodically - 7 total (0 active), Execution time: mean = 46.834 us, total = 327.840 us, Queueing time: mean = 404.448 us, max = 633.863 us, min = 40.968 us, total = 2.831 ms
	CoreWorker.PrintEventStats - 6 total (1 active, 1 running), Execution time: mean = 150.953 us, total = 905.721 us, Queueing time: mean = 190.707 us, max = 1.098 ms, min = -0.000 s, total = 1.144 ms
	Publisher.CheckDeadSubscribers - 2 total (1 active), Execution time: mean = 959.000 ns, total = 1.918 us, Queueing time: mean = 482.372 us, max = 964.744 us, min = 964.744 us, total = 964.744 us
	ray::rpc::InternalPubSubGcsService.grpc_client.GcsSubscriberCommandBatch.OnReplyReceived - 1 total (0 active), Execution time: mean = 120.470 us, total = 120.470 us, Queueing time: mean = 300.011 us, max = 300.011 us, min = 300.011 us, total = 300.011 us
	ray::rpc::NodeInfoGcsService.grpc_client.GetAllNodeInfo - 1 total (0 active), Execution time: mean = 1.749 ms, total = 1.749 ms, Queueing time: mean = 0.000 s, max = -0.000 s, min = 9223372036.855 s, total = 0.000 s
	ray::rpc::WorkerInfoGcsService.grpc_client.AddWorkerInfo - 1 total (0 active), Execution time: mean = 462.463 us, total = 462.463 us, Queueing time: mean = 0.000 s, max = -0.000 s, min = 9223372036.855 s, total = 0.000 s
	ray::rpc::InternalPubSubGcsService.grpc_client.GcsSubscriberPoll - 1 total (1 active), Execution time: mean = 0.000 s, total = 0.000 s, Queueing time: mean = 0.000 s, max = -0.000 s, min = 9223372036.855 s, total = 0.000 s
	ray::rpc::WorkerInfoGcsService.grpc_client.AddWorkerInfo.OnReplyReceived - 1 total (0 active), Execution time: mean = 14.162 us, total = 14.162 us, Queueing time: mean = 30.737 us, max = 30.737 us, min = 30.737 us, total = 30.737 us
	ray::rpc::NodeInfoGcsService.grpc_client.GetAllNodeInfo.OnReplyReceived - 1 total (0 active), Execution time: mean = 54.617 us, total = 54.617 us, Queueing time: mean = 7.447 us, max = 7.447 us, min = 7.447 us, total = 7.447 us
	ray::rpc::InternalPubSubGcsService.grpc_client.GcsSubscriberCommandBatch - 1 total (0 active), Execution time: mean = 480.303 us, total = 480.303 us, Queueing time: mean = 0.000 s, max = -0.000 s, min = 9223372036.855 s, total = 0.000 s

-----------------
Task Event stats:

IO Service Stats:

Global stats: 1081 total (1 active)
Queueing time: mean = 285.811 us, max = 29.644 ms, min = -0.015 s, total = 308.962 ms
Execution time:  mean = 236.122 us, total = 255.248 ms
Event stats:
	ray::rpc::TaskInfoGcsService.grpc_client.AddTaskEventData.OnReplyReceived - 360 total (0 active), Execution time: mean = 17.312 us, total = 6.232 ms, Queueing time: mean = 29.194 us, max = 191.846 us, min = 8.983 us, total = 10.510 ms
	ray::rpc::TaskInfoGcsService.grpc_client.AddTaskEventData - 360 total (0 active), Execution time: mean = 583.578 us, total = 210.088 ms, Queueing time: mean = 0.000 s, max = -0.000 s, min = 9223372036.855 s, total = 0.000 s
	CoreWorker.deadline_timer.flush_task_events - 360 total (1 active), Execution time: mean = 107.678 us, total = 38.764 ms, Queueing time: mean = 828.923 us, max = 29.644 ms, min = -0.015 s, total = 298.412 ms
	PeriodicalRunner.RunFnPeriodically - 1 total (0 active), Execution time: mean = 163.454 us, total = 163.454 us, Queueing time: mean = 39.151 us, max = 39.151 us, min = 39.151 us, total = 39.151 us
Other Stats:
	grpc_in_progress:0
	current number of task status events in buffer: 0
	current number of profile events in buffer: 0
	current number of dropped task attempts tracked: 0
	total task events sent: 0 MiB
	total number of task attempts sent: 0
	total number of task attempts dropped reported: 0
	total number of sent failure: 0
	num status task events dropped: 0
	num profile task events dropped: 0


[2025-02-16 14:43:44,381 I 456 1043] core_worker.cc:642: Event stats:


Global stats: 6023 total (8 active)
Queueing time: mean = 130.951 us, max = 29.598 ms, min = -0.034 s, total = 788.720 ms
Execution time:  mean = 49.533 us, total = 298.337 ms
Event stats:
	CoreWorker.RecoverObjects - 4194 total (1 active), Execution time: mean = 4.859 us, total = 20.380 ms, Queueing time: mean = 163.740 us, max = 11.730 ms, min = -0.001 s, total = 686.727 ms
	CoreWorker.ExitIfParentRayletDies - 420 total (1 active), Execution time: mean = 6.293 us, total = 2.643 ms, Queueing time: mean = 95.978 us, max = 29.598 ms, min = -0.034 s, total = 40.311 ms
	NodeManagerService.grpc_client.ReportWorkerBacklog.OnReplyReceived - 420 total (0 active), Execution time: mean = 12.753 us, total = 5.356 ms, Queueing time: mean = 31.238 us, max = 920.323 us, min = 6.913 us, total = 13.120 ms
	NodeManagerService.grpc_client.ReportWorkerBacklog - 420 total (0 active), Execution time: mean = 533.384 us, total = 224.021 ms, Queueing time: mean = 0.000 s, max = -0.000 s, min = 9223372036.855 s, total = 0.000 s
	CoreWorker.InternalHeartbeat - 420 total (1 active), Execution time: mean = 95.092 us, total = 39.938 ms, Queueing time: mean = 68.329 us, max = 29.553 ms, min = -0.034 s, total = 28.698 ms
	CoreWorker.RecordMetrics - 84 total (1 active), Execution time: mean = 14.891 us, total = 1.251 ms, Queueing time: mean = 108.705 us, max = 24.080 ms, min = -0.020 s, total = 9.131 ms
	CoreWorker.GCStreamingGeneratorMetadata - 42 total (1 active), Execution time: mean = 3.838 us, total = 161.191 us, Queueing time: mean = 129.146 us, max = 3.708 ms, min = -0.003 s, total = 5.424 ms
	PeriodicalRunner.RunFnPeriodically - 7 total (0 active), Execution time: mean = 46.834 us, total = 327.840 us, Queueing time: mean = 404.448 us, max = 633.863 us, min = 40.968 us, total = 2.831 ms
	CoreWorker.PrintEventStats - 7 total (1 active, 1 running), Execution time: mean = 196.467 us, total = 1.375 ms, Queueing time: mean = 167.783 us, max = 1.098 ms, min = -0.000 s, total = 1.174 ms
	Publisher.CheckDeadSubscribers - 2 total (1 active), Execution time: mean = 959.000 ns, total = 1.918 us, Queueing time: mean = 482.372 us, max = 964.744 us, min = 964.744 us, total = 964.744 us
	ray::rpc::InternalPubSubGcsService.grpc_client.GcsSubscriberCommandBatch.OnReplyReceived - 1 total (0 active), Execution time: mean = 120.470 us, total = 120.470 us, Queueing time: mean = 300.011 us, max = 300.011 us, min = 300.011 us, total = 300.011 us
	ray::rpc::NodeInfoGcsService.grpc_client.GetAllNodeInfo - 1 total (0 active), Execution time: mean = 1.749 ms, total = 1.749 ms, Queueing time: mean = 0.000 s, max = -0.000 s, min = 9223372036.855 s, total = 0.000 s
	ray::rpc::WorkerInfoGcsService.grpc_client.AddWorkerInfo - 1 total (0 active), Execution time: mean = 462.463 us, total = 462.463 us, Queueing time: mean = 0.000 s, max = -0.000 s, min = 9223372036.855 s, total = 0.000 s
	ray::rpc::InternalPubSubGcsService.grpc_client.GcsSubscriberPoll - 1 total (1 active), Execution time: mean = 0.000 s, total = 0.000 s, Queueing time: mean = 0.000 s, max = -0.000 s, min = 9223372036.855 s, total = 0.000 s
	ray::rpc::WorkerInfoGcsService.grpc_client.AddWorkerInfo.OnReplyReceived - 1 total (0 active), Execution time: mean = 14.162 us, total = 14.162 us, Queueing time: mean = 30.737 us, max = 30.737 us, min = 30.737 us, total = 30.737 us
	ray::rpc::NodeInfoGcsService.grpc_client.GetAllNodeInfo.OnReplyReceived - 1 total (0 active), Execution time: mean = 54.617 us, total = 54.617 us, Queueing time: mean = 7.447 us, max = 7.447 us, min = 7.447 us, total = 7.447 us
	ray::rpc::InternalPubSubGcsService.grpc_client.GcsSubscriberCommandBatch - 1 total (0 active), Execution time: mean = 480.303 us, total = 480.303 us, Queueing time: mean = 0.000 s, max = -0.000 s, min = 9223372036.855 s, total = 0.000 s

-----------------
Task Event stats:

IO Service Stats:

Global stats: 1261 total (1 active)
Queueing time: mean = 284.899 us, max = 29.644 ms, min = -0.015 s, total = 359.257 ms
Execution time:  mean = 237.566 us, total = 299.570 ms
Event stats:
	ray::rpc::TaskInfoGcsService.grpc_client.AddTaskEventData.OnReplyReceived - 420 total (0 active), Execution time: mean = 17.360 us, total = 7.291 ms, Queueing time: mean = 29.645 us, max = 191.846 us, min = 8.983 us, total = 12.451 ms
	ray::rpc::TaskInfoGcsService.grpc_client.AddTaskEventData - 420 total (0 active), Execution time: mean = 586.109 us, total = 246.166 ms, Queueing time: mean = 0.000 s, max = -0.000 s, min = 9223372036.855 s, total = 0.000 s
	CoreWorker.deadline_timer.flush_task_events - 420 total (1 active), Execution time: mean = 109.404 us, total = 45.950 ms, Queueing time: mean = 825.636 us, max = 29.644 ms, min = -0.015 s, total = 346.767 ms
	PeriodicalRunner.RunFnPeriodically - 1 total (0 active), Execution time: mean = 163.454 us, total = 163.454 us, Queueing time: mean = 39.151 us, max = 39.151 us, min = 39.151 us, total = 39.151 us
Other Stats:
	grpc_in_progress:0
	current number of task status events in buffer: 0
	current number of profile events in buffer: 0
	current number of dropped task attempts tracked: 0
	total task events sent: 0 MiB
	total number of task attempts sent: 0
	total number of task attempts dropped reported: 0
	total number of sent failure: 0
	num status task events dropped: 0
	num profile task events dropped: 0


[2025-02-16 14:44:44,381 I 456 1043] core_worker.cc:642: Event stats:


Global stats: 6880 total (8 active)
Queueing time: mean = 131.330 us, max = 29.598 ms, min = -0.034 s, total = 903.551 ms
Execution time:  mean = 52.251 us, total = 359.485 ms
Event stats:
	CoreWorker.RecoverObjects - 4792 total (1 active), Execution time: mean = 4.893 us, total = 23.449 ms, Queueing time: mean = 164.765 us, max = 11.730 ms, min = -0.001 s, total = 789.553 ms
	CoreWorker.ExitIfParentRayletDies - 480 total (1 active), Execution time: mean = 6.242 us, total = 2.996 ms, Queueing time: mean = 94.727 us, max = 29.598 ms, min = -0.034 s, total = 45.469 ms
	NodeManagerService.grpc_client.ReportWorkerBacklog.OnReplyReceived - 480 total (0 active), Execution time: mean = 13.252 us, total = 6.361 ms, Queueing time: mean = 33.727 us, max = 920.323 us, min = 6.913 us, total = 16.189 ms
	NodeManagerService.grpc_client.ReportWorkerBacklog - 480 total (0 active), Execution time: mean = 567.082 us, total = 272.199 ms, Queueing time: mean = 0.000 s, max = -0.000 s, min = 9223372036.855 s, total = 0.000 s
	CoreWorker.InternalHeartbeat - 480 total (1 active), Execution time: mean = 100.184 us, total = 48.088 ms, Queueing time: mean = 66.302 us, max = 29.553 ms, min = -0.034 s, total = 31.825 ms
	CoreWorker.RecordMetrics - 96 total (1 active), Execution time: mean = 14.987 us, total = 1.439 ms, Queueing time: mean = 101.882 us, max = 24.080 ms, min = -0.020 s, total = 9.781 ms
	CoreWorker.GCStreamingGeneratorMetadata - 48 total (1 active), Execution time: mean = 4.082 us, total = 195.959 us, Queueing time: mean = 108.836 us, max = 3.708 ms, min = -0.003 s, total = 5.224 ms
	CoreWorker.PrintEventStats - 8 total (1 active, 1 running), Execution time: mean = 193.187 us, total = 1.545 ms, Queueing time: mean = 172.039 us, max = 1.098 ms, min = -0.000 s, total = 1.376 ms
	PeriodicalRunner.RunFnPeriodically - 7 total (0 active), Execution time: mean = 46.834 us, total = 327.840 us, Queueing time: mean = 404.448 us, max = 633.863 us, min = 40.968 us, total = 2.831 ms
	Publisher.CheckDeadSubscribers - 2 total (1 active), Execution time: mean = 959.000 ns, total = 1.918 us, Queueing time: mean = 482.372 us, max = 964.744 us, min = 964.744 us, total = 964.744 us
	ray::rpc::InternalPubSubGcsService.grpc_client.GcsSubscriberCommandBatch.OnReplyReceived - 1 total (0 active), Execution time: mean = 120.470 us, total = 120.470 us, Queueing time: mean = 300.011 us, max = 300.011 us, min = 300.011 us, total = 300.011 us
	ray::rpc::NodeInfoGcsService.grpc_client.GetAllNodeInfo - 1 total (0 active), Execution time: mean = 1.749 ms, total = 1.749 ms, Queueing time: mean = 0.000 s, max = -0.000 s, min = 9223372036.855 s, total = 0.000 s
	ray::rpc::WorkerInfoGcsService.grpc_client.AddWorkerInfo - 1 total (0 active), Execution time: mean = 462.463 us, total = 462.463 us, Queueing time: mean = 0.000 s, max = -0.000 s, min = 9223372036.855 s, total = 0.000 s
	ray::rpc::InternalPubSubGcsService.grpc_client.GcsSubscriberPoll - 1 total (1 active), Execution time: mean = 0.000 s, total = 0.000 s, Queueing time: mean = 0.000 s, max = -0.000 s, min = 9223372036.855 s, total = 0.000 s
	ray::rpc::WorkerInfoGcsService.grpc_client.AddWorkerInfo.OnReplyReceived - 1 total (0 active), Execution time: mean = 14.162 us, total = 14.162 us, Queueing time: mean = 30.737 us, max = 30.737 us, min = 30.737 us, total = 30.737 us
	ray::rpc::NodeInfoGcsService.grpc_client.GetAllNodeInfo.OnReplyReceived - 1 total (0 active), Execution time: mean = 54.617 us, total = 54.617 us, Queueing time: mean = 7.447 us, max = 7.447 us, min = 7.447 us, total = 7.447 us
	ray::rpc::InternalPubSubGcsService.grpc_client.GcsSubscriberCommandBatch - 1 total (0 active), Execution time: mean = 480.303 us, total = 480.303 us, Queueing time: mean = 0.000 s, max = -0.000 s, min = 9223372036.855 s, total = 0.000 s

-----------------
Task Event stats:

IO Service Stats:

Global stats: 1441 total (1 active)
Queueing time: mean = 289.177 us, max = 29.644 ms, min = -0.015 s, total = 416.704 ms
Execution time:  mean = 236.719 us, total = 341.111 ms
Event stats:
	ray::rpc::TaskInfoGcsService.grpc_client.AddTaskEventData.OnReplyReceived - 480 total (0 active), Execution time: mean = 17.430 us, total = 8.366 ms, Queueing time: mean = 31.046 us, max = 704.351 us, min = 8.983 us, total = 14.902 ms
	ray::rpc::TaskInfoGcsService.grpc_client.AddTaskEventData - 480 total (0 active), Execution time: mean = 581.387 us, total = 279.066 ms, Queueing time: mean = 0.000 s, max = -0.000 s, min = 9223372036.855 s, total = 0.000 s
	CoreWorker.deadline_timer.flush_task_events - 480 total (1 active), Execution time: mean = 111.491 us, total = 53.516 ms, Queueing time: mean = 837.005 us, max = 29.644 ms, min = -0.015 s, total = 401.763 ms
	PeriodicalRunner.RunFnPeriodically - 1 total (0 active), Execution time: mean = 163.454 us, total = 163.454 us, Queueing time: mean = 39.151 us, max = 39.151 us, min = 39.151 us, total = 39.151 us
Other Stats:
	grpc_in_progress:0
	current number of task status events in buffer: 0
	current number of profile events in buffer: 0
	current number of dropped task attempts tracked: 0
	total task events sent: 0 MiB
	total number of task attempts sent: 0
	total number of task attempts dropped reported: 0
	total number of sent failure: 0
	num status task events dropped: 0
	num profile task events dropped: 0


[2025-02-16 14:45:44,382 I 456 1043] core_worker.cc:642: Event stats:


Global stats: 7739 total (8 active)
Queueing time: mean = 129.143 us, max = 29.598 ms, min = -0.034 s, total = 999.440 ms
Execution time:  mean = 55.527 us, total = 429.725 ms
Event stats:
	CoreWorker.RecoverObjects - 5392 total (1 active), Execution time: mean = 4.911 us, total = 26.483 ms, Queueing time: mean = 161.992 us, max = 11.730 ms, min = -0.001 s, total = 873.459 ms
	CoreWorker.ExitIfParentRayletDies - 540 total (1 active), Execution time: mean = 6.321 us, total = 3.413 ms, Queueing time: mean = 90.686 us, max = 29.598 ms, min = -0.034 s, total = 48.970 ms
	NodeManagerService.grpc_client.ReportWorkerBacklog.OnReplyReceived - 540 total (0 active), Execution time: mean = 13.686 us, total = 7.390 ms, Queueing time: mean = 34.829 us, max = 920.323 us, min = 6.913 us, total = 18.808 ms
	NodeManagerService.grpc_client.ReportWorkerBacklog - 540 total (0 active), Execution time: mean = 611.481 us, total = 330.200 ms, Queueing time: mean = 0.000 s, max = -0.000 s, min = 9223372036.855 s, total = 0.000 s
	CoreWorker.InternalHeartbeat - 540 total (1 active), Execution time: mean = 102.699 us, total = 55.458 ms, Queueing time: mean = 67.284 us, max = 29.553 ms, min = -0.034 s, total = 36.334 ms
	CoreWorker.RecordMetrics - 108 total (1 active), Execution time: mean = 15.097 us, total = 1.630 ms, Queueing time: mean = 94.445 us, max = 24.080 ms, min = -0.020 s, total = 10.200 ms
	CoreWorker.GCStreamingGeneratorMetadata - 54 total (1 active), Execution time: mean = 4.033 us, total = 217.799 us, Queueing time: mean = 114.329 us, max = 3.708 ms, min = -0.003 s, total = 6.174 ms
	CoreWorker.PrintEventStats - 9 total (1 active, 1 running), Execution time: mean = 191.396 us, total = 1.723 ms, Queueing time: mean = 151.286 us, max = 1.098 ms, min = -0.000 s, total = 1.362 ms
	PeriodicalRunner.RunFnPeriodically - 7 total (0 active), Execution time: mean = 46.834 us, total = 327.840 us, Queueing time: mean = 404.448 us, max = 633.863 us, min = 40.968 us, total = 2.831 ms
	Publisher.CheckDeadSubscribers - 2 total (1 active), Execution time: mean = 959.000 ns, total = 1.918 us, Queueing time: mean = 482.372 us, max = 964.744 us, min = 964.744 us, total = 964.744 us
	ray::rpc::InternalPubSubGcsService.grpc_client.GcsSubscriberCommandBatch.OnReplyReceived - 1 total (0 active), Execution time: mean = 120.470 us, total = 120.470 us, Queueing time: mean = 300.011 us, max = 300.011 us, min = 300.011 us, total = 300.011 us
	ray::rpc::NodeInfoGcsService.grpc_client.GetAllNodeInfo - 1 total (0 active), Execution time: mean = 1.749 ms, total = 1.749 ms, Queueing time: mean = 0.000 s, max = -0.000 s, min = 9223372036.855 s, total = 0.000 s
	ray::rpc::WorkerInfoGcsService.grpc_client.AddWorkerInfo - 1 total (0 active), Execution time: mean = 462.463 us, total = 462.463 us, Queueing time: mean = 0.000 s, max = -0.000 s, min = 9223372036.855 s, total = 0.000 s
	ray::rpc::InternalPubSubGcsService.grpc_client.GcsSubscriberPoll - 1 total (1 active), Execution time: mean = 0.000 s, total = 0.000 s, Queueing time: mean = 0.000 s, max = -0.000 s, min = 9223372036.855 s, total = 0.000 s
	ray::rpc::WorkerInfoGcsService.grpc_client.AddWorkerInfo.OnReplyReceived - 1 total (0 active), Execution time: mean = 14.162 us, total = 14.162 us, Queueing time: mean = 30.737 us, max = 30.737 us, min = 30.737 us, total = 30.737 us
	ray::rpc::NodeInfoGcsService.grpc_client.GetAllNodeInfo.OnReplyReceived - 1 total (0 active), Execution time: mean = 54.617 us, total = 54.617 us, Queueing time: mean = 7.447 us, max = 7.447 us, min = 7.447 us, total = 7.447 us
	ray::rpc::InternalPubSubGcsService.grpc_client.GcsSubscriberCommandBatch - 1 total (0 active), Execution time: mean = 480.303 us, total = 480.303 us, Queueing time: mean = 0.000 s, max = -0.000 s, min = 9223372036.855 s, total = 0.000 s

-----------------
Task Event stats:

IO Service Stats:

Global stats: 1621 total (1 active)
Queueing time: mean = 286.216 us, max = 29.644 ms, min = -0.015 s, total = 463.956 ms
Execution time:  mean = 244.546 us, total = 396.410 ms
Event stats:
	ray::rpc::TaskInfoGcsService.grpc_client.AddTaskEventData.OnReplyReceived - 540 total (0 active), Execution time: mean = 17.620 us, total = 9.515 ms, Queueing time: mean = 31.646 us, max = 704.351 us, min = 8.779 us, total = 17.089 ms
	ray::rpc::TaskInfoGcsService.grpc_client.AddTaskEventData - 540 total (0 active), Execution time: mean = 603.525 us, total = 325.904 ms, Queueing time: mean = 0.000 s, max = -0.000 s, min = 9223372036.855 s, total = 0.000 s
	CoreWorker.deadline_timer.flush_task_events - 540 total (1 active), Execution time: mean = 112.644 us, total = 60.828 ms, Queueing time: mean = 827.459 us, max = 29.644 ms, min = -0.015 s, total = 446.828 ms
	PeriodicalRunner.RunFnPeriodically - 1 total (0 active), Execution time: mean = 163.454 us, total = 163.454 us, Queueing time: mean = 39.151 us, max = 39.151 us, min = 39.151 us, total = 39.151 us
Other Stats:
	grpc_in_progress:0
	current number of task status events in buffer: 0
	current number of profile events in buffer: 0
	current number of dropped task attempts tracked: 0
	total task events sent: 0 MiB
	total number of task attempts sent: 0
	total number of task attempts dropped reported: 0
	total number of sent failure: 0
	num status task events dropped: 0
	num profile task events dropped: 0


[2025-02-16 14:46:44,382 I 456 1043] core_worker.cc:642: Event stats:


Global stats: 8600 total (8 active)
Queueing time: mean = 127.995 us, max = 29.598 ms, min = -0.034 s, total = 1.101 s
Execution time:  mean = 69.521 ms, total = 597.880 s
Event stats:
	CoreWorker.RecoverObjects - 5991 total (1 active), Execution time: mean = 4.979 us, total = 29.829 ms, Queueing time: mean = 160.620 us, max = 11.730 ms, min = -0.001 s, total = 962.273 ms
	NodeManagerService.grpc_client.ReportWorkerBacklog.OnReplyReceived - 600 total (0 active), Execution time: mean = 13.854 us, total = 8.312 ms, Queueing time: mean = 35.601 us, max = 920.323 us, min = 6.913 us, total = 21.361 ms
	CoreWorker.ExitIfParentRayletDies - 600 total (1 active), Execution time: mean = 6.256 us, total = 3.754 ms, Queueing time: mean = 86.490 us, max = 29.598 ms, min = -0.034 s, total = 51.894 ms
	NodeManagerService.grpc_client.ReportWorkerBacklog - 600 total (0 active), Execution time: mean = 620.084 us, total = 372.050 ms, Queueing time: mean = 0.000 s, max = -0.000 s, min = 9223372036.855 s, total = 0.000 s
	CoreWorker.InternalHeartbeat - 600 total (1 active), Execution time: mean = 104.671 us, total = 62.803 ms, Queueing time: mean = 68.180 us, max = 29.553 ms, min = -0.034 s, total = 40.908 ms
	CoreWorker.RecordMetrics - 120 total (1 active), Execution time: mean = 15.175 us, total = 1.821 ms, Queueing time: mean = 96.998 us, max = 28.673 ms, min = -0.024 s, total = 11.640 ms
	CoreWorker.GCStreamingGeneratorMetadata - 60 total (1 active), Execution time: mean = 3.940 us, total = 236.380 us, Queueing time: mean = 112.880 us, max = 4.672 ms, min = -0.003 s, total = 6.773 ms
	CoreWorker.PrintEventStats - 10 total (1 active, 1 running), Execution time: mean = 192.022 us, total = 1.920 ms, Queueing time: mean = 163.097 us, max = 1.098 ms, min = -0.000 s, total = 1.631 ms
	PeriodicalRunner.RunFnPeriodically - 7 total (0 active), Execution time: mean = 46.834 us, total = 327.840 us, Queueing time: mean = 404.448 us, max = 633.863 us, min = 40.968 us, total = 2.831 ms
	Publisher.CheckDeadSubscribers - 3 total (1 active), Execution time: mean = 1.862 us, total = 5.587 us, Queueing time: mean = 355.271 us, max = 964.744 us, min = 101.068 us, total = 1.066 ms
	ray::rpc::InternalPubSubGcsService.grpc_client.GcsSubscriberPoll - 2 total (1 active), Execution time: mean = 298.698 s, total = 597.396 s, Queueing time: mean = 0.000 s, max = -0.000 s, min = 9223372036.855 s, total = 0.000 s
	ray::rpc::WorkerInfoGcsService.grpc_client.AddWorkerInfo - 1 total (0 active), Execution time: mean = 462.463 us, total = 462.463 us, Queueing time: mean = 0.000 s, max = -0.000 s, min = 9223372036.855 s, total = 0.000 s
	ray::rpc::NodeInfoGcsService.grpc_client.GetAllNodeInfo - 1 total (0 active), Execution time: mean = 1.749 ms, total = 1.749 ms, Queueing time: mean = 0.000 s, max = -0.000 s, min = 9223372036.855 s, total = 0.000 s
	ray::rpc::InternalPubSubGcsService.grpc_client.GcsSubscriberCommandBatch.OnReplyReceived - 1 total (0 active), Execution time: mean = 120.470 us, total = 120.470 us, Queueing time: mean = 300.011 us, max = 300.011 us, min = 300.011 us, total = 300.011 us
	ray::rpc::WorkerInfoGcsService.grpc_client.AddWorkerInfo.OnReplyReceived - 1 total (0 active), Execution time: mean = 14.162 us, total = 14.162 us, Queueing time: mean = 30.737 us, max = 30.737 us, min = 30.737 us, total = 30.737 us
	ray::rpc::NodeInfoGcsService.grpc_client.GetAllNodeInfo.OnReplyReceived - 1 total (0 active), Execution time: mean = 54.617 us, total = 54.617 us, Queueing time: mean = 7.447 us, max = 7.447 us, min = 7.447 us, total = 7.447 us
	ray::rpc::InternalPubSubGcsService.grpc_client.GcsSubscriberCommandBatch - 1 total (0 active), Execution time: mean = 480.303 us, total = 480.303 us, Queueing time: mean = 0.000 s, max = -0.000 s, min = 9223372036.855 s, total = 0.000 s
	ray::rpc::InternalPubSubGcsService.grpc_client.GcsSubscriberPoll.OnReplyReceived - 1 total (0 active), Execution time: mean = 145.898 us, total = 145.898 us, Queueing time: mean = 42.533 us, max = 42.533 us, min = 42.533 us, total = 42.533 us

-----------------
Task Event stats:

IO Service Stats:

Global stats: 1801 total (1 active)
Queueing time: mean = 289.413 us, max = 29.644 ms, min = -0.015 s, total = 521.232 ms
Execution time:  mean = 245.633 us, total = 442.385 ms
Event stats:
	ray::rpc::TaskInfoGcsService.grpc_client.AddTaskEventData.OnReplyReceived - 600 total (0 active), Execution time: mean = 17.751 us, total = 10.651 ms, Queueing time: mean = 38.843 us, max = 4.313 ms, min = 8.779 us, total = 23.306 ms
	ray::rpc::TaskInfoGcsService.grpc_client.AddTaskEventData - 600 total (0 active), Execution time: mean = 604.314 us, total = 362.588 ms, Queueing time: mean = 0.000 s, max = -0.000 s, min = 9223372036.855 s, total = 0.000 s
	CoreWorker.deadline_timer.flush_task_events - 600 total (1 active), Execution time: mean = 114.970 us, total = 68.982 ms, Queueing time: mean = 829.812 us, max = 29.644 ms, min = -0.015 s, total = 497.887 ms
	PeriodicalRunner.RunFnPeriodically - 1 total (0 active), Execution time: mean = 163.454 us, total = 163.454 us, Queueing time: mean = 39.151 us, max = 39.151 us, min = 39.151 us, total = 39.151 us
Other Stats:
	grpc_in_progress:0
	current number of task status events in buffer: 0
	current number of profile events in buffer: 0
	current number of dropped task attempts tracked: 0
	total task events sent: 0 MiB
	total number of task attempts sent: 0
	total number of task attempts dropped reported: 0
	total number of sent failure: 0
	num status task events dropped: 0
	num profile task events dropped: 0


[2025-02-16 14:47:44,382 I 456 1043] core_worker.cc:642: Event stats:


Global stats: 9458 total (8 active)
Queueing time: mean = 126.160 us, max = 29.598 ms, min = -0.034 s, total = 1.193 s
Execution time:  mean = 63.220 ms, total = 597.938 s
Event stats:
	CoreWorker.RecoverObjects - 6590 total (1 active), Execution time: mean = 4.887 us, total = 32.206 ms, Queueing time: mean = 157.789 us, max = 11.730 ms, min = -0.001 s, total = 1.040 s
	NodeManagerService.grpc_client.ReportWorkerBacklog.OnReplyReceived - 660 total (0 active), Execution time: mean = 14.142 us, total = 9.334 ms, Queueing time: mean = 36.372 us, max = 920.323 us, min = 6.913 us, total = 24.006 ms
	CoreWorker.ExitIfParentRayletDies - 660 total (1 active), Execution time: mean = 6.310 us, total = 4.164 ms, Queueing time: mean = 90.732 us, max = 29.598 ms, min = -0.034 s, total = 59.883 ms
	NodeManagerService.grpc_client.ReportWorkerBacklog - 660 total (0 active), Execution time: mean = 633.520 us, total = 418.123 ms, Queueing time: mean = 0.000 s, max = -0.000 s, min = 9223372036.855 s, total = 0.000 s
	CoreWorker.InternalHeartbeat - 660 total (1 active), Execution time: mean = 105.903 us, total = 69.896 ms, Queueing time: mean = 68.467 us, max = 29.553 ms, min = -0.034 s, total = 45.188 ms
	CoreWorker.RecordMetrics - 132 total (1 active), Execution time: mean = 15.186 us, total = 2.005 ms, Queueing time: mean = 90.104 us, max = 28.673 ms, min = -0.024 s, total = 11.894 ms
	CoreWorker.GCStreamingGeneratorMetadata - 66 total (1 active), Execution time: mean = 3.771 us, total = 248.889 us, Queueing time: mean = 101.034 us, max = 4.672 ms, min = -0.003 s, total = 6.668 ms
	CoreWorker.PrintEventStats - 11 total (1 active, 1 running), Execution time: mean = 191.975 us, total = 2.112 ms, Queueing time: mean = 134.265 us, max = 1.098 ms, min = -0.000 s, total = 1.477 ms
	PeriodicalRunner.RunFnPeriodically - 7 total (0 active), Execution time: mean = 46.834 us, total = 327.840 us, Queueing time: mean = 404.448 us, max = 633.863 us, min = 40.968 us, total = 2.831 ms
	Publisher.CheckDeadSubscribers - 3 total (1 active), Execution time: mean = 1.862 us, total = 5.587 us, Queueing time: mean = 355.271 us, max = 964.744 us, min = 101.068 us, total = 1.066 ms
	ray::rpc::InternalPubSubGcsService.grpc_client.GcsSubscriberPoll - 2 total (1 active), Execution time: mean = 298.698 s, total = 597.396 s, Queueing time: mean = 0.000 s, max = -0.000 s, min = 9223372036.855 s, total = 0.000 s
	ray::rpc::WorkerInfoGcsService.grpc_client.AddWorkerInfo - 1 total (0 active), Execution time: mean = 462.463 us, total = 462.463 us, Queueing time: mean = 0.000 s, max = -0.000 s, min = 9223372036.855 s, total = 0.000 s
	ray::rpc::NodeInfoGcsService.grpc_client.GetAllNodeInfo - 1 total (0 active), Execution time: mean = 1.749 ms, total = 1.749 ms, Queueing time: mean = 0.000 s, max = -0.000 s, min = 9223372036.855 s, total = 0.000 s
	ray::rpc::InternalPubSubGcsService.grpc_client.GcsSubscriberCommandBatch.OnReplyReceived - 1 total (0 active), Execution time: mean = 120.470 us, total = 120.470 us, Queueing time: mean = 300.011 us, max = 300.011 us, min = 300.011 us, total = 300.011 us
	ray::rpc::WorkerInfoGcsService.grpc_client.AddWorkerInfo.OnReplyReceived - 1 total (0 active), Execution time: mean = 14.162 us, total = 14.162 us, Queueing time: mean = 30.737 us, max = 30.737 us, min = 30.737 us, total = 30.737 us
	ray::rpc::NodeInfoGcsService.grpc_client.GetAllNodeInfo.OnReplyReceived - 1 total (0 active), Execution time: mean = 54.617 us, total = 54.617 us, Queueing time: mean = 7.447 us, max = 7.447 us, min = 7.447 us, total = 7.447 us
	ray::rpc::InternalPubSubGcsService.grpc_client.GcsSubscriberCommandBatch - 1 total (0 active), Execution time: mean = 480.303 us, total = 480.303 us, Queueing time: mean = 0.000 s, max = -0.000 s, min = 9223372036.855 s, total = 0.000 s
	ray::rpc::InternalPubSubGcsService.grpc_client.GcsSubscriberPoll.OnReplyReceived - 1 total (0 active), Execution time: mean = 145.898 us, total = 145.898 us, Queueing time: mean = 42.533 us, max = 42.533 us, min = 42.533 us, total = 42.533 us

-----------------
Task Event stats:

IO Service Stats:

Global stats: 1981 total (1 active)
Queueing time: mean = 284.448 us, max = 29.644 ms, min = -0.015 s, total = 563.491 ms
Execution time:  mean = 243.739 us, total = 482.847 ms
Event stats:
	ray::rpc::TaskInfoGcsService.grpc_client.AddTaskEventData.OnReplyReceived - 660 total (0 active), Execution time: mean = 17.594 us, total = 11.612 ms, Queueing time: mean = 37.633 us, max = 4.313 ms, min = 8.779 us, total = 24.838 ms
	ray::rpc::TaskInfoGcsService.grpc_client.AddTaskEventData - 660 total (0 active), Execution time: mean = 599.117 us, total = 395.417 ms, Queueing time: mean = 0.000 s, max = -0.000 s, min = 9223372036.855 s, total = 0.000 s
	CoreWorker.deadline_timer.flush_task_events - 660 total (1 active), Execution time: mean = 114.627 us, total = 75.654 ms, Queueing time: mean = 816.082 us, max = 29.644 ms, min = -0.015 s, total = 538.614 ms
	PeriodicalRunner.RunFnPeriodically - 1 total (0 active), Execution time: mean = 163.454 us, total = 163.454 us, Queueing time: mean = 39.151 us, max = 39.151 us, min = 39.151 us, total = 39.151 us
Other Stats:
	grpc_in_progress:0
	current number of task status events in buffer: 0
	current number of profile events in buffer: 0
	current number of dropped task attempts tracked: 0
	total task events sent: 0 MiB
	total number of task attempts sent: 0
	total number of task attempts dropped reported: 0
	total number of sent failure: 0
	num status task events dropped: 0
	num profile task events dropped: 0


[2025-02-16 14:48:44,382 I 456 1043] core_worker.cc:642: Event stats:


Global stats: 10316 total (8 active)
Queueing time: mean = 129.738 us, max = 39.986 ms, min = -0.037 s, total = 1.338 s
Execution time:  mean = 57.971 ms, total = 598.026 s
Event stats:
	CoreWorker.RecoverObjects - 7189 total (1 active), Execution time: mean = 4.858 us, total = 34.926 ms, Queueing time: mean = 162.404 us, max = 11.730 ms, min = -0.001 s, total = 1.168 s
	NodeManagerService.grpc_client.ReportWorkerBacklog.OnReplyReceived - 720 total (0 active), Execution time: mean = 14.476 us, total = 10.423 ms, Queueing time: mean = 38.203 us, max = 920.323 us, min = 6.913 us, total = 27.506 ms
	CoreWorker.ExitIfParentRayletDies - 720 total (1 active), Execution time: mean = 6.320 us, total = 4.551 ms, Queueing time: mean = 87.846 us, max = 29.598 ms, min = -0.034 s, total = 63.249 ms
	NodeManagerService.grpc_client.ReportWorkerBacklog - 720 total (0 active), Execution time: mean = 687.592 us, total = 495.066 ms, Queueing time: mean = 0.000 s, max = -0.000 s, min = 9223372036.855 s, total = 0.000 s
	CoreWorker.InternalHeartbeat - 720 total (1 active), Execution time: mean = 106.886 us, total = 76.958 ms, Queueing time: mean = 68.784 us, max = 29.553 ms, min = -0.034 s, total = 49.524 ms
	CoreWorker.RecordMetrics - 144 total (1 active), Execution time: mean = 15.386 us, total = 2.216 ms, Queueing time: mean = 91.865 us, max = 39.986 ms, min = -0.037 s, total = 13.229 ms
	CoreWorker.GCStreamingGeneratorMetadata - 72 total (1 active), Execution time: mean = 3.758 us, total = 270.558 us, Queueing time: mean = 155.657 us, max = 4.672 ms, min = -0.003 s, total = 11.207 ms
	CoreWorker.PrintEventStats - 12 total (1 active, 1 running), Execution time: mean = 193.837 us, total = 2.326 ms, Queueing time: mean = 155.284 us, max = 1.098 ms, min = -0.000 s, total = 1.863 ms
	PeriodicalRunner.RunFnPeriodically - 7 total (0 active), Execution time: mean = 46.834 us, total = 327.840 us, Queueing time: mean = 404.448 us, max = 633.863 us, min = 40.968 us, total = 2.831 ms
	Publisher.CheckDeadSubscribers - 3 total (1 active), Execution time: mean = 1.862 us, total = 5.587 us, Queueing time: mean = 355.271 us, max = 964.744 us, min = 101.068 us, total = 1.066 ms
	ray::rpc::InternalPubSubGcsService.grpc_client.GcsSubscriberPoll - 2 total (1 active), Execution time: mean = 298.698 s, total = 597.396 s, Queueing time: mean = 0.000 s, max = -0.000 s, min = 9223372036.855 s, total = 0.000 s
	ray::rpc::WorkerInfoGcsService.grpc_client.AddWorkerInfo - 1 total (0 active), Execution time: mean = 462.463 us, total = 462.463 us, Queueing time: mean = 0.000 s, max = -0.000 s, min = 9223372036.855 s, total = 0.000 s
	ray::rpc::NodeInfoGcsService.grpc_client.GetAllNodeInfo - 1 total (0 active), Execution time: mean = 1.749 ms, total = 1.749 ms, Queueing time: mean = 0.000 s, max = -0.000 s, min = 9223372036.855 s, total = 0.000 s
	ray::rpc::InternalPubSubGcsService.grpc_client.GcsSubscriberCommandBatch.OnReplyReceived - 1 total (0 active), Execution time: mean = 120.470 us, total = 120.470 us, Queueing time: mean = 300.011 us, max = 300.011 us, min = 300.011 us, total = 300.011 us
	ray::rpc::WorkerInfoGcsService.grpc_client.AddWorkerInfo.OnReplyReceived - 1 total (0 active), Execution time: mean = 14.162 us, total = 14.162 us, Queueing time: mean = 30.737 us, max = 30.737 us, min = 30.737 us, total = 30.737 us
	ray::rpc::NodeInfoGcsService.grpc_client.GetAllNodeInfo.OnReplyReceived - 1 total (0 active), Execution time: mean = 54.617 us, total = 54.617 us, Queueing time: mean = 7.447 us, max = 7.447 us, min = 7.447 us, total = 7.447 us
	ray::rpc::InternalPubSubGcsService.grpc_client.GcsSubscriberCommandBatch - 1 total (0 active), Execution time: mean = 480.303 us, total = 480.303 us, Queueing time: mean = 0.000 s, max = -0.000 s, min = 9223372036.855 s, total = 0.000 s
	ray::rpc::InternalPubSubGcsService.grpc_client.GcsSubscriberPoll.OnReplyReceived - 1 total (0 active), Execution time: mean = 145.898 us, total = 145.898 us, Queueing time: mean = 42.533 us, max = 42.533 us, min = 42.533 us, total = 42.533 us

-----------------
Task Event stats:

IO Service Stats:

Global stats: 2161 total (1 active)
Queueing time: mean = 292.388 us, max = 29.991 ms, min = -0.015 s, total = 631.850 ms
Execution time:  mean = 244.243 us, total = 527.810 ms
Event stats:
	ray::rpc::TaskInfoGcsService.grpc_client.AddTaskEventData.OnReplyReceived - 720 total (0 active), Execution time: mean = 17.636 us, total = 12.698 ms, Queueing time: mean = 37.370 us, max = 4.313 ms, min = 8.779 us, total = 26.906 ms
	ray::rpc::TaskInfoGcsService.grpc_client.AddTaskEventData - 720 total (0 active), Execution time: mean = 600.353 us, total = 432.254 ms, Queueing time: mean = 0.000 s, max = -0.000 s, min = 9223372036.855 s, total = 0.000 s
	CoreWorker.deadline_timer.flush_task_events - 720 total (1 active), Execution time: mean = 114.853 us, total = 82.694 ms, Queueing time: mean = 840.145 us, max = 29.991 ms, min = -0.015 s, total = 604.905 ms
	PeriodicalRunner.RunFnPeriodically - 1 total (0 active), Execution time: mean = 163.454 us, total = 163.454 us, Queueing time: mean = 39.151 us, max = 39.151 us, min = 39.151 us, total = 39.151 us
Other Stats:
	grpc_in_progress:0
	current number of task status events in buffer: 0
	current number of profile events in buffer: 0
	current number of dropped task attempts tracked: 0
	total task events sent: 0 MiB
	total number of task attempts sent: 0
	total number of task attempts dropped reported: 0
	total number of sent failure: 0
	num status task events dropped: 0
	num profile task events dropped: 0


[2025-02-16 14:49:44,383 I 456 1043] core_worker.cc:642: Event stats:


Global stats: 11173 total (8 active)
Queueing time: mean = 133.257 us, max = 39.986 ms, min = -0.037 s, total = 1.489 s
Execution time:  mean = 53.531 ms, total = 598.101 s
Event stats:
	CoreWorker.RecoverObjects - 7787 total (1 active), Execution time: mean = 4.849 us, total = 37.761 ms, Queueing time: mean = 167.136 us, max = 11.730 ms, min = -0.001 s, total = 1.301 s
	NodeManagerService.grpc_client.ReportWorkerBacklog.OnReplyReceived - 780 total (0 active), Execution time: mean = 14.630 us, total = 11.412 ms, Queueing time: mean = 38.510 us, max = 920.323 us, min = 6.913 us, total = 30.038 ms
	CoreWorker.ExitIfParentRayletDies - 780 total (1 active), Execution time: mean = 6.334 us, total = 4.940 ms, Queueing time: mean = 84.247 us, max = 29.598 ms, min = -0.034 s, total = 65.713 ms
	NodeManagerService.grpc_client.ReportWorkerBacklog - 780 total (0 active), Execution time: mean = 715.722 us, total = 558.263 ms, Queueing time: mean = 0.000 s, max = -0.000 s, min = 9223372036.855 s, total = 0.000 s
	CoreWorker.InternalHeartbeat - 780 total (1 active), Execution time: mean = 107.185 us, total = 83.604 ms, Queueing time: mean = 84.811 us, max = 29.553 ms, min = -0.034 s, total = 66.153 ms
	CoreWorker.RecordMetrics - 156 total (1 active), Execution time: mean = 15.641 us, total = 2.440 ms, Queueing time: mean = 76.344 us, max = 39.986 ms, min = -0.037 s, total = 11.910 ms
	CoreWorker.GCStreamingGeneratorMetadata - 78 total (1 active), Execution time: mean = 3.807 us, total = 296.943 us, Queueing time: mean = 99.072 us, max = 4.672 ms, min = -0.003 s, total = 7.728 ms
	CoreWorker.PrintEventStats - 13 total (1 active, 1 running), Execution time: mean = 212.787 us, total = 2.766 ms, Queueing time: mean = 121.431 us, max = 1.098 ms, min = -0.000 s, total = 1.579 ms
	PeriodicalRunner.RunFnPeriodically - 7 total (0 active), Execution time: mean = 46.834 us, total = 327.840 us, Queueing time: mean = 404.448 us, max = 633.863 us, min = 40.968 us, total = 2.831 ms
	Publisher.CheckDeadSubscribers - 3 total (1 active), Execution time: mean = 1.862 us, total = 5.587 us, Queueing time: mean = 355.271 us, max = 964.744 us, min = 101.068 us, total = 1.066 ms
	ray::rpc::InternalPubSubGcsService.grpc_client.GcsSubscriberPoll - 2 total (1 active), Execution time: mean = 298.698 s, total = 597.396 s, Queueing time: mean = 0.000 s, max = -0.000 s, min = 9223372036.855 s, total = 0.000 s
	ray::rpc::WorkerInfoGcsService.grpc_client.AddWorkerInfo - 1 total (0 active), Execution time: mean = 462.463 us, total = 462.463 us, Queueing time: mean = 0.000 s, max = -0.000 s, min = 9223372036.855 s, total = 0.000 s
	ray::rpc::NodeInfoGcsService.grpc_client.GetAllNodeInfo - 1 total (0 active), Execution time: mean = 1.749 ms, total = 1.749 ms, Queueing time: mean = 0.000 s, max = -0.000 s, min = 9223372036.855 s, total = 0.000 s
	ray::rpc::InternalPubSubGcsService.grpc_client.GcsSubscriberCommandBatch.OnReplyReceived - 1 total (0 active), Execution time: mean = 120.470 us, total = 120.470 us, Queueing time: mean = 300.011 us, max = 300.011 us, min = 300.011 us, total = 300.011 us
	ray::rpc::WorkerInfoGcsService.grpc_client.AddWorkerInfo.OnReplyReceived - 1 total (0 active), Execution time: mean = 14.162 us, total = 14.162 us, Queueing time: mean = 30.737 us, max = 30.737 us, min = 30.737 us, total = 30.737 us
	ray::rpc::NodeInfoGcsService.grpc_client.GetAllNodeInfo.OnReplyReceived - 1 total (0 active), Execution time: mean = 54.617 us, total = 54.617 us, Queueing time: mean = 7.447 us, max = 7.447 us, min = 7.447 us, total = 7.447 us
	ray::rpc::InternalPubSubGcsService.grpc_client.GcsSubscriberCommandBatch - 1 total (0 active), Execution time: mean = 480.303 us, total = 480.303 us, Queueing time: mean = 0.000 s, max = -0.000 s, min = 9223372036.855 s, total = 0.000 s
	ray::rpc::InternalPubSubGcsService.grpc_client.GcsSubscriberPoll.OnReplyReceived - 1 total (0 active), Execution time: mean = 145.898 us, total = 145.898 us, Queueing time: mean = 42.533 us, max = 42.533 us, min = 42.533 us, total = 42.533 us

-----------------
Task Event stats:

IO Service Stats:

Global stats: 2341 total (1 active)
Queueing time: mean = 291.966 us, max = 29.991 ms, min = -0.015 s, total = 683.493 ms
Execution time:  mean = 244.220 us, total = 571.718 ms
Event stats:
	ray::rpc::TaskInfoGcsService.grpc_client.AddTaskEventData.OnReplyReceived - 780 total (0 active), Execution time: mean = 17.984 us, total = 14.028 ms, Queueing time: mean = 37.940 us, max = 4.313 ms, min = 8.779 us, total = 29.594 ms
	ray::rpc::TaskInfoGcsService.grpc_client.AddTaskEventData - 780 total (0 active), Execution time: mean = 599.942 us, total = 467.955 ms, Queueing time: mean = 0.000 s, max = -0.000 s, min = 9223372036.855 s, total = 0.000 s
	CoreWorker.deadline_timer.flush_task_events - 780 total (1 active), Execution time: mean = 114.836 us, total = 89.572 ms, Queueing time: mean = 838.283 us, max = 29.991 ms, min = -0.015 s, total = 653.860 ms
	PeriodicalRunner.RunFnPeriodically - 1 total (0 active), Execution time: mean = 163.454 us, total = 163.454 us, Queueing time: mean = 39.151 us, max = 39.151 us, min = 39.151 us, total = 39.151 us
Other Stats:
	grpc_in_progress:0
	current number of task status events in buffer: 0
	current number of profile events in buffer: 0
	current number of dropped task attempts tracked: 0
	total task events sent: 0 MiB
	total number of task attempts sent: 0
	total number of task attempts dropped reported: 0
	total number of sent failure: 0
	num status task events dropped: 0
	num profile task events dropped: 0


[2025-02-16 14:50:44,383 I 456 1043] core_worker.cc:642: Event stats:


Global stats: 12031 total (8 active)
Queueing time: mean = 137.104 us, max = 85.502 ms, min = -0.089 s, total = 1.649 s
Execution time:  mean = 49.716 ms, total = 598.137 s
Event stats:
	CoreWorker.RecoverObjects - 8386 total (1 active), Execution time: mean = 4.836 us, total = 40.553 ms, Queueing time: mean = 171.956 us, max = 11.730 ms, min = -0.003 s, total = 1.442 s
	NodeManagerService.grpc_client.ReportWorkerBacklog.OnReplyReceived - 840 total (0 active), Execution time: mean = 14.416 us, total = 12.110 ms, Queueing time: mean = 37.529 us, max = 920.323 us, min = 6.913 us, total = 31.524 ms
	CoreWorker.ExitIfParentRayletDies - 840 total (1 active), Execution time: mean = 6.375 us, total = 5.355 ms, Queueing time: mean = 91.692 us, max = 85.373 ms, min = -0.089 s, total = 77.021 ms
	NodeManagerService.grpc_client.ReportWorkerBacklog - 840 total (0 active), Execution time: mean = 695.593 us, total = 584.298 ms, Queueing time: mean = 0.000 s, max = -0.000 s, min = 9223372036.855 s, total = 0.000 s
	CoreWorker.InternalHeartbeat - 840 total (1 active), Execution time: mean = 106.191 us, total = 89.200 ms, Queueing time: mean = 83.800 us, max = 85.502 ms, min = -0.089 s, total = 70.392 ms
	CoreWorker.RecordMetrics - 168 total (1 active), Execution time: mean = 15.975 us, total = 2.684 ms, Queueing time: mean = 84.601 us, max = 79.312 ms, min = -0.074 s, total = 14.213 ms
	CoreWorker.GCStreamingGeneratorMetadata - 84 total (1 active), Execution time: mean = 3.737 us, total = 313.921 us, Queueing time: mean = 134.169 us, max = 4.743 ms, min = -0.004 s, total = 11.270 ms
	CoreWorker.PrintEventStats - 14 total (1 active, 1 running), Execution time: mean = 212.775 us, total = 2.979 ms, Queueing time: mean = -0.000 s, max = 1.098 ms, min = -0.003 s, total = -0.001 s
	PeriodicalRunner.RunFnPeriodically - 7 total (0 active), Execution time: mean = 46.834 us, total = 327.840 us, Queueing time: mean = 404.448 us, max = 633.863 us, min = 40.968 us, total = 2.831 ms
	Publisher.CheckDeadSubscribers - 3 total (1 active), Execution time: mean = 1.862 us, total = 5.587 us, Queueing time: mean = 355.271 us, max = 964.744 us, min = 101.068 us, total = 1.066 ms
	ray::rpc::InternalPubSubGcsService.grpc_client.GcsSubscriberPoll - 2 total (1 active), Execution time: mean = 298.698 s, total = 597.396 s, Queueing time: mean = 0.000 s, max = -0.000 s, min = 9223372036.855 s, total = 0.000 s
	ray::rpc::WorkerInfoGcsService.grpc_client.AddWorkerInfo - 1 total (0 active), Execution time: mean = 462.463 us, total = 462.463 us, Queueing time: mean = 0.000 s, max = -0.000 s, min = 9223372036.855 s, total = 0.000 s
	ray::rpc::NodeInfoGcsService.grpc_client.GetAllNodeInfo - 1 total (0 active), Execution time: mean = 1.749 ms, total = 1.749 ms, Queueing time: mean = 0.000 s, max = -0.000 s, min = 9223372036.855 s, total = 0.000 s
	ray::rpc::InternalPubSubGcsService.grpc_client.GcsSubscriberCommandBatch.OnReplyReceived - 1 total (0 active), Execution time: mean = 120.470 us, total = 120.470 us, Queueing time: mean = 300.011 us, max = 300.011 us, min = 300.011 us, total = 300.011 us
	ray::rpc::WorkerInfoGcsService.grpc_client.AddWorkerInfo.OnReplyReceived - 1 total (0 active), Execution time: mean = 14.162 us, total = 14.162 us, Queueing time: mean = 30.737 us, max = 30.737 us, min = 30.737 us, total = 30.737 us
	ray::rpc::NodeInfoGcsService.grpc_client.GetAllNodeInfo.OnReplyReceived - 1 total (0 active), Execution time: mean = 54.617 us, total = 54.617 us, Queueing time: mean = 7.447 us, max = 7.447 us, min = 7.447 us, total = 7.447 us
	ray::rpc::InternalPubSubGcsService.grpc_client.GcsSubscriberCommandBatch - 1 total (0 active), Execution time: mean = 480.303 us, total = 480.303 us, Queueing time: mean = 0.000 s, max = -0.000 s, min = 9223372036.855 s, total = 0.000 s
	ray::rpc::InternalPubSubGcsService.grpc_client.GcsSubscriberPoll.OnReplyReceived - 1 total (0 active), Execution time: mean = 145.898 us, total = 145.898 us, Queueing time: mean = 42.533 us, max = 42.533 us, min = 42.533 us, total = 42.533 us

-----------------
Task Event stats:

IO Service Stats:

Global stats: 2521 total (1 active)
Queueing time: mean = 315.449 us, max = 85.113 ms, min = -0.028 s, total = 795.248 ms
Execution time:  mean = 240.469 us, total = 606.223 ms
Event stats:
	ray::rpc::TaskInfoGcsService.grpc_client.AddTaskEventData.OnReplyReceived - 840 total (0 active), Execution time: mean = 17.941 us, total = 15.071 ms, Queueing time: mean = 37.372 us, max = 4.313 ms, min = 8.779 us, total = 31.393 ms
	ray::rpc::TaskInfoGcsService.grpc_client.AddTaskEventData - 840 total (0 active), Execution time: mean = 589.738 us, total = 495.380 ms, Queueing time: mean = 0.000 s, max = -0.000 s, min = 9223372036.855 s, total = 0.000 s
	CoreWorker.deadline_timer.flush_task_events - 840 total (1 active), Execution time: mean = 113.820 us, total = 95.609 ms, Queueing time: mean = 909.305 us, max = 85.113 ms, min = -0.028 s, total = 763.816 ms
	PeriodicalRunner.RunFnPeriodically - 1 total (0 active), Execution time: mean = 163.454 us, total = 163.454 us, Queueing time: mean = 39.151 us, max = 39.151 us, min = 39.151 us, total = 39.151 us
Other Stats:
	grpc_in_progress:0
	current number of task status events in buffer: 0
	current number of profile events in buffer: 0
	current number of dropped task attempts tracked: 0
	total task events sent: 0 MiB
	total number of task attempts sent: 0
	total number of task attempts dropped reported: 0
	total number of sent failure: 0
	num status task events dropped: 0
	num profile task events dropped: 0


[2025-02-16 14:51:44,383 I 456 1043] core_worker.cc:642: Event stats:


Global stats: 12892 total (8 active)
Queueing time: mean = 145.976 us, max = 177.917 ms, min = -0.174 s, total = 1.882 s
Execution time:  mean = 69.697 ms, total = 898.540 s
Event stats:
	CoreWorker.RecoverObjects - 8985 total (1 active), Execution time: mean = 4.770 us, total = 42.856 ms, Queueing time: mean = 173.074 us, max = 174.626 ms, min = -0.018 s, total = 1.555 s
	NodeManagerService.grpc_client.ReportWorkerBacklog.OnReplyReceived - 900 total (0 active), Execution time: mean = 14.136 us, total = 12.723 ms, Queueing time: mean = 36.508 us, max = 920.323 us, min = 6.913 us, total = 32.857 ms
	CoreWorker.ExitIfParentRayletDies - 900 total (1 active), Execution time: mean = 6.275 us, total = 5.648 ms, Queueing time: mean = 205.856 us, max = 169.971 ms, min = -0.089 s, total = 185.270 ms
	NodeManagerService.grpc_client.ReportWorkerBacklog - 900 total (0 active), Execution time: mean = 675.774 us, total = 608.197 ms, Queueing time: mean = 0.000 s, max = -0.000 s, min = 9223372036.855 s, total = 0.000 s
	CoreWorker.InternalHeartbeat - 900 total (1 active), Execution time: mean = 104.689 us, total = 94.220 ms, Queueing time: mean = 81.981 us, max = 169.885 ms, min = -0.093 s, total = 73.783 ms
	CoreWorker.RecordMetrics - 180 total (1 active), Execution time: mean = 15.875 us, total = 2.858 ms, Queueing time: mean = 113.594 us, max = 177.917 ms, min = -0.174 s, total = 20.447 ms
	CoreWorker.GCStreamingGeneratorMetadata - 90 total (1 active), Execution time: mean = 3.656 us, total = 329.050 us, Queueing time: mean = 129.811 us, max = 4.743 ms, min = -0.004 s, total = 11.683 ms
	CoreWorker.PrintEventStats - 15 total (1 active, 1 running), Execution time: mean = 210.945 us, total = 3.164 ms, Queueing time: mean = 102.585 us, max = 2.770 ms, min = -0.003 s, total = 1.539 ms
	PeriodicalRunner.RunFnPeriodically - 7 total (0 active), Execution time: mean = 46.834 us, total = 327.840 us, Queueing time: mean = 404.448 us, max = 633.863 us, min = 40.968 us, total = 2.831 ms
	Publisher.CheckDeadSubscribers - 4 total (1 active), Execution time: mean = 2.477 us, total = 9.906 us, Queueing time: mean = -0.001 s, max = 964.744 us, min = -0.003 s, total = -0.002 s
	ray::rpc::InternalPubSubGcsService.grpc_client.GcsSubscriberPoll - 3 total (1 active), Execution time: mean = 299.255 s, total = 897.766 s, Queueing time: mean = 0.000 s, max = -0.000 s, min = 9223372036.855 s, total = 0.000 s
	ray::rpc::InternalPubSubGcsService.grpc_client.GcsSubscriberPoll.OnReplyReceived - 2 total (0 active), Execution time: mean = 145.998 us, total = 291.996 us, Queueing time: mean = 81.076 us, max = 119.619 us, min = 42.533 us, total = 162.152 us
	ray::rpc::WorkerInfoGcsService.grpc_client.AddWorkerInfo - 1 total (0 active), Execution time: mean = 462.463 us, total = 462.463 us, Queueing time: mean = 0.000 s, max = -0.000 s, min = 9223372036.855 s, total = 0.000 s
	ray::rpc::NodeInfoGcsService.grpc_client.GetAllNodeInfo - 1 total (0 active), Execution time: mean = 1.749 ms, total = 1.749 ms, Queueing time: mean = 0.000 s, max = -0.000 s, min = 9223372036.855 s, total = 0.000 s
	ray::rpc::InternalPubSubGcsService.grpc_client.GcsSubscriberCommandBatch.OnReplyReceived - 1 total (0 active), Execution time: mean = 120.470 us, total = 120.470 us, Queueing time: mean = 300.011 us, max = 300.011 us, min = 300.011 us, total = 300.011 us
	ray::rpc::WorkerInfoGcsService.grpc_client.AddWorkerInfo.OnReplyReceived - 1 total (0 active), Execution time: mean = 14.162 us, total = 14.162 us, Queueing time: mean = 30.737 us, max = 30.737 us, min = 30.737 us, total = 30.737 us
	ray::rpc::NodeInfoGcsService.grpc_client.GetAllNodeInfo.OnReplyReceived - 1 total (0 active), Execution time: mean = 54.617 us, total = 54.617 us, Queueing time: mean = 7.447 us, max = 7.447 us, min = 7.447 us, total = 7.447 us
	ray::rpc::InternalPubSubGcsService.grpc_client.GcsSubscriberCommandBatch - 1 total (0 active), Execution time: mean = 480.303 us, total = 480.303 us, Queueing time: mean = 0.000 s, max = -0.000 s, min = 9223372036.855 s, total = 0.000 s

-----------------
Task Event stats:

IO Service Stats:

Global stats: 2701 total (1 active)
Queueing time: mean = 335.864 us, max = 174.456 ms, min = -0.078 s, total = 907.170 ms
Execution time:  mean = 236.445 us, total = 638.637 ms
Event stats:
	ray::rpc::TaskInfoGcsService.grpc_client.AddTaskEventData.OnReplyReceived - 900 total (0 active), Execution time: mean = 17.711 us, total = 15.940 ms, Queueing time: mean = 36.456 us, max = 4.313 ms, min = 8.779 us, total = 32.810 ms
	ray::rpc::TaskInfoGcsService.grpc_client.AddTaskEventData - 900 total (0 active), Execution time: mean = 579.410 us, total = 521.469 ms, Queueing time: mean = 0.000 s, max = -0.000 s, min = 9223372036.855 s, total = 0.000 s
	CoreWorker.deadline_timer.flush_task_events - 900 total (1 active), Execution time: mean = 112.293 us, total = 101.064 ms, Queueing time: mean = 971.467 us, max = 174.456 ms, min = -0.078 s, total = 874.321 ms
	PeriodicalRunner.RunFnPeriodically - 1 total (0 active), Execution time: mean = 163.454 us, total = 163.454 us, Queueing time: mean = 39.151 us, max = 39.151 us, min = 39.151 us, total = 39.151 us
Other Stats:
	grpc_in_progress:0
	current number of task status events in buffer: 0
	current number of profile events in buffer: 0
	current number of dropped task attempts tracked: 0
	total task events sent: 0 MiB
	total number of task attempts sent: 0
	total number of task attempts dropped reported: 0
	total number of sent failure: 0
	num status task events dropped: 0
	num profile task events dropped: 0


[2025-02-16 14:52:44,384 I 456 1043] core_worker.cc:642: Event stats:


Global stats: 13750 total (8 active)
Queueing time: mean = 156.428 us, max = 177.917 ms, min = -0.174 s, total = 2.151 s
Execution time:  mean = 65.351 ms, total = 898.576 s
Event stats:
	CoreWorker.RecoverObjects - 9584 total (1 active), Execution time: mean = 4.726 us, total = 45.296 ms, Queueing time: mean = 171.679 us, max = 174.626 ms, min = -0.018 s, total = 1.645 s
	NodeManagerService.grpc_client.ReportWorkerBacklog.OnReplyReceived - 960 total (0 active), Execution time: mean = 14.015 us, total = 13.454 ms, Queueing time: mean = 35.789 us, max = 920.323 us, min = 6.913 us, total = 34.358 ms
	CoreWorker.ExitIfParentRayletDies - 960 total (1 active), Execution time: mean = 6.184 us, total = 5.936 ms, Queueing time: mean = 291.807 us, max = 169.971 ms, min = -0.089 s, total = 280.135 ms
	NodeManagerService.grpc_client.ReportWorkerBacklog - 960 total (0 active), Execution time: mean = 661.004 us, total = 634.563 ms, Queueing time: mean = 0.000 s, max = -0.000 s, min = 9223372036.855 s, total = 0.000 s
	CoreWorker.InternalHeartbeat - 960 total (1 active), Execution time: mean = 104.060 us, total = 99.897 ms, Queueing time: mean = 169.714 us, max = 169.885 ms, min = -0.093 s, total = 162.926 ms
	CoreWorker.RecordMetrics - 192 total (1 active), Execution time: mean = 15.910 us, total = 3.055 ms, Queueing time: mean = 80.010 us, max = 177.917 ms, min = -0.174 s, total = 15.362 ms
	CoreWorker.GCStreamingGeneratorMetadata - 96 total (1 active), Execution time: mean = 3.593 us, total = 344.893 us, Queueing time: mean = 133.812 us, max = 5.740 ms, min = -0.006 s, total = 12.846 ms
	CoreWorker.PrintEventStats - 16 total (1 active, 1 running), Execution time: mean = 207.444 us, total = 3.319 ms, Queueing time: mean = -0.000 s, max = 2.770 ms, min = -0.003 s, total = -0.001 s
	PeriodicalRunner.RunFnPeriodically - 7 total (0 active), Execution time: mean = 46.834 us, total = 327.840 us, Queueing time: mean = 404.448 us, max = 633.863 us, min = 40.968 us, total = 2.831 ms
	Publisher.CheckDeadSubscribers - 4 total (1 active), Execution time: mean = 2.477 us, total = 9.906 us, Queueing time: mean = -0.001 s, max = 964.744 us, min = -0.003 s, total = -0.002 s
	ray::rpc::InternalPubSubGcsService.grpc_client.GcsSubscriberPoll - 3 total (1 active), Execution time: mean = 299.255 s, total = 897.766 s, Queueing time: mean = 0.000 s, max = -0.000 s, min = 9223372036.855 s, total = 0.000 s
	ray::rpc::InternalPubSubGcsService.grpc_client.GcsSubscriberPoll.OnReplyReceived - 2 total (0 active), Execution time: mean = 145.998 us, total = 291.996 us, Queueing time: mean = 81.076 us, max = 119.619 us, min = 42.533 us, total = 162.152 us
	ray::rpc::WorkerInfoGcsService.grpc_client.AddWorkerInfo - 1 total (0 active), Execution time: mean = 462.463 us, total = 462.463 us, Queueing time: mean = 0.000 s, max = -0.000 s, min = 9223372036.855 s, total = 0.000 s
	ray::rpc::NodeInfoGcsService.grpc_client.GetAllNodeInfo - 1 total (0 active), Execution time: mean = 1.749 ms, total = 1.749 ms, Queueing time: mean = 0.000 s, max = -0.000 s, min = 9223372036.855 s, total = 0.000 s
	ray::rpc::InternalPubSubGcsService.grpc_client.GcsSubscriberCommandBatch.OnReplyReceived - 1 total (0 active), Execution time: mean = 120.470 us, total = 120.470 us, Queueing time: mean = 300.011 us, max = 300.011 us, min = 300.011 us, total = 300.011 us
	ray::rpc::WorkerInfoGcsService.grpc_client.AddWorkerInfo.OnReplyReceived - 1 total (0 active), Execution time: mean = 14.162 us, total = 14.162 us, Queueing time: mean = 30.737 us, max = 30.737 us, min = 30.737 us, total = 30.737 us
	ray::rpc::NodeInfoGcsService.grpc_client.GetAllNodeInfo.OnReplyReceived - 1 total (0 active), Execution time: mean = 54.617 us, total = 54.617 us, Queueing time: mean = 7.447 us, max = 7.447 us, min = 7.447 us, total = 7.447 us
	ray::rpc::InternalPubSubGcsService.grpc_client.GcsSubscriberCommandBatch - 1 total (0 active), Execution time: mean = 480.303 us, total = 480.303 us, Queueing time: mean = 0.000 s, max = -0.000 s, min = 9223372036.855 s, total = 0.000 s

-----------------
Task Event stats:

IO Service Stats:

Global stats: 2878 total (1 active)
Queueing time: mean = 344.186 us, max = 174.456 ms, min = -0.078 s, total = 990.566 ms
Execution time:  mean = 232.240 us, total = 668.385 ms
Event stats:
	ray::rpc::TaskInfoGcsService.grpc_client.AddTaskEventData.OnReplyReceived - 959 total (0 active), Execution time: mean = 17.905 us, total = 17.171 ms, Queueing time: mean = 35.707 us, max = 4.313 ms, min = 8.779 us, total = 34.243 ms
	ray::rpc::TaskInfoGcsService.grpc_client.AddTaskEventData - 959 total (0 active), Execution time: mean = 567.807 us, total = 544.526 ms, Queueing time: mean = 0.000 s, max = -0.000 s, min = 9223372036.855 s, total = 0.000 s
	CoreWorker.deadline_timer.flush_task_events - 959 total (1 active), Execution time: mean = 111.079 us, total = 106.525 ms, Queueing time: mean = 997.168 us, max = 174.456 ms, min = -0.078 s, total = 956.284 ms
	PeriodicalRunner.RunFnPeriodically - 1 total (0 active), Execution time: mean = 163.454 us, total = 163.454 us, Queueing time: mean = 39.151 us, max = 39.151 us, min = 39.151 us, total = 39.151 us
Other Stats:
	grpc_in_progress:0
	current number of task status events in buffer: 0
	current number of profile events in buffer: 0
	current number of dropped task attempts tracked: 0
	total task events sent: 0 MiB
	total number of task attempts sent: 0
	total number of task attempts dropped reported: 0
	total number of sent failure: 0
	num status task events dropped: 0
	num profile task events dropped: 0


[2025-02-16 14:53:44,384 I 456 1043] core_worker.cc:642: Event stats:


Global stats: 14608 total (8 active)
Queueing time: mean = 163.750 us, max = 177.917 ms, min = -0.174 s, total = 2.392 s
Execution time:  mean = 61.514 ms, total = 898.603 s
Event stats:
	CoreWorker.RecoverObjects - 10183 total (1 active), Execution time: mean = 4.662 us, total = 47.476 ms, Queueing time: mean = 169.135 us, max = 174.626 ms, min = -0.018 s, total = 1.722 s
	NodeManagerService.grpc_client.ReportWorkerBacklog.OnReplyReceived - 1020 total (0 active), Execution time: mean = 13.751 us, total = 14.026 ms, Queueing time: mean = 34.963 us, max = 920.323 us, min = 6.913 us, total = 35.662 ms
	CoreWorker.ExitIfParentRayletDies - 1020 total (1 active), Execution time: mean = 6.145 us, total = 6.268 ms, Queueing time: mean = 354.308 us, max = 169.971 ms, min = -0.089 s, total = 361.395 ms
	NodeManagerService.grpc_client.ReportWorkerBacklog - 1020 total (0 active), Execution time: mean = 641.175 us, total = 653.998 ms, Queueing time: mean = 0.000 s, max = -0.000 s, min = 9223372036.855 s, total = 0.000 s
	CoreWorker.InternalHeartbeat - 1020 total (1 active), Execution time: mean = 102.123 us, total = 104.166 ms, Queueing time: mean = 235.571 us, max = 169.885 ms, min = -0.093 s, total = 240.282 ms
	CoreWorker.RecordMetrics - 204 total (1 active), Execution time: mean = 15.840 us, total = 3.231 ms, Queueing time: mean = 81.631 us, max = 177.917 ms, min = -0.174 s, total = 16.653 ms
	CoreWorker.GCStreamingGeneratorMetadata - 102 total (1 active), Execution time: mean = 3.609 us, total = 368.093 us, Queueing time: mean = 123.896 us, max = 5.740 ms, min = -0.006 s, total = 12.637 ms
	CoreWorker.PrintEventStats - 17 total (1 active, 1 running), Execution time: mean = 204.807 us, total = 3.482 ms, Queueing time: mean = 108.649 us, max = 3.253 ms, min = -0.003 s, total = 1.847 ms
	PeriodicalRunner.RunFnPeriodically - 7 total (0 active), Execution time: mean = 46.834 us, total = 327.840 us, Queueing time: mean = 404.448 us, max = 633.863 us, min = 40.968 us, total = 2.831 ms
	Publisher.CheckDeadSubscribers - 4 total (1 active), Execution time: mean = 2.477 us, total = 9.906 us, Queueing time: mean = -0.001 s, max = 964.744 us, min = -0.003 s, total = -0.002 s
	ray::rpc::InternalPubSubGcsService.grpc_client.GcsSubscriberPoll - 3 total (1 active), Execution time: mean = 299.255 s, total = 897.766 s, Queueing time: mean = 0.000 s, max = -0.000 s, min = 9223372036.855 s, total = 0.000 s
	ray::rpc::InternalPubSubGcsService.grpc_client.GcsSubscriberPoll.OnReplyReceived - 2 total (0 active), Execution time: mean = 145.998 us, total = 291.996 us, Queueing time: mean = 81.076 us, max = 119.619 us, min = 42.533 us, total = 162.152 us
	ray::rpc::WorkerInfoGcsService.grpc_client.AddWorkerInfo - 1 total (0 active), Execution time: mean = 462.463 us, total = 462.463 us, Queueing time: mean = 0.000 s, max = -0.000 s, min = 9223372036.855 s, total = 0.000 s
	ray::rpc::NodeInfoGcsService.grpc_client.GetAllNodeInfo - 1 total (0 active), Execution time: mean = 1.749 ms, total = 1.749 ms, Queueing time: mean = 0.000 s, max = -0.000 s, min = 9223372036.855 s, total = 0.000 s
	ray::rpc::InternalPubSubGcsService.grpc_client.GcsSubscriberCommandBatch.OnReplyReceived - 1 total (0 active), Execution time: mean = 120.470 us, total = 120.470 us, Queueing time: mean = 300.011 us, max = 300.011 us, min = 300.011 us, total = 300.011 us
	ray::rpc::WorkerInfoGcsService.grpc_client.AddWorkerInfo.OnReplyReceived - 1 total (0 active), Execution time: mean = 14.162 us, total = 14.162 us, Queueing time: mean = 30.737 us, max = 30.737 us, min = 30.737 us, total = 30.737 us
	ray::rpc::NodeInfoGcsService.grpc_client.GetAllNodeInfo.OnReplyReceived - 1 total (0 active), Execution time: mean = 54.617 us, total = 54.617 us, Queueing time: mean = 7.447 us, max = 7.447 us, min = 7.447 us, total = 7.447 us
	ray::rpc::InternalPubSubGcsService.grpc_client.GcsSubscriberCommandBatch - 1 total (0 active), Execution time: mean = 480.303 us, total = 480.303 us, Queueing time: mean = 0.000 s, max = -0.000 s, min = 9223372036.855 s, total = 0.000 s

-----------------
Task Event stats:

IO Service Stats:

Global stats: 3058 total (1 active)
Queueing time: mean = 349.031 us, max = 174.456 ms, min = -0.078 s, total = 1.067 s
Execution time:  mean = 227.434 us, total = 695.493 ms
Event stats:
	ray::rpc::TaskInfoGcsService.grpc_client.AddTaskEventData.OnReplyReceived - 1019 total (0 active), Execution time: mean = 17.640 us, total = 17.975 ms, Queueing time: mean = 34.917 us, max = 4.313 ms, min = 8.779 us, total = 35.581 ms
	ray::rpc::TaskInfoGcsService.grpc_client.AddTaskEventData - 1019 total (0 active), Execution time: mean = 555.075 us, total = 565.621 ms, Queueing time: mean = 0.000 s, max = -0.000 s, min = 9223372036.855 s, total = 0.000 s
	CoreWorker.deadline_timer.flush_task_events - 1019 total (1 active), Execution time: mean = 109.650 us, total = 111.733 ms, Queueing time: mean = 1.012 ms, max = 174.456 ms, min = -0.078 s, total = 1.032 s
	PeriodicalRunner.RunFnPeriodically - 1 total (0 active), Execution time: mean = 163.454 us, total = 163.454 us, Queueing time: mean = 39.151 us, max = 39.151 us, min = 39.151 us, total = 39.151 us
Other Stats:
	grpc_in_progress:0
	current number of task status events in buffer: 0
	current number of profile events in buffer: 0
	current number of dropped task attempts tracked: 0
	total task events sent: 0 MiB
	total number of task attempts sent: 0
	total number of task attempts dropped reported: 0
	total number of sent failure: 0
	num status task events dropped: 0
	num profile task events dropped: 0


[2025-02-16 14:54:44,384 I 456 1043] core_worker.cc:642: Event stats:


Global stats: 15466 total (8 active)
Queueing time: mean = 170.088 us, max = 177.917 ms, min = -0.174 s, total = 2.631 s
Execution time:  mean = 58.104 ms, total = 898.634 s
Event stats:
	CoreWorker.RecoverObjects - 10782 total (1 active), Execution time: mean = 4.620 us, total = 49.815 ms, Queueing time: mean = 166.850 us, max = 174.626 ms, min = -0.018 s, total = 1.799 s
	NodeManagerService.grpc_client.ReportWorkerBacklog.OnReplyReceived - 1080 total (0 active), Execution time: mean = 13.603 us, total = 14.691 ms, Queueing time: mean = 34.452 us, max = 920.323 us, min = 6.913 us, total = 37.209 ms
	CoreWorker.ExitIfParentRayletDies - 1080 total (1 active), Execution time: mean = 6.080 us, total = 6.567 ms, Queueing time: mean = 412.997 us, max = 169.971 ms, min = -0.089 s, total = 446.036 ms
	NodeManagerService.grpc_client.ReportWorkerBacklog - 1080 total (0 active), Execution time: mean = 626.236 us, total = 676.335 ms, Queueing time: mean = 0.000 s, max = -0.000 s, min = 9223372036.855 s, total = 0.000 s
	CoreWorker.InternalHeartbeat - 1080 total (1 active), Execution time: mean = 100.838 us, total = 108.905 ms, Queueing time: mean = 297.208 us, max = 169.885 ms, min = -0.093 s, total = 320.985 ms
	CoreWorker.RecordMetrics - 216 total (1 active), Execution time: mean = 15.867 us, total = 3.427 ms, Queueing time: mean = 65.797 us, max = 177.917 ms, min = -0.174 s, total = 14.212 ms
	CoreWorker.GCStreamingGeneratorMetadata - 108 total (1 active), Execution time: mean = 3.581 us, total = 386.740 us, Queueing time: mean = 86.344 us, max = 5.740 ms, min = -0.006 s, total = 9.325 ms
	CoreWorker.PrintEventStats - 18 total (1 active, 1 running), Execution time: mean = 204.814 us, total = 3.687 ms, Queueing time: mean = 141.829 us, max = 3.253 ms, min = -0.003 s, total = 2.553 ms
	PeriodicalRunner.RunFnPeriodically - 7 total (0 active), Execution time: mean = 46.834 us, total = 327.840 us, Queueing time: mean = 404.448 us, max = 633.863 us, min = 40.968 us, total = 2.831 ms
	Publisher.CheckDeadSubscribers - 4 total (1 active), Execution time: mean = 2.477 us, total = 9.906 us, Queueing time: mean = -0.001 s, max = 964.744 us, min = -0.003 s, total = -0.002 s
	ray::rpc::InternalPubSubGcsService.grpc_client.GcsSubscriberPoll - 3 total (1 active), Execution time: mean = 299.255 s, total = 897.766 s, Queueing time: mean = 0.000 s, max = -0.000 s, min = 9223372036.855 s, total = 0.000 s
	ray::rpc::InternalPubSubGcsService.grpc_client.GcsSubscriberPoll.OnReplyReceived - 2 total (0 active), Execution time: mean = 145.998 us, total = 291.996 us, Queueing time: mean = 81.076 us, max = 119.619 us, min = 42.533 us, total = 162.152 us
	ray::rpc::WorkerInfoGcsService.grpc_client.AddWorkerInfo - 1 total (0 active), Execution time: mean = 462.463 us, total = 462.463 us, Queueing time: mean = 0.000 s, max = -0.000 s, min = 9223372036.855 s, total = 0.000 s
	ray::rpc::NodeInfoGcsService.grpc_client.GetAllNodeInfo - 1 total (0 active), Execution time: mean = 1.749 ms, total = 1.749 ms, Queueing time: mean = 0.000 s, max = -0.000 s, min = 9223372036.855 s, total = 0.000 s
	ray::rpc::InternalPubSubGcsService.grpc_client.GcsSubscriberCommandBatch.OnReplyReceived - 1 total (0 active), Execution time: mean = 120.470 us, total = 120.470 us, Queueing time: mean = 300.011 us, max = 300.011 us, min = 300.011 us, total = 300.011 us
	ray::rpc::WorkerInfoGcsService.grpc_client.AddWorkerInfo.OnReplyReceived - 1 total (0 active), Execution time: mean = 14.162 us, total = 14.162 us, Queueing time: mean = 30.737 us, max = 30.737 us, min = 30.737 us, total = 30.737 us
	ray::rpc::NodeInfoGcsService.grpc_client.GetAllNodeInfo.OnReplyReceived - 1 total (0 active), Execution time: mean = 54.617 us, total = 54.617 us, Queueing time: mean = 7.447 us, max = 7.447 us, min = 7.447 us, total = 7.447 us
	ray::rpc::InternalPubSubGcsService.grpc_client.GcsSubscriberCommandBatch - 1 total (0 active), Execution time: mean = 480.303 us, total = 480.303 us, Queueing time: mean = 0.000 s, max = -0.000 s, min = 9223372036.855 s, total = 0.000 s

-----------------
Task Event stats:

IO Service Stats:

Global stats: 3238 total (1 active)
Queueing time: mean = 354.784 us, max = 174.456 ms, min = -0.078 s, total = 1.149 s
Execution time:  mean = 224.049 us, total = 725.470 ms
Event stats:
	ray::rpc::TaskInfoGcsService.grpc_client.AddTaskEventData.OnReplyReceived - 1079 total (0 active), Execution time: mean = 17.593 us, total = 18.983 ms, Queueing time: mean = 34.384 us, max = 4.313 ms, min = 6.948 us, total = 37.100 ms
	ray::rpc::TaskInfoGcsService.grpc_client.AddTaskEventData - 1079 total (0 active), Execution time: mean = 545.598 us, total = 588.700 ms, Queueing time: mean = 0.000 s, max = -0.000 s, min = 9223372036.855 s, total = 0.000 s
	CoreWorker.deadline_timer.flush_task_events - 1079 total (1 active), Execution time: mean = 109.012 us, total = 117.624 ms, Queueing time: mean = 1.030 ms, max = 174.456 ms, min = -0.078 s, total = 1.112 s
	PeriodicalRunner.RunFnPeriodically - 1 total (0 active), Execution time: mean = 163.454 us, total = 163.454 us, Queueing time: mean = 39.151 us, max = 39.151 us, min = 39.151 us, total = 39.151 us
Other Stats:
	grpc_in_progress:0
	current number of task status events in buffer: 0
	current number of profile events in buffer: 0
	current number of dropped task attempts tracked: 0
	total task events sent: 0 MiB
	total number of task attempts sent: 0
	total number of task attempts dropped reported: 0
	total number of sent failure: 0
	num status task events dropped: 0
	num profile task events dropped: 0


[2025-02-16 14:55:44,384 I 456 1043] core_worker.cc:642: Event stats:


Global stats: 16325 total (8 active)
Queueing time: mean = 168.762 us, max = 177.917 ms, min = -0.174 s, total = 2.755 s
Execution time:  mean = 55.048 ms, total = 898.663 s
Event stats:
	CoreWorker.RecoverObjects - 11382 total (1 active), Execution time: mean = 4.574 us, total = 52.059 ms, Queueing time: mean = 162.129 us, max = 174.626 ms, min = -0.026 s, total = 1.845 s
	NodeManagerService.grpc_client.ReportWorkerBacklog.OnReplyReceived - 1140 total (0 active), Execution time: mean = 13.512 us, total = 15.404 ms, Queueing time: mean = 33.907 us, max = 920.323 us, min = 6.104 us, total = 38.654 ms
	CoreWorker.ExitIfParentRayletDies - 1140 total (1 active), Execution time: mean = 6.015 us, total = 6.857 ms, Queueing time: mean = 427.250 us, max = 169.971 ms, min = -0.089 s, total = 487.066 ms
	NodeManagerService.grpc_client.ReportWorkerBacklog - 1140 total (0 active), Execution time: mean = 611.635 us, total = 697.264 ms, Queueing time: mean = 0.000 s, max = -0.000 s, min = 9223372036.855 s, total = 0.000 s
	CoreWorker.InternalHeartbeat - 1140 total (1 active), Execution time: mean = 99.379 us, total = 113.292 ms, Queueing time: mean = 313.582 us, max = 169.885 ms, min = -0.093 s, total = 357.483 ms
	CoreWorker.RecordMetrics - 228 total (1 active), Execution time: mean = 15.797 us, total = 3.602 ms, Queueing time: mean = 74.784 us, max = 177.917 ms, min = -0.174 s, total = 17.051 ms
	CoreWorker.GCStreamingGeneratorMetadata - 114 total (1 active), Execution time: mean = 3.574 us, total = 407.462 us, Queueing time: mean = 122.294 us, max = 10.821 ms, min = -0.007 s, total = 13.941 ms
	CoreWorker.PrintEventStats - 19 total (1 active, 1 running), Execution time: mean = 205.411 us, total = 3.903 ms, Queueing time: mean = -0.000 s, max = 3.253 ms, min = -0.008 s, total = -0.006 s
	PeriodicalRunner.RunFnPeriodically - 7 total (0 active), Execution time: mean = 46.834 us, total = 327.840 us, Queueing time: mean = 404.448 us, max = 633.863 us, min = 40.968 us, total = 2.831 ms
	Publisher.CheckDeadSubscribers - 4 total (1 active), Execution time: mean = 2.477 us, total = 9.906 us, Queueing time: mean = -0.001 s, max = 964.744 us, min = -0.003 s, total = -0.002 s
	ray::rpc::InternalPubSubGcsService.grpc_client.GcsSubscriberPoll - 3 total (1 active), Execution time: mean = 299.255 s, total = 897.766 s, Queueing time: mean = 0.000 s, max = -0.000 s, min = 9223372036.855 s, total = 0.000 s
	ray::rpc::InternalPubSubGcsService.grpc_client.GcsSubscriberPoll.OnReplyReceived - 2 total (0 active), Execution time: mean = 145.998 us, total = 291.996 us, Queueing time: mean = 81.076 us, max = 119.619 us, min = 42.533 us, total = 162.152 us
	ray::rpc::WorkerInfoGcsService.grpc_client.AddWorkerInfo - 1 total (0 active), Execution time: mean = 462.463 us, total = 462.463 us, Queueing time: mean = 0.000 s, max = -0.000 s, min = 9223372036.855 s, total = 0.000 s
	ray::rpc::NodeInfoGcsService.grpc_client.GetAllNodeInfo - 1 total (0 active), Execution time: mean = 1.749 ms, total = 1.749 ms, Queueing time: mean = 0.000 s, max = -0.000 s, min = 9223372036.855 s, total = 0.000 s
	ray::rpc::InternalPubSubGcsService.grpc_client.GcsSubscriberCommandBatch.OnReplyReceived - 1 total (0 active), Execution time: mean = 120.470 us, total = 120.470 us, Queueing time: mean = 300.011 us, max = 300.011 us, min = 300.011 us, total = 300.011 us
	ray::rpc::WorkerInfoGcsService.grpc_client.AddWorkerInfo.OnReplyReceived - 1 total (0 active), Execution time: mean = 14.162 us, total = 14.162 us, Queueing time: mean = 30.737 us, max = 30.737 us, min = 30.737 us, total = 30.737 us
	ray::rpc::NodeInfoGcsService.grpc_client.GetAllNodeInfo.OnReplyReceived - 1 total (0 active), Execution time: mean = 54.617 us, total = 54.617 us, Queueing time: mean = 7.447 us, max = 7.447 us, min = 7.447 us, total = 7.447 us
	ray::rpc::InternalPubSubGcsService.grpc_client.GcsSubscriberCommandBatch - 1 total (0 active), Execution time: mean = 480.303 us, total = 480.303 us, Queueing time: mean = 0.000 s, max = -0.000 s, min = 9223372036.855 s, total = 0.000 s

-----------------
Task Event stats:

IO Service Stats:

Global stats: 3418 total (1 active)
Queueing time: mean = 346.931 us, max = 174.456 ms, min = -0.078 s, total = 1.186 s
Execution time:  mean = 221.457 us, total = 756.940 ms
Event stats:
	ray::rpc::TaskInfoGcsService.grpc_client.AddTaskEventData.OnReplyReceived - 1139 total (0 active), Execution time: mean = 17.444 us, total = 19.869 ms, Queueing time: mean = 33.901 us, max = 4.313 ms, min = 6.948 us, total = 38.613 ms
	ray::rpc::TaskInfoGcsService.grpc_client.AddTaskEventData - 1139 total (0 active), Execution time: mean = 538.553 us, total = 613.412 ms, Queueing time: mean = 0.000 s, max = -0.000 s, min = 9223372036.855 s, total = 0.000 s
	CoreWorker.deadline_timer.flush_task_events - 1139 total (1 active), Execution time: mean = 108.424 us, total = 123.495 ms, Queueing time: mean = 1.007 ms, max = 174.456 ms, min = -0.078 s, total = 1.147 s
	PeriodicalRunner.RunFnPeriodically - 1 total (0 active), Execution time: mean = 163.454 us, total = 163.454 us, Queueing time: mean = 39.151 us, max = 39.151 us, min = 39.151 us, total = 39.151 us
Other Stats:
	grpc_in_progress:0
	current number of task status events in buffer: 0
	current number of profile events in buffer: 0
	current number of dropped task attempts tracked: 0
	total task events sent: 0 MiB
	total number of task attempts sent: 0
	total number of task attempts dropped reported: 0
	total number of sent failure: 0
	num status task events dropped: 0
	num profile task events dropped: 0


[2025-02-16 14:56:44,385 I 456 1043] core_worker.cc:642: Event stats:


Global stats: 17186 total (8 active)
Queueing time: mean = 175.900 us, max = 177.917 ms, min = -0.174 s, total = 3.023 s
Execution time:  mean = 69.770 ms, total = 1199.074 s
Event stats:
	CoreWorker.RecoverObjects - 11981 total (1 active), Execution time: mean = 4.528 us, total = 54.255 ms, Queueing time: mean = 161.133 us, max = 174.626 ms, min = -0.026 s, total = 1.931 s
	NodeManagerService.grpc_client.ReportWorkerBacklog.OnReplyReceived - 1200 total (0 active), Execution time: mean = 13.410 us, total = 16.092 ms, Queueing time: mean = 33.463 us, max = 920.323 us, min = 6.104 us, total = 40.155 ms
	CoreWorker.ExitIfParentRayletDies - 1200 total (1 active), Execution time: mean = 5.944 us, total = 7.133 ms, Queueing time: mean = 478.429 us, max = 169.971 ms, min = -0.089 s, total = 574.115 ms
	NodeManagerService.grpc_client.ReportWorkerBacklog - 1200 total (0 active), Execution time: mean = 602.109 us, total = 722.531 ms, Queueing time: mean = 0.000 s, max = -0.000 s, min = 9223372036.855 s, total = 0.000 s
	CoreWorker.InternalHeartbeat - 1200 total (1 active), Execution time: mean = 98.098 us, total = 117.718 ms, Queueing time: mean = 367.164 us, max = 169.885 ms, min = -0.093 s, total = 440.596 ms
	CoreWorker.RecordMetrics - 240 total (1 active), Execution time: mean = 15.962 us, total = 3.831 ms, Queueing time: mean = 73.633 us, max = 177.917 ms, min = -0.174 s, total = 17.672 ms
	CoreWorker.GCStreamingGeneratorMetadata - 120 total (1 active), Execution time: mean = 3.566 us, total = 427.971 us, Queueing time: mean = 107.203 us, max = 10.821 ms, min = -0.007 s, total = 12.864 ms
	CoreWorker.PrintEventStats - 20 total (1 active, 1 running), Execution time: mean = 204.418 us, total = 4.088 ms, Queueing time: mean = 119.839 us, max = 8.194 ms, min = -0.008 s, total = 2.397 ms
	PeriodicalRunner.RunFnPeriodically - 7 total (0 active), Execution time: mean = 46.834 us, total = 327.840 us, Queueing time: mean = 404.448 us, max = 633.863 us, min = 40.968 us, total = 2.831 ms
	Publisher.CheckDeadSubscribers - 5 total (1 active), Execution time: mean = 2.834 us, total = 14.171 us, Queueing time: mean = 254.469 us, max = 3.322 ms, min = -0.003 s, total = 1.272 ms
	ray::rpc::InternalPubSubGcsService.grpc_client.GcsSubscriberPoll - 4 total (1 active), Execution time: mean = 299.536 s, total = 1198.144 s, Queueing time: mean = 0.000 s, max = -0.000 s, min = 9223372036.855 s, total = 0.000 s
	ray::rpc::InternalPubSubGcsService.grpc_client.GcsSubscriberPoll.OnReplyReceived - 3 total (0 active), Execution time: mean = 128.313 us, total = 384.939 us, Queueing time: mean = 80.434 us, max = 119.619 us, min = 42.533 us, total = 241.301 us
	ray::rpc::WorkerInfoGcsService.grpc_client.AddWorkerInfo - 1 total (0 active), Execution time: mean = 462.463 us, total = 462.463 us, Queueing time: mean = 0.000 s, max = -0.000 s, min = 9223372036.855 s, total = 0.000 s
	ray::rpc::NodeInfoGcsService.grpc_client.GetAllNodeInfo - 1 total (0 active), Execution time: mean = 1.749 ms, total = 1.749 ms, Queueing time: mean = 0.000 s, max = -0.000 s, min = 9223372036.855 s, total = 0.000 s
	ray::rpc::InternalPubSubGcsService.grpc_client.GcsSubscriberCommandBatch.OnReplyReceived - 1 total (0 active), Execution time: mean = 120.470 us, total = 120.470 us, Queueing time: mean = 300.011 us, max = 300.011 us, min = 300.011 us, total = 300.011 us
	ray::rpc::WorkerInfoGcsService.grpc_client.AddWorkerInfo.OnReplyReceived - 1 total (0 active), Execution time: mean = 14.162 us, total = 14.162 us, Queueing time: mean = 30.737 us, max = 30.737 us, min = 30.737 us, total = 30.737 us
	ray::rpc::NodeInfoGcsService.grpc_client.GetAllNodeInfo.OnReplyReceived - 1 total (0 active), Execution time: mean = 54.617 us, total = 54.617 us, Queueing time: mean = 7.447 us, max = 7.447 us, min = 7.447 us, total = 7.447 us
	ray::rpc::InternalPubSubGcsService.grpc_client.GcsSubscriberCommandBatch - 1 total (0 active), Execution time: mean = 480.303 us, total = 480.303 us, Queueing time: mean = 0.000 s, max = -0.000 s, min = 9223372036.855 s, total = 0.000 s

-----------------
Task Event stats:

IO Service Stats:

Global stats: 3598 total (1 active)
Queueing time: mean = 352.453 us, max = 174.456 ms, min = -0.078 s, total = 1.268 s
Execution time:  mean = 218.288 us, total = 785.401 ms
Event stats:
	ray::rpc::TaskInfoGcsService.grpc_client.AddTaskEventData.OnReplyReceived - 1199 total (0 active), Execution time: mean = 17.262 us, total = 20.697 ms, Queueing time: mean = 33.281 us, max = 4.313 ms, min = 6.948 us, total = 39.904 ms
	ray::rpc::TaskInfoGcsService.grpc_client.AddTaskEventData - 1199 total (0 active), Execution time: mean = 530.335 us, total = 635.872 ms, Queueing time: mean = 0.000 s, max = -0.000 s, min = 9223372036.855 s, total = 0.000 s
	CoreWorker.deadline_timer.flush_task_events - 1199 total (1 active), Execution time: mean = 107.314 us, total = 128.669 ms, Queueing time: mean = 1.024 ms, max = 174.456 ms, min = -0.078 s, total = 1.228 s
	PeriodicalRunner.RunFnPeriodically - 1 total (0 active), Execution time: mean = 163.454 us, total = 163.454 us, Queueing time: mean = 39.151 us, max = 39.151 us, min = 39.151 us, total = 39.151 us
Other Stats:
	grpc_in_progress:0
	current number of task status events in buffer: 0
	current number of profile events in buffer: 0
	current number of dropped task attempts tracked: 0
	total task events sent: 0 MiB
	total number of task attempts sent: 0
	total number of task attempts dropped reported: 0
	total number of sent failure: 0
	num status task events dropped: 0
	num profile task events dropped: 0


[2025-02-16 14:57:44,385 I 456 1043] core_worker.cc:642: Event stats:


Global stats: 18044 total (8 active)
Queueing time: mean = 181.774 us, max = 177.917 ms, min = -0.174 s, total = 3.280 s
Execution time:  mean = 66.455 ms, total = 1199.108 s
Event stats:
	CoreWorker.RecoverObjects - 12580 total (1 active), Execution time: mean = 4.488 us, total = 56.462 ms, Queueing time: mean = 160.225 us, max = 174.626 ms, min = -0.026 s, total = 2.016 s
	NodeManagerService.grpc_client.ReportWorkerBacklog.OnReplyReceived - 1260 total (0 active), Execution time: mean = 13.299 us, total = 16.756 ms, Queueing time: mean = 32.988 us, max = 920.323 us, min = 6.104 us, total = 41.565 ms
	CoreWorker.ExitIfParentRayletDies - 1260 total (1 active), Execution time: mean = 5.935 us, total = 7.478 ms, Queueing time: mean = 524.147 us, max = 169.971 ms, min = -0.089 s, total = 660.425 ms
	NodeManagerService.grpc_client.ReportWorkerBacklog - 1260 total (0 active), Execution time: mean = 593.913 us, total = 748.330 ms, Queueing time: mean = 0.000 s, max = -0.000 s, min = 9223372036.855 s, total = 0.000 s
	CoreWorker.InternalHeartbeat - 1260 total (1 active), Execution time: mean = 97.487 us, total = 122.834 ms, Queueing time: mean = 414.547 us, max = 169.885 ms, min = -0.093 s, total = 522.330 ms
	CoreWorker.RecordMetrics - 252 total (1 active), Execution time: mean = 15.918 us, total = 4.011 ms, Queueing time: mean = 73.128 us, max = 177.917 ms, min = -0.174 s, total = 18.428 ms
	CoreWorker.GCStreamingGeneratorMetadata - 126 total (1 active), Execution time: mean = 3.534 us, total = 445.320 us, Queueing time: mean = 115.892 us, max = 10.821 ms, min = -0.007 s, total = 14.602 ms
	CoreWorker.PrintEventStats - 21 total (1 active, 1 running), Execution time: mean = 202.437 us, total = 4.251 ms, Queueing time: mean = 107.731 us, max = 8.194 ms, min = -0.008 s, total = 2.262 ms
	PeriodicalRunner.RunFnPeriodically - 7 total (0 active), Execution time: mean = 46.834 us, total = 327.840 us, Queueing time: mean = 404.448 us, max = 633.863 us, min = 40.968 us, total = 2.831 ms
	Publisher.CheckDeadSubscribers - 5 total (1 active), Execution time: mean = 2.834 us, total = 14.171 us, Queueing time: mean = 254.469 us, max = 3.322 ms, min = -0.003 s, total = 1.272 ms
	ray::rpc::InternalPubSubGcsService.grpc_client.GcsSubscriberPoll - 4 total (1 active), Execution time: mean = 299.536 s, total = 1198.144 s, Queueing time: mean = 0.000 s, max = -0.000 s, min = 9223372036.855 s, total = 0.000 s
	ray::rpc::InternalPubSubGcsService.grpc_client.GcsSubscriberPoll.OnReplyReceived - 3 total (0 active), Execution time: mean = 128.313 us, total = 384.939 us, Queueing time: mean = 80.434 us, max = 119.619 us, min = 42.533 us, total = 241.301 us
	ray::rpc::WorkerInfoGcsService.grpc_client.AddWorkerInfo - 1 total (0 active), Execution time: mean = 462.463 us, total = 462.463 us, Queueing time: mean = 0.000 s, max = -0.000 s, min = 9223372036.855 s, total = 0.000 s
	ray::rpc::NodeInfoGcsService.grpc_client.GetAllNodeInfo - 1 total (0 active), Execution time: mean = 1.749 ms, total = 1.749 ms, Queueing time: mean = 0.000 s, max = -0.000 s, min = 9223372036.855 s, total = 0.000 s
	ray::rpc::InternalPubSubGcsService.grpc_client.GcsSubscriberCommandBatch.OnReplyReceived - 1 total (0 active), Execution time: mean = 120.470 us, total = 120.470 us, Queueing time: mean = 300.011 us, max = 300.011 us, min = 300.011 us, total = 300.011 us
	ray::rpc::WorkerInfoGcsService.grpc_client.AddWorkerInfo.OnReplyReceived - 1 total (0 active), Execution time: mean = 14.162 us, total = 14.162 us, Queueing time: mean = 30.737 us, max = 30.737 us, min = 30.737 us, total = 30.737 us
	ray::rpc::NodeInfoGcsService.grpc_client.GetAllNodeInfo.OnReplyReceived - 1 total (0 active), Execution time: mean = 54.617 us, total = 54.617 us, Queueing time: mean = 7.447 us, max = 7.447 us, min = 7.447 us, total = 7.447 us
	ray::rpc::InternalPubSubGcsService.grpc_client.GcsSubscriberCommandBatch - 1 total (0 active), Execution time: mean = 480.303 us, total = 480.303 us, Queueing time: mean = 0.000 s, max = -0.000 s, min = 9223372036.855 s, total = 0.000 s

-----------------
Task Event stats:

IO Service Stats:

Global stats: 3778 total (1 active)
Queueing time: mean = 357.424 us, max = 174.456 ms, min = -0.078 s, total = 1.350 s
Execution time:  mean = 215.612 us, total = 814.580 ms
Event stats:
	ray::rpc::TaskInfoGcsService.grpc_client.AddTaskEventData.OnReplyReceived - 1259 total (0 active), Execution time: mean = 17.121 us, total = 21.556 ms, Queueing time: mean = 33.036 us, max = 4.313 ms, min = 6.948 us, total = 41.592 ms
	ray::rpc::TaskInfoGcsService.grpc_client.AddTaskEventData - 1259 total (0 active), Execution time: mean = 523.396 us, total = 658.955 ms, Queueing time: mean = 0.000 s, max = -0.000 s, min = 9223372036.855 s, total = 0.000 s
	CoreWorker.deadline_timer.flush_task_events - 1259 total (1 active), Execution time: mean = 106.359 us, total = 133.906 ms, Queueing time: mean = 1.039 ms, max = 174.456 ms, min = -0.078 s, total = 1.309 s
	PeriodicalRunner.RunFnPeriodically - 1 total (0 active), Execution time: mean = 163.454 us, total = 163.454 us, Queueing time: mean = 39.151 us, max = 39.151 us, min = 39.151 us, total = 39.151 us
Other Stats:
	grpc_in_progress:0
	current number of task status events in buffer: 0
	current number of profile events in buffer: 0
	current number of dropped task attempts tracked: 0
	total task events sent: 0 MiB
	total number of task attempts sent: 0
	total number of task attempts dropped reported: 0
	total number of sent failure: 0
	num status task events dropped: 0
	num profile task events dropped: 0


[2025-02-16 14:58:44,385 I 456 1043] core_worker.cc:642: Event stats:


Global stats: 18902 total (8 active)
Queueing time: mean = 186.213 us, max = 177.917 ms, min = -0.174 s, total = 3.520 s
Execution time:  mean = 63.440 ms, total = 1199.139 s
Event stats:
	CoreWorker.RecoverObjects - 13179 total (1 active), Execution time: mean = 4.465 us, total = 58.845 ms, Queueing time: mean = 159.128 us, max = 174.626 ms, min = -0.026 s, total = 2.097 s
	NodeManagerService.grpc_client.ReportWorkerBacklog.OnReplyReceived - 1320 total (0 active), Execution time: mean = 13.158 us, total = 17.368 ms, Queueing time: mean = 32.497 us, max = 920.323 us, min = 6.104 us, total = 42.896 ms
	CoreWorker.ExitIfParentRayletDies - 1320 total (1 active), Execution time: mean = 5.907 us, total = 7.797 ms, Queueing time: mean = 561.672 us, max = 169.971 ms, min = -0.089 s, total = 741.408 ms
	NodeManagerService.grpc_client.ReportWorkerBacklog - 1320 total (0 active), Execution time: mean = 584.133 us, total = 771.056 ms, Queueing time: mean = 0.000 s, max = -0.000 s, min = 9223372036.855 s, total = 0.000 s
	CoreWorker.InternalHeartbeat - 1320 total (1 active), Execution time: mean = 96.627 us, total = 127.548 ms, Queueing time: mean = 453.282 us, max = 169.885 ms, min = -0.093 s, total = 598.333 ms
	CoreWorker.RecordMetrics - 264 total (1 active), Execution time: mean = 15.869 us, total = 4.189 ms, Queueing time: mean = 70.699 us, max = 177.917 ms, min = -0.174 s, total = 18.664 ms
	CoreWorker.GCStreamingGeneratorMetadata - 132 total (1 active), Execution time: mean = 3.526 us, total = 465.463 us, Queueing time: mean = 108.077 us, max = 10.821 ms, min = -0.007 s, total = 14.266 ms
	CoreWorker.PrintEventStats - 22 total (1 active, 1 running), Execution time: mean = 200.250 us, total = 4.405 ms, Queueing time: mean = 108.845 us, max = 8.194 ms, min = -0.008 s, total = 2.395 ms
	PeriodicalRunner.RunFnPeriodically - 7 total (0 active), Execution time: mean = 46.834 us, total = 327.840 us, Queueing time: mean = 404.448 us, max = 633.863 us, min = 40.968 us, total = 2.831 ms
	Publisher.CheckDeadSubscribers - 5 total (1 active), Execution time: mean = 2.834 us, total = 14.171 us, Queueing time: mean = 254.469 us, max = 3.322 ms, min = -0.003 s, total = 1.272 ms
	ray::rpc::InternalPubSubGcsService.grpc_client.GcsSubscriberPoll - 4 total (1 active), Execution time: mean = 299.536 s, total = 1198.144 s, Queueing time: mean = 0.000 s, max = -0.000 s, min = 9223372036.855 s, total = 0.000 s
	ray::rpc::InternalPubSubGcsService.grpc_client.GcsSubscriberPoll.OnReplyReceived - 3 total (0 active), Execution time: mean = 128.313 us, total = 384.939 us, Queueing time: mean = 80.434 us, max = 119.619 us, min = 42.533 us, total = 241.301 us
	ray::rpc::WorkerInfoGcsService.grpc_client.AddWorkerInfo - 1 total (0 active), Execution time: mean = 462.463 us, total = 462.463 us, Queueing time: mean = 0.000 s, max = -0.000 s, min = 9223372036.855 s, total = 0.000 s
	ray::rpc::NodeInfoGcsService.grpc_client.GetAllNodeInfo - 1 total (0 active), Execution time: mean = 1.749 ms, total = 1.749 ms, Queueing time: mean = 0.000 s, max = -0.000 s, min = 9223372036.855 s, total = 0.000 s
	ray::rpc::InternalPubSubGcsService.grpc_client.GcsSubscriberCommandBatch.OnReplyReceived - 1 total (0 active), Execution time: mean = 120.470 us, total = 120.470 us, Queueing time: mean = 300.011 us, max = 300.011 us, min = 300.011 us, total = 300.011 us
	ray::rpc::WorkerInfoGcsService.grpc_client.AddWorkerInfo.OnReplyReceived - 1 total (0 active), Execution time: mean = 14.162 us, total = 14.162 us, Queueing time: mean = 30.737 us, max = 30.737 us, min = 30.737 us, total = 30.737 us
	ray::rpc::NodeInfoGcsService.grpc_client.GetAllNodeInfo.OnReplyReceived - 1 total (0 active), Execution time: mean = 54.617 us, total = 54.617 us, Queueing time: mean = 7.447 us, max = 7.447 us, min = 7.447 us, total = 7.447 us
	ray::rpc::InternalPubSubGcsService.grpc_client.GcsSubscriberCommandBatch - 1 total (0 active), Execution time: mean = 480.303 us, total = 480.303 us, Queueing time: mean = 0.000 s, max = -0.000 s, min = 9223372036.855 s, total = 0.000 s

-----------------
Task Event stats:

IO Service Stats:

Global stats: 3958 total (1 active)
Queueing time: mean = 360.772 us, max = 174.456 ms, min = -0.078 s, total = 1.428 s
Execution time:  mean = 213.238 us, total = 843.995 ms
Event stats:
	ray::rpc::TaskInfoGcsService.grpc_client.AddTaskEventData.OnReplyReceived - 1319 total (0 active), Execution time: mean = 16.969 us, total = 22.382 ms, Queueing time: mean = 32.615 us, max = 4.313 ms, min = 6.948 us, total = 43.019 ms
	ray::rpc::TaskInfoGcsService.grpc_client.AddTaskEventData - 1319 total (0 active), Execution time: mean = 517.278 us, total = 682.290 ms, Queueing time: mean = 0.000 s, max = -0.000 s, min = 9223372036.855 s, total = 0.000 s
	CoreWorker.deadline_timer.flush_task_events - 1319 total (1 active), Execution time: mean = 105.504 us, total = 139.160 ms, Queueing time: mean = 1.050 ms, max = 174.456 ms, min = -0.078 s, total = 1.385 s
	PeriodicalRunner.RunFnPeriodically - 1 total (0 active), Execution time: mean = 163.454 us, total = 163.454 us, Queueing time: mean = 39.151 us, max = 39.151 us, min = 39.151 us, total = 39.151 us
Other Stats:
	grpc_in_progress:0
	current number of task status events in buffer: 0
	current number of profile events in buffer: 0
	current number of dropped task attempts tracked: 0
	total task events sent: 0 MiB
	total number of task attempts sent: 0
	total number of task attempts dropped reported: 0
	total number of sent failure: 0
	num status task events dropped: 0
	num profile task events dropped: 0


[2025-02-16 14:59:44,385 I 456 1043] core_worker.cc:642: Event stats:


Global stats: 19760 total (8 active)
Queueing time: mean = 190.723 us, max = 177.917 ms, min = -0.174 s, total = 3.769 s
Execution time:  mean = 60.687 ms, total = 1199.170 s
Event stats:
	CoreWorker.RecoverObjects - 13778 total (1 active), Execution time: mean = 4.429 us, total = 61.028 ms, Queueing time: mean = 158.151 us, max = 174.626 ms, min = -0.026 s, total = 2.179 s
	NodeManagerService.grpc_client.ReportWorkerBacklog.OnReplyReceived - 1380 total (0 active), Execution time: mean = 13.038 us, total = 17.992 ms, Queueing time: mean = 32.144 us, max = 920.323 us, min = 6.104 us, total = 44.359 ms
	CoreWorker.ExitIfParentRayletDies - 1380 total (1 active), Execution time: mean = 5.885 us, total = 8.122 ms, Queueing time: mean = 598.047 us, max = 169.971 ms, min = -0.089 s, total = 825.305 ms
	NodeManagerService.grpc_client.ReportWorkerBacklog - 1380 total (0 active), Execution time: mean = 574.799 us, total = 793.223 ms, Queueing time: mean = 0.000 s, max = -0.000 s, min = 9223372036.855 s, total = 0.000 s
	CoreWorker.InternalHeartbeat - 1380 total (1 active), Execution time: mean = 95.784 us, total = 132.181 ms, Queueing time: mean = 491.332 us, max = 169.885 ms, min = -0.093 s, total = 678.038 ms
	CoreWorker.RecordMetrics - 276 total (1 active), Execution time: mean = 15.807 us, total = 4.363 ms, Queueing time: mean = 71.505 us, max = 177.917 ms, min = -0.174 s, total = 19.735 ms
	CoreWorker.GCStreamingGeneratorMetadata - 138 total (1 active), Execution time: mean = 3.497 us, total = 482.633 us, Queueing time: mean = 109.682 us, max = 10.821 ms, min = -0.007 s, total = 15.136 ms
	CoreWorker.PrintEventStats - 23 total (1 active, 1 running), Execution time: mean = 199.950 us, total = 4.599 ms, Queueing time: mean = 105.307 us, max = 8.194 ms, min = -0.008 s, total = 2.422 ms
	PeriodicalRunner.RunFnPeriodically - 7 total (0 active), Execution time: mean = 46.834 us, total = 327.840 us, Queueing time: mean = 404.448 us, max = 633.863 us, min = 40.968 us, total = 2.831 ms
	Publisher.CheckDeadSubscribers - 5 total (1 active), Execution time: mean = 2.834 us, total = 14.171 us, Queueing time: mean = 254.469 us, max = 3.322 ms, min = -0.003 s, total = 1.272 ms
	ray::rpc::InternalPubSubGcsService.grpc_client.GcsSubscriberPoll - 4 total (1 active), Execution time: mean = 299.536 s, total = 1198.144 s, Queueing time: mean = 0.000 s, max = -0.000 s, min = 9223372036.855 s, total = 0.000 s
	ray::rpc::InternalPubSubGcsService.grpc_client.GcsSubscriberPoll.OnReplyReceived - 3 total (0 active), Execution time: mean = 128.313 us, total = 384.939 us, Queueing time: mean = 80.434 us, max = 119.619 us, min = 42.533 us, total = 241.301 us
	ray::rpc::WorkerInfoGcsService.grpc_client.AddWorkerInfo - 1 total (0 active), Execution time: mean = 462.463 us, total = 462.463 us, Queueing time: mean = 0.000 s, max = -0.000 s, min = 9223372036.855 s, total = 0.000 s
	ray::rpc::NodeInfoGcsService.grpc_client.GetAllNodeInfo - 1 total (0 active), Execution time: mean = 1.749 ms, total = 1.749 ms, Queueing time: mean = 0.000 s, max = -0.000 s, min = 9223372036.855 s, total = 0.000 s
	ray::rpc::InternalPubSubGcsService.grpc_client.GcsSubscriberCommandBatch.OnReplyReceived - 1 total (0 active), Execution time: mean = 120.470 us, total = 120.470 us, Queueing time: mean = 300.011 us, max = 300.011 us, min = 300.011 us, total = 300.011 us
	ray::rpc::WorkerInfoGcsService.grpc_client.AddWorkerInfo.OnReplyReceived - 1 total (0 active), Execution time: mean = 14.162 us, total = 14.162 us, Queueing time: mean = 30.737 us, max = 30.737 us, min = 30.737 us, total = 30.737 us
	ray::rpc::NodeInfoGcsService.grpc_client.GetAllNodeInfo.OnReplyReceived - 1 total (0 active), Execution time: mean = 54.617 us, total = 54.617 us, Queueing time: mean = 7.447 us, max = 7.447 us, min = 7.447 us, total = 7.447 us
	ray::rpc::InternalPubSubGcsService.grpc_client.GcsSubscriberCommandBatch - 1 total (0 active), Execution time: mean = 480.303 us, total = 480.303 us, Queueing time: mean = 0.000 s, max = -0.000 s, min = 9223372036.855 s, total = 0.000 s

-----------------
Task Event stats:

IO Service Stats:

Global stats: 4138 total (1 active)
Queueing time: mean = 364.495 us, max = 174.456 ms, min = -0.078 s, total = 1.508 s
Execution time:  mean = 210.334 us, total = 870.363 ms
Event stats:
	ray::rpc::TaskInfoGcsService.grpc_client.AddTaskEventData.OnReplyReceived - 1379 total (0 active), Execution time: mean = 16.784 us, total = 23.145 ms, Queueing time: mean = 32.446 us, max = 4.313 ms, min = 6.948 us, total = 44.744 ms
	ray::rpc::TaskInfoGcsService.grpc_client.AddTaskEventData - 1379 total (0 active), Execution time: mean = 509.810 us, total = 703.029 ms, Queueing time: mean = 0.000 s, max = -0.000 s, min = 9223372036.855 s, total = 0.000 s
	CoreWorker.deadline_timer.flush_task_events - 1379 total (1 active), Execution time: mean = 104.442 us, total = 144.026 ms, Queueing time: mean = 1.061 ms, max = 174.456 ms, min = -0.078 s, total = 1.463 s
	PeriodicalRunner.RunFnPeriodically - 1 total (0 active), Execution time: mean = 163.454 us, total = 163.454 us, Queueing time: mean = 39.151 us, max = 39.151 us, min = 39.151 us, total = 39.151 us
Other Stats:
	grpc_in_progress:0
	current number of task status events in buffer: 0
	current number of profile events in buffer: 0
	current number of dropped task attempts tracked: 0
	total task events sent: 0 MiB
	total number of task attempts sent: 0
	total number of task attempts dropped reported: 0
	total number of sent failure: 0
	num status task events dropped: 0
	num profile task events dropped: 0


[2025-02-16 15:00:44,386 I 456 1043] core_worker.cc:642: Event stats:


Global stats: 20619 total (8 active)
Queueing time: mean = 194.105 us, max = 177.917 ms, min = -0.174 s, total = 4.002 s
Execution time:  mean = 58.160 ms, total = 1199.200 s
Event stats:
	CoreWorker.RecoverObjects - 14378 total (1 active), Execution time: mean = 4.397 us, total = 63.226 ms, Queueing time: mean = 156.989 us, max = 174.626 ms, min = -0.026 s, total = 2.257 s
	NodeManagerService.grpc_client.ReportWorkerBacklog.OnReplyReceived - 1440 total (0 active), Execution time: mean = 13.044 us, total = 18.783 ms, Queueing time: mean = 31.681 us, max = 920.323 us, min = 6.104 us, total = 45.621 ms
	CoreWorker.ExitIfParentRayletDies - 1440 total (1 active), Execution time: mean = 5.874 us, total = 8.459 ms, Queueing time: mean = 627.584 us, max = 169.971 ms, min = -0.089 s, total = 903.722 ms
	NodeManagerService.grpc_client.ReportWorkerBacklog - 1440 total (0 active), Execution time: mean = 566.131 us, total = 815.228 ms, Queueing time: mean = 0.000 s, max = -0.000 s, min = 9223372036.855 s, total = 0.000 s
	CoreWorker.InternalHeartbeat - 1440 total (1 active), Execution time: mean = 95.084 us, total = 136.922 ms, Queueing time: mean = 522.366 us, max = 169.885 ms, min = -0.093 s, total = 752.207 ms
	CoreWorker.RecordMetrics - 288 total (1 active), Execution time: mean = 15.752 us, total = 4.537 ms, Queueing time: mean = 69.655 us, max = 177.917 ms, min = -0.174 s, total = 20.061 ms
	CoreWorker.GCStreamingGeneratorMetadata - 144 total (1 active), Execution time: mean = 3.515 us, total = 506.172 us, Queueing time: mean = 113.374 us, max = 10.821 ms, min = -0.007 s, total = 16.326 ms
	CoreWorker.PrintEventStats - 24 total (1 active, 1 running), Execution time: mean = 198.616 us, total = 4.767 ms, Queueing time: mean = 102.369 us, max = 8.194 ms, min = -0.008 s, total = 2.457 ms
	PeriodicalRunner.RunFnPeriodically - 7 total (0 active), Execution time: mean = 46.834 us, total = 327.840 us, Queueing time: mean = 404.448 us, max = 633.863 us, min = 40.968 us, total = 2.831 ms
	Publisher.CheckDeadSubscribers - 5 total (1 active), Execution time: mean = 2.834 us, total = 14.171 us, Queueing time: mean = 254.469 us, max = 3.322 ms, min = -0.003 s, total = 1.272 ms
	ray::rpc::InternalPubSubGcsService.grpc_client.GcsSubscriberPoll - 4 total (1 active), Execution time: mean = 299.536 s, total = 1198.144 s, Queueing time: mean = 0.000 s, max = -0.000 s, min = 9223372036.855 s, total = 0.000 s
	ray::rpc::InternalPubSubGcsService.grpc_client.GcsSubscriberPoll.OnReplyReceived - 3 total (0 active), Execution time: mean = 128.313 us, total = 384.939 us, Queueing time: mean = 80.434 us, max = 119.619 us, min = 42.533 us, total = 241.301 us
	ray::rpc::WorkerInfoGcsService.grpc_client.AddWorkerInfo - 1 total (0 active), Execution time: mean = 462.463 us, total = 462.463 us, Queueing time: mean = 0.000 s, max = -0.000 s, min = 9223372036.855 s, total = 0.000 s
	ray::rpc::NodeInfoGcsService.grpc_client.GetAllNodeInfo - 1 total (0 active), Execution time: mean = 1.749 ms, total = 1.749 ms, Queueing time: mean = 0.000 s, max = -0.000 s, min = 9223372036.855 s, total = 0.000 s
	ray::rpc::InternalPubSubGcsService.grpc_client.GcsSubscriberCommandBatch.OnReplyReceived - 1 total (0 active), Execution time: mean = 120.470 us, total = 120.470 us, Queueing time: mean = 300.011 us, max = 300.011 us, min = 300.011 us, total = 300.011 us
	ray::rpc::WorkerInfoGcsService.grpc_client.AddWorkerInfo.OnReplyReceived - 1 total (0 active), Execution time: mean = 14.162 us, total = 14.162 us, Queueing time: mean = 30.737 us, max = 30.737 us, min = 30.737 us, total = 30.737 us
	ray::rpc::NodeInfoGcsService.grpc_client.GetAllNodeInfo.OnReplyReceived - 1 total (0 active), Execution time: mean = 54.617 us, total = 54.617 us, Queueing time: mean = 7.447 us, max = 7.447 us, min = 7.447 us, total = 7.447 us
	ray::rpc::InternalPubSubGcsService.grpc_client.GcsSubscriberCommandBatch - 1 total (0 active), Execution time: mean = 480.303 us, total = 480.303 us, Queueing time: mean = 0.000 s, max = -0.000 s, min = 9223372036.855 s, total = 0.000 s

-----------------
Task Event stats:

IO Service Stats:

Global stats: 4318 total (1 active)
Queueing time: mean = 366.538 us, max = 174.456 ms, min = -0.078 s, total = 1.583 s
Execution time:  mean = 207.822 us, total = 897.374 ms
Event stats:
	ray::rpc::TaskInfoGcsService.grpc_client.AddTaskEventData.OnReplyReceived - 1439 total (0 active), Execution time: mean = 16.571 us, total = 23.846 ms, Queueing time: mean = 32.057 us, max = 4.313 ms, min = 6.948 us, total = 46.130 ms
	ray::rpc::TaskInfoGcsService.grpc_client.AddTaskEventData - 1439 total (0 active), Execution time: mean = 503.221 us, total = 724.134 ms, Queueing time: mean = 0.000 s, max = -0.000 s, min = 9223372036.855 s, total = 0.000 s
	CoreWorker.deadline_timer.flush_task_events - 1439 total (1 active), Execution time: mean = 103.704 us, total = 149.230 ms, Queueing time: mean = 1.068 ms, max = 174.456 ms, min = -0.078 s, total = 1.537 s
	PeriodicalRunner.RunFnPeriodically - 1 total (0 active), Execution time: mean = 163.454 us, total = 163.454 us, Queueing time: mean = 39.151 us, max = 39.151 us, min = 39.151 us, total = 39.151 us
Other Stats:
	grpc_in_progress:0
	current number of task status events in buffer: 0
	current number of profile events in buffer: 0
	current number of dropped task attempts tracked: 0
	total task events sent: 0 MiB
	total number of task attempts sent: 0
	total number of task attempts dropped reported: 0
	total number of sent failure: 0
	num status task events dropped: 0
	num profile task events dropped: 0


[2025-02-16 15:01:44,386 I 456 1043] core_worker.cc:642: Event stats:


Global stats: 21480 total (8 active)
Queueing time: mean = 196.969 us, max = 177.917 ms, min = -0.174 s, total = 4.231 s
Execution time:  mean = 69.815 ms, total = 1499.625 s
Event stats:
	CoreWorker.RecoverObjects - 14977 total (1 active), Execution time: mean = 4.372 us, total = 65.475 ms, Queueing time: mean = 155.776 us, max = 174.626 ms, min = -0.026 s, total = 2.333 s
	NodeManagerService.grpc_client.ReportWorkerBacklog.OnReplyReceived - 1500 total (0 active), Execution time: mean = 12.981 us, total = 19.472 ms, Queueing time: mean = 31.529 us, max = 920.323 us, min = 6.104 us, total = 47.294 ms
	CoreWorker.ExitIfParentRayletDies - 1500 total (1 active), Execution time: mean = 5.861 us, total = 8.792 ms, Queueing time: mean = 654.353 us, max = 169.971 ms, min = -0.089 s, total = 981.530 ms
	NodeManagerService.grpc_client.ReportWorkerBacklog - 1500 total (0 active), Execution time: mean = 558.040 us, total = 837.060 ms, Queueing time: mean = 0.000 s, max = -0.000 s, min = 9223372036.855 s, total = 0.000 s
	CoreWorker.InternalHeartbeat - 1500 total (1 active), Execution time: mean = 94.376 us, total = 141.564 ms, Queueing time: mean = 550.407 us, max = 169.885 ms, min = -0.093 s, total = 825.611 ms
	CoreWorker.RecordMetrics - 300 total (1 active), Execution time: mean = 15.645 us, total = 4.693 ms, Queueing time: mean = 70.105 us, max = 177.917 ms, min = -0.174 s, total = 21.032 ms
	CoreWorker.GCStreamingGeneratorMetadata - 150 total (1 active), Execution time: mean = 3.531 us, total = 529.578 us, Queueing time: mean = 99.227 us, max = 10.821 ms, min = -0.007 s, total = 14.884 ms
	CoreWorker.PrintEventStats - 25 total (1 active, 1 running), Execution time: mean = 198.712 us, total = 4.968 ms, Queueing time: mean = 105.452 us, max = 8.194 ms, min = -0.008 s, total = 2.636 ms
	PeriodicalRunner.RunFnPeriodically - 7 total (0 active), Execution time: mean = 46.834 us, total = 327.840 us, Queueing time: mean = 404.448 us, max = 633.863 us, min = 40.968 us, total = 2.831 ms
	Publisher.CheckDeadSubscribers - 6 total (1 active), Execution time: mean = 3.231 us, total = 19.388 us, Queueing time: mean = 228.204 us, max = 3.322 ms, min = -0.003 s, total = 1.369 ms
	ray::rpc::InternalPubSubGcsService.grpc_client.GcsSubscriberPoll - 5 total (1 active), Execution time: mean = 299.708 s, total = 1498.538 s, Queueing time: mean = 0.000 s, max = -0.000 s, min = 9223372036.855 s, total = 0.000 s
	ray::rpc::InternalPubSubGcsService.grpc_client.GcsSubscriberPoll.OnReplyReceived - 4 total (0 active), Execution time: mean = 117.951 us, total = 471.804 us, Queueing time: mean = 78.984 us, max = 119.619 us, min = 42.533 us, total = 315.936 us
	ray::rpc::WorkerInfoGcsService.grpc_client.AddWorkerInfo - 1 total (0 active), Execution time: mean = 462.463 us, total = 462.463 us, Queueing time: mean = 0.000 s, max = -0.000 s, min = 9223372036.855 s, total = 0.000 s
	ray::rpc::NodeInfoGcsService.grpc_client.GetAllNodeInfo - 1 total (0 active), Execution time: mean = 1.749 ms, total = 1.749 ms, Queueing time: mean = 0.000 s, max = -0.000 s, min = 9223372036.855 s, total = 0.000 s
	ray::rpc::InternalPubSubGcsService.grpc_client.GcsSubscriberCommandBatch.OnReplyReceived - 1 total (0 active), Execution time: mean = 120.470 us, total = 120.470 us, Queueing time: mean = 300.011 us, max = 300.011 us, min = 300.011 us, total = 300.011 us
	ray::rpc::WorkerInfoGcsService.grpc_client.AddWorkerInfo.OnReplyReceived - 1 total (0 active), Execution time: mean = 14.162 us, total = 14.162 us, Queueing time: mean = 30.737 us, max = 30.737 us, min = 30.737 us, total = 30.737 us
	ray::rpc::NodeInfoGcsService.grpc_client.GetAllNodeInfo.OnReplyReceived - 1 total (0 active), Execution time: mean = 54.617 us, total = 54.617 us, Queueing time: mean = 7.447 us, max = 7.447 us, min = 7.447 us, total = 7.447 us
	ray::rpc::InternalPubSubGcsService.grpc_client.GcsSubscriberCommandBatch - 1 total (0 active), Execution time: mean = 480.303 us, total = 480.303 us, Queueing time: mean = 0.000 s, max = -0.000 s, min = 9223372036.855 s, total = 0.000 s

-----------------
Task Event stats:

IO Service Stats:

Global stats: 4498 total (1 active)
Queueing time: mean = 368.364 us, max = 174.456 ms, min = -0.078 s, total = 1.657 s
Execution time:  mean = 205.904 us, total = 926.157 ms
Event stats:
	ray::rpc::TaskInfoGcsService.grpc_client.AddTaskEventData.OnReplyReceived - 1499 total (0 active), Execution time: mean = 16.396 us, total = 24.578 ms, Queueing time: mean = 31.574 us, max = 4.313 ms, min = 6.948 us, total = 47.330 ms
	ray::rpc::TaskInfoGcsService.grpc_client.AddTaskEventData - 1499 total (0 active), Execution time: mean = 498.472 us, total = 747.210 ms, Queueing time: mean = 0.000 s, max = -0.000 s, min = 9223372036.855 s, total = 0.000 s
	CoreWorker.deadline_timer.flush_task_events - 1499 total (1 active), Execution time: mean = 102.873 us, total = 154.206 ms, Queueing time: mean = 1.074 ms, max = 174.456 ms, min = -0.078 s, total = 1.610 s
	PeriodicalRunner.RunFnPeriodically - 1 total (0 active), Execution time: mean = 163.454 us, total = 163.454 us, Queueing time: mean = 39.151 us, max = 39.151 us, min = 39.151 us, total = 39.151 us
Other Stats:
	grpc_in_progress:0
	current number of task status events in buffer: 0
	current number of profile events in buffer: 0
	current number of dropped task attempts tracked: 0
	total task events sent: 0 MiB
	total number of task attempts sent: 0
	total number of task attempts dropped reported: 0
	total number of sent failure: 0
	num status task events dropped: 0
	num profile task events dropped: 0


[2025-02-16 15:02:44,386 I 456 1043] core_worker.cc:642: Event stats:


Global stats: 22335 total (7 active)
Queueing time: mean = 201.271 us, max = 177.917 ms, min = -0.174 s, total = 4.495 s
Execution time:  mean = 69.859 ms, total = 1560.310 s
Event stats:
	CoreWorker.RecoverObjects - 15576 total (1 active), Execution time: mean = 4.355 us, total = 67.829 ms, Queueing time: mean = 155.421 us, max = 174.626 ms, min = -0.026 s, total = 2.421 s
	NodeManagerService.grpc_client.ReportWorkerBacklog.OnReplyReceived - 1559 total (0 active), Execution time: mean = 12.940 us, total = 20.173 ms, Queueing time: mean = 31.372 us, max = 920.323 us, min = 6.104 us, total = 48.909 ms
	CoreWorker.ExitIfParentRayletDies - 1559 total (1 active), Execution time: mean = 5.863 us, total = 9.140 ms, Queueing time: mean = 686.450 us, max = 169.971 ms, min = -0.089 s, total = 1.070 s
	NodeManagerService.grpc_client.ReportWorkerBacklog - 1559 total (0 active), Execution time: mean = 553.578 us, total = 863.029 ms, Queueing time: mean = 0.000 s, max = -0.000 s, min = 9223372036.855 s, total = 0.000 s
	CoreWorker.InternalHeartbeat - 1559 total (1 active), Execution time: mean = 94.017 us, total = 146.572 ms, Queueing time: mean = 583.503 us, max = 169.885 ms, min = -0.093 s, total = 909.680 ms
	CoreWorker.RecordMetrics - 312 total (1 active), Execution time: mean = 15.542 us, total = 4.849 ms, Queueing time: mean = 67.708 us, max = 177.917 ms, min = -0.174 s, total = 21.125 ms
	CoreWorker.GCStreamingGeneratorMetadata - 156 total (1 active), Execution time: mean = 3.551 us, total = 554.028 us, Queueing time: mean = 108.344 us, max = 10.821 ms, min = -0.007 s, total = 16.902 ms
	CoreWorker.PrintEventStats - 26 total (1 active, 1 running), Execution time: mean = 199.638 us, total = 5.191 ms, Queueing time: mean = 103.719 us, max = 8.194 ms, min = -0.008 s, total = 2.697 ms
	PeriodicalRunner.RunFnPeriodically - 7 total (0 active), Execution time: mean = 46.834 us, total = 327.840 us, Queueing time: mean = 404.448 us, max = 633.863 us, min = 40.968 us, total = 2.831 ms
	Publisher.CheckDeadSubscribers - 6 total (1 active), Execution time: mean = 3.231 us, total = 19.388 us, Queueing time: mean = 228.204 us, max = 3.322 ms, min = -0.003 s, total = 1.369 ms
	ray::rpc::InternalPubSubGcsService.grpc_client.GcsSubscriberPoll - 5 total (0 active), Execution time: mean = 311.838 s, total = 1559.188 s, Queueing time: mean = 0.000 s, max = -0.000 s, min = 9223372036.855 s, total = 0.000 s
	ray::rpc::InternalPubSubGcsService.grpc_client.GcsSubscriberPoll.OnReplyReceived - 5 total (0 active), Execution time: mean = 391.385 us, total = 1.957 ms, Queueing time: mean = 105.418 us, max = 211.153 us, min = 42.533 us, total = 527.089 us
	ray::rpc::WorkerInfoGcsService.grpc_client.AddWorkerInfo - 1 total (0 active), Execution time: mean = 462.463 us, total = 462.463 us, Queueing time: mean = 0.000 s, max = -0.000 s, min = 9223372036.855 s, total = 0.000 s
	ray::rpc::NodeInfoGcsService.grpc_client.GetAllNodeInfo - 1 total (0 active), Execution time: mean = 1.749 ms, total = 1.749 ms, Queueing time: mean = 0.000 s, max = -0.000 s, min = 9223372036.855 s, total = 0.000 s
	ray::rpc::InternalPubSubGcsService.grpc_client.GcsSubscriberCommandBatch.OnReplyReceived - 1 total (0 active), Execution time: mean = 120.470 us, total = 120.470 us, Queueing time: mean = 300.011 us, max = 300.011 us, min = 300.011 us, total = 300.011 us
	ray::rpc::WorkerInfoGcsService.grpc_client.AddWorkerInfo.OnReplyReceived - 1 total (0 active), Execution time: mean = 14.162 us, total = 14.162 us, Queueing time: mean = 30.737 us, max = 30.737 us, min = 30.737 us, total = 30.737 us
	ray::rpc::NodeInfoGcsService.grpc_client.GetAllNodeInfo.OnReplyReceived - 1 total (0 active), Execution time: mean = 54.617 us, total = 54.617 us, Queueing time: mean = 7.447 us, max = 7.447 us, min = 7.447 us, total = 7.447 us
	ray::rpc::InternalPubSubGcsService.grpc_client.GcsSubscriberCommandBatch - 1 total (0 active), Execution time: mean = 480.303 us, total = 480.303 us, Queueing time: mean = 0.000 s, max = -0.000 s, min = 9223372036.855 s, total = 0.000 s

-----------------
Task Event stats:

IO Service Stats:

Global stats: 4678 total (1 active)
Queueing time: mean = 372.239 us, max = 174.456 ms, min = -0.078 s, total = 1.741 s
Execution time:  mean = 204.099 us, total = 954.773 ms
Event stats:
	ray::rpc::TaskInfoGcsService.grpc_client.AddTaskEventData.OnReplyReceived - 1559 total (0 active), Execution time: mean = 16.330 us, total = 25.458 ms, Queueing time: mean = 31.233 us, max = 4.313 ms, min = 6.948 us, total = 48.692 ms
	ray::rpc::TaskInfoGcsService.grpc_client.AddTaskEventData - 1559 total (0 active), Execution time: mean = 493.530 us, total = 769.413 ms, Queueing time: mean = 0.000 s, max = -0.000 s, min = 9223372036.855 s, total = 0.000 s
	CoreWorker.deadline_timer.flush_task_events - 1559 total (1 active), Execution time: mean = 102.462 us, total = 159.739 ms, Queueing time: mean = 1.086 ms, max = 174.456 ms, min = -0.078 s, total = 1.693 s
	PeriodicalRunner.RunFnPeriodically - 1 total (0 active), Execution time: mean = 163.454 us, total = 163.454 us, Queueing time: mean = 39.151 us, max = 39.151 us, min = 39.151 us, total = 39.151 us
Other Stats:
	grpc_in_progress:1
	current number of task status events in buffer: 0
	current number of profile events in buffer: 0
	current number of dropped task attempts tracked: 0
	total task events sent: 0 MiB
	total number of task attempts sent: 0
	total number of task attempts dropped reported: 0
	total number of sent failure: 0
	num status task events dropped: 0
	num profile task events dropped: 0


[2025-02-16 15:02:44,434 I 456 1043] raylet_client.cc:369: Error reporting task backlog information: RpcError: RPC Error message: failed to connect to all addresses; last error: UNKNOWN: ipv4:172.19.0.2:39851: Failed to connect to remote host: Connection refused; RPC Error details: 
[2025-02-16 15:02:45,228 W 456 1293] task_event_buffer.cc:475: [1] GCS hasn't replied to the previous flush events call (likely overloaded). Skipping reporting task state events and retry later.[cur_status_events_size=0][cur_profile_events_size=0]
[2025-02-16 15:02:45,433 I 456 1043] raylet_client.cc:369: Error reporting task backlog information: RpcError: RPC Error message: failed to connect to all addresses; last error: UNKNOWN: ipv4:172.19.0.2:39851: Failed to connect to remote host: Connection refused; RPC Error details: 
[2025-02-16 15:02:46,434 I 456 1043] raylet_client.cc:369: Error reporting task backlog information: RpcError: RPC Error message: failed to connect to all addresses; last error: UNKNOWN: ipv4:172.19.0.2:39851: Failed to connect to remote host: Connection refused; RPC Error details: 
[2025-02-16 15:02:47,434 I 456 1043] raylet_client.cc:369: Error reporting task backlog information: RpcError: RPC Error message: failed to connect to all addresses; last error: UNKNOWN: ipv4:172.19.0.2:39851: Failed to connect to remote host: Connection refused; RPC Error details: 
[2025-02-16 15:02:48,434 I 456 1043] raylet_client.cc:369: Error reporting task backlog information: RpcError: RPC Error message: failed to connect to all addresses; last error: UNKNOWN: ipv4:172.19.0.2:39851: Failed to connect to remote host: Connection refused; RPC Error details: 
[2025-02-16 15:02:49,434 I 456 1043] raylet_client.cc:369: Error reporting task backlog information: RpcError: RPC Error message: failed to connect to all addresses; last error: UNKNOWN: ipv4:172.19.0.2:39851: Failed to connect to remote host: Connection refused; RPC Error details: 
[2025-02-16 15:02:50,434 I 456 1043] raylet_client.cc:369: Error reporting task backlog information: RpcError: RPC Error message: failed to connect to all addresses; last error: UNKNOWN: ipv4:172.19.0.2:39851: Failed to connect to remote host: Connection refused; RPC Error details: 
[2025-02-16 15:02:51,434 I 456 1043] raylet_client.cc:369: Error reporting task backlog information: RpcError: RPC Error message: failed to connect to all addresses; last error: UNKNOWN: ipv4:172.19.0.2:39851: Failed to connect to remote host: Connection refused; RPC Error details: 
[2025-02-16 15:02:52,434 I 456 1043] raylet_client.cc:369: Error reporting task backlog information: RpcError: RPC Error message: failed to connect to all addresses; last error: UNKNOWN: ipv4:172.19.0.2:39851: Failed to connect to remote host: Connection refused; RPC Error details: 
