[2025-02-16 14:36:44,312 I 472 472] core_worker_process.cc:107: Constructing CoreWorkerProcess. pid: 472
[2025-02-16 14:36:44,353 I 472 472] io_service_pool.cc:35: IOServicePool is running with 1 io_service.
[2025-02-16 14:36:44,362 I 472 472] grpc_server.cc:134: worker server started, listening on port 35763.
[2025-02-16 14:36:44,371 I 472 472] core_worker.cc:275: Initializing worker at address: 172.19.0.2:35763 worker_id=73b893b7c1cda11421fbb958dc8e9a278ac401c844eaac95788dea25 node_id=816adedaa007cdcc0cd45373f60e7db6274e62064526c8820e476a2e
[2025-02-16 14:36:44,373 I 472 472] task_event_buffer.cc:257: Reporting task events to GCS every 1000ms.
[2025-02-16 14:36:44,376 I 472 472] core_worker.cc:703: Adjusted worker niceness to 15
[2025-02-16 14:36:44,376 I 472 1063] core_worker.cc:642: Event stats:


Global stats: 13 total (9 active)
Queueing time: mean = 236.633 us, max = 2.997 ms, min = 18.327 us, total = 3.076 ms
Execution time:  mean = 150.605 us, total = 1.958 ms
Event stats:
	PeriodicalRunner.RunFnPeriodically - 7 total (5 active, 1 running), Execution time: mean = 2.423 us, total = 16.959 us, Queueing time: mean = 430.828 us, max = 2.997 ms, min = 18.327 us, total = 3.016 ms
	ray::rpc::WorkerInfoGcsService.grpc_client.AddWorkerInfo.OnReplyReceived - 1 total (0 active), Execution time: mean = 13.980 us, total = 13.980 us, Queueing time: mean = 60.434 us, max = 60.434 us, min = 60.434 us, total = 60.434 us
	CoreWorker.ExitIfParentRayletDies - 1 total (1 active), Execution time: mean = 0.000 s, total = 0.000 s, Queueing time: mean = 0.000 s, max = -0.000 s, min = 9223372036.855 s, total = 0.000 s
	ray::rpc::WorkerInfoGcsService.grpc_client.AddWorkerInfo - 1 total (0 active), Execution time: mean = 1.927 ms, total = 1.927 ms, Queueing time: mean = 0.000 s, max = -0.000 s, min = 9223372036.855 s, total = 0.000 s
	ray::rpc::InternalPubSubGcsService.grpc_client.GcsSubscriberPoll - 1 total (1 active), Execution time: mean = 0.000 s, total = 0.000 s, Queueing time: mean = 0.000 s, max = -0.000 s, min = 9223372036.855 s, total = 0.000 s
	ray::rpc::InternalPubSubGcsService.grpc_client.GcsSubscriberCommandBatch - 1 total (1 active), Execution time: mean = 0.000 s, total = 0.000 s, Queueing time: mean = 0.000 s, max = -0.000 s, min = 9223372036.855 s, total = 0.000 s
	Publisher.CheckDeadSubscribers - 1 total (1 active), Execution time: mean = 0.000 s, total = 0.000 s, Queueing time: mean = 0.000 s, max = -0.000 s, min = 9223372036.855 s, total = 0.000 s

-----------------
Task Event stats:

IO Service Stats:

Global stats: 4 total (1 active)
Queueing time: mean = 39.952 us, max = 152.541 us, min = 7.266 us, total = 159.807 us
Execution time:  mean = 387.276 us, total = 1.549 ms
Event stats:
	CoreWorker.deadline_timer.flush_task_events - 1 total (1 active), Execution time: mean = 0.000 s, total = 0.000 s, Queueing time: mean = 0.000 s, max = -0.000 s, min = 9223372036.855 s, total = 0.000 s
	ray::rpc::TaskInfoGcsService.grpc_client.AddTaskEventData.OnReplyReceived - 1 total (0 active), Execution time: mean = 17.638 us, total = 17.638 us, Queueing time: mean = 7.266 us, max = 7.266 us, min = 7.266 us, total = 7.266 us
	ray::rpc::TaskInfoGcsService.grpc_client.AddTaskEventData - 1 total (0 active), Execution time: mean = 1.203 ms, total = 1.203 ms, Queueing time: mean = 0.000 s, max = -0.000 s, min = 9223372036.855 s, total = 0.000 s
	PeriodicalRunner.RunFnPeriodically - 1 total (0 active), Execution time: mean = 328.336 us, total = 328.336 us, Queueing time: mean = 152.541 us, max = 152.541 us, min = 152.541 us, total = 152.541 us
Other Stats:
	grpc_in_progress:0
	current number of task status events in buffer: 0
	current number of profile events in buffer: 0
	current number of dropped task attempts tracked: 0
	total task events sent: 0 MiB
	total number of task attempts sent: 0
	total number of task attempts dropped reported: 0
	total number of sent failure: 0
	num status task events dropped: 0
	num profile task events dropped: 0


[2025-02-16 14:36:44,377 I 472 472] event.cc:491: Ray Event initialized for CORE_WORKER
[2025-02-16 14:36:44,377 I 472 472] event.cc:491: Ray Event initialized for EXPORT_TASK
[2025-02-16 14:36:44,377 I 472 472] event.cc:322: Set ray event level to warning
[2025-02-16 14:36:44,380 I 472 1063] accessor.cc:762: Received notification for node, IsAlive = 1 node_id=816adedaa007cdcc0cd45373f60e7db6274e62064526c8820e476a2e
[2025-02-16 14:36:44,380 I 472 1063] core_worker.cc:4754: Number of alive nodes:1
[2025-02-16 14:36:54,362 W 472 1018] metric_exporter.cc:105: [1] Export metrics to agent failed: RpcError: RPC Error message: failed to connect to all addresses; last error: UNKNOWN: ipv4:127.0.0.1:61040: Failed to connect to remote host: Connection refused; RPC Error details: . This won't affect Ray, but you can lose metrics from the cluster.
[2025-02-16 14:37:44,377 I 472 1063] core_worker.cc:642: Event stats:


Global stats: 875 total (8 active)
Queueing time: mean = 115.540 us, max = 19.535 ms, min = -0.029 s, total = 101.098 ms
Execution time:  mean = 53.673 us, total = 46.964 ms
Event stats:
	CoreWorker.RecoverObjects - 600 total (1 active), Execution time: mean = 4.580 us, total = 2.748 ms, Queueing time: mean = 137.145 us, max = 5.390 ms, min = -0.001 s, total = 82.287 ms
	CoreWorker.ExitIfParentRayletDies - 61 total (1 active), Execution time: mean = 4.810 us, total = 293.408 us, Queueing time: mean = 57.823 us, max = 19.521 ms, min = -0.029 s, total = 3.527 ms
	NodeManagerService.grpc_client.ReportWorkerBacklog - 60 total (0 active), Execution time: mean = 486.764 us, total = 29.206 ms, Queueing time: mean = 0.000 s, max = -0.000 s, min = 9223372036.855 s, total = 0.000 s
	CoreWorker.InternalHeartbeat - 60 total (1 active), Execution time: mean = 77.675 us, total = 4.660 ms, Queueing time: mean = 64.626 us, max = 19.535 ms, min = -0.029 s, total = 3.878 ms
	NodeManagerService.grpc_client.ReportWorkerBacklog.OnReplyReceived - 60 total (0 active), Execution time: mean = 11.197 us, total = 671.814 us, Queueing time: mean = 29.397 us, max = 135.274 us, min = 8.060 us, total = 1.764 ms
	CoreWorker.RecordMetrics - 12 total (1 active), Execution time: mean = 12.796 us, total = 153.551 us, Queueing time: mean = 170.009 us, max = 6.857 ms, min = -0.004 s, total = 2.040 ms
	PeriodicalRunner.RunFnPeriodically - 7 total (0 active), Execution time: mean = 65.030 us, total = 455.211 us, Queueing time: mean = 608.348 us, max = 2.997 ms, min = 18.327 us, total = 4.258 ms
	CoreWorker.GCStreamingGeneratorMetadata - 6 total (1 active), Execution time: mean = 1.933 us, total = 11.600 us, Queueing time: mean = 538.397 us, max = 2.978 ms, min = -0.002 s, total = 3.230 ms
	ray::rpc::NodeInfoGcsService.grpc_client.GetAllNodeInfo - 1 total (0 active), Execution time: mean = 659.040 us, total = 659.040 us, Queueing time: mean = 0.000 s, max = -0.000 s, min = 9223372036.855 s, total = 0.000 s
	ray::rpc::WorkerInfoGcsService.grpc_client.AddWorkerInfo.OnReplyReceived - 1 total (0 active), Execution time: mean = 13.980 us, total = 13.980 us, Queueing time: mean = 60.434 us, max = 60.434 us, min = 60.434 us, total = 60.434 us
	ray::rpc::WorkerInfoGcsService.grpc_client.AddWorkerInfo - 1 total (0 active), Execution time: mean = 1.927 ms, total = 1.927 ms, Queueing time: mean = 0.000 s, max = -0.000 s, min = 9223372036.855 s, total = 0.000 s
	ray::rpc::InternalPubSubGcsService.grpc_client.GcsSubscriberPoll - 1 total (1 active), Execution time: mean = 0.000 s, total = 0.000 s, Queueing time: mean = 0.000 s, max = -0.000 s, min = 9223372036.855 s, total = 0.000 s
	Publisher.CheckDeadSubscribers - 1 total (1 active), Execution time: mean = 0.000 s, total = 0.000 s, Queueing time: mean = 0.000 s, max = -0.000 s, min = 9223372036.855 s, total = 0.000 s
	ray::rpc::InternalPubSubGcsService.grpc_client.GcsSubscriberCommandBatch.OnReplyReceived - 1 total (0 active), Execution time: mean = 86.554 us, total = 86.554 us, Queueing time: mean = 25.053 us, max = 25.053 us, min = 25.053 us, total = 25.053 us
	ray::rpc::NodeInfoGcsService.grpc_client.GetAllNodeInfo.OnReplyReceived - 1 total (0 active), Execution time: mean = 74.478 us, total = 74.478 us, Queueing time: mean = 27.688 us, max = 27.688 us, min = 27.688 us, total = 27.688 us
	ray::rpc::InternalPubSubGcsService.grpc_client.GcsSubscriberCommandBatch - 1 total (0 active), Execution time: mean = 6.003 ms, total = 6.003 ms, Queueing time: mean = 0.000 s, max = -0.000 s, min = 9223372036.855 s, total = 0.000 s
	CoreWorker.PrintEventStats - 1 total (1 active, 1 running), Execution time: mean = 0.000 s, total = 0.000 s, Queueing time: mean = 0.000 s, max = -0.000 s, min = 9223372036.855 s, total = 0.000 s

-----------------
Task Event stats:

IO Service Stats:

Global stats: 181 total (1 active)
Queueing time: mean = 294.460 us, max = 19.554 ms, min = -0.005 s, total = 53.297 ms
Execution time:  mean = 222.387 us, total = 40.252 ms
Event stats:
	CoreWorker.deadline_timer.flush_task_events - 60 total (1 active), Execution time: mean = 102.510 us, total = 6.151 ms, Queueing time: mean = 857.935 us, max = 19.554 ms, min = -0.005 s, total = 51.476 ms
	ray::rpc::TaskInfoGcsService.grpc_client.AddTaskEventData.OnReplyReceived - 60 total (0 active), Execution time: mean = 16.235 us, total = 974.121 us, Queueing time: mean = 27.811 us, max = 140.107 us, min = 7.266 us, total = 1.669 ms
	ray::rpc::TaskInfoGcsService.grpc_client.AddTaskEventData - 60 total (0 active), Execution time: mean = 546.651 us, total = 32.799 ms, Queueing time: mean = 0.000 s, max = -0.000 s, min = 9223372036.855 s, total = 0.000 s
	PeriodicalRunner.RunFnPeriodically - 1 total (0 active), Execution time: mean = 328.336 us, total = 328.336 us, Queueing time: mean = 152.541 us, max = 152.541 us, min = 152.541 us, total = 152.541 us
Other Stats:
	grpc_in_progress:0
	current number of task status events in buffer: 0
	current number of profile events in buffer: 0
	current number of dropped task attempts tracked: 0
	total task events sent: 0 MiB
	total number of task attempts sent: 0
	total number of task attempts dropped reported: 0
	total number of sent failure: 0
	num status task events dropped: 0
	num profile task events dropped: 0


[2025-02-16 14:38:44,377 I 472 1063] core_worker.cc:642: Event stats:


Global stats: 1732 total (8 active)
Queueing time: mean = 151.256 us, max = 28.840 ms, min = -0.033 s, total = 261.976 ms
Execution time:  mean = 61.854 us, total = 107.132 ms
Event stats:
	CoreWorker.RecoverObjects - 1198 total (1 active), Execution time: mean = 8.139 us, total = 9.751 ms, Queueing time: mean = 183.626 us, max = 6.290 ms, min = -0.004 s, total = 219.983 ms
	CoreWorker.ExitIfParentRayletDies - 121 total (1 active), Execution time: mean = 5.731 us, total = 693.399 us, Queueing time: mean = 104.081 us, max = 28.558 ms, min = -0.032 s, total = 12.594 ms
	NodeManagerService.grpc_client.ReportWorkerBacklog - 120 total (0 active), Execution time: mean = 621.342 us, total = 74.561 ms, Queueing time: mean = 0.000 s, max = -0.000 s, min = 9223372036.855 s, total = 0.000 s
	CoreWorker.InternalHeartbeat - 120 total (1 active), Execution time: mean = 89.271 us, total = 10.712 ms, Queueing time: mean = 85.784 us, max = 28.840 ms, min = -0.033 s, total = 10.294 ms
	NodeManagerService.grpc_client.ReportWorkerBacklog.OnReplyReceived - 120 total (0 active), Execution time: mean = 13.689 us, total = 1.643 ms, Queueing time: mean = 29.245 us, max = 135.274 us, min = 8.060 us, total = 3.509 ms
	CoreWorker.RecordMetrics - 24 total (1 active), Execution time: mean = 14.554 us, total = 349.298 us, Queueing time: mean = 180.615 us, max = 15.299 ms, min = -0.011 s, total = 4.335 ms
	CoreWorker.GCStreamingGeneratorMetadata - 12 total (1 active), Execution time: mean = 2.498 us, total = 29.977 us, Queueing time: mean = 482.443 us, max = 5.220 ms, min = -0.002 s, total = 5.789 ms
	PeriodicalRunner.RunFnPeriodically - 7 total (0 active), Execution time: mean = 65.030 us, total = 455.211 us, Queueing time: mean = 608.348 us, max = 2.997 ms, min = 18.327 us, total = 4.258 ms
	CoreWorker.PrintEventStats - 2 total (1 active, 1 running), Execution time: mean = 86.414 us, total = 172.828 us, Queueing time: mean = 549.680 us, max = 1.099 ms, min = 1.099 ms, total = 1.099 ms
	ray::rpc::NodeInfoGcsService.grpc_client.GetAllNodeInfo.OnReplyReceived - 1 total (0 active), Execution time: mean = 74.478 us, total = 74.478 us, Queueing time: mean = 27.688 us, max = 27.688 us, min = 27.688 us, total = 27.688 us
	ray::rpc::InternalPubSubGcsService.grpc_client.GcsSubscriberCommandBatch.OnReplyReceived - 1 total (0 active), Execution time: mean = 86.554 us, total = 86.554 us, Queueing time: mean = 25.053 us, max = 25.053 us, min = 25.053 us, total = 25.053 us
	Publisher.CheckDeadSubscribers - 1 total (1 active), Execution time: mean = 0.000 s, total = 0.000 s, Queueing time: mean = 0.000 s, max = -0.000 s, min = 9223372036.855 s, total = 0.000 s
	ray::rpc::InternalPubSubGcsService.grpc_client.GcsSubscriberCommandBatch - 1 total (0 active), Execution time: mean = 6.003 ms, total = 6.003 ms, Queueing time: mean = 0.000 s, max = -0.000 s, min = 9223372036.855 s, total = 0.000 s
	ray::rpc::InternalPubSubGcsService.grpc_client.GcsSubscriberPoll - 1 total (1 active), Execution time: mean = 0.000 s, total = 0.000 s, Queueing time: mean = 0.000 s, max = -0.000 s, min = 9223372036.855 s, total = 0.000 s
	ray::rpc::WorkerInfoGcsService.grpc_client.AddWorkerInfo.OnReplyReceived - 1 total (0 active), Execution time: mean = 13.980 us, total = 13.980 us, Queueing time: mean = 60.434 us, max = 60.434 us, min = 60.434 us, total = 60.434 us
	ray::rpc::WorkerInfoGcsService.grpc_client.AddWorkerInfo - 1 total (0 active), Execution time: mean = 1.927 ms, total = 1.927 ms, Queueing time: mean = 0.000 s, max = -0.000 s, min = 9223372036.855 s, total = 0.000 s
	ray::rpc::NodeInfoGcsService.grpc_client.GetAllNodeInfo - 1 total (0 active), Execution time: mean = 659.040 us, total = 659.040 us, Queueing time: mean = 0.000 s, max = -0.000 s, min = 9223372036.855 s, total = 0.000 s

-----------------
Task Event stats:

IO Service Stats:

Global stats: 361 total (1 active)
Queueing time: mean = 288.333 us, max = 27.601 ms, min = -0.016 s, total = 104.088 ms
Execution time:  mean = 283.590 us, total = 102.376 ms
Event stats:
	CoreWorker.deadline_timer.flush_task_events - 120 total (1 active), Execution time: mean = 176.376 us, total = 21.165 ms, Queueing time: mean = 836.384 us, max = 27.601 ms, min = -0.016 s, total = 100.366 ms
	ray::rpc::TaskInfoGcsService.grpc_client.AddTaskEventData.OnReplyReceived - 120 total (0 active), Execution time: mean = 17.503 us, total = 2.100 ms, Queueing time: mean = 29.746 us, max = 140.107 us, min = 7.266 us, total = 3.570 ms
	ray::rpc::TaskInfoGcsService.grpc_client.AddTaskEventData - 120 total (0 active), Execution time: mean = 656.519 us, total = 78.782 ms, Queueing time: mean = 0.000 s, max = -0.000 s, min = 9223372036.855 s, total = 0.000 s
	PeriodicalRunner.RunFnPeriodically - 1 total (0 active), Execution time: mean = 328.336 us, total = 328.336 us, Queueing time: mean = 152.541 us, max = 152.541 us, min = 152.541 us, total = 152.541 us
Other Stats:
	grpc_in_progress:0
	current number of task status events in buffer: 0
	current number of profile events in buffer: 0
	current number of dropped task attempts tracked: 0
	total task events sent: 0 MiB
	total number of task attempts sent: 0
	total number of task attempts dropped reported: 0
	total number of sent failure: 0
	num status task events dropped: 0
	num profile task events dropped: 0


[2025-02-16 14:39:44,377 I 472 1063] core_worker.cc:642: Event stats:


Global stats: 2590 total (8 active)
Queueing time: mean = 137.276 us, max = 29.539 ms, min = -0.033 s, total = 355.545 ms
Execution time:  mean = 55.605 us, total = 144.017 ms
Event stats:
	CoreWorker.RecoverObjects - 1797 total (1 active), Execution time: mean = 7.002 us, total = 12.583 ms, Queueing time: mean = 169.509 us, max = 6.290 ms, min = -0.004 s, total = 304.608 ms
	CoreWorker.ExitIfParentRayletDies - 181 total (1 active), Execution time: mean = 5.565 us, total = 1.007 ms, Queueing time: mean = 86.650 us, max = 29.505 ms, min = -0.032 s, total = 15.684 ms
	NodeManagerService.grpc_client.ReportWorkerBacklog - 180 total (0 active), Execution time: mean = 563.717 us, total = 101.469 ms, Queueing time: mean = 0.000 s, max = -0.000 s, min = 9223372036.855 s, total = 0.000 s
	CoreWorker.InternalHeartbeat - 180 total (1 active), Execution time: mean = 91.009 us, total = 16.382 ms, Queueing time: mean = 73.967 us, max = 29.539 ms, min = -0.033 s, total = 13.314 ms
	NodeManagerService.grpc_client.ReportWorkerBacklog.OnReplyReceived - 180 total (0 active), Execution time: mean = 13.473 us, total = 2.425 ms, Queueing time: mean = 31.870 us, max = 240.252 us, min = 8.060 us, total = 5.737 ms
	CoreWorker.RecordMetrics - 36 total (1 active), Execution time: mean = 14.308 us, total = 515.100 us, Queueing time: mean = 135.200 us, max = 23.016 ms, min = -0.020 s, total = 4.867 ms
	CoreWorker.GCStreamingGeneratorMetadata - 18 total (1 active), Execution time: mean = 2.670 us, total = 48.054 us, Queueing time: mean = 337.480 us, max = 5.220 ms, min = -0.002 s, total = 6.075 ms
	PeriodicalRunner.RunFnPeriodically - 7 total (0 active), Execution time: mean = 65.030 us, total = 455.211 us, Queueing time: mean = 608.348 us, max = 2.997 ms, min = 18.327 us, total = 4.258 ms
	CoreWorker.PrintEventStats - 3 total (1 active, 1 running), Execution time: mean = 122.979 us, total = 368.937 us, Queueing time: mean = 296.383 us, max = 1.099 ms, min = -0.000 s, total = 889.148 us
	ray::rpc::NodeInfoGcsService.grpc_client.GetAllNodeInfo.OnReplyReceived - 1 total (0 active), Execution time: mean = 74.478 us, total = 74.478 us, Queueing time: mean = 27.688 us, max = 27.688 us, min = 27.688 us, total = 27.688 us
	ray::rpc::InternalPubSubGcsService.grpc_client.GcsSubscriberCommandBatch.OnReplyReceived - 1 total (0 active), Execution time: mean = 86.554 us, total = 86.554 us, Queueing time: mean = 25.053 us, max = 25.053 us, min = 25.053 us, total = 25.053 us
	Publisher.CheckDeadSubscribers - 1 total (1 active), Execution time: mean = 0.000 s, total = 0.000 s, Queueing time: mean = 0.000 s, max = -0.000 s, min = 9223372036.855 s, total = 0.000 s
	ray::rpc::InternalPubSubGcsService.grpc_client.GcsSubscriberCommandBatch - 1 total (0 active), Execution time: mean = 6.003 ms, total = 6.003 ms, Queueing time: mean = 0.000 s, max = -0.000 s, min = 9223372036.855 s, total = 0.000 s
	ray::rpc::InternalPubSubGcsService.grpc_client.GcsSubscriberPoll - 1 total (1 active), Execution time: mean = 0.000 s, total = 0.000 s, Queueing time: mean = 0.000 s, max = -0.000 s, min = 9223372036.855 s, total = 0.000 s
	ray::rpc::WorkerInfoGcsService.grpc_client.AddWorkerInfo.OnReplyReceived - 1 total (0 active), Execution time: mean = 13.980 us, total = 13.980 us, Queueing time: mean = 60.434 us, max = 60.434 us, min = 60.434 us, total = 60.434 us
	ray::rpc::WorkerInfoGcsService.grpc_client.AddWorkerInfo - 1 total (0 active), Execution time: mean = 1.927 ms, total = 1.927 ms, Queueing time: mean = 0.000 s, max = -0.000 s, min = 9223372036.855 s, total = 0.000 s
	ray::rpc::NodeInfoGcsService.grpc_client.GetAllNodeInfo - 1 total (0 active), Execution time: mean = 659.040 us, total = 659.040 us, Queueing time: mean = 0.000 s, max = -0.000 s, min = 9223372036.855 s, total = 0.000 s

-----------------
Task Event stats:

IO Service Stats:

Global stats: 541 total (1 active)
Queueing time: mean = 281.662 us, max = 29.649 ms, min = -0.016 s, total = 152.379 ms
Execution time:  mean = 263.897 us, total = 142.768 ms
Event stats:
	CoreWorker.deadline_timer.flush_task_events - 180 total (1 active), Execution time: mean = 159.124 us, total = 28.642 ms, Queueing time: mean = 814.563 us, max = 29.649 ms, min = -0.016 s, total = 146.621 ms
	ray::rpc::TaskInfoGcsService.grpc_client.AddTaskEventData.OnReplyReceived - 180 total (0 active), Execution time: mean = 18.148 us, total = 3.267 ms, Queueing time: mean = 31.139 us, max = 158.916 us, min = 7.266 us, total = 5.605 ms
	ray::rpc::TaskInfoGcsService.grpc_client.AddTaskEventData - 180 total (0 active), Execution time: mean = 614.062 us, total = 110.531 ms, Queueing time: mean = 0.000 s, max = -0.000 s, min = 9223372036.855 s, total = 0.000 s
	PeriodicalRunner.RunFnPeriodically - 1 total (0 active), Execution time: mean = 328.336 us, total = 328.336 us, Queueing time: mean = 152.541 us, max = 152.541 us, min = 152.541 us, total = 152.541 us
Other Stats:
	grpc_in_progress:0
	current number of task status events in buffer: 0
	current number of profile events in buffer: 0
	current number of dropped task attempts tracked: 0
	total task events sent: 0 MiB
	total number of task attempts sent: 0
	total number of task attempts dropped reported: 0
	total number of sent failure: 0
	num status task events dropped: 0
	num profile task events dropped: 0


[2025-02-16 14:40:44,377 I 472 1063] core_worker.cc:642: Event stats:


Global stats: 3448 total (8 active)
Queueing time: mean = 137.574 us, max = 29.539 ms, min = -0.034 s, total = 474.353 ms
Execution time:  mean = 53.804 us, total = 185.517 ms
Event stats:
	CoreWorker.RecoverObjects - 2396 total (1 active), Execution time: mean = 6.427 us, total = 15.398 ms, Queueing time: mean = 172.065 us, max = 6.290 ms, min = -0.004 s, total = 412.267 ms
	CoreWorker.ExitIfParentRayletDies - 241 total (1 active), Execution time: mean = 5.687 us, total = 1.370 ms, Queueing time: mean = 77.857 us, max = 29.505 ms, min = -0.034 s, total = 18.764 ms
	NodeManagerService.grpc_client.ReportWorkerBacklog - 240 total (0 active), Execution time: mean = 554.781 us, total = 133.147 ms, Queueing time: mean = 0.000 s, max = -0.000 s, min = 9223372036.855 s, total = 0.000 s
	CoreWorker.InternalHeartbeat - 240 total (1 active), Execution time: mean = 91.563 us, total = 21.975 ms, Queueing time: mean = 77.129 us, max = 29.539 ms, min = -0.034 s, total = 18.511 ms
	NodeManagerService.grpc_client.ReportWorkerBacklog.OnReplyReceived - 240 total (0 active), Execution time: mean = 13.122 us, total = 3.149 ms, Queueing time: mean = 30.817 us, max = 240.252 us, min = 8.060 us, total = 7.396 ms
	CoreWorker.RecordMetrics - 48 total (1 active), Execution time: mean = 14.065 us, total = 675.129 us, Queueing time: mean = 110.446 us, max = 23.016 ms, min = -0.020 s, total = 5.301 ms
	CoreWorker.GCStreamingGeneratorMetadata - 24 total (1 active), Execution time: mean = 2.599 us, total = 62.375 us, Queueing time: mean = 280.104 us, max = 5.220 ms, min = -0.002 s, total = 6.723 ms
	PeriodicalRunner.RunFnPeriodically - 7 total (0 active), Execution time: mean = 65.030 us, total = 455.211 us, Queueing time: mean = 608.348 us, max = 2.997 ms, min = 18.327 us, total = 4.258 ms
	CoreWorker.PrintEventStats - 4 total (1 active, 1 running), Execution time: mean = 130.082 us, total = 520.326 us, Queueing time: mean = 255.025 us, max = 1.099 ms, min = -0.000 s, total = 1.020 ms
	ray::rpc::NodeInfoGcsService.grpc_client.GetAllNodeInfo.OnReplyReceived - 1 total (0 active), Execution time: mean = 74.478 us, total = 74.478 us, Queueing time: mean = 27.688 us, max = 27.688 us, min = 27.688 us, total = 27.688 us
	ray::rpc::InternalPubSubGcsService.grpc_client.GcsSubscriberCommandBatch.OnReplyReceived - 1 total (0 active), Execution time: mean = 86.554 us, total = 86.554 us, Queueing time: mean = 25.053 us, max = 25.053 us, min = 25.053 us, total = 25.053 us
	Publisher.CheckDeadSubscribers - 1 total (1 active), Execution time: mean = 0.000 s, total = 0.000 s, Queueing time: mean = 0.000 s, max = -0.000 s, min = 9223372036.855 s, total = 0.000 s
	ray::rpc::InternalPubSubGcsService.grpc_client.GcsSubscriberCommandBatch - 1 total (0 active), Execution time: mean = 6.003 ms, total = 6.003 ms, Queueing time: mean = 0.000 s, max = -0.000 s, min = 9223372036.855 s, total = 0.000 s
	ray::rpc::InternalPubSubGcsService.grpc_client.GcsSubscriberPoll - 1 total (1 active), Execution time: mean = 0.000 s, total = 0.000 s, Queueing time: mean = 0.000 s, max = -0.000 s, min = 9223372036.855 s, total = 0.000 s
	ray::rpc::WorkerInfoGcsService.grpc_client.AddWorkerInfo.OnReplyReceived - 1 total (0 active), Execution time: mean = 13.980 us, total = 13.980 us, Queueing time: mean = 60.434 us, max = 60.434 us, min = 60.434 us, total = 60.434 us
	ray::rpc::WorkerInfoGcsService.grpc_client.AddWorkerInfo - 1 total (0 active), Execution time: mean = 1.927 ms, total = 1.927 ms, Queueing time: mean = 0.000 s, max = -0.000 s, min = 9223372036.855 s, total = 0.000 s
	ray::rpc::NodeInfoGcsService.grpc_client.GetAllNodeInfo - 1 total (0 active), Execution time: mean = 659.040 us, total = 659.040 us, Queueing time: mean = 0.000 s, max = -0.000 s, min = 9223372036.855 s, total = 0.000 s

-----------------
Task Event stats:

IO Service Stats:

Global stats: 721 total (1 active)
Queueing time: mean = 291.979 us, max = 29.649 ms, min = -0.016 s, total = 210.517 ms
Execution time:  mean = 258.138 us, total = 186.117 ms
Event stats:
	CoreWorker.deadline_timer.flush_task_events - 240 total (1 active), Execution time: mean = 147.138 us, total = 35.313 ms, Queueing time: mean = 841.547 us, max = 29.649 ms, min = -0.016 s, total = 201.971 ms
	ray::rpc::TaskInfoGcsService.grpc_client.AddTaskEventData.OnReplyReceived - 240 total (0 active), Execution time: mean = 19.632 us, total = 4.712 ms, Queueing time: mean = 34.971 us, max = 843.648 us, min = 7.266 us, total = 8.393 ms
	ray::rpc::TaskInfoGcsService.grpc_client.AddTaskEventData - 240 total (0 active), Execution time: mean = 607.351 us, total = 145.764 ms, Queueing time: mean = 0.000 s, max = -0.000 s, min = 9223372036.855 s, total = 0.000 s
	PeriodicalRunner.RunFnPeriodically - 1 total (0 active), Execution time: mean = 328.336 us, total = 328.336 us, Queueing time: mean = 152.541 us, max = 152.541 us, min = 152.541 us, total = 152.541 us
Other Stats:
	grpc_in_progress:0
	current number of task status events in buffer: 0
	current number of profile events in buffer: 0
	current number of dropped task attempts tracked: 0
	total task events sent: 0 MiB
	total number of task attempts sent: 0
	total number of task attempts dropped reported: 0
	total number of sent failure: 0
	num status task events dropped: 0
	num profile task events dropped: 0


[2025-02-16 14:41:44,378 I 472 1063] core_worker.cc:642: Event stats:


Global stats: 4306 total (8 active)
Queueing time: mean = 134.760 us, max = 29.539 ms, min = -0.034 s, total = 580.275 ms
Execution time:  mean = 51.543 us, total = 221.944 ms
Event stats:
	CoreWorker.RecoverObjects - 2995 total (1 active), Execution time: mean = 6.143 us, total = 18.398 ms, Queueing time: mean = 169.610 us, max = 6.989 ms, min = -0.004 s, total = 507.983 ms
	NodeManagerService.grpc_client.ReportWorkerBacklog - 300 total (0 active), Execution time: mean = 530.664 us, total = 159.199 ms, Queueing time: mean = 0.000 s, max = -0.000 s, min = 9223372036.855 s, total = 0.000 s
	CoreWorker.InternalHeartbeat - 300 total (1 active), Execution time: mean = 92.679 us, total = 27.804 ms, Queueing time: mean = 72.891 us, max = 29.539 ms, min = -0.034 s, total = 21.867 ms
	NodeManagerService.grpc_client.ReportWorkerBacklog.OnReplyReceived - 300 total (0 active), Execution time: mean = 13.123 us, total = 3.937 ms, Queueing time: mean = 30.445 us, max = 240.252 us, min = 8.060 us, total = 9.134 ms
	CoreWorker.ExitIfParentRayletDies - 300 total (1 active), Execution time: mean = 5.643 us, total = 1.693 ms, Queueing time: mean = 73.125 us, max = 29.505 ms, min = -0.034 s, total = 21.937 ms
	CoreWorker.RecordMetrics - 60 total (1 active), Execution time: mean = 14.741 us, total = 884.451 us, Queueing time: mean = 99.163 us, max = 23.016 ms, min = -0.020 s, total = 5.950 ms
	CoreWorker.GCStreamingGeneratorMetadata - 30 total (1 active), Execution time: mean = 2.622 us, total = 78.658 us, Queueing time: mean = 234.214 us, max = 5.220 ms, min = -0.002 s, total = 7.026 ms
	PeriodicalRunner.RunFnPeriodically - 7 total (0 active), Execution time: mean = 65.030 us, total = 455.211 us, Queueing time: mean = 608.348 us, max = 2.997 ms, min = 18.327 us, total = 4.258 ms
	CoreWorker.PrintEventStats - 5 total (1 active, 1 running), Execution time: mean = 145.606 us, total = 728.030 us, Queueing time: mean = 200.623 us, max = 1.099 ms, min = -0.000 s, total = 1.003 ms
	Publisher.CheckDeadSubscribers - 2 total (1 active), Execution time: mean = 1.808 us, total = 3.617 us, Queueing time: mean = 501.595 us, max = 1.003 ms, min = 1.003 ms, total = 1.003 ms
	ray::rpc::NodeInfoGcsService.grpc_client.GetAllNodeInfo.OnReplyReceived - 1 total (0 active), Execution time: mean = 74.478 us, total = 74.478 us, Queueing time: mean = 27.688 us, max = 27.688 us, min = 27.688 us, total = 27.688 us
	ray::rpc::InternalPubSubGcsService.grpc_client.GcsSubscriberCommandBatch.OnReplyReceived - 1 total (0 active), Execution time: mean = 86.554 us, total = 86.554 us, Queueing time: mean = 25.053 us, max = 25.053 us, min = 25.053 us, total = 25.053 us
	ray::rpc::InternalPubSubGcsService.grpc_client.GcsSubscriberCommandBatch - 1 total (0 active), Execution time: mean = 6.003 ms, total = 6.003 ms, Queueing time: mean = 0.000 s, max = -0.000 s, min = 9223372036.855 s, total = 0.000 s
	ray::rpc::InternalPubSubGcsService.grpc_client.GcsSubscriberPoll - 1 total (1 active), Execution time: mean = 0.000 s, total = 0.000 s, Queueing time: mean = 0.000 s, max = -0.000 s, min = 9223372036.855 s, total = 0.000 s
	ray::rpc::WorkerInfoGcsService.grpc_client.AddWorkerInfo.OnReplyReceived - 1 total (0 active), Execution time: mean = 13.980 us, total = 13.980 us, Queueing time: mean = 60.434 us, max = 60.434 us, min = 60.434 us, total = 60.434 us
	ray::rpc::WorkerInfoGcsService.grpc_client.AddWorkerInfo - 1 total (0 active), Execution time: mean = 1.927 ms, total = 1.927 ms, Queueing time: mean = 0.000 s, max = -0.000 s, min = 9223372036.855 s, total = 0.000 s
	ray::rpc::NodeInfoGcsService.grpc_client.GetAllNodeInfo - 1 total (0 active), Execution time: mean = 659.040 us, total = 659.040 us, Queueing time: mean = 0.000 s, max = -0.000 s, min = 9223372036.855 s, total = 0.000 s

-----------------
Task Event stats:

IO Service Stats:

Global stats: 901 total (1 active)
Queueing time: mean = 279.498 us, max = 29.649 ms, min = -0.016 s, total = 251.827 ms
Execution time:  mean = 247.495 us, total = 222.993 ms
Event stats:
	CoreWorker.deadline_timer.flush_task_events - 300 total (1 active), Execution time: mean = 141.811 us, total = 42.543 ms, Queueing time: mean = 805.031 us, max = 29.649 ms, min = -0.016 s, total = 241.509 ms
	ray::rpc::TaskInfoGcsService.grpc_client.AddTaskEventData.OnReplyReceived - 300 total (0 active), Execution time: mean = 19.811 us, total = 5.943 ms, Queueing time: mean = 33.885 us, max = 843.648 us, min = 7.266 us, total = 10.165 ms
	ray::rpc::TaskInfoGcsService.grpc_client.AddTaskEventData - 300 total (0 active), Execution time: mean = 580.594 us, total = 174.178 ms, Queueing time: mean = 0.000 s, max = -0.000 s, min = 9223372036.855 s, total = 0.000 s
	PeriodicalRunner.RunFnPeriodically - 1 total (0 active), Execution time: mean = 328.336 us, total = 328.336 us, Queueing time: mean = 152.541 us, max = 152.541 us, min = 152.541 us, total = 152.541 us
Other Stats:
	grpc_in_progress:0
	current number of task status events in buffer: 0
	current number of profile events in buffer: 0
	current number of dropped task attempts tracked: 0
	total task events sent: 0 MiB
	total number of task attempts sent: 0
	total number of task attempts dropped reported: 0
	total number of sent failure: 0
	num status task events dropped: 0
	num profile task events dropped: 0


[2025-02-16 14:42:44,378 I 472 1063] core_worker.cc:642: Event stats:


Global stats: 5164 total (8 active)
Queueing time: mean = 130.851 us, max = 29.539 ms, min = -0.034 s, total = 675.715 ms
Execution time:  mean = 50.018 us, total = 258.290 ms
Event stats:
	CoreWorker.RecoverObjects - 3594 total (1 active), Execution time: mean = 5.869 us, total = 21.094 ms, Queueing time: mean = 165.680 us, max = 6.989 ms, min = -0.004 s, total = 595.454 ms
	NodeManagerService.grpc_client.ReportWorkerBacklog - 360 total (0 active), Execution time: mean = 515.808 us, total = 185.691 ms, Queueing time: mean = 0.000 s, max = -0.000 s, min = 9223372036.855 s, total = 0.000 s
	CoreWorker.InternalHeartbeat - 360 total (1 active), Execution time: mean = 92.575 us, total = 33.327 ms, Queueing time: mean = 69.180 us, max = 29.539 ms, min = -0.034 s, total = 24.905 ms
	NodeManagerService.grpc_client.ReportWorkerBacklog.OnReplyReceived - 360 total (0 active), Execution time: mean = 13.366 us, total = 4.812 ms, Queueing time: mean = 30.144 us, max = 240.252 us, min = 8.060 us, total = 10.852 ms
	CoreWorker.ExitIfParentRayletDies - 360 total (1 active), Execution time: mean = 5.692 us, total = 2.049 ms, Queueing time: mean = 67.883 us, max = 29.505 ms, min = -0.034 s, total = 24.438 ms
	CoreWorker.RecordMetrics - 72 total (1 active), Execution time: mean = 14.782 us, total = 1.064 ms, Queueing time: mean = 90.026 us, max = 23.016 ms, min = -0.020 s, total = 6.482 ms
	CoreWorker.GCStreamingGeneratorMetadata - 36 total (1 active), Execution time: mean = 2.604 us, total = 93.746 us, Queueing time: mean = 195.333 us, max = 5.220 ms, min = -0.002 s, total = 7.032 ms
	PeriodicalRunner.RunFnPeriodically - 7 total (0 active), Execution time: mean = 65.030 us, total = 455.211 us, Queueing time: mean = 608.348 us, max = 2.997 ms, min = 18.327 us, total = 4.258 ms
	CoreWorker.PrintEventStats - 6 total (1 active, 1 running), Execution time: mean = 156.139 us, total = 936.835 us, Queueing time: mean = 196.425 us, max = 1.099 ms, min = -0.000 s, total = 1.179 ms
	Publisher.CheckDeadSubscribers - 2 total (1 active), Execution time: mean = 1.808 us, total = 3.617 us, Queueing time: mean = 501.595 us, max = 1.003 ms, min = 1.003 ms, total = 1.003 ms
	ray::rpc::NodeInfoGcsService.grpc_client.GetAllNodeInfo.OnReplyReceived - 1 total (0 active), Execution time: mean = 74.478 us, total = 74.478 us, Queueing time: mean = 27.688 us, max = 27.688 us, min = 27.688 us, total = 27.688 us
	ray::rpc::InternalPubSubGcsService.grpc_client.GcsSubscriberCommandBatch.OnReplyReceived - 1 total (0 active), Execution time: mean = 86.554 us, total = 86.554 us, Queueing time: mean = 25.053 us, max = 25.053 us, min = 25.053 us, total = 25.053 us
	ray::rpc::InternalPubSubGcsService.grpc_client.GcsSubscriberCommandBatch - 1 total (0 active), Execution time: mean = 6.003 ms, total = 6.003 ms, Queueing time: mean = 0.000 s, max = -0.000 s, min = 9223372036.855 s, total = 0.000 s
	ray::rpc::InternalPubSubGcsService.grpc_client.GcsSubscriberPoll - 1 total (1 active), Execution time: mean = 0.000 s, total = 0.000 s, Queueing time: mean = 0.000 s, max = -0.000 s, min = 9223372036.855 s, total = 0.000 s
	ray::rpc::WorkerInfoGcsService.grpc_client.AddWorkerInfo.OnReplyReceived - 1 total (0 active), Execution time: mean = 13.980 us, total = 13.980 us, Queueing time: mean = 60.434 us, max = 60.434 us, min = 60.434 us, total = 60.434 us
	ray::rpc::WorkerInfoGcsService.grpc_client.AddWorkerInfo - 1 total (0 active), Execution time: mean = 1.927 ms, total = 1.927 ms, Queueing time: mean = 0.000 s, max = -0.000 s, min = 9223372036.855 s, total = 0.000 s
	ray::rpc::NodeInfoGcsService.grpc_client.GetAllNodeInfo - 1 total (0 active), Execution time: mean = 659.040 us, total = 659.040 us, Queueing time: mean = 0.000 s, max = -0.000 s, min = 9223372036.855 s, total = 0.000 s

-----------------
Task Event stats:

IO Service Stats:

Global stats: 1081 total (1 active)
Queueing time: mean = 283.963 us, max = 29.649 ms, min = -0.016 s, total = 306.964 ms
Execution time:  mean = 242.823 us, total = 262.491 ms
Event stats:
	CoreWorker.deadline_timer.flush_task_events - 360 total (1 active), Execution time: mean = 139.845 us, total = 50.344 ms, Queueing time: mean = 819.300 us, max = 29.649 ms, min = -0.016 s, total = 294.948 ms
	ray::rpc::TaskInfoGcsService.grpc_client.AddTaskEventData.OnReplyReceived - 360 total (0 active), Execution time: mean = 19.960 us, total = 7.185 ms, Queueing time: mean = 32.955 us, max = 843.648 us, min = 7.266 us, total = 11.864 ms
	ray::rpc::TaskInfoGcsService.grpc_client.AddTaskEventData - 360 total (0 active), Execution time: mean = 568.425 us, total = 204.633 ms, Queueing time: mean = 0.000 s, max = -0.000 s, min = 9223372036.855 s, total = 0.000 s
	PeriodicalRunner.RunFnPeriodically - 1 total (0 active), Execution time: mean = 328.336 us, total = 328.336 us, Queueing time: mean = 152.541 us, max = 152.541 us, min = 152.541 us, total = 152.541 us
Other Stats:
	grpc_in_progress:0
	current number of task status events in buffer: 0
	current number of profile events in buffer: 0
	current number of dropped task attempts tracked: 0
	total task events sent: 0 MiB
	total number of task attempts sent: 0
	total number of task attempts dropped reported: 0
	total number of sent failure: 0
	num status task events dropped: 0
	num profile task events dropped: 0


[2025-02-16 14:43:44,378 I 472 1063] core_worker.cc:642: Event stats:


Global stats: 6022 total (8 active)
Queueing time: mean = 131.641 us, max = 29.539 ms, min = -0.034 s, total = 792.744 ms
Execution time:  mean = 50.221 us, total = 302.430 ms
Event stats:
	CoreWorker.RecoverObjects - 4193 total (1 active), Execution time: mean = 5.730 us, total = 24.024 ms, Queueing time: mean = 167.114 us, max = 6.989 ms, min = -0.004 s, total = 700.710 ms
	NodeManagerService.grpc_client.ReportWorkerBacklog - 420 total (0 active), Execution time: mean = 522.499 us, total = 219.450 ms, Queueing time: mean = 0.000 s, max = -0.000 s, min = 9223372036.855 s, total = 0.000 s
	CoreWorker.InternalHeartbeat - 420 total (1 active), Execution time: mean = 93.159 us, total = 39.127 ms, Queueing time: mean = 67.903 us, max = 29.539 ms, min = -0.034 s, total = 28.519 ms
	NodeManagerService.grpc_client.ReportWorkerBacklog.OnReplyReceived - 420 total (0 active), Execution time: mean = 13.495 us, total = 5.668 ms, Queueing time: mean = 32.576 us, max = 293.983 us, min = 8.060 us, total = 13.682 ms
	CoreWorker.ExitIfParentRayletDies - 420 total (1 active), Execution time: mean = 5.589 us, total = 2.348 ms, Queueing time: mean = 67.406 us, max = 29.505 ms, min = -0.034 s, total = 28.311 ms
	CoreWorker.RecordMetrics - 84 total (1 active), Execution time: mean = 15.239 us, total = 1.280 ms, Queueing time: mean = 84.569 us, max = 23.304 ms, min = -0.020 s, total = 7.104 ms
	CoreWorker.GCStreamingGeneratorMetadata - 42 total (1 active), Execution time: mean = 2.661 us, total = 111.769 us, Queueing time: mean = 187.986 us, max = 5.220 ms, min = -0.003 s, total = 7.895 ms
	CoreWorker.PrintEventStats - 7 total (1 active, 1 running), Execution time: mean = 171.366 us, total = 1.200 ms, Queueing time: mean = 164.010 us, max = 1.099 ms, min = -0.000 s, total = 1.148 ms
	PeriodicalRunner.RunFnPeriodically - 7 total (0 active), Execution time: mean = 65.030 us, total = 455.211 us, Queueing time: mean = 608.348 us, max = 2.997 ms, min = 18.327 us, total = 4.258 ms
	Publisher.CheckDeadSubscribers - 2 total (1 active), Execution time: mean = 1.808 us, total = 3.617 us, Queueing time: mean = 501.595 us, max = 1.003 ms, min = 1.003 ms, total = 1.003 ms
	ray::rpc::NodeInfoGcsService.grpc_client.GetAllNodeInfo.OnReplyReceived - 1 total (0 active), Execution time: mean = 74.478 us, total = 74.478 us, Queueing time: mean = 27.688 us, max = 27.688 us, min = 27.688 us, total = 27.688 us
	ray::rpc::InternalPubSubGcsService.grpc_client.GcsSubscriberCommandBatch - 1 total (0 active), Execution time: mean = 6.003 ms, total = 6.003 ms, Queueing time: mean = 0.000 s, max = -0.000 s, min = 9223372036.855 s, total = 0.000 s
	ray::rpc::InternalPubSubGcsService.grpc_client.GcsSubscriberCommandBatch.OnReplyReceived - 1 total (0 active), Execution time: mean = 86.554 us, total = 86.554 us, Queueing time: mean = 25.053 us, max = 25.053 us, min = 25.053 us, total = 25.053 us
	ray::rpc::InternalPubSubGcsService.grpc_client.GcsSubscriberPoll - 1 total (1 active), Execution time: mean = 0.000 s, total = 0.000 s, Queueing time: mean = 0.000 s, max = -0.000 s, min = 9223372036.855 s, total = 0.000 s
	ray::rpc::WorkerInfoGcsService.grpc_client.AddWorkerInfo.OnReplyReceived - 1 total (0 active), Execution time: mean = 13.980 us, total = 13.980 us, Queueing time: mean = 60.434 us, max = 60.434 us, min = 60.434 us, total = 60.434 us
	ray::rpc::WorkerInfoGcsService.grpc_client.AddWorkerInfo - 1 total (0 active), Execution time: mean = 1.927 ms, total = 1.927 ms, Queueing time: mean = 0.000 s, max = -0.000 s, min = 9223372036.855 s, total = 0.000 s
	ray::rpc::NodeInfoGcsService.grpc_client.GetAllNodeInfo - 1 total (0 active), Execution time: mean = 659.040 us, total = 659.040 us, Queueing time: mean = 0.000 s, max = -0.000 s, min = 9223372036.855 s, total = 0.000 s

-----------------
Task Event stats:

IO Service Stats:

Global stats: 1261 total (1 active)
Queueing time: mean = 279.110 us, max = 29.649 ms, min = -0.016 s, total = 351.958 ms
Execution time:  mean = 240.849 us, total = 303.711 ms
Event stats:
	CoreWorker.deadline_timer.flush_task_events - 420 total (1 active), Execution time: mean = 136.676 us, total = 57.404 ms, Queueing time: mean = 800.387 us, max = 29.649 ms, min = -0.016 s, total = 336.163 ms
	ray::rpc::TaskInfoGcsService.grpc_client.AddTaskEventData.OnReplyReceived - 420 total (0 active), Execution time: mean = 19.624 us, total = 8.242 ms, Queueing time: mean = 37.244 us, max = 1.758 ms, min = 7.266 us, total = 15.643 ms
	ray::rpc::TaskInfoGcsService.grpc_client.AddTaskEventData - 420 total (0 active), Execution time: mean = 566.039 us, total = 237.736 ms, Queueing time: mean = 0.000 s, max = -0.000 s, min = 9223372036.855 s, total = 0.000 s
	PeriodicalRunner.RunFnPeriodically - 1 total (0 active), Execution time: mean = 328.336 us, total = 328.336 us, Queueing time: mean = 152.541 us, max = 152.541 us, min = 152.541 us, total = 152.541 us
Other Stats:
	grpc_in_progress:0
	current number of task status events in buffer: 0
	current number of profile events in buffer: 0
	current number of dropped task attempts tracked: 0
	total task events sent: 0 MiB
	total number of task attempts sent: 0
	total number of task attempts dropped reported: 0
	total number of sent failure: 0
	num status task events dropped: 0
	num profile task events dropped: 0


[2025-02-16 14:44:44,378 I 472 1063] core_worker.cc:642: Event stats:


Global stats: 6880 total (8 active)
Queueing time: mean = 134.212 us, max = 29.539 ms, min = -0.034 s, total = 923.380 ms
Execution time:  mean = 50.525 us, total = 347.612 ms
Event stats:
	CoreWorker.RecoverObjects - 4792 total (1 active), Execution time: mean = 5.699 us, total = 27.312 ms, Queueing time: mean = 170.235 us, max = 11.651 ms, min = -0.004 s, total = 815.766 ms
	NodeManagerService.grpc_client.ReportWorkerBacklog - 480 total (0 active), Execution time: mean = 526.868 us, total = 252.897 ms, Queueing time: mean = 0.000 s, max = -0.000 s, min = 9223372036.855 s, total = 0.000 s
	CoreWorker.InternalHeartbeat - 480 total (1 active), Execution time: mean = 95.343 us, total = 45.765 ms, Queueing time: mean = 78.535 us, max = 29.539 ms, min = -0.034 s, total = 37.697 ms
	NodeManagerService.grpc_client.ReportWorkerBacklog.OnReplyReceived - 480 total (0 active), Execution time: mean = 13.534 us, total = 6.496 ms, Queueing time: mean = 32.029 us, max = 293.983 us, min = 8.060 us, total = 15.374 ms
	CoreWorker.ExitIfParentRayletDies - 480 total (1 active), Execution time: mean = 6.028 us, total = 2.894 ms, Queueing time: mean = 67.376 us, max = 29.505 ms, min = -0.034 s, total = 32.341 ms
	CoreWorker.RecordMetrics - 96 total (1 active), Execution time: mean = 15.091 us, total = 1.449 ms, Queueing time: mean = 80.998 us, max = 23.304 ms, min = -0.020 s, total = 7.776 ms
	CoreWorker.GCStreamingGeneratorMetadata - 48 total (1 active), Execution time: mean = 2.728 us, total = 130.956 us, Queueing time: mean = 160.099 us, max = 5.220 ms, min = -0.003 s, total = 7.685 ms
	CoreWorker.PrintEventStats - 8 total (1 active, 1 running), Execution time: mean = 180.856 us, total = 1.447 ms, Queueing time: mean = 170.936 us, max = 1.099 ms, min = -0.000 s, total = 1.367 ms
	PeriodicalRunner.RunFnPeriodically - 7 total (0 active), Execution time: mean = 65.030 us, total = 455.211 us, Queueing time: mean = 608.348 us, max = 2.997 ms, min = 18.327 us, total = 4.258 ms
	Publisher.CheckDeadSubscribers - 2 total (1 active), Execution time: mean = 1.808 us, total = 3.617 us, Queueing time: mean = 501.595 us, max = 1.003 ms, min = 1.003 ms, total = 1.003 ms
	ray::rpc::NodeInfoGcsService.grpc_client.GetAllNodeInfo.OnReplyReceived - 1 total (0 active), Execution time: mean = 74.478 us, total = 74.478 us, Queueing time: mean = 27.688 us, max = 27.688 us, min = 27.688 us, total = 27.688 us
	ray::rpc::InternalPubSubGcsService.grpc_client.GcsSubscriberCommandBatch - 1 total (0 active), Execution time: mean = 6.003 ms, total = 6.003 ms, Queueing time: mean = 0.000 s, max = -0.000 s, min = 9223372036.855 s, total = 0.000 s
	ray::rpc::InternalPubSubGcsService.grpc_client.GcsSubscriberCommandBatch.OnReplyReceived - 1 total (0 active), Execution time: mean = 86.554 us, total = 86.554 us, Queueing time: mean = 25.053 us, max = 25.053 us, min = 25.053 us, total = 25.053 us
	ray::rpc::InternalPubSubGcsService.grpc_client.GcsSubscriberPoll - 1 total (1 active), Execution time: mean = 0.000 s, total = 0.000 s, Queueing time: mean = 0.000 s, max = -0.000 s, min = 9223372036.855 s, total = 0.000 s
	ray::rpc::WorkerInfoGcsService.grpc_client.AddWorkerInfo.OnReplyReceived - 1 total (0 active), Execution time: mean = 13.980 us, total = 13.980 us, Queueing time: mean = 60.434 us, max = 60.434 us, min = 60.434 us, total = 60.434 us
	ray::rpc::WorkerInfoGcsService.grpc_client.AddWorkerInfo - 1 total (0 active), Execution time: mean = 1.927 ms, total = 1.927 ms, Queueing time: mean = 0.000 s, max = -0.000 s, min = 9223372036.855 s, total = 0.000 s
	ray::rpc::NodeInfoGcsService.grpc_client.GetAllNodeInfo - 1 total (0 active), Execution time: mean = 659.040 us, total = 659.040 us, Queueing time: mean = 0.000 s, max = -0.000 s, min = 9223372036.855 s, total = 0.000 s

-----------------
Task Event stats:

IO Service Stats:

Global stats: 1441 total (1 active)
Queueing time: mean = 284.200 us, max = 29.649 ms, min = -0.016 s, total = 409.532 ms
Execution time:  mean = 236.313 us, total = 340.526 ms
Event stats:
	CoreWorker.deadline_timer.flush_task_events - 480 total (1 active), Execution time: mean = 134.056 us, total = 64.347 ms, Queueing time: mean = 816.777 us, max = 29.649 ms, min = -0.016 s, total = 392.053 ms
	ray::rpc::TaskInfoGcsService.grpc_client.AddTaskEventData.OnReplyReceived - 480 total (0 active), Execution time: mean = 19.302 us, total = 9.265 ms, Queueing time: mean = 36.097 us, max = 1.758 ms, min = 7.266 us, total = 17.327 ms
	ray::rpc::TaskInfoGcsService.grpc_client.AddTaskEventData - 480 total (0 active), Execution time: mean = 555.388 us, total = 266.586 ms, Queueing time: mean = 0.000 s, max = -0.000 s, min = 9223372036.855 s, total = 0.000 s
	PeriodicalRunner.RunFnPeriodically - 1 total (0 active), Execution time: mean = 328.336 us, total = 328.336 us, Queueing time: mean = 152.541 us, max = 152.541 us, min = 152.541 us, total = 152.541 us
Other Stats:
	grpc_in_progress:0
	current number of task status events in buffer: 0
	current number of profile events in buffer: 0
	current number of dropped task attempts tracked: 0
	total task events sent: 0 MiB
	total number of task attempts sent: 0
	total number of task attempts dropped reported: 0
	total number of sent failure: 0
	num status task events dropped: 0
	num profile task events dropped: 0


[2025-02-16 14:45:44,379 I 472 1063] core_worker.cc:642: Event stats:


Global stats: 7738 total (8 active)
Queueing time: mean = 134.400 us, max = 29.539 ms, min = -0.034 s, total = 1.040 s
Execution time:  mean = 52.335 us, total = 404.966 ms
Event stats:
	CoreWorker.RecoverObjects - 5391 total (1 active), Execution time: mean = 5.757 us, total = 31.034 ms, Queueing time: mean = 169.898 us, max = 11.651 ms, min = -0.004 s, total = 915.921 ms
	NodeManagerService.grpc_client.ReportWorkerBacklog - 540 total (0 active), Execution time: mean = 547.908 us, total = 295.870 ms, Queueing time: mean = 0.000 s, max = -0.000 s, min = 9223372036.855 s, total = 0.000 s
	CoreWorker.InternalHeartbeat - 540 total (1 active), Execution time: mean = 97.129 us, total = 52.450 ms, Queueing time: mean = 79.287 us, max = 29.539 ms, min = -0.034 s, total = 42.815 ms
	NodeManagerService.grpc_client.ReportWorkerBacklog.OnReplyReceived - 540 total (0 active), Execution time: mean = 17.979 us, total = 9.709 ms, Queueing time: mean = 41.794 us, max = 3.787 ms, min = 8.060 us, total = 22.569 ms
	CoreWorker.ExitIfParentRayletDies - 540 total (1 active), Execution time: mean = 6.043 us, total = 3.263 ms, Queueing time: mean = 65.660 us, max = 29.505 ms, min = -0.034 s, total = 35.456 ms
	CoreWorker.RecordMetrics - 108 total (1 active), Execution time: mean = 15.136 us, total = 1.635 ms, Queueing time: mean = 75.544 us, max = 23.304 ms, min = -0.020 s, total = 8.159 ms
	CoreWorker.GCStreamingGeneratorMetadata - 54 total (1 active), Execution time: mean = 2.848 us, total = 153.778 us, Queueing time: mean = 154.790 us, max = 5.220 ms, min = -0.003 s, total = 8.359 ms
	CoreWorker.PrintEventStats - 9 total (1 active, 1 running), Execution time: mean = 180.966 us, total = 1.629 ms, Queueing time: mean = 147.857 us, max = 1.099 ms, min = -0.000 s, total = 1.331 ms
	PeriodicalRunner.RunFnPeriodically - 7 total (0 active), Execution time: mean = 65.030 us, total = 455.211 us, Queueing time: mean = 608.348 us, max = 2.997 ms, min = 18.327 us, total = 4.258 ms
	Publisher.CheckDeadSubscribers - 2 total (1 active), Execution time: mean = 1.808 us, total = 3.617 us, Queueing time: mean = 501.595 us, max = 1.003 ms, min = 1.003 ms, total = 1.003 ms
	ray::rpc::NodeInfoGcsService.grpc_client.GetAllNodeInfo.OnReplyReceived - 1 total (0 active), Execution time: mean = 74.478 us, total = 74.478 us, Queueing time: mean = 27.688 us, max = 27.688 us, min = 27.688 us, total = 27.688 us
	ray::rpc::InternalPubSubGcsService.grpc_client.GcsSubscriberCommandBatch - 1 total (0 active), Execution time: mean = 6.003 ms, total = 6.003 ms, Queueing time: mean = 0.000 s, max = -0.000 s, min = 9223372036.855 s, total = 0.000 s
	ray::rpc::InternalPubSubGcsService.grpc_client.GcsSubscriberCommandBatch.OnReplyReceived - 1 total (0 active), Execution time: mean = 86.554 us, total = 86.554 us, Queueing time: mean = 25.053 us, max = 25.053 us, min = 25.053 us, total = 25.053 us
	ray::rpc::InternalPubSubGcsService.grpc_client.GcsSubscriberPoll - 1 total (1 active), Execution time: mean = 0.000 s, total = 0.000 s, Queueing time: mean = 0.000 s, max = -0.000 s, min = 9223372036.855 s, total = 0.000 s
	ray::rpc::WorkerInfoGcsService.grpc_client.AddWorkerInfo.OnReplyReceived - 1 total (0 active), Execution time: mean = 13.980 us, total = 13.980 us, Queueing time: mean = 60.434 us, max = 60.434 us, min = 60.434 us, total = 60.434 us
	ray::rpc::WorkerInfoGcsService.grpc_client.AddWorkerInfo - 1 total (0 active), Execution time: mean = 1.927 ms, total = 1.927 ms, Queueing time: mean = 0.000 s, max = -0.000 s, min = 9223372036.855 s, total = 0.000 s
	ray::rpc::NodeInfoGcsService.grpc_client.GetAllNodeInfo - 1 total (0 active), Execution time: mean = 659.040 us, total = 659.040 us, Queueing time: mean = 0.000 s, max = -0.000 s, min = 9223372036.855 s, total = 0.000 s

-----------------
Task Event stats:

IO Service Stats:

Global stats: 1621 total (1 active)
Queueing time: mean = 285.703 us, max = 29.649 ms, min = -0.016 s, total = 463.125 ms
Execution time:  mean = 249.700 us, total = 404.764 ms
Event stats:
	CoreWorker.deadline_timer.flush_task_events - 540 total (1 active), Execution time: mean = 145.889 us, total = 78.780 ms, Queueing time: mean = 821.525 us, max = 29.649 ms, min = -0.016 s, total = 443.623 ms
	ray::rpc::TaskInfoGcsService.grpc_client.AddTaskEventData.OnReplyReceived - 540 total (0 active), Execution time: mean = 19.283 us, total = 10.413 ms, Queueing time: mean = 35.832 us, max = 1.758 ms, min = 7.266 us, total = 19.349 ms
	ray::rpc::TaskInfoGcsService.grpc_client.AddTaskEventData - 540 total (0 active), Execution time: mean = 583.784 us, total = 315.243 ms, Queueing time: mean = 0.000 s, max = -0.000 s, min = 9223372036.855 s, total = 0.000 s
	PeriodicalRunner.RunFnPeriodically - 1 total (0 active), Execution time: mean = 328.336 us, total = 328.336 us, Queueing time: mean = 152.541 us, max = 152.541 us, min = 152.541 us, total = 152.541 us
Other Stats:
	grpc_in_progress:0
	current number of task status events in buffer: 0
	current number of profile events in buffer: 0
	current number of dropped task attempts tracked: 0
	total task events sent: 0 MiB
	total number of task attempts sent: 0
	total number of task attempts dropped reported: 0
	total number of sent failure: 0
	num status task events dropped: 0
	num profile task events dropped: 0


[2025-02-16 14:46:44,379 I 472 1063] core_worker.cc:642: Event stats:


Global stats: 8599 total (8 active)
Queueing time: mean = 134.014 us, max = 29.539 ms, min = -0.034 s, total = 1.152 s
Execution time:  mean = 69.527 ms, total = 597.862 s
Event stats:
	CoreWorker.RecoverObjects - 5990 total (1 active), Execution time: mean = 5.806 us, total = 34.776 ms, Queueing time: mean = 169.776 us, max = 11.651 ms, min = -0.004 s, total = 1.017 s
	NodeManagerService.grpc_client.ReportWorkerBacklog - 600 total (0 active), Execution time: mean = 565.742 us, total = 339.445 ms, Queueing time: mean = 0.000 s, max = -0.000 s, min = 9223372036.855 s, total = 0.000 s
	NodeManagerService.grpc_client.ReportWorkerBacklog.OnReplyReceived - 600 total (0 active), Execution time: mean = 17.746 us, total = 10.648 ms, Queueing time: mean = 41.909 us, max = 3.787 ms, min = 8.060 us, total = 25.145 ms
	CoreWorker.InternalHeartbeat - 600 total (1 active), Execution time: mean = 98.934 us, total = 59.361 ms, Queueing time: mean = 78.044 us, max = 29.539 ms, min = -0.034 s, total = 46.826 ms
	CoreWorker.ExitIfParentRayletDies - 600 total (1 active), Execution time: mean = 6.079 us, total = 3.648 ms, Queueing time: mean = 63.864 us, max = 29.505 ms, min = -0.034 s, total = 38.318 ms
	CoreWorker.RecordMetrics - 120 total (1 active), Execution time: mean = 15.104 us, total = 1.813 ms, Queueing time: mean = 75.265 us, max = 28.408 ms, min = -0.024 s, total = 9.032 ms
	CoreWorker.GCStreamingGeneratorMetadata - 60 total (1 active), Execution time: mean = 2.946 us, total = 176.790 us, Queueing time: mean = 150.429 us, max = 5.220 ms, min = -0.003 s, total = 9.026 ms
	CoreWorker.PrintEventStats - 10 total (1 active, 1 running), Execution time: mean = 180.991 us, total = 1.810 ms, Queueing time: mean = 160.179 us, max = 1.099 ms, min = -0.000 s, total = 1.602 ms
	PeriodicalRunner.RunFnPeriodically - 7 total (0 active), Execution time: mean = 65.030 us, total = 455.211 us, Queueing time: mean = 608.348 us, max = 2.997 ms, min = 18.327 us, total = 4.258 ms
	Publisher.CheckDeadSubscribers - 3 total (1 active), Execution time: mean = 2.576 us, total = 7.729 us, Queueing time: mean = 363.673 us, max = 1.003 ms, min = 87.828 us, total = 1.091 ms
	ray::rpc::InternalPubSubGcsService.grpc_client.GcsSubscriberPoll - 2 total (1 active), Execution time: mean = 298.700 s, total = 597.401 s, Queueing time: mean = 0.000 s, max = -0.000 s, min = 9223372036.855 s, total = 0.000 s
	ray::rpc::NodeInfoGcsService.grpc_client.GetAllNodeInfo.OnReplyReceived - 1 total (0 active), Execution time: mean = 74.478 us, total = 74.478 us, Queueing time: mean = 27.688 us, max = 27.688 us, min = 27.688 us, total = 27.688 us
	ray::rpc::InternalPubSubGcsService.grpc_client.GcsSubscriberCommandBatch - 1 total (0 active), Execution time: mean = 6.003 ms, total = 6.003 ms, Queueing time: mean = 0.000 s, max = -0.000 s, min = 9223372036.855 s, total = 0.000 s
	ray::rpc::InternalPubSubGcsService.grpc_client.GcsSubscriberCommandBatch.OnReplyReceived - 1 total (0 active), Execution time: mean = 86.554 us, total = 86.554 us, Queueing time: mean = 25.053 us, max = 25.053 us, min = 25.053 us, total = 25.053 us
	ray::rpc::InternalPubSubGcsService.grpc_client.GcsSubscriberPoll.OnReplyReceived - 1 total (0 active), Execution time: mean = 90.982 us, total = 90.982 us, Queueing time: mean = 13.327 us, max = 13.327 us, min = 13.327 us, total = 13.327 us
	ray::rpc::WorkerInfoGcsService.grpc_client.AddWorkerInfo.OnReplyReceived - 1 total (0 active), Execution time: mean = 13.980 us, total = 13.980 us, Queueing time: mean = 60.434 us, max = 60.434 us, min = 60.434 us, total = 60.434 us
	ray::rpc::WorkerInfoGcsService.grpc_client.AddWorkerInfo - 1 total (0 active), Execution time: mean = 1.927 ms, total = 1.927 ms, Queueing time: mean = 0.000 s, max = -0.000 s, min = 9223372036.855 s, total = 0.000 s
	ray::rpc::NodeInfoGcsService.grpc_client.GetAllNodeInfo - 1 total (0 active), Execution time: mean = 659.040 us, total = 659.040 us, Queueing time: mean = 0.000 s, max = -0.000 s, min = 9223372036.855 s, total = 0.000 s

-----------------
Task Event stats:

IO Service Stats:

Global stats: 1801 total (1 active)
Queueing time: mean = 283.494 us, max = 29.649 ms, min = -0.016 s, total = 510.574 ms
Execution time:  mean = 244.521 us, total = 440.383 ms
Event stats:
	CoreWorker.deadline_timer.flush_task_events - 600 total (1 active), Execution time: mean = 142.804 us, total = 85.683 ms, Queueing time: mean = 815.636 us, max = 29.649 ms, min = -0.016 s, total = 489.381 ms
	ray::rpc::TaskInfoGcsService.grpc_client.AddTaskEventData.OnReplyReceived - 600 total (0 active), Execution time: mean = 19.029 us, total = 11.417 ms, Queueing time: mean = 35.066 us, max = 1.758 ms, min = 6.652 us, total = 21.040 ms
	ray::rpc::TaskInfoGcsService.grpc_client.AddTaskEventData - 600 total (0 active), Execution time: mean = 571.591 us, total = 342.955 ms, Queueing time: mean = 0.000 s, max = -0.000 s, min = 9223372036.855 s, total = 0.000 s
	PeriodicalRunner.RunFnPeriodically - 1 total (0 active), Execution time: mean = 328.336 us, total = 328.336 us, Queueing time: mean = 152.541 us, max = 152.541 us, min = 152.541 us, total = 152.541 us
Other Stats:
	grpc_in_progress:0
	current number of task status events in buffer: 0
	current number of profile events in buffer: 0
	current number of dropped task attempts tracked: 0
	total task events sent: 0 MiB
	total number of task attempts sent: 0
	total number of task attempts dropped reported: 0
	total number of sent failure: 0
	num status task events dropped: 0
	num profile task events dropped: 0


[2025-02-16 14:47:44,379 I 472 1063] core_worker.cc:642: Event stats:


Global stats: 9457 total (8 active)
Queueing time: mean = 131.118 us, max = 29.539 ms, min = -0.034 s, total = 1.240 s
Execution time:  mean = 63.224 ms, total = 597.907 s
Event stats:
	CoreWorker.RecoverObjects - 6589 total (1 active), Execution time: mean = 5.703 us, total = 37.580 ms, Queueing time: mean = 165.859 us, max = 11.651 ms, min = -0.004 s, total = 1.093 s
	NodeManagerService.grpc_client.ReportWorkerBacklog - 660 total (0 active), Execution time: mean = 567.713 us, total = 374.691 ms, Queueing time: mean = 0.000 s, max = -0.000 s, min = 9223372036.855 s, total = 0.000 s
	NodeManagerService.grpc_client.ReportWorkerBacklog.OnReplyReceived - 660 total (0 active), Execution time: mean = 17.338 us, total = 11.443 ms, Queueing time: mean = 41.408 us, max = 3.787 ms, min = 8.060 us, total = 27.329 ms
	CoreWorker.InternalHeartbeat - 660 total (1 active), Execution time: mean = 98.212 us, total = 64.820 ms, Queueing time: mean = 80.624 us, max = 29.539 ms, min = -0.034 s, total = 53.212 ms
	CoreWorker.ExitIfParentRayletDies - 660 total (1 active), Execution time: mean = 6.081 us, total = 4.014 ms, Queueing time: mean = 62.491 us, max = 29.505 ms, min = -0.034 s, total = 41.244 ms
	CoreWorker.RecordMetrics - 132 total (1 active), Execution time: mean = 14.923 us, total = 1.970 ms, Queueing time: mean = 70.056 us, max = 28.408 ms, min = -0.024 s, total = 9.247 ms
	CoreWorker.GCStreamingGeneratorMetadata - 66 total (1 active), Execution time: mean = 2.931 us, total = 193.417 us, Queueing time: mean = 136.550 us, max = 5.220 ms, min = -0.003 s, total = 9.012 ms
	CoreWorker.PrintEventStats - 11 total (1 active, 1 running), Execution time: mean = 183.625 us, total = 2.020 ms, Queueing time: mean = 146.624 us, max = 1.099 ms, min = -0.000 s, total = 1.613 ms
	PeriodicalRunner.RunFnPeriodically - 7 total (0 active), Execution time: mean = 65.030 us, total = 455.211 us, Queueing time: mean = 608.348 us, max = 2.997 ms, min = 18.327 us, total = 4.258 ms
	Publisher.CheckDeadSubscribers - 3 total (1 active), Execution time: mean = 2.576 us, total = 7.729 us, Queueing time: mean = 363.673 us, max = 1.003 ms, min = 87.828 us, total = 1.091 ms
	ray::rpc::InternalPubSubGcsService.grpc_client.GcsSubscriberPoll - 2 total (1 active), Execution time: mean = 298.700 s, total = 597.401 s, Queueing time: mean = 0.000 s, max = -0.000 s, min = 9223372036.855 s, total = 0.000 s
	ray::rpc::NodeInfoGcsService.grpc_client.GetAllNodeInfo.OnReplyReceived - 1 total (0 active), Execution time: mean = 74.478 us, total = 74.478 us, Queueing time: mean = 27.688 us, max = 27.688 us, min = 27.688 us, total = 27.688 us
	ray::rpc::InternalPubSubGcsService.grpc_client.GcsSubscriberCommandBatch - 1 total (0 active), Execution time: mean = 6.003 ms, total = 6.003 ms, Queueing time: mean = 0.000 s, max = -0.000 s, min = 9223372036.855 s, total = 0.000 s
	ray::rpc::InternalPubSubGcsService.grpc_client.GcsSubscriberCommandBatch.OnReplyReceived - 1 total (0 active), Execution time: mean = 86.554 us, total = 86.554 us, Queueing time: mean = 25.053 us, max = 25.053 us, min = 25.053 us, total = 25.053 us
	ray::rpc::InternalPubSubGcsService.grpc_client.GcsSubscriberPoll.OnReplyReceived - 1 total (0 active), Execution time: mean = 90.982 us, total = 90.982 us, Queueing time: mean = 13.327 us, max = 13.327 us, min = 13.327 us, total = 13.327 us
	ray::rpc::WorkerInfoGcsService.grpc_client.AddWorkerInfo.OnReplyReceived - 1 total (0 active), Execution time: mean = 13.980 us, total = 13.980 us, Queueing time: mean = 60.434 us, max = 60.434 us, min = 60.434 us, total = 60.434 us
	ray::rpc::WorkerInfoGcsService.grpc_client.AddWorkerInfo - 1 total (0 active), Execution time: mean = 1.927 ms, total = 1.927 ms, Queueing time: mean = 0.000 s, max = -0.000 s, min = 9223372036.855 s, total = 0.000 s
	ray::rpc::NodeInfoGcsService.grpc_client.GetAllNodeInfo - 1 total (0 active), Execution time: mean = 659.040 us, total = 659.040 us, Queueing time: mean = 0.000 s, max = -0.000 s, min = 9223372036.855 s, total = 0.000 s

-----------------
Task Event stats:

IO Service Stats:

Global stats: 1981 total (1 active)
Queueing time: mean = 281.712 us, max = 29.649 ms, min = -0.016 s, total = 558.071 ms
Execution time:  mean = 240.884 us, total = 477.190 ms
Event stats:
	CoreWorker.deadline_timer.flush_task_events - 660 total (1 active), Execution time: mean = 140.805 us, total = 92.931 ms, Queueing time: mean = 810.683 us, max = 29.649 ms, min = -0.016 s, total = 535.051 ms
	ray::rpc::TaskInfoGcsService.grpc_client.AddTaskEventData.OnReplyReceived - 660 total (0 active), Execution time: mean = 18.748 us, total = 12.374 ms, Queueing time: mean = 34.647 us, max = 1.758 ms, min = 6.652 us, total = 22.867 ms
	ray::rpc::TaskInfoGcsService.grpc_client.AddTaskEventData - 660 total (0 active), Execution time: mean = 562.966 us, total = 371.557 ms, Queueing time: mean = 0.000 s, max = -0.000 s, min = 9223372036.855 s, total = 0.000 s
	PeriodicalRunner.RunFnPeriodically - 1 total (0 active), Execution time: mean = 328.336 us, total = 328.336 us, Queueing time: mean = 152.541 us, max = 152.541 us, min = 152.541 us, total = 152.541 us
Other Stats:
	grpc_in_progress:0
	current number of task status events in buffer: 0
	current number of profile events in buffer: 0
	current number of dropped task attempts tracked: 0
	total task events sent: 0 MiB
	total number of task attempts sent: 0
	total number of task attempts dropped reported: 0
	total number of sent failure: 0
	num status task events dropped: 0
	num profile task events dropped: 0


[2025-02-16 14:48:44,380 I 472 1063] core_worker.cc:642: Event stats:


Global stats: 10315 total (8 active)
Queueing time: mean = 134.875 us, max = 40.102 ms, min = -0.037 s, total = 1.391 s
Execution time:  mean = 57.971 ms, total = 597.973 s
Event stats:
	CoreWorker.RecoverObjects - 7188 total (1 active), Execution time: mean = 5.661 us, total = 40.688 ms, Queueing time: mean = 170.451 us, max = 11.651 ms, min = -0.004 s, total = 1.225 s
	NodeManagerService.grpc_client.ReportWorkerBacklog - 720 total (0 active), Execution time: mean = 597.069 us, total = 429.890 ms, Queueing time: mean = 0.000 s, max = -0.000 s, min = 9223372036.855 s, total = 0.000 s
	NodeManagerService.grpc_client.ReportWorkerBacklog.OnReplyReceived - 720 total (0 active), Execution time: mean = 17.108 us, total = 12.318 ms, Queueing time: mean = 46.340 us, max = 3.787 ms, min = 8.060 us, total = 33.365 ms
	CoreWorker.InternalHeartbeat - 720 total (1 active), Execution time: mean = 98.669 us, total = 71.042 ms, Queueing time: mean = 85.086 us, max = 29.539 ms, min = -0.034 s, total = 61.262 ms
	CoreWorker.ExitIfParentRayletDies - 720 total (1 active), Execution time: mean = 6.322 us, total = 4.552 ms, Queueing time: mean = 61.208 us, max = 29.505 ms, min = -0.034 s, total = 44.070 ms
	CoreWorker.RecordMetrics - 144 total (1 active), Execution time: mean = 15.005 us, total = 2.161 ms, Queueing time: mean = 69.372 us, max = 40.102 ms, min = -0.037 s, total = 9.989 ms
	CoreWorker.GCStreamingGeneratorMetadata - 72 total (1 active), Execution time: mean = 3.007 us, total = 216.529 us, Queueing time: mean = 137.030 us, max = 5.220 ms, min = -0.003 s, total = 9.866 ms
	CoreWorker.PrintEventStats - 12 total (1 active, 1 running), Execution time: mean = 183.347 us, total = 2.200 ms, Queueing time: mean = 166.762 us, max = 1.099 ms, min = -0.000 s, total = 2.001 ms
	PeriodicalRunner.RunFnPeriodically - 7 total (0 active), Execution time: mean = 65.030 us, total = 455.211 us, Queueing time: mean = 608.348 us, max = 2.997 ms, min = 18.327 us, total = 4.258 ms
	Publisher.CheckDeadSubscribers - 3 total (1 active), Execution time: mean = 2.576 us, total = 7.729 us, Queueing time: mean = 363.673 us, max = 1.003 ms, min = 87.828 us, total = 1.091 ms
	ray::rpc::InternalPubSubGcsService.grpc_client.GcsSubscriberPoll - 2 total (1 active), Execution time: mean = 298.700 s, total = 597.401 s, Queueing time: mean = 0.000 s, max = -0.000 s, min = 9223372036.855 s, total = 0.000 s
	ray::rpc::NodeInfoGcsService.grpc_client.GetAllNodeInfo.OnReplyReceived - 1 total (0 active), Execution time: mean = 74.478 us, total = 74.478 us, Queueing time: mean = 27.688 us, max = 27.688 us, min = 27.688 us, total = 27.688 us
	ray::rpc::InternalPubSubGcsService.grpc_client.GcsSubscriberCommandBatch - 1 total (0 active), Execution time: mean = 6.003 ms, total = 6.003 ms, Queueing time: mean = 0.000 s, max = -0.000 s, min = 9223372036.855 s, total = 0.000 s
	ray::rpc::InternalPubSubGcsService.grpc_client.GcsSubscriberCommandBatch.OnReplyReceived - 1 total (0 active), Execution time: mean = 86.554 us, total = 86.554 us, Queueing time: mean = 25.053 us, max = 25.053 us, min = 25.053 us, total = 25.053 us
	ray::rpc::InternalPubSubGcsService.grpc_client.GcsSubscriberPoll.OnReplyReceived - 1 total (0 active), Execution time: mean = 90.982 us, total = 90.982 us, Queueing time: mean = 13.327 us, max = 13.327 us, min = 13.327 us, total = 13.327 us
	ray::rpc::WorkerInfoGcsService.grpc_client.AddWorkerInfo.OnReplyReceived - 1 total (0 active), Execution time: mean = 13.980 us, total = 13.980 us, Queueing time: mean = 60.434 us, max = 60.434 us, min = 60.434 us, total = 60.434 us
	ray::rpc::WorkerInfoGcsService.grpc_client.AddWorkerInfo - 1 total (0 active), Execution time: mean = 1.927 ms, total = 1.927 ms, Queueing time: mean = 0.000 s, max = -0.000 s, min = 9223372036.855 s, total = 0.000 s
	ray::rpc::NodeInfoGcsService.grpc_client.GetAllNodeInfo - 1 total (0 active), Execution time: mean = 659.040 us, total = 659.040 us, Queueing time: mean = 0.000 s, max = -0.000 s, min = 9223372036.855 s, total = 0.000 s

-----------------
Task Event stats:

IO Service Stats:

Global stats: 2161 total (1 active)
Queueing time: mean = 287.945 us, max = 30.051 ms, min = -0.016 s, total = 622.248 ms
Execution time:  mean = 241.464 us, total = 521.804 ms
Event stats:
	CoreWorker.deadline_timer.flush_task_events - 720 total (1 active), Execution time: mean = 138.146 us, total = 99.465 ms, Queueing time: mean = 829.446 us, max = 30.051 ms, min = -0.016 s, total = 597.201 ms
	ray::rpc::TaskInfoGcsService.grpc_client.AddTaskEventData.OnReplyReceived - 720 total (0 active), Execution time: mean = 18.614 us, total = 13.402 ms, Queueing time: mean = 34.576 us, max = 1.758 ms, min = 6.652 us, total = 24.894 ms
	ray::rpc::TaskInfoGcsService.grpc_client.AddTaskEventData - 720 total (0 active), Execution time: mean = 567.513 us, total = 408.609 ms, Queueing time: mean = 0.000 s, max = -0.000 s, min = 9223372036.855 s, total = 0.000 s
	PeriodicalRunner.RunFnPeriodically - 1 total (0 active), Execution time: mean = 328.336 us, total = 328.336 us, Queueing time: mean = 152.541 us, max = 152.541 us, min = 152.541 us, total = 152.541 us
Other Stats:
	grpc_in_progress:0
	current number of task status events in buffer: 0
	current number of profile events in buffer: 0
	current number of dropped task attempts tracked: 0
	total task events sent: 0 MiB
	total number of task attempts sent: 0
	total number of task attempts dropped reported: 0
	total number of sent failure: 0
	num status task events dropped: 0
	num profile task events dropped: 0


[2025-02-16 14:49:44,380 I 472 1063] core_worker.cc:642: Event stats:


Global stats: 11173 total (8 active)
Queueing time: mean = 134.976 us, max = 40.102 ms, min = -0.037 s, total = 1.508 s
Execution time:  mean = 53.525 ms, total = 598.034 s
Event stats:
	CoreWorker.RecoverObjects - 7787 total (1 active), Execution time: mean = 5.674 us, total = 44.185 ms, Queueing time: mean = 171.868 us, max = 11.651 ms, min = -0.004 s, total = 1.338 s
	NodeManagerService.grpc_client.ReportWorkerBacklog - 780 total (0 active), Execution time: mean = 613.281 us, total = 478.359 ms, Queueing time: mean = 0.000 s, max = -0.000 s, min = 9223372036.855 s, total = 0.000 s
	NodeManagerService.grpc_client.ReportWorkerBacklog.OnReplyReceived - 780 total (0 active), Execution time: mean = 17.139 us, total = 13.369 ms, Queueing time: mean = 46.210 us, max = 3.787 ms, min = 8.060 us, total = 36.044 ms
	CoreWorker.InternalHeartbeat - 780 total (1 active), Execution time: mean = 99.395 us, total = 77.528 ms, Queueing time: mean = 84.918 us, max = 29.900 ms, min = -0.034 s, total = 66.236 ms
	CoreWorker.ExitIfParentRayletDies - 780 total (1 active), Execution time: mean = 6.582 us, total = 5.134 ms, Queueing time: mean = 58.425 us, max = 29.505 ms, min = -0.034 s, total = 45.572 ms
	CoreWorker.RecordMetrics - 156 total (1 active), Execution time: mean = 15.374 us, total = 2.398 ms, Queueing time: mean = 54.190 us, max = 40.102 ms, min = -0.037 s, total = 8.454 ms
	CoreWorker.GCStreamingGeneratorMetadata - 78 total (1 active), Execution time: mean = 3.113 us, total = 242.834 us, Queueing time: mean = 80.264 us, max = 5.220 ms, min = -0.003 s, total = 6.261 ms
	CoreWorker.PrintEventStats - 13 total (1 active, 1 running), Execution time: mean = 198.387 us, total = 2.579 ms, Queueing time: mean = 131.224 us, max = 1.099 ms, min = -0.000 s, total = 1.706 ms
	PeriodicalRunner.RunFnPeriodically - 7 total (0 active), Execution time: mean = 65.030 us, total = 455.211 us, Queueing time: mean = 608.348 us, max = 2.997 ms, min = 18.327 us, total = 4.258 ms
	Publisher.CheckDeadSubscribers - 3 total (1 active), Execution time: mean = 2.576 us, total = 7.729 us, Queueing time: mean = 363.673 us, max = 1.003 ms, min = 87.828 us, total = 1.091 ms
	ray::rpc::InternalPubSubGcsService.grpc_client.GcsSubscriberPoll - 2 total (1 active), Execution time: mean = 298.700 s, total = 597.401 s, Queueing time: mean = 0.000 s, max = -0.000 s, min = 9223372036.855 s, total = 0.000 s
	ray::rpc::NodeInfoGcsService.grpc_client.GetAllNodeInfo.OnReplyReceived - 1 total (0 active), Execution time: mean = 74.478 us, total = 74.478 us, Queueing time: mean = 27.688 us, max = 27.688 us, min = 27.688 us, total = 27.688 us
	ray::rpc::InternalPubSubGcsService.grpc_client.GcsSubscriberCommandBatch - 1 total (0 active), Execution time: mean = 6.003 ms, total = 6.003 ms, Queueing time: mean = 0.000 s, max = -0.000 s, min = 9223372036.855 s, total = 0.000 s
	ray::rpc::InternalPubSubGcsService.grpc_client.GcsSubscriberCommandBatch.OnReplyReceived - 1 total (0 active), Execution time: mean = 86.554 us, total = 86.554 us, Queueing time: mean = 25.053 us, max = 25.053 us, min = 25.053 us, total = 25.053 us
	ray::rpc::InternalPubSubGcsService.grpc_client.GcsSubscriberPoll.OnReplyReceived - 1 total (0 active), Execution time: mean = 90.982 us, total = 90.982 us, Queueing time: mean = 13.327 us, max = 13.327 us, min = 13.327 us, total = 13.327 us
	ray::rpc::WorkerInfoGcsService.grpc_client.AddWorkerInfo.OnReplyReceived - 1 total (0 active), Execution time: mean = 13.980 us, total = 13.980 us, Queueing time: mean = 60.434 us, max = 60.434 us, min = 60.434 us, total = 60.434 us
	ray::rpc::WorkerInfoGcsService.grpc_client.AddWorkerInfo - 1 total (0 active), Execution time: mean = 1.927 ms, total = 1.927 ms, Queueing time: mean = 0.000 s, max = -0.000 s, min = 9223372036.855 s, total = 0.000 s
	ray::rpc::NodeInfoGcsService.grpc_client.GetAllNodeInfo - 1 total (0 active), Execution time: mean = 659.040 us, total = 659.040 us, Queueing time: mean = 0.000 s, max = -0.000 s, min = 9223372036.855 s, total = 0.000 s

-----------------
Task Event stats:

IO Service Stats:

Global stats: 2341 total (1 active)
Queueing time: mean = 291.620 us, max = 30.051 ms, min = -0.016 s, total = 682.682 ms
Execution time:  mean = 245.220 us, total = 574.061 ms
Event stats:
	CoreWorker.deadline_timer.flush_task_events - 780 total (1 active), Execution time: mean = 138.456 us, total = 107.996 ms, Queueing time: mean = 839.606 us, max = 30.051 ms, min = -0.016 s, total = 654.893 ms
	ray::rpc::TaskInfoGcsService.grpc_client.AddTaskEventData.OnReplyReceived - 780 total (0 active), Execution time: mean = 18.972 us, total = 14.798 ms, Queueing time: mean = 35.431 us, max = 1.758 ms, min = 6.652 us, total = 27.636 ms
	ray::rpc::TaskInfoGcsService.grpc_client.AddTaskEventData - 780 total (0 active), Execution time: mean = 578.126 us, total = 450.938 ms, Queueing time: mean = 0.000 s, max = -0.000 s, min = 9223372036.855 s, total = 0.000 s
	PeriodicalRunner.RunFnPeriodically - 1 total (0 active), Execution time: mean = 328.336 us, total = 328.336 us, Queueing time: mean = 152.541 us, max = 152.541 us, min = 152.541 us, total = 152.541 us
Other Stats:
	grpc_in_progress:0
	current number of task status events in buffer: 0
	current number of profile events in buffer: 0
	current number of dropped task attempts tracked: 0
	total task events sent: 0 MiB
	total number of task attempts sent: 0
	total number of task attempts dropped reported: 0
	total number of sent failure: 0
	num status task events dropped: 0
	num profile task events dropped: 0


[2025-02-16 14:50:44,380 I 472 1063] core_worker.cc:642: Event stats:


Global stats: 12030 total (8 active)
Queueing time: mean = 140.830 us, max = 85.413 ms, min = -0.089 s, total = 1.694 s
Execution time:  mean = 49.716 ms, total = 598.089 s
Event stats:
	CoreWorker.RecoverObjects - 8385 total (1 active), Execution time: mean = 5.604 us, total = 46.987 ms, Queueing time: mean = 176.336 us, max = 11.651 ms, min = -0.004 s, total = 1.479 s
	NodeManagerService.grpc_client.ReportWorkerBacklog - 840 total (0 active), Execution time: mean = 620.608 us, total = 521.311 ms, Queueing time: mean = 0.000 s, max = -0.000 s, min = 9223372036.855 s, total = 0.000 s
	NodeManagerService.grpc_client.ReportWorkerBacklog.OnReplyReceived - 840 total (0 active), Execution time: mean = 17.084 us, total = 14.350 ms, Queueing time: mean = 45.414 us, max = 3.787 ms, min = 8.060 us, total = 38.148 ms
	CoreWorker.InternalHeartbeat - 840 total (1 active), Execution time: mean = 101.623 us, total = 85.363 ms, Queueing time: mean = 85.052 us, max = 85.413 ms, min = -0.089 s, total = 71.443 ms
	CoreWorker.ExitIfParentRayletDies - 840 total (1 active), Execution time: mean = 6.534 us, total = 5.489 ms, Queueing time: mean = 96.338 us, max = 85.277 ms, min = -0.058 s, total = 80.924 ms
	CoreWorker.RecordMetrics - 168 total (1 active), Execution time: mean = 15.682 us, total = 2.634 ms, Queueing time: mean = 64.737 us, max = 79.268 ms, min = -0.074 s, total = 10.876 ms
	CoreWorker.GCStreamingGeneratorMetadata - 84 total (1 active), Execution time: mean = 3.129 us, total = 262.856 us, Queueing time: mean = 117.140 us, max = 5.220 ms, min = -0.004 s, total = 9.840 ms
	CoreWorker.PrintEventStats - 14 total (1 active, 1 running), Execution time: mean = 199.511 us, total = 2.793 ms, Queueing time: mean = -0.000 s, max = 1.099 ms, min = -0.003 s, total = -0.001 s
	PeriodicalRunner.RunFnPeriodically - 7 total (0 active), Execution time: mean = 65.030 us, total = 455.211 us, Queueing time: mean = 608.348 us, max = 2.997 ms, min = 18.327 us, total = 4.258 ms
	Publisher.CheckDeadSubscribers - 3 total (1 active), Execution time: mean = 2.576 us, total = 7.729 us, Queueing time: mean = 363.673 us, max = 1.003 ms, min = 87.828 us, total = 1.091 ms
	ray::rpc::InternalPubSubGcsService.grpc_client.GcsSubscriberPoll - 2 total (1 active), Execution time: mean = 298.700 s, total = 597.401 s, Queueing time: mean = 0.000 s, max = -0.000 s, min = 9223372036.855 s, total = 0.000 s
	ray::rpc::NodeInfoGcsService.grpc_client.GetAllNodeInfo.OnReplyReceived - 1 total (0 active), Execution time: mean = 74.478 us, total = 74.478 us, Queueing time: mean = 27.688 us, max = 27.688 us, min = 27.688 us, total = 27.688 us
	ray::rpc::InternalPubSubGcsService.grpc_client.GcsSubscriberCommandBatch - 1 total (0 active), Execution time: mean = 6.003 ms, total = 6.003 ms, Queueing time: mean = 0.000 s, max = -0.000 s, min = 9223372036.855 s, total = 0.000 s
	ray::rpc::InternalPubSubGcsService.grpc_client.GcsSubscriberCommandBatch.OnReplyReceived - 1 total (0 active), Execution time: mean = 86.554 us, total = 86.554 us, Queueing time: mean = 25.053 us, max = 25.053 us, min = 25.053 us, total = 25.053 us
	ray::rpc::InternalPubSubGcsService.grpc_client.GcsSubscriberPoll.OnReplyReceived - 1 total (0 active), Execution time: mean = 90.982 us, total = 90.982 us, Queueing time: mean = 13.327 us, max = 13.327 us, min = 13.327 us, total = 13.327 us
	ray::rpc::WorkerInfoGcsService.grpc_client.AddWorkerInfo.OnReplyReceived - 1 total (0 active), Execution time: mean = 13.980 us, total = 13.980 us, Queueing time: mean = 60.434 us, max = 60.434 us, min = 60.434 us, total = 60.434 us
	ray::rpc::WorkerInfoGcsService.grpc_client.AddWorkerInfo - 1 total (0 active), Execution time: mean = 1.927 ms, total = 1.927 ms, Queueing time: mean = 0.000 s, max = -0.000 s, min = 9223372036.855 s, total = 0.000 s
	ray::rpc::NodeInfoGcsService.grpc_client.GetAllNodeInfo - 1 total (0 active), Execution time: mean = 659.040 us, total = 659.040 us, Queueing time: mean = 0.000 s, max = -0.000 s, min = 9223372036.855 s, total = 0.000 s

-----------------
Task Event stats:

IO Service Stats:

Global stats: 2521 total (1 active)
Queueing time: mean = 314.467 us, max = 85.042 ms, min = -0.028 s, total = 792.772 ms
Execution time:  mean = 243.308 us, total = 613.380 ms
Event stats:
	CoreWorker.deadline_timer.flush_task_events - 840 total (1 active), Execution time: mean = 136.459 us, total = 114.626 ms, Queueing time: mean = 908.728 us, max = 85.042 ms, min = -0.028 s, total = 763.331 ms
	ray::rpc::TaskInfoGcsService.grpc_client.AddTaskEventData.OnReplyReceived - 840 total (0 active), Execution time: mean = 18.794 us, total = 15.787 ms, Queueing time: mean = 34.867 us, max = 1.758 ms, min = 6.652 us, total = 29.288 ms
	ray::rpc::TaskInfoGcsService.grpc_client.AddTaskEventData - 840 total (0 active), Execution time: mean = 574.570 us, total = 482.639 ms, Queueing time: mean = 0.000 s, max = -0.000 s, min = 9223372036.855 s, total = 0.000 s
	PeriodicalRunner.RunFnPeriodically - 1 total (0 active), Execution time: mean = 328.336 us, total = 328.336 us, Queueing time: mean = 152.541 us, max = 152.541 us, min = 152.541 us, total = 152.541 us
Other Stats:
	grpc_in_progress:0
	current number of task status events in buffer: 0
	current number of profile events in buffer: 0
	current number of dropped task attempts tracked: 0
	total task events sent: 0 MiB
	total number of task attempts sent: 0
	total number of task attempts dropped reported: 0
	total number of sent failure: 0
	num status task events dropped: 0
	num profile task events dropped: 0


[2025-02-16 14:51:44,380 I 472 1063] core_worker.cc:642: Event stats:


Global stats: 12891 total (8 active)
Queueing time: mean = 147.418 us, max = 184.347 ms, min = -0.181 s, total = 1.900 s
Execution time:  mean = 69.701 ms, total = 898.513 s
Event stats:
	CoreWorker.RecoverObjects - 8984 total (1 active), Execution time: mean = 5.486 us, total = 49.285 ms, Queueing time: mean = 180.013 us, max = 180.909 ms, min = -0.008 s, total = 1.617 s
	NodeManagerService.grpc_client.ReportWorkerBacklog - 900 total (0 active), Execution time: mean = 625.251 us, total = 562.726 ms, Queueing time: mean = 0.000 s, max = -0.000 s, min = 9223372036.855 s, total = 0.000 s
	NodeManagerService.grpc_client.ReportWorkerBacklog.OnReplyReceived - 900 total (0 active), Execution time: mean = 16.987 us, total = 15.289 ms, Queueing time: mean = 45.002 us, max = 3.787 ms, min = 8.060 us, total = 40.502 ms
	CoreWorker.InternalHeartbeat - 900 total (1 active), Execution time: mean = 102.800 us, total = 92.520 ms, Queueing time: mean = 72.221 us, max = 173.475 ms, min = -0.105 s, total = 64.999 ms
	CoreWorker.ExitIfParentRayletDies - 900 total (1 active), Execution time: mean = 6.450 us, total = 5.805 ms, Queueing time: mean = 162.096 us, max = 173.234 ms, min = -0.070 s, total = 145.887 ms
	CoreWorker.RecordMetrics - 180 total (1 active), Execution time: mean = 15.400 us, total = 2.772 ms, Queueing time: mean = 95.941 us, max = 184.347 ms, min = -0.181 s, total = 17.269 ms
	CoreWorker.GCStreamingGeneratorMetadata - 90 total (1 active), Execution time: mean = 3.183 us, total = 286.513 us, Queueing time: mean = 115.839 us, max = 5.220 ms, min = -0.004 s, total = 10.425 ms
	CoreWorker.PrintEventStats - 15 total (1 active, 1 running), Execution time: mean = 196.023 us, total = 2.940 ms, Queueing time: mean = 110.262 us, max = 2.755 ms, min = -0.003 s, total = 1.654 ms
	PeriodicalRunner.RunFnPeriodically - 7 total (0 active), Execution time: mean = 65.030 us, total = 455.211 us, Queueing time: mean = 608.348 us, max = 2.997 ms, min = 18.327 us, total = 4.258 ms
	Publisher.CheckDeadSubscribers - 4 total (1 active), Execution time: mean = 3.267 us, total = 13.068 us, Queueing time: mean = -0.001 s, max = 1.003 ms, min = -0.003 s, total = -0.002 s
	ray::rpc::InternalPubSubGcsService.grpc_client.GcsSubscriberPoll - 3 total (1 active), Execution time: mean = 299.257 s, total = 897.772 s, Queueing time: mean = 0.000 s, max = -0.000 s, min = 9223372036.855 s, total = 0.000 s
	ray::rpc::InternalPubSubGcsService.grpc_client.GcsSubscriberPoll.OnReplyReceived - 2 total (0 active), Execution time: mean = 85.415 us, total = 170.829 us, Queueing time: mean = 25.286 us, max = 37.245 us, min = 13.327 us, total = 50.572 us
	ray::rpc::NodeInfoGcsService.grpc_client.GetAllNodeInfo.OnReplyReceived - 1 total (0 active), Execution time: mean = 74.478 us, total = 74.478 us, Queueing time: mean = 27.688 us, max = 27.688 us, min = 27.688 us, total = 27.688 us
	ray::rpc::InternalPubSubGcsService.grpc_client.GcsSubscriberCommandBatch - 1 total (0 active), Execution time: mean = 6.003 ms, total = 6.003 ms, Queueing time: mean = 0.000 s, max = -0.000 s, min = 9223372036.855 s, total = 0.000 s
	ray::rpc::InternalPubSubGcsService.grpc_client.GcsSubscriberCommandBatch.OnReplyReceived - 1 total (0 active), Execution time: mean = 86.554 us, total = 86.554 us, Queueing time: mean = 25.053 us, max = 25.053 us, min = 25.053 us, total = 25.053 us
	ray::rpc::WorkerInfoGcsService.grpc_client.AddWorkerInfo.OnReplyReceived - 1 total (0 active), Execution time: mean = 13.980 us, total = 13.980 us, Queueing time: mean = 60.434 us, max = 60.434 us, min = 60.434 us, total = 60.434 us
	ray::rpc::WorkerInfoGcsService.grpc_client.AddWorkerInfo - 1 total (0 active), Execution time: mean = 1.927 ms, total = 1.927 ms, Queueing time: mean = 0.000 s, max = -0.000 s, min = 9223372036.855 s, total = 0.000 s
	ray::rpc::NodeInfoGcsService.grpc_client.GetAllNodeInfo - 1 total (0 active), Execution time: mean = 659.040 us, total = 659.040 us, Queueing time: mean = 0.000 s, max = -0.000 s, min = 9223372036.855 s, total = 0.000 s

-----------------
Task Event stats:

IO Service Stats:

Global stats: 2701 total (1 active)
Queueing time: mean = 334.945 us, max = 180.863 ms, min = -0.082 s, total = 904.688 ms
Execution time:  mean = 238.326 us, total = 643.719 ms
Event stats:
	CoreWorker.deadline_timer.flush_task_events - 900 total (1 active), Execution time: mean = 133.724 us, total = 120.352 ms, Queueing time: mean = 970.885 us, max = 180.863 ms, min = -0.082 s, total = 873.797 ms
	ray::rpc::TaskInfoGcsService.grpc_client.AddTaskEventData.OnReplyReceived - 900 total (0 active), Execution time: mean = 18.500 us, total = 16.650 ms, Queueing time: mean = 34.154 us, max = 1.758 ms, min = 6.652 us, total = 30.738 ms
	ray::rpc::TaskInfoGcsService.grpc_client.AddTaskEventData - 900 total (0 active), Execution time: mean = 562.654 us, total = 506.389 ms, Queueing time: mean = 0.000 s, max = -0.000 s, min = 9223372036.855 s, total = 0.000 s
	PeriodicalRunner.RunFnPeriodically - 1 total (0 active), Execution time: mean = 328.336 us, total = 328.336 us, Queueing time: mean = 152.541 us, max = 152.541 us, min = 152.541 us, total = 152.541 us
Other Stats:
	grpc_in_progress:0
	current number of task status events in buffer: 0
	current number of profile events in buffer: 0
	current number of dropped task attempts tracked: 0
	total task events sent: 0 MiB
	total number of task attempts sent: 0
	total number of task attempts dropped reported: 0
	total number of sent failure: 0
	num status task events dropped: 0
	num profile task events dropped: 0


[2025-02-16 14:52:44,381 I 472 1063] core_worker.cc:642: Event stats:


Global stats: 13749 total (8 active)
Queueing time: mean = 155.658 us, max = 184.347 ms, min = -0.181 s, total = 2.140 s
Execution time:  mean = 65.354 ms, total = 898.547 s
Event stats:
	CoreWorker.RecoverObjects - 9583 total (1 active), Execution time: mean = 5.407 us, total = 51.817 ms, Queueing time: mean = 177.667 us, max = 180.909 ms, min = -0.014 s, total = 1.703 s
	NodeManagerService.grpc_client.ReportWorkerBacklog - 960 total (0 active), Execution time: mean = 612.459 us, total = 587.961 ms, Queueing time: mean = 0.000 s, max = -0.000 s, min = 9223372036.855 s, total = 0.000 s
	NodeManagerService.grpc_client.ReportWorkerBacklog.OnReplyReceived - 960 total (0 active), Execution time: mean = 16.689 us, total = 16.021 ms, Queueing time: mean = 43.611 us, max = 3.787 ms, min = 8.060 us, total = 41.867 ms
	CoreWorker.InternalHeartbeat - 960 total (1 active), Execution time: mean = 101.800 us, total = 97.728 ms, Queueing time: mean = 136.100 us, max = 173.475 ms, min = -0.105 s, total = 130.656 ms
	CoreWorker.ExitIfParentRayletDies - 960 total (1 active), Execution time: mean = 6.372 us, total = 6.117 ms, Queueing time: mean = 250.313 us, max = 173.234 ms, min = -0.070 s, total = 240.300 ms
	CoreWorker.RecordMetrics - 192 total (1 active), Execution time: mean = 15.459 us, total = 2.968 ms, Queueing time: mean = 63.088 us, max = 184.347 ms, min = -0.181 s, total = 12.113 ms
	CoreWorker.GCStreamingGeneratorMetadata - 96 total (1 active), Execution time: mean = 3.157 us, total = 303.053 us, Queueing time: mean = 120.096 us, max = 5.700 ms, min = -0.006 s, total = 11.529 ms
	CoreWorker.PrintEventStats - 16 total (1 active, 1 running), Execution time: mean = 194.569 us, total = 3.113 ms, Queueing time: mean = -0.000 s, max = 2.755 ms, min = -0.003 s, total = -0.001 s
	PeriodicalRunner.RunFnPeriodically - 7 total (0 active), Execution time: mean = 65.030 us, total = 455.211 us, Queueing time: mean = 608.348 us, max = 2.997 ms, min = 18.327 us, total = 4.258 ms
	Publisher.CheckDeadSubscribers - 4 total (1 active), Execution time: mean = 3.267 us, total = 13.068 us, Queueing time: mean = -0.001 s, max = 1.003 ms, min = -0.003 s, total = -0.002 s
	ray::rpc::InternalPubSubGcsService.grpc_client.GcsSubscriberPoll - 3 total (1 active), Execution time: mean = 299.257 s, total = 897.772 s, Queueing time: mean = 0.000 s, max = -0.000 s, min = 9223372036.855 s, total = 0.000 s
	ray::rpc::InternalPubSubGcsService.grpc_client.GcsSubscriberPoll.OnReplyReceived - 2 total (0 active), Execution time: mean = 85.415 us, total = 170.829 us, Queueing time: mean = 25.286 us, max = 37.245 us, min = 13.327 us, total = 50.572 us
	ray::rpc::NodeInfoGcsService.grpc_client.GetAllNodeInfo.OnReplyReceived - 1 total (0 active), Execution time: mean = 74.478 us, total = 74.478 us, Queueing time: mean = 27.688 us, max = 27.688 us, min = 27.688 us, total = 27.688 us
	ray::rpc::InternalPubSubGcsService.grpc_client.GcsSubscriberCommandBatch - 1 total (0 active), Execution time: mean = 6.003 ms, total = 6.003 ms, Queueing time: mean = 0.000 s, max = -0.000 s, min = 9223372036.855 s, total = 0.000 s
	ray::rpc::InternalPubSubGcsService.grpc_client.GcsSubscriberCommandBatch.OnReplyReceived - 1 total (0 active), Execution time: mean = 86.554 us, total = 86.554 us, Queueing time: mean = 25.053 us, max = 25.053 us, min = 25.053 us, total = 25.053 us
	ray::rpc::WorkerInfoGcsService.grpc_client.AddWorkerInfo.OnReplyReceived - 1 total (0 active), Execution time: mean = 13.980 us, total = 13.980 us, Queueing time: mean = 60.434 us, max = 60.434 us, min = 60.434 us, total = 60.434 us
	ray::rpc::WorkerInfoGcsService.grpc_client.AddWorkerInfo - 1 total (0 active), Execution time: mean = 1.927 ms, total = 1.927 ms, Queueing time: mean = 0.000 s, max = -0.000 s, min = 9223372036.855 s, total = 0.000 s
	ray::rpc::NodeInfoGcsService.grpc_client.GetAllNodeInfo - 1 total (0 active), Execution time: mean = 659.040 us, total = 659.040 us, Queueing time: mean = 0.000 s, max = -0.000 s, min = 9223372036.855 s, total = 0.000 s

-----------------
Task Event stats:

IO Service Stats:

Global stats: 2878 total (1 active)
Queueing time: mean = 343.321 us, max = 180.863 ms, min = -0.082 s, total = 988.078 ms
Execution time:  mean = 233.485 us, total = 671.971 ms
Event stats:
	CoreWorker.deadline_timer.flush_task_events - 959 total (1 active), Execution time: mean = 131.158 us, total = 125.780 ms, Queueing time: mean = 996.662 us, max = 180.863 ms, min = -0.082 s, total = 955.799 ms
	ray::rpc::TaskInfoGcsService.grpc_client.AddTaskEventData.OnReplyReceived - 959 total (0 active), Execution time: mean = 18.252 us, total = 17.503 ms, Queueing time: mean = 33.500 us, max = 1.758 ms, min = 6.652 us, total = 32.126 ms
	ray::rpc::TaskInfoGcsService.grpc_client.AddTaskEventData - 959 total (0 active), Execution time: mean = 550.948 us, total = 528.359 ms, Queueing time: mean = 0.000 s, max = -0.000 s, min = 9223372036.855 s, total = 0.000 s
	PeriodicalRunner.RunFnPeriodically - 1 total (0 active), Execution time: mean = 328.336 us, total = 328.336 us, Queueing time: mean = 152.541 us, max = 152.541 us, min = 152.541 us, total = 152.541 us
Other Stats:
	grpc_in_progress:0
	current number of task status events in buffer: 0
	current number of profile events in buffer: 0
	current number of dropped task attempts tracked: 0
	total task events sent: 0 MiB
	total number of task attempts sent: 0
	total number of task attempts dropped reported: 0
	total number of sent failure: 0
	num status task events dropped: 0
	num profile task events dropped: 0


[2025-02-16 14:53:44,381 I 472 1063] core_worker.cc:642: Event stats:


Global stats: 14607 total (8 active)
Queueing time: mean = 163.067 us, max = 184.347 ms, min = -0.181 s, total = 2.382 s
Execution time:  mean = 61.517 ms, total = 898.577 s
Event stats:
	CoreWorker.RecoverObjects - 10182 total (1 active), Execution time: mean = 5.335 us, total = 54.324 ms, Queueing time: mean = 174.936 us, max = 180.909 ms, min = -0.014 s, total = 1.781 s
	NodeManagerService.grpc_client.ReportWorkerBacklog - 1020 total (0 active), Execution time: mean = 597.214 us, total = 609.158 ms, Queueing time: mean = 0.000 s, max = -0.000 s, min = 9223372036.855 s, total = 0.000 s
	NodeManagerService.grpc_client.ReportWorkerBacklog.OnReplyReceived - 1020 total (0 active), Execution time: mean = 16.311 us, total = 16.637 ms, Queueing time: mean = 42.317 us, max = 3.787 ms, min = 8.060 us, total = 43.163 ms
	CoreWorker.InternalHeartbeat - 1020 total (1 active), Execution time: mean = 100.228 us, total = 102.232 ms, Queueing time: mean = 202.918 us, max = 173.475 ms, min = -0.105 s, total = 206.977 ms
	CoreWorker.ExitIfParentRayletDies - 1020 total (1 active), Execution time: mean = 6.290 us, total = 6.415 ms, Queueing time: mean = 315.166 us, max = 173.234 ms, min = -0.070 s, total = 321.470 ms
	CoreWorker.RecordMetrics - 204 total (1 active), Execution time: mean = 15.538 us, total = 3.170 ms, Queueing time: mean = 66.361 us, max = 184.347 ms, min = -0.181 s, total = 13.538 ms
	CoreWorker.GCStreamingGeneratorMetadata - 102 total (1 active), Execution time: mean = 3.169 us, total = 323.228 us, Queueing time: mean = 109.789 us, max = 5.700 ms, min = -0.006 s, total = 11.198 ms
	CoreWorker.PrintEventStats - 17 total (1 active, 1 running), Execution time: mean = 192.302 us, total = 3.269 ms, Queueing time: mean = 116.512 us, max = 3.270 ms, min = -0.003 s, total = 1.981 ms
	PeriodicalRunner.RunFnPeriodically - 7 total (0 active), Execution time: mean = 65.030 us, total = 455.211 us, Queueing time: mean = 608.348 us, max = 2.997 ms, min = 18.327 us, total = 4.258 ms
	Publisher.CheckDeadSubscribers - 4 total (1 active), Execution time: mean = 3.267 us, total = 13.068 us, Queueing time: mean = -0.001 s, max = 1.003 ms, min = -0.003 s, total = -0.002 s
	ray::rpc::InternalPubSubGcsService.grpc_client.GcsSubscriberPoll - 3 total (1 active), Execution time: mean = 299.257 s, total = 897.772 s, Queueing time: mean = 0.000 s, max = -0.000 s, min = 9223372036.855 s, total = 0.000 s
	ray::rpc::InternalPubSubGcsService.grpc_client.GcsSubscriberPoll.OnReplyReceived - 2 total (0 active), Execution time: mean = 85.415 us, total = 170.829 us, Queueing time: mean = 25.286 us, max = 37.245 us, min = 13.327 us, total = 50.572 us
	ray::rpc::NodeInfoGcsService.grpc_client.GetAllNodeInfo.OnReplyReceived - 1 total (0 active), Execution time: mean = 74.478 us, total = 74.478 us, Queueing time: mean = 27.688 us, max = 27.688 us, min = 27.688 us, total = 27.688 us
	ray::rpc::InternalPubSubGcsService.grpc_client.GcsSubscriberCommandBatch - 1 total (0 active), Execution time: mean = 6.003 ms, total = 6.003 ms, Queueing time: mean = 0.000 s, max = -0.000 s, min = 9223372036.855 s, total = 0.000 s
	ray::rpc::InternalPubSubGcsService.grpc_client.GcsSubscriberCommandBatch.OnReplyReceived - 1 total (0 active), Execution time: mean = 86.554 us, total = 86.554 us, Queueing time: mean = 25.053 us, max = 25.053 us, min = 25.053 us, total = 25.053 us
	ray::rpc::WorkerInfoGcsService.grpc_client.AddWorkerInfo.OnReplyReceived - 1 total (0 active), Execution time: mean = 13.980 us, total = 13.980 us, Queueing time: mean = 60.434 us, max = 60.434 us, min = 60.434 us, total = 60.434 us
	ray::rpc::WorkerInfoGcsService.grpc_client.AddWorkerInfo - 1 total (0 active), Execution time: mean = 1.927 ms, total = 1.927 ms, Queueing time: mean = 0.000 s, max = -0.000 s, min = 9223372036.855 s, total = 0.000 s
	ray::rpc::NodeInfoGcsService.grpc_client.GetAllNodeInfo - 1 total (0 active), Execution time: mean = 659.040 us, total = 659.040 us, Queueing time: mean = 0.000 s, max = -0.000 s, min = 9223372036.855 s, total = 0.000 s

-----------------
Task Event stats:

IO Service Stats:

Global stats: 3058 total (1 active)
Queueing time: mean = 348.512 us, max = 180.863 ms, min = -0.082 s, total = 1.066 s
Execution time:  mean = 228.729 us, total = 699.454 ms
Event stats:
	CoreWorker.deadline_timer.flush_task_events - 1019 total (1 active), Execution time: mean = 128.744 us, total = 131.191 ms, Queueing time: mean = 1.013 ms, max = 180.863 ms, min = -0.082 s, total = 1.032 s
	ray::rpc::TaskInfoGcsService.grpc_client.AddTaskEventData.OnReplyReceived - 1019 total (0 active), Execution time: mean = 17.930 us, total = 18.271 ms, Queueing time: mean = 32.838 us, max = 1.758 ms, min = 6.652 us, total = 33.462 ms
	ray::rpc::TaskInfoGcsService.grpc_client.AddTaskEventData - 1019 total (0 active), Execution time: mean = 539.415 us, total = 549.664 ms, Queueing time: mean = 0.000 s, max = -0.000 s, min = 9223372036.855 s, total = 0.000 s
	PeriodicalRunner.RunFnPeriodically - 1 total (0 active), Execution time: mean = 328.336 us, total = 328.336 us, Queueing time: mean = 152.541 us, max = 152.541 us, min = 152.541 us, total = 152.541 us
Other Stats:
	grpc_in_progress:0
	current number of task status events in buffer: 0
	current number of profile events in buffer: 0
	current number of dropped task attempts tracked: 0
	total task events sent: 0 MiB
	total number of task attempts sent: 0
	total number of task attempts dropped reported: 0
	total number of sent failure: 0
	num status task events dropped: 0
	num profile task events dropped: 0


[2025-02-16 14:54:44,381 I 472 1063] core_worker.cc:642: Event stats:


Global stats: 15466 total (8 active)
Queueing time: mean = 169.443 us, max = 184.347 ms, min = -0.181 s, total = 2.621 s
Execution time:  mean = 58.102 ms, total = 898.610 s
Event stats:
	CoreWorker.RecoverObjects - 10782 total (1 active), Execution time: mean = 5.272 us, total = 56.840 ms, Queueing time: mean = 172.297 us, max = 180.909 ms, min = -0.014 s, total = 1.858 s
	NodeManagerService.grpc_client.ReportWorkerBacklog - 1080 total (0 active), Execution time: mean = 586.191 us, total = 633.086 ms, Queueing time: mean = 0.000 s, max = -0.000 s, min = 9223372036.855 s, total = 0.000 s
	NodeManagerService.grpc_client.ReportWorkerBacklog.OnReplyReceived - 1080 total (0 active), Execution time: mean = 16.102 us, total = 17.390 ms, Queueing time: mean = 41.267 us, max = 3.787 ms, min = 8.060 us, total = 44.568 ms
	CoreWorker.InternalHeartbeat - 1080 total (1 active), Execution time: mean = 100.089 us, total = 108.097 ms, Queueing time: mean = 265.758 us, max = 173.475 ms, min = -0.105 s, total = 287.019 ms
	CoreWorker.ExitIfParentRayletDies - 1080 total (1 active), Execution time: mean = 6.206 us, total = 6.702 ms, Queueing time: mean = 376.504 us, max = 173.234 ms, min = -0.070 s, total = 406.624 ms
	CoreWorker.RecordMetrics - 216 total (1 active), Execution time: mean = 15.629 us, total = 3.376 ms, Queueing time: mean = 53.604 us, max = 184.347 ms, min = -0.181 s, total = 11.579 ms
	CoreWorker.GCStreamingGeneratorMetadata - 108 total (1 active), Execution time: mean = 3.215 us, total = 347.197 us, Queueing time: mean = 74.502 us, max = 5.700 ms, min = -0.006 s, total = 8.046 ms
	CoreWorker.PrintEventStats - 18 total (1 active, 1 running), Execution time: mean = 189.996 us, total = 3.420 ms, Queueing time: mean = 148.244 us, max = 3.270 ms, min = -0.003 s, total = 2.668 ms
	PeriodicalRunner.RunFnPeriodically - 7 total (0 active), Execution time: mean = 65.030 us, total = 455.211 us, Queueing time: mean = 608.348 us, max = 2.997 ms, min = 18.327 us, total = 4.258 ms
	Publisher.CheckDeadSubscribers - 4 total (1 active), Execution time: mean = 3.267 us, total = 13.068 us, Queueing time: mean = -0.001 s, max = 1.003 ms, min = -0.003 s, total = -0.002 s
	ray::rpc::InternalPubSubGcsService.grpc_client.GcsSubscriberPoll - 3 total (1 active), Execution time: mean = 299.257 s, total = 897.772 s, Queueing time: mean = 0.000 s, max = -0.000 s, min = 9223372036.855 s, total = 0.000 s
	ray::rpc::InternalPubSubGcsService.grpc_client.GcsSubscriberPoll.OnReplyReceived - 2 total (0 active), Execution time: mean = 85.415 us, total = 170.829 us, Queueing time: mean = 25.286 us, max = 37.245 us, min = 13.327 us, total = 50.572 us
	ray::rpc::NodeInfoGcsService.grpc_client.GetAllNodeInfo.OnReplyReceived - 1 total (0 active), Execution time: mean = 74.478 us, total = 74.478 us, Queueing time: mean = 27.688 us, max = 27.688 us, min = 27.688 us, total = 27.688 us
	ray::rpc::InternalPubSubGcsService.grpc_client.GcsSubscriberCommandBatch - 1 total (0 active), Execution time: mean = 6.003 ms, total = 6.003 ms, Queueing time: mean = 0.000 s, max = -0.000 s, min = 9223372036.855 s, total = 0.000 s
	ray::rpc::InternalPubSubGcsService.grpc_client.GcsSubscriberCommandBatch.OnReplyReceived - 1 total (0 active), Execution time: mean = 86.554 us, total = 86.554 us, Queueing time: mean = 25.053 us, max = 25.053 us, min = 25.053 us, total = 25.053 us
	ray::rpc::WorkerInfoGcsService.grpc_client.AddWorkerInfo.OnReplyReceived - 1 total (0 active), Execution time: mean = 13.980 us, total = 13.980 us, Queueing time: mean = 60.434 us, max = 60.434 us, min = 60.434 us, total = 60.434 us
	ray::rpc::WorkerInfoGcsService.grpc_client.AddWorkerInfo - 1 total (0 active), Execution time: mean = 1.927 ms, total = 1.927 ms, Queueing time: mean = 0.000 s, max = -0.000 s, min = 9223372036.855 s, total = 0.000 s
	ray::rpc::NodeInfoGcsService.grpc_client.GetAllNodeInfo - 1 total (0 active), Execution time: mean = 659.040 us, total = 659.040 us, Queueing time: mean = 0.000 s, max = -0.000 s, min = 9223372036.855 s, total = 0.000 s

-----------------
Task Event stats:

IO Service Stats:

Global stats: 3238 total (1 active)
Queueing time: mean = 354.163 us, max = 180.863 ms, min = -0.082 s, total = 1.147 s
Execution time:  mean = 225.081 us, total = 728.813 ms
Event stats:
	CoreWorker.deadline_timer.flush_task_events - 1079 total (1 active), Execution time: mean = 126.842 us, total = 136.863 ms, Queueing time: mean = 1.030 ms, max = 180.863 ms, min = -0.082 s, total = 1.112 s
	ray::rpc::TaskInfoGcsService.grpc_client.AddTaskEventData.OnReplyReceived - 1079 total (0 active), Execution time: mean = 17.727 us, total = 19.128 ms, Queueing time: mean = 32.394 us, max = 1.758 ms, min = 6.652 us, total = 34.954 ms
	ray::rpc::TaskInfoGcsService.grpc_client.AddTaskEventData - 1079 total (0 active), Execution time: mean = 530.579 us, total = 572.495 ms, Queueing time: mean = 0.000 s, max = -0.000 s, min = 9223372036.855 s, total = 0.000 s
	PeriodicalRunner.RunFnPeriodically - 1 total (0 active), Execution time: mean = 328.336 us, total = 328.336 us, Queueing time: mean = 152.541 us, max = 152.541 us, min = 152.541 us, total = 152.541 us
Other Stats:
	grpc_in_progress:0
	current number of task status events in buffer: 0
	current number of profile events in buffer: 0
	current number of dropped task attempts tracked: 0
	total task events sent: 0 MiB
	total number of task attempts sent: 0
	total number of task attempts dropped reported: 0
	total number of sent failure: 0
	num status task events dropped: 0
	num profile task events dropped: 0


[2025-02-16 14:55:44,381 I 472 1063] core_worker.cc:642: Event stats:


Global stats: 16324 total (8 active)
Queueing time: mean = 168.251 us, max = 184.347 ms, min = -0.181 s, total = 2.747 s
Execution time:  mean = 55.050 ms, total = 898.642 s
Event stats:
	CoreWorker.RecoverObjects - 11381 total (1 active), Execution time: mean = 5.208 us, total = 59.277 ms, Queueing time: mean = 167.376 us, max = 180.909 ms, min = -0.025 s, total = 1.905 s
	NodeManagerService.grpc_client.ReportWorkerBacklog - 1140 total (0 active), Execution time: mean = 575.661 us, total = 656.253 ms, Queueing time: mean = 0.000 s, max = -0.000 s, min = 9223372036.855 s, total = 0.000 s
	NodeManagerService.grpc_client.ReportWorkerBacklog.OnReplyReceived - 1140 total (0 active), Execution time: mean = 15.780 us, total = 17.989 ms, Queueing time: mean = 40.759 us, max = 3.787 ms, min = 8.060 us, total = 46.465 ms
	CoreWorker.InternalHeartbeat - 1140 total (1 active), Execution time: mean = 98.710 us, total = 112.530 ms, Queueing time: mean = 284.020 us, max = 173.475 ms, min = -0.105 s, total = 323.783 ms
	CoreWorker.ExitIfParentRayletDies - 1140 total (1 active), Execution time: mean = 6.132 us, total = 6.991 ms, Queueing time: mean = 392.911 us, max = 173.234 ms, min = -0.070 s, total = 447.919 ms
	CoreWorker.RecordMetrics - 228 total (1 active), Execution time: mean = 15.542 us, total = 3.543 ms, Queueing time: mean = 62.536 us, max = 184.347 ms, min = -0.181 s, total = 14.258 ms
	CoreWorker.GCStreamingGeneratorMetadata - 114 total (1 active), Execution time: mean = 3.202 us, total = 365.012 us, Queueing time: mean = 110.089 us, max = 10.736 ms, min = -0.007 s, total = 12.550 ms
	CoreWorker.PrintEventStats - 19 total (1 active, 1 running), Execution time: mean = 191.244 us, total = 3.634 ms, Queueing time: mean = -0.000 s, max = 3.270 ms, min = -0.008 s, total = -0.006 s
	PeriodicalRunner.RunFnPeriodically - 7 total (0 active), Execution time: mean = 65.030 us, total = 455.211 us, Queueing time: mean = 608.348 us, max = 2.997 ms, min = 18.327 us, total = 4.258 ms
	Publisher.CheckDeadSubscribers - 4 total (1 active), Execution time: mean = 3.267 us, total = 13.068 us, Queueing time: mean = -0.001 s, max = 1.003 ms, min = -0.003 s, total = -0.002 s
	ray::rpc::InternalPubSubGcsService.grpc_client.GcsSubscriberPoll - 3 total (1 active), Execution time: mean = 299.257 s, total = 897.772 s, Queueing time: mean = 0.000 s, max = -0.000 s, min = 9223372036.855 s, total = 0.000 s
	ray::rpc::InternalPubSubGcsService.grpc_client.GcsSubscriberPoll.OnReplyReceived - 2 total (0 active), Execution time: mean = 85.415 us, total = 170.829 us, Queueing time: mean = 25.286 us, max = 37.245 us, min = 13.327 us, total = 50.572 us
	ray::rpc::NodeInfoGcsService.grpc_client.GetAllNodeInfo.OnReplyReceived - 1 total (0 active), Execution time: mean = 74.478 us, total = 74.478 us, Queueing time: mean = 27.688 us, max = 27.688 us, min = 27.688 us, total = 27.688 us
	ray::rpc::InternalPubSubGcsService.grpc_client.GcsSubscriberCommandBatch - 1 total (0 active), Execution time: mean = 6.003 ms, total = 6.003 ms, Queueing time: mean = 0.000 s, max = -0.000 s, min = 9223372036.855 s, total = 0.000 s
	ray::rpc::InternalPubSubGcsService.grpc_client.GcsSubscriberCommandBatch.OnReplyReceived - 1 total (0 active), Execution time: mean = 86.554 us, total = 86.554 us, Queueing time: mean = 25.053 us, max = 25.053 us, min = 25.053 us, total = 25.053 us
	ray::rpc::WorkerInfoGcsService.grpc_client.AddWorkerInfo.OnReplyReceived - 1 total (0 active), Execution time: mean = 13.980 us, total = 13.980 us, Queueing time: mean = 60.434 us, max = 60.434 us, min = 60.434 us, total = 60.434 us
	ray::rpc::WorkerInfoGcsService.grpc_client.AddWorkerInfo - 1 total (0 active), Execution time: mean = 1.927 ms, total = 1.927 ms, Queueing time: mean = 0.000 s, max = -0.000 s, min = 9223372036.855 s, total = 0.000 s
	ray::rpc::NodeInfoGcsService.grpc_client.GetAllNodeInfo - 1 total (0 active), Execution time: mean = 659.040 us, total = 659.040 us, Queueing time: mean = 0.000 s, max = -0.000 s, min = 9223372036.855 s, total = 0.000 s

-----------------
Task Event stats:

IO Service Stats:

Global stats: 3418 total (1 active)
Queueing time: mean = 346.338 us, max = 180.863 ms, min = -0.082 s, total = 1.184 s
Execution time:  mean = 221.488 us, total = 757.048 ms
Event stats:
	CoreWorker.deadline_timer.flush_task_events - 1139 total (1 active), Execution time: mean = 125.406 us, total = 142.837 ms, Queueing time: mean = 1.007 ms, max = 180.863 ms, min = -0.082 s, total = 1.147 s
	ray::rpc::TaskInfoGcsService.grpc_client.AddTaskEventData.OnReplyReceived - 1139 total (0 active), Execution time: mean = 17.513 us, total = 19.948 ms, Queueing time: mean = 31.952 us, max = 1.758 ms, min = 6.652 us, total = 36.393 ms
	ray::rpc::TaskInfoGcsService.grpc_client.AddTaskEventData - 1139 total (0 active), Execution time: mean = 521.452 us, total = 593.934 ms, Queueing time: mean = 0.000 s, max = -0.000 s, min = 9223372036.855 s, total = 0.000 s
	PeriodicalRunner.RunFnPeriodically - 1 total (0 active), Execution time: mean = 328.336 us, total = 328.336 us, Queueing time: mean = 152.541 us, max = 152.541 us, min = 152.541 us, total = 152.541 us
Other Stats:
	grpc_in_progress:0
	current number of task status events in buffer: 0
	current number of profile events in buffer: 0
	current number of dropped task attempts tracked: 0
	total task events sent: 0 MiB
	total number of task attempts sent: 0
	total number of task attempts dropped reported: 0
	total number of sent failure: 0
	num status task events dropped: 0
	num profile task events dropped: 0


[2025-02-16 14:56:44,381 I 472 1063] core_worker.cc:642: Event stats:


Global stats: 17185 total (8 active)
Queueing time: mean = 175.381 us, max = 184.347 ms, min = -0.181 s, total = 3.014 s
Execution time:  mean = 69.773 ms, total = 1199.048 s
Event stats:
	CoreWorker.RecoverObjects - 11980 total (1 active), Execution time: mean = 5.147 us, total = 61.656 ms, Queueing time: mean = 166.183 us, max = 180.909 ms, min = -0.025 s, total = 1.991 s
	NodeManagerService.grpc_client.ReportWorkerBacklog - 1200 total (0 active), Execution time: mean = 564.065 us, total = 676.878 ms, Queueing time: mean = 0.000 s, max = -0.000 s, min = 9223372036.855 s, total = 0.000 s
	NodeManagerService.grpc_client.ReportWorkerBacklog.OnReplyReceived - 1200 total (0 active), Execution time: mean = 15.482 us, total = 18.579 ms, Queueing time: mean = 39.841 us, max = 3.787 ms, min = 3.331 us, total = 47.809 ms
	CoreWorker.InternalHeartbeat - 1200 total (1 active), Execution time: mean = 97.554 us, total = 117.065 ms, Queueing time: mean = 338.978 us, max = 173.475 ms, min = -0.105 s, total = 406.773 ms
	CoreWorker.ExitIfParentRayletDies - 1200 total (1 active), Execution time: mean = 6.081 us, total = 7.298 ms, Queueing time: mean = 445.098 us, max = 173.234 ms, min = -0.070 s, total = 534.118 ms
	CoreWorker.RecordMetrics - 240 total (1 active), Execution time: mean = 15.463 us, total = 3.711 ms, Queueing time: mean = 61.338 us, max = 184.347 ms, min = -0.181 s, total = 14.721 ms
	CoreWorker.GCStreamingGeneratorMetadata - 120 total (1 active), Execution time: mean = 3.247 us, total = 389.594 us, Queueing time: mean = 95.895 us, max = 10.736 ms, min = -0.007 s, total = 11.507 ms
	CoreWorker.PrintEventStats - 20 total (1 active, 1 running), Execution time: mean = 191.071 us, total = 3.821 ms, Queueing time: mean = 118.927 us, max = 8.119 ms, min = -0.008 s, total = 2.379 ms
	PeriodicalRunner.RunFnPeriodically - 7 total (0 active), Execution time: mean = 65.030 us, total = 455.211 us, Queueing time: mean = 608.348 us, max = 2.997 ms, min = 18.327 us, total = 4.258 ms
	Publisher.CheckDeadSubscribers - 5 total (1 active), Execution time: mean = 3.225 us, total = 16.124 us, Queueing time: mean = 259.232 us, max = 3.329 ms, min = -0.003 s, total = 1.296 ms
	ray::rpc::InternalPubSubGcsService.grpc_client.GcsSubscriberPoll - 4 total (1 active), Execution time: mean = 299.537 s, total = 1198.149 s, Queueing time: mean = 0.000 s, max = -0.000 s, min = 9223372036.855 s, total = 0.000 s
	ray::rpc::InternalPubSubGcsService.grpc_client.GcsSubscriberPoll.OnReplyReceived - 3 total (0 active), Execution time: mean = 87.798 us, total = 263.395 us, Queueing time: mean = 25.306 us, max = 37.245 us, min = 13.327 us, total = 75.918 us
	ray::rpc::NodeInfoGcsService.grpc_client.GetAllNodeInfo.OnReplyReceived - 1 total (0 active), Execution time: mean = 74.478 us, total = 74.478 us, Queueing time: mean = 27.688 us, max = 27.688 us, min = 27.688 us, total = 27.688 us
	ray::rpc::InternalPubSubGcsService.grpc_client.GcsSubscriberCommandBatch - 1 total (0 active), Execution time: mean = 6.003 ms, total = 6.003 ms, Queueing time: mean = 0.000 s, max = -0.000 s, min = 9223372036.855 s, total = 0.000 s
	ray::rpc::InternalPubSubGcsService.grpc_client.GcsSubscriberCommandBatch.OnReplyReceived - 1 total (0 active), Execution time: mean = 86.554 us, total = 86.554 us, Queueing time: mean = 25.053 us, max = 25.053 us, min = 25.053 us, total = 25.053 us
	ray::rpc::WorkerInfoGcsService.grpc_client.AddWorkerInfo.OnReplyReceived - 1 total (0 active), Execution time: mean = 13.980 us, total = 13.980 us, Queueing time: mean = 60.434 us, max = 60.434 us, min = 60.434 us, total = 60.434 us
	ray::rpc::WorkerInfoGcsService.grpc_client.AddWorkerInfo - 1 total (0 active), Execution time: mean = 1.927 ms, total = 1.927 ms, Queueing time: mean = 0.000 s, max = -0.000 s, min = 9223372036.855 s, total = 0.000 s
	ray::rpc::NodeInfoGcsService.grpc_client.GetAllNodeInfo - 1 total (0 active), Execution time: mean = 659.040 us, total = 659.040 us, Queueing time: mean = 0.000 s, max = -0.000 s, min = 9223372036.855 s, total = 0.000 s

-----------------
Task Event stats:

IO Service Stats:

Global stats: 3598 total (1 active)
Queueing time: mean = 352.248 us, max = 180.863 ms, min = -0.082 s, total = 1.267 s
Execution time:  mean = 218.263 us, total = 785.310 ms
Event stats:
	CoreWorker.deadline_timer.flush_task_events - 1199 total (1 active), Execution time: mean = 123.651 us, total = 148.257 ms, Queueing time: mean = 1.025 ms, max = 180.863 ms, min = -0.082 s, total = 1.230 s
	ray::rpc::TaskInfoGcsService.grpc_client.AddTaskEventData.OnReplyReceived - 1199 total (0 active), Execution time: mean = 17.272 us, total = 20.709 ms, Queueing time: mean = 31.464 us, max = 1.758 ms, min = 6.652 us, total = 37.725 ms
	ray::rpc::TaskInfoGcsService.grpc_client.AddTaskEventData - 1199 total (0 active), Execution time: mean = 513.774 us, total = 616.015 ms, Queueing time: mean = 0.000 s, max = -0.000 s, min = 9223372036.855 s, total = 0.000 s
	PeriodicalRunner.RunFnPeriodically - 1 total (0 active), Execution time: mean = 328.336 us, total = 328.336 us, Queueing time: mean = 152.541 us, max = 152.541 us, min = 152.541 us, total = 152.541 us
Other Stats:
	grpc_in_progress:0
	current number of task status events in buffer: 0
	current number of profile events in buffer: 0
	current number of dropped task attempts tracked: 0
	total task events sent: 0 MiB
	total number of task attempts sent: 0
	total number of task attempts dropped reported: 0
	total number of sent failure: 0
	num status task events dropped: 0
	num profile task events dropped: 0


[2025-02-16 14:57:44,382 I 472 1063] core_worker.cc:642: Event stats:


Global stats: 18043 total (8 active)
Queueing time: mean = 181.173 us, max = 184.347 ms, min = -0.181 s, total = 3.269 s
Execution time:  mean = 66.457 ms, total = 1199.077 s
Event stats:
	CoreWorker.RecoverObjects - 12579 total (1 active), Execution time: mean = 5.081 us, total = 63.909 ms, Queueing time: mean = 164.963 us, max = 180.909 ms, min = -0.025 s, total = 2.075 s
	NodeManagerService.grpc_client.ReportWorkerBacklog - 1260 total (0 active), Execution time: mean = 553.680 us, total = 697.637 ms, Queueing time: mean = 0.000 s, max = -0.000 s, min = 9223372036.855 s, total = 0.000 s
	NodeManagerService.grpc_client.ReportWorkerBacklog.OnReplyReceived - 1260 total (0 active), Execution time: mean = 15.182 us, total = 19.130 ms, Queueing time: mean = 38.929 us, max = 3.787 ms, min = 3.331 us, total = 49.051 ms
	CoreWorker.InternalHeartbeat - 1260 total (1 active), Execution time: mean = 96.737 us, total = 121.889 ms, Queueing time: mean = 387.177 us, max = 173.475 ms, min = -0.105 s, total = 487.843 ms
	CoreWorker.ExitIfParentRayletDies - 1260 total (1 active), Execution time: mean = 6.018 us, total = 7.583 ms, Queueing time: mean = 492.189 us, max = 173.234 ms, min = -0.070 s, total = 620.158 ms
	CoreWorker.RecordMetrics - 252 total (1 active), Execution time: mean = 15.403 us, total = 3.881 ms, Queueing time: mean = 61.649 us, max = 184.347 ms, min = -0.181 s, total = 15.535 ms
	CoreWorker.GCStreamingGeneratorMetadata - 126 total (1 active), Execution time: mean = 3.259 us, total = 410.666 us, Queueing time: mean = 105.097 us, max = 10.736 ms, min = -0.007 s, total = 13.242 ms
	CoreWorker.PrintEventStats - 21 total (1 active, 1 running), Execution time: mean = 191.147 us, total = 4.014 ms, Queueing time: mean = 107.574 us, max = 8.119 ms, min = -0.008 s, total = 2.259 ms
	PeriodicalRunner.RunFnPeriodically - 7 total (0 active), Execution time: mean = 65.030 us, total = 455.211 us, Queueing time: mean = 608.348 us, max = 2.997 ms, min = 18.327 us, total = 4.258 ms
	Publisher.CheckDeadSubscribers - 5 total (1 active), Execution time: mean = 3.225 us, total = 16.124 us, Queueing time: mean = 259.232 us, max = 3.329 ms, min = -0.003 s, total = 1.296 ms
	ray::rpc::InternalPubSubGcsService.grpc_client.GcsSubscriberPoll - 4 total (1 active), Execution time: mean = 299.537 s, total = 1198.149 s, Queueing time: mean = 0.000 s, max = -0.000 s, min = 9223372036.855 s, total = 0.000 s
	ray::rpc::InternalPubSubGcsService.grpc_client.GcsSubscriberPoll.OnReplyReceived - 3 total (0 active), Execution time: mean = 87.798 us, total = 263.395 us, Queueing time: mean = 25.306 us, max = 37.245 us, min = 13.327 us, total = 75.918 us
	ray::rpc::NodeInfoGcsService.grpc_client.GetAllNodeInfo.OnReplyReceived - 1 total (0 active), Execution time: mean = 74.478 us, total = 74.478 us, Queueing time: mean = 27.688 us, max = 27.688 us, min = 27.688 us, total = 27.688 us
	ray::rpc::InternalPubSubGcsService.grpc_client.GcsSubscriberCommandBatch - 1 total (0 active), Execution time: mean = 6.003 ms, total = 6.003 ms, Queueing time: mean = 0.000 s, max = -0.000 s, min = 9223372036.855 s, total = 0.000 s
	ray::rpc::InternalPubSubGcsService.grpc_client.GcsSubscriberCommandBatch.OnReplyReceived - 1 total (0 active), Execution time: mean = 86.554 us, total = 86.554 us, Queueing time: mean = 25.053 us, max = 25.053 us, min = 25.053 us, total = 25.053 us
	ray::rpc::WorkerInfoGcsService.grpc_client.AddWorkerInfo.OnReplyReceived - 1 total (0 active), Execution time: mean = 13.980 us, total = 13.980 us, Queueing time: mean = 60.434 us, max = 60.434 us, min = 60.434 us, total = 60.434 us
	ray::rpc::WorkerInfoGcsService.grpc_client.AddWorkerInfo - 1 total (0 active), Execution time: mean = 1.927 ms, total = 1.927 ms, Queueing time: mean = 0.000 s, max = -0.000 s, min = 9223372036.855 s, total = 0.000 s
	ray::rpc::NodeInfoGcsService.grpc_client.GetAllNodeInfo - 1 total (0 active), Execution time: mean = 659.040 us, total = 659.040 us, Queueing time: mean = 0.000 s, max = -0.000 s, min = 9223372036.855 s, total = 0.000 s

-----------------
Task Event stats:

IO Service Stats:

Global stats: 3778 total (1 active)
Queueing time: mean = 357.465 us, max = 180.863 ms, min = -0.082 s, total = 1.351 s
Execution time:  mean = 215.514 us, total = 814.213 ms
Event stats:
	CoreWorker.deadline_timer.flush_task_events - 1259 total (1 active), Execution time: mean = 122.224 us, total = 153.880 ms, Queueing time: mean = 1.042 ms, max = 180.863 ms, min = -0.082 s, total = 1.311 s
	ray::rpc::TaskInfoGcsService.grpc_client.AddTaskEventData.OnReplyReceived - 1259 total (0 active), Execution time: mean = 17.080 us, total = 21.504 ms, Queueing time: mean = 31.002 us, max = 1.758 ms, min = 6.652 us, total = 39.031 ms
	ray::rpc::TaskInfoGcsService.grpc_client.AddTaskEventData - 1259 total (0 active), Execution time: mean = 507.150 us, total = 638.502 ms, Queueing time: mean = 0.000 s, max = -0.000 s, min = 9223372036.855 s, total = 0.000 s
	PeriodicalRunner.RunFnPeriodically - 1 total (0 active), Execution time: mean = 328.336 us, total = 328.336 us, Queueing time: mean = 152.541 us, max = 152.541 us, min = 152.541 us, total = 152.541 us
Other Stats:
	grpc_in_progress:0
	current number of task status events in buffer: 0
	current number of profile events in buffer: 0
	current number of dropped task attempts tracked: 0
	total task events sent: 0 MiB
	total number of task attempts sent: 0
	total number of task attempts dropped reported: 0
	total number of sent failure: 0
	num status task events dropped: 0
	num profile task events dropped: 0


[2025-02-16 14:58:44,382 I 472 1063] core_worker.cc:642: Event stats:


Global stats: 18902 total (8 active)
Queueing time: mean = 185.603 us, max = 184.347 ms, min = -0.181 s, total = 3.508 s
Execution time:  mean = 63.438 ms, total = 1199.106 s
Event stats:
	CoreWorker.RecoverObjects - 13179 total (1 active), Execution time: mean = 5.029 us, total = 66.278 ms, Queueing time: mean = 163.514 us, max = 180.909 ms, min = -0.025 s, total = 2.155 s
	NodeManagerService.grpc_client.ReportWorkerBacklog - 1320 total (0 active), Execution time: mean = 544.309 us, total = 718.488 ms, Queueing time: mean = 0.000 s, max = -0.000 s, min = 9223372036.855 s, total = 0.000 s
	NodeManagerService.grpc_client.ReportWorkerBacklog.OnReplyReceived - 1320 total (0 active), Execution time: mean = 14.955 us, total = 19.741 ms, Queueing time: mean = 38.237 us, max = 3.787 ms, min = 3.331 us, total = 50.473 ms
	CoreWorker.InternalHeartbeat - 1320 total (1 active), Execution time: mean = 95.730 us, total = 126.364 ms, Queueing time: mean = 427.533 us, max = 173.475 ms, min = -0.105 s, total = 564.343 ms
	CoreWorker.ExitIfParentRayletDies - 1320 total (1 active), Execution time: mean = 5.962 us, total = 7.870 ms, Queueing time: mean = 531.457 us, max = 173.234 ms, min = -0.070 s, total = 701.523 ms
	CoreWorker.RecordMetrics - 264 total (1 active), Execution time: mean = 15.539 us, total = 4.102 ms, Queueing time: mean = 60.266 us, max = 184.347 ms, min = -0.181 s, total = 15.910 ms
	CoreWorker.GCStreamingGeneratorMetadata - 132 total (1 active), Execution time: mean = 3.281 us, total = 433.087 us, Queueing time: mean = 97.933 us, max = 10.736 ms, min = -0.007 s, total = 12.927 ms
	CoreWorker.PrintEventStats - 22 total (1 active, 1 running), Execution time: mean = 188.823 us, total = 4.154 ms, Queueing time: mean = 108.679 us, max = 8.119 ms, min = -0.008 s, total = 2.391 ms
	PeriodicalRunner.RunFnPeriodically - 7 total (0 active), Execution time: mean = 65.030 us, total = 455.211 us, Queueing time: mean = 608.348 us, max = 2.997 ms, min = 18.327 us, total = 4.258 ms
	Publisher.CheckDeadSubscribers - 5 total (1 active), Execution time: mean = 3.225 us, total = 16.124 us, Queueing time: mean = 259.232 us, max = 3.329 ms, min = -0.003 s, total = 1.296 ms
	ray::rpc::InternalPubSubGcsService.grpc_client.GcsSubscriberPoll - 4 total (1 active), Execution time: mean = 299.537 s, total = 1198.149 s, Queueing time: mean = 0.000 s, max = -0.000 s, min = 9223372036.855 s, total = 0.000 s
	ray::rpc::InternalPubSubGcsService.grpc_client.GcsSubscriberPoll.OnReplyReceived - 3 total (0 active), Execution time: mean = 87.798 us, total = 263.395 us, Queueing time: mean = 25.306 us, max = 37.245 us, min = 13.327 us, total = 75.918 us
	ray::rpc::NodeInfoGcsService.grpc_client.GetAllNodeInfo.OnReplyReceived - 1 total (0 active), Execution time: mean = 74.478 us, total = 74.478 us, Queueing time: mean = 27.688 us, max = 27.688 us, min = 27.688 us, total = 27.688 us
	ray::rpc::InternalPubSubGcsService.grpc_client.GcsSubscriberCommandBatch - 1 total (0 active), Execution time: mean = 6.003 ms, total = 6.003 ms, Queueing time: mean = 0.000 s, max = -0.000 s, min = 9223372036.855 s, total = 0.000 s
	ray::rpc::InternalPubSubGcsService.grpc_client.GcsSubscriberCommandBatch.OnReplyReceived - 1 total (0 active), Execution time: mean = 86.554 us, total = 86.554 us, Queueing time: mean = 25.053 us, max = 25.053 us, min = 25.053 us, total = 25.053 us
	ray::rpc::WorkerInfoGcsService.grpc_client.AddWorkerInfo.OnReplyReceived - 1 total (0 active), Execution time: mean = 13.980 us, total = 13.980 us, Queueing time: mean = 60.434 us, max = 60.434 us, min = 60.434 us, total = 60.434 us
	ray::rpc::WorkerInfoGcsService.grpc_client.AddWorkerInfo - 1 total (0 active), Execution time: mean = 1.927 ms, total = 1.927 ms, Queueing time: mean = 0.000 s, max = -0.000 s, min = 9223372036.855 s, total = 0.000 s
	ray::rpc::NodeInfoGcsService.grpc_client.GetAllNodeInfo - 1 total (0 active), Execution time: mean = 659.040 us, total = 659.040 us, Queueing time: mean = 0.000 s, max = -0.000 s, min = 9223372036.855 s, total = 0.000 s

-----------------
Task Event stats:

IO Service Stats:

Global stats: 3958 total (1 active)
Queueing time: mean = 360.553 us, max = 180.863 ms, min = -0.082 s, total = 1.427 s
Execution time:  mean = 213.731 us, total = 845.946 ms
Event stats:
	CoreWorker.deadline_timer.flush_task_events - 1319 total (1 active), Execution time: mean = 121.237 us, total = 159.912 ms, Queueing time: mean = 1.051 ms, max = 180.863 ms, min = -0.082 s, total = 1.386 s
	ray::rpc::TaskInfoGcsService.grpc_client.AddTaskEventData.OnReplyReceived - 1319 total (0 active), Execution time: mean = 17.034 us, total = 22.468 ms, Queueing time: mean = 30.746 us, max = 1.758 ms, min = 6.652 us, total = 40.554 ms
	ray::rpc::TaskInfoGcsService.grpc_client.AddTaskEventData - 1319 total (0 active), Execution time: mean = 502.834 us, total = 663.238 ms, Queueing time: mean = 0.000 s, max = -0.000 s, min = 9223372036.855 s, total = 0.000 s
	PeriodicalRunner.RunFnPeriodically - 1 total (0 active), Execution time: mean = 328.336 us, total = 328.336 us, Queueing time: mean = 152.541 us, max = 152.541 us, min = 152.541 us, total = 152.541 us
Other Stats:
	grpc_in_progress:0
	current number of task status events in buffer: 0
	current number of profile events in buffer: 0
	current number of dropped task attempts tracked: 0
	total task events sent: 0 MiB
	total number of task attempts sent: 0
	total number of task attempts dropped reported: 0
	total number of sent failure: 0
	num status task events dropped: 0
	num profile task events dropped: 0


[2025-02-16 14:59:44,382 I 472 1063] core_worker.cc:642: Event stats:


Global stats: 19760 total (8 active)
Queueing time: mean = 190.297 us, max = 184.347 ms, min = -0.181 s, total = 3.760 s
Execution time:  mean = 60.685 ms, total = 1199.134 s
Event stats:
	CoreWorker.RecoverObjects - 13778 total (1 active), Execution time: mean = 4.974 us, total = 68.536 ms, Queueing time: mean = 162.470 us, max = 180.909 ms, min = -0.025 s, total = 2.239 s
	NodeManagerService.grpc_client.ReportWorkerBacklog - 1380 total (0 active), Execution time: mean = 535.400 us, total = 738.852 ms, Queueing time: mean = 0.000 s, max = -0.000 s, min = 9223372036.855 s, total = 0.000 s
	NodeManagerService.grpc_client.ReportWorkerBacklog.OnReplyReceived - 1380 total (0 active), Execution time: mean = 14.771 us, total = 20.384 ms, Queueing time: mean = 37.746 us, max = 3.787 ms, min = 3.331 us, total = 52.089 ms
	CoreWorker.InternalHeartbeat - 1380 total (1 active), Execution time: mean = 94.633 us, total = 130.594 ms, Queueing time: mean = 467.240 us, max = 173.475 ms, min = -0.105 s, total = 644.791 ms
	CoreWorker.ExitIfParentRayletDies - 1380 total (1 active), Execution time: mean = 5.908 us, total = 8.154 ms, Queueing time: mean = 569.308 us, max = 173.234 ms, min = -0.070 s, total = 785.645 ms
	CoreWorker.RecordMetrics - 276 total (1 active), Execution time: mean = 15.556 us, total = 4.294 ms, Queueing time: mean = 62.673 us, max = 184.347 ms, min = -0.181 s, total = 17.298 ms
	CoreWorker.GCStreamingGeneratorMetadata - 138 total (1 active), Execution time: mean = 3.335 us, total = 460.284 us, Queueing time: mean = 99.685 us, max = 10.736 ms, min = -0.007 s, total = 13.757 ms
	CoreWorker.PrintEventStats - 23 total (1 active, 1 running), Execution time: mean = 187.489 us, total = 4.312 ms, Queueing time: mean = 105.204 us, max = 8.119 ms, min = -0.008 s, total = 2.420 ms
	PeriodicalRunner.RunFnPeriodically - 7 total (0 active), Execution time: mean = 65.030 us, total = 455.211 us, Queueing time: mean = 608.348 us, max = 2.997 ms, min = 18.327 us, total = 4.258 ms
	Publisher.CheckDeadSubscribers - 5 total (1 active), Execution time: mean = 3.225 us, total = 16.124 us, Queueing time: mean = 259.232 us, max = 3.329 ms, min = -0.003 s, total = 1.296 ms
	ray::rpc::InternalPubSubGcsService.grpc_client.GcsSubscriberPoll - 4 total (1 active), Execution time: mean = 299.537 s, total = 1198.149 s, Queueing time: mean = 0.000 s, max = -0.000 s, min = 9223372036.855 s, total = 0.000 s
	ray::rpc::InternalPubSubGcsService.grpc_client.GcsSubscriberPoll.OnReplyReceived - 3 total (0 active), Execution time: mean = 87.798 us, total = 263.395 us, Queueing time: mean = 25.306 us, max = 37.245 us, min = 13.327 us, total = 75.918 us
	ray::rpc::NodeInfoGcsService.grpc_client.GetAllNodeInfo.OnReplyReceived - 1 total (0 active), Execution time: mean = 74.478 us, total = 74.478 us, Queueing time: mean = 27.688 us, max = 27.688 us, min = 27.688 us, total = 27.688 us
	ray::rpc::InternalPubSubGcsService.grpc_client.GcsSubscriberCommandBatch - 1 total (0 active), Execution time: mean = 6.003 ms, total = 6.003 ms, Queueing time: mean = 0.000 s, max = -0.000 s, min = 9223372036.855 s, total = 0.000 s
	ray::rpc::InternalPubSubGcsService.grpc_client.GcsSubscriberCommandBatch.OnReplyReceived - 1 total (0 active), Execution time: mean = 86.554 us, total = 86.554 us, Queueing time: mean = 25.053 us, max = 25.053 us, min = 25.053 us, total = 25.053 us
	ray::rpc::WorkerInfoGcsService.grpc_client.AddWorkerInfo.OnReplyReceived - 1 total (0 active), Execution time: mean = 13.980 us, total = 13.980 us, Queueing time: mean = 60.434 us, max = 60.434 us, min = 60.434 us, total = 60.434 us
	ray::rpc::WorkerInfoGcsService.grpc_client.AddWorkerInfo - 1 total (0 active), Execution time: mean = 1.927 ms, total = 1.927 ms, Queueing time: mean = 0.000 s, max = -0.000 s, min = 9223372036.855 s, total = 0.000 s
	ray::rpc::NodeInfoGcsService.grpc_client.GetAllNodeInfo - 1 total (0 active), Execution time: mean = 659.040 us, total = 659.040 us, Queueing time: mean = 0.000 s, max = -0.000 s, min = 9223372036.855 s, total = 0.000 s

-----------------
Task Event stats:

IO Service Stats:

Global stats: 4138 total (1 active)
Queueing time: mean = 364.215 us, max = 180.863 ms, min = -0.082 s, total = 1.507 s
Execution time:  mean = 211.292 us, total = 874.325 ms
Event stats:
	CoreWorker.deadline_timer.flush_task_events - 1379 total (1 active), Execution time: mean = 119.761 us, total = 165.151 ms, Queueing time: mean = 1.062 ms, max = 180.863 ms, min = -0.082 s, total = 1.465 s
	ray::rpc::TaskInfoGcsService.grpc_client.AddTaskEventData.OnReplyReceived - 1379 total (0 active), Execution time: mean = 16.863 us, total = 23.254 ms, Queueing time: mean = 30.343 us, max = 1.758 ms, min = 6.652 us, total = 41.843 ms
	ray::rpc::TaskInfoGcsService.grpc_client.AddTaskEventData - 1379 total (0 active), Execution time: mean = 497.166 us, total = 685.592 ms, Queueing time: mean = 0.000 s, max = -0.000 s, min = 9223372036.855 s, total = 0.000 s
	PeriodicalRunner.RunFnPeriodically - 1 total (0 active), Execution time: mean = 328.336 us, total = 328.336 us, Queueing time: mean = 152.541 us, max = 152.541 us, min = 152.541 us, total = 152.541 us
Other Stats:
	grpc_in_progress:0
	current number of task status events in buffer: 0
	current number of profile events in buffer: 0
	current number of dropped task attempts tracked: 0
	total task events sent: 0 MiB
	total number of task attempts sent: 0
	total number of task attempts dropped reported: 0
	total number of sent failure: 0
	num status task events dropped: 0
	num profile task events dropped: 0


[2025-02-16 15:00:44,382 I 472 1063] core_worker.cc:642: Event stats:


Global stats: 20618 total (8 active)
Queueing time: mean = 193.658 us, max = 184.347 ms, min = -0.181 s, total = 3.993 s
Execution time:  mean = 58.161 ms, total = 1199.163 s
Event stats:
	CoreWorker.RecoverObjects - 14377 total (1 active), Execution time: mean = 4.930 us, total = 70.875 ms, Queueing time: mean = 161.104 us, max = 180.909 ms, min = -0.025 s, total = 2.316 s
	NodeManagerService.grpc_client.ReportWorkerBacklog - 1440 total (0 active), Execution time: mean = 527.153 us, total = 759.100 ms, Queueing time: mean = 0.000 s, max = -0.000 s, min = 9223372036.855 s, total = 0.000 s
	NodeManagerService.grpc_client.ReportWorkerBacklog.OnReplyReceived - 1440 total (0 active), Execution time: mean = 14.579 us, total = 20.993 ms, Queueing time: mean = 37.155 us, max = 3.787 ms, min = 3.331 us, total = 53.503 ms
	CoreWorker.InternalHeartbeat - 1440 total (1 active), Execution time: mean = 93.705 us, total = 134.935 ms, Queueing time: mean = 499.165 us, max = 173.475 ms, min = -0.105 s, total = 718.798 ms
	CoreWorker.ExitIfParentRayletDies - 1440 total (1 active), Execution time: mean = 5.899 us, total = 8.494 ms, Queueing time: mean = 600.024 us, max = 173.234 ms, min = -0.070 s, total = 864.034 ms
	CoreWorker.RecordMetrics - 288 total (1 active), Execution time: mean = 15.507 us, total = 4.466 ms, Queueing time: mean = 59.919 us, max = 184.347 ms, min = -0.181 s, total = 17.257 ms
	CoreWorker.GCStreamingGeneratorMetadata - 144 total (1 active), Execution time: mean = 3.360 us, total = 483.789 us, Queueing time: mean = 102.949 us, max = 10.736 ms, min = -0.007 s, total = 14.825 ms
	CoreWorker.PrintEventStats - 24 total (1 active, 1 running), Execution time: mean = 185.983 us, total = 4.464 ms, Queueing time: mean = 103.396 us, max = 8.119 ms, min = -0.008 s, total = 2.482 ms
	PeriodicalRunner.RunFnPeriodically - 7 total (0 active), Execution time: mean = 65.030 us, total = 455.211 us, Queueing time: mean = 608.348 us, max = 2.997 ms, min = 18.327 us, total = 4.258 ms
	Publisher.CheckDeadSubscribers - 5 total (1 active), Execution time: mean = 3.225 us, total = 16.124 us, Queueing time: mean = 259.232 us, max = 3.329 ms, min = -0.003 s, total = 1.296 ms
	ray::rpc::InternalPubSubGcsService.grpc_client.GcsSubscriberPoll - 4 total (1 active), Execution time: mean = 299.537 s, total = 1198.149 s, Queueing time: mean = 0.000 s, max = -0.000 s, min = 9223372036.855 s, total = 0.000 s
	ray::rpc::InternalPubSubGcsService.grpc_client.GcsSubscriberPoll.OnReplyReceived - 3 total (0 active), Execution time: mean = 87.798 us, total = 263.395 us, Queueing time: mean = 25.306 us, max = 37.245 us, min = 13.327 us, total = 75.918 us
	ray::rpc::NodeInfoGcsService.grpc_client.GetAllNodeInfo.OnReplyReceived - 1 total (0 active), Execution time: mean = 74.478 us, total = 74.478 us, Queueing time: mean = 27.688 us, max = 27.688 us, min = 27.688 us, total = 27.688 us
	ray::rpc::InternalPubSubGcsService.grpc_client.GcsSubscriberCommandBatch - 1 total (0 active), Execution time: mean = 6.003 ms, total = 6.003 ms, Queueing time: mean = 0.000 s, max = -0.000 s, min = 9223372036.855 s, total = 0.000 s
	ray::rpc::InternalPubSubGcsService.grpc_client.GcsSubscriberCommandBatch.OnReplyReceived - 1 total (0 active), Execution time: mean = 86.554 us, total = 86.554 us, Queueing time: mean = 25.053 us, max = 25.053 us, min = 25.053 us, total = 25.053 us
	ray::rpc::WorkerInfoGcsService.grpc_client.AddWorkerInfo.OnReplyReceived - 1 total (0 active), Execution time: mean = 13.980 us, total = 13.980 us, Queueing time: mean = 60.434 us, max = 60.434 us, min = 60.434 us, total = 60.434 us
	ray::rpc::WorkerInfoGcsService.grpc_client.AddWorkerInfo - 1 total (0 active), Execution time: mean = 1.927 ms, total = 1.927 ms, Queueing time: mean = 0.000 s, max = -0.000 s, min = 9223372036.855 s, total = 0.000 s
	ray::rpc::NodeInfoGcsService.grpc_client.GetAllNodeInfo - 1 total (0 active), Execution time: mean = 659.040 us, total = 659.040 us, Queueing time: mean = 0.000 s, max = -0.000 s, min = 9223372036.855 s, total = 0.000 s

-----------------
Task Event stats:

IO Service Stats:

Global stats: 4318 total (1 active)
Queueing time: mean = 366.472 us, max = 180.863 ms, min = -0.082 s, total = 1.582 s
Execution time:  mean = 208.542 us, total = 900.483 ms
Event stats:
	CoreWorker.deadline_timer.flush_task_events - 1439 total (1 active), Execution time: mean = 118.244 us, total = 170.153 ms, Queueing time: mean = 1.070 ms, max = 180.863 ms, min = -0.082 s, total = 1.539 s
	ray::rpc::TaskInfoGcsService.grpc_client.AddTaskEventData.OnReplyReceived - 1439 total (0 active), Execution time: mean = 16.670 us, total = 23.988 ms, Queueing time: mean = 29.942 us, max = 1.758 ms, min = 6.652 us, total = 43.087 ms
	ray::rpc::TaskInfoGcsService.grpc_client.AddTaskEventData - 1439 total (0 active), Execution time: mean = 490.628 us, total = 706.013 ms, Queueing time: mean = 0.000 s, max = -0.000 s, min = 9223372036.855 s, total = 0.000 s
	PeriodicalRunner.RunFnPeriodically - 1 total (0 active), Execution time: mean = 328.336 us, total = 328.336 us, Queueing time: mean = 152.541 us, max = 152.541 us, min = 152.541 us, total = 152.541 us
Other Stats:
	grpc_in_progress:0
	current number of task status events in buffer: 0
	current number of profile events in buffer: 0
	current number of dropped task attempts tracked: 0
	total task events sent: 0 MiB
	total number of task attempts sent: 0
	total number of task attempts dropped reported: 0
	total number of sent failure: 0
	num status task events dropped: 0
	num profile task events dropped: 0


[2025-02-16 15:01:44,383 I 472 1063] core_worker.cc:642: Event stats:


Global stats: 21479 total (8 active)
Queueing time: mean = 196.521 us, max = 184.347 ms, min = -0.181 s, total = 4.221 s
Execution time:  mean = 69.816 ms, total = 1499.586 s
Event stats:
	CoreWorker.RecoverObjects - 14976 total (1 active), Execution time: mean = 4.886 us, total = 73.176 ms, Queueing time: mean = 159.690 us, max = 180.909 ms, min = -0.025 s, total = 2.392 s
	NodeManagerService.grpc_client.ReportWorkerBacklog - 1500 total (0 active), Execution time: mean = 520.070 us, total = 780.106 ms, Queueing time: mean = 0.000 s, max = -0.000 s, min = 9223372036.855 s, total = 0.000 s
	NodeManagerService.grpc_client.ReportWorkerBacklog.OnReplyReceived - 1500 total (0 active), Execution time: mean = 14.385 us, total = 21.577 ms, Queueing time: mean = 36.578 us, max = 3.787 ms, min = 3.331 us, total = 54.867 ms
	CoreWorker.InternalHeartbeat - 1500 total (1 active), Execution time: mean = 92.849 us, total = 139.274 ms, Queueing time: mean = 528.521 us, max = 173.475 ms, min = -0.105 s, total = 792.782 ms
	CoreWorker.ExitIfParentRayletDies - 1500 total (1 active), Execution time: mean = 5.848 us, total = 8.772 ms, Queueing time: mean = 627.798 us, max = 173.234 ms, min = -0.070 s, total = 941.697 ms
	CoreWorker.RecordMetrics - 300 total (1 active), Execution time: mean = 15.541 us, total = 4.662 ms, Queueing time: mean = 60.887 us, max = 184.347 ms, min = -0.181 s, total = 18.266 ms
	CoreWorker.GCStreamingGeneratorMetadata - 150 total (1 active), Execution time: mean = 3.360 us, total = 503.973 us, Queueing time: mean = 89.016 us, max = 10.736 ms, min = -0.007 s, total = 13.352 ms
	CoreWorker.PrintEventStats - 25 total (1 active, 1 running), Execution time: mean = 184.306 us, total = 4.608 ms, Queueing time: mean = 103.905 us, max = 8.119 ms, min = -0.008 s, total = 2.598 ms
	PeriodicalRunner.RunFnPeriodically - 7 total (0 active), Execution time: mean = 65.030 us, total = 455.211 us, Queueing time: mean = 608.348 us, max = 2.997 ms, min = 18.327 us, total = 4.258 ms
	Publisher.CheckDeadSubscribers - 6 total (1 active), Execution time: mean = 3.633 us, total = 21.798 us, Queueing time: mean = 237.506 us, max = 3.329 ms, min = -0.003 s, total = 1.425 ms
	ray::rpc::InternalPubSubGcsService.grpc_client.GcsSubscriberPoll - 5 total (1 active), Execution time: mean = 299.709 s, total = 1498.543 s, Queueing time: mean = 0.000 s, max = -0.000 s, min = 9223372036.855 s, total = 0.000 s
	ray::rpc::InternalPubSubGcsService.grpc_client.GcsSubscriberPoll.OnReplyReceived - 4 total (0 active), Execution time: mean = 90.072 us, total = 360.289 us, Queueing time: mean = 48.572 us, max = 118.372 us, min = 13.327 us, total = 194.290 us
	ray::rpc::NodeInfoGcsService.grpc_client.GetAllNodeInfo.OnReplyReceived - 1 total (0 active), Execution time: mean = 74.478 us, total = 74.478 us, Queueing time: mean = 27.688 us, max = 27.688 us, min = 27.688 us, total = 27.688 us
	ray::rpc::InternalPubSubGcsService.grpc_client.GcsSubscriberCommandBatch - 1 total (0 active), Execution time: mean = 6.003 ms, total = 6.003 ms, Queueing time: mean = 0.000 s, max = -0.000 s, min = 9223372036.855 s, total = 0.000 s
	ray::rpc::InternalPubSubGcsService.grpc_client.GcsSubscriberCommandBatch.OnReplyReceived - 1 total (0 active), Execution time: mean = 86.554 us, total = 86.554 us, Queueing time: mean = 25.053 us, max = 25.053 us, min = 25.053 us, total = 25.053 us
	ray::rpc::WorkerInfoGcsService.grpc_client.AddWorkerInfo.OnReplyReceived - 1 total (0 active), Execution time: mean = 13.980 us, total = 13.980 us, Queueing time: mean = 60.434 us, max = 60.434 us, min = 60.434 us, total = 60.434 us
	ray::rpc::WorkerInfoGcsService.grpc_client.AddWorkerInfo - 1 total (0 active), Execution time: mean = 1.927 ms, total = 1.927 ms, Queueing time: mean = 0.000 s, max = -0.000 s, min = 9223372036.855 s, total = 0.000 s
	ray::rpc::NodeInfoGcsService.grpc_client.GetAllNodeInfo - 1 total (0 active), Execution time: mean = 659.040 us, total = 659.040 us, Queueing time: mean = 0.000 s, max = -0.000 s, min = 9223372036.855 s, total = 0.000 s

-----------------
Task Event stats:

IO Service Stats:

Global stats: 4498 total (1 active)
Queueing time: mean = 368.350 us, max = 180.863 ms, min = -0.082 s, total = 1.657 s
Execution time:  mean = 206.708 us, total = 929.774 ms
Event stats:
	CoreWorker.deadline_timer.flush_task_events - 1499 total (1 active), Execution time: mean = 116.985 us, total = 175.360 ms, Queueing time: mean = 1.075 ms, max = 180.863 ms, min = -0.082 s, total = 1.612 s
	ray::rpc::TaskInfoGcsService.grpc_client.AddTaskEventData.OnReplyReceived - 1499 total (0 active), Execution time: mean = 16.566 us, total = 24.832 ms, Queueing time: mean = 29.707 us, max = 1.758 ms, min = 6.652 us, total = 44.531 ms
	ray::rpc::TaskInfoGcsService.grpc_client.AddTaskEventData - 1499 total (0 active), Execution time: mean = 486.494 us, total = 729.254 ms, Queueing time: mean = 0.000 s, max = -0.000 s, min = 9223372036.855 s, total = 0.000 s
	PeriodicalRunner.RunFnPeriodically - 1 total (0 active), Execution time: mean = 328.336 us, total = 328.336 us, Queueing time: mean = 152.541 us, max = 152.541 us, min = 152.541 us, total = 152.541 us
Other Stats:
	grpc_in_progress:0
	current number of task status events in buffer: 0
	current number of profile events in buffer: 0
	current number of dropped task attempts tracked: 0
	total task events sent: 0 MiB
	total number of task attempts sent: 0
	total number of task attempts dropped reported: 0
	total number of sent failure: 0
	num status task events dropped: 0
	num profile task events dropped: 0


[2025-02-16 15:02:44,383 I 472 1063] core_worker.cc:642: Event stats:


Global stats: 22334 total (7 active)
Queueing time: mean = 200.857 us, max = 184.347 ms, min = -0.181 s, total = 4.486 s
Execution time:  mean = 69.861 ms, total = 1560.267 s
Event stats:
	CoreWorker.RecoverObjects - 15575 total (1 active), Execution time: mean = 4.855 us, total = 75.617 ms, Queueing time: mean = 159.143 us, max = 180.909 ms, min = -0.025 s, total = 2.479 s
	NodeManagerService.grpc_client.ReportWorkerBacklog - 1559 total (0 active), Execution time: mean = 513.934 us, total = 801.224 ms, Queueing time: mean = 0.000 s, max = -0.000 s, min = 9223372036.855 s, total = 0.000 s
	NodeManagerService.grpc_client.ReportWorkerBacklog.OnReplyReceived - 1559 total (0 active), Execution time: mean = 14.353 us, total = 22.376 ms, Queueing time: mean = 36.093 us, max = 3.787 ms, min = 3.331 us, total = 56.268 ms
	CoreWorker.InternalHeartbeat - 1559 total (1 active), Execution time: mean = 92.179 us, total = 143.707 ms, Queueing time: mean = 563.005 us, max = 173.475 ms, min = -0.105 s, total = 877.724 ms
	CoreWorker.ExitIfParentRayletDies - 1559 total (1 active), Execution time: mean = 5.857 us, total = 9.132 ms, Queueing time: mean = 661.061 us, max = 173.234 ms, min = -0.070 s, total = 1.031 s
	CoreWorker.RecordMetrics - 312 total (1 active), Execution time: mean = 15.567 us, total = 4.857 ms, Queueing time: mean = 60.252 us, max = 184.347 ms, min = -0.181 s, total = 18.799 ms
	CoreWorker.GCStreamingGeneratorMetadata - 156 total (1 active), Execution time: mean = 3.402 us, total = 530.680 us, Queueing time: mean = 98.184 us, max = 10.736 ms, min = -0.007 s, total = 15.317 ms
	CoreWorker.PrintEventStats - 26 total (1 active, 1 running), Execution time: mean = 184.068 us, total = 4.786 ms, Queueing time: mean = 99.434 us, max = 8.119 ms, min = -0.008 s, total = 2.585 ms
	PeriodicalRunner.RunFnPeriodically - 7 total (0 active), Execution time: mean = 65.030 us, total = 455.211 us, Queueing time: mean = 608.348 us, max = 2.997 ms, min = 18.327 us, total = 4.258 ms
	Publisher.CheckDeadSubscribers - 6 total (1 active), Execution time: mean = 3.633 us, total = 21.798 us, Queueing time: mean = 237.506 us, max = 3.329 ms, min = -0.003 s, total = 1.425 ms
	ray::rpc::InternalPubSubGcsService.grpc_client.GcsSubscriberPoll.OnReplyReceived - 5 total (0 active), Execution time: mean = 501.308 us, total = 2.507 ms, Queueing time: mean = 41.370 us, max = 118.372 us, min = 12.562 us, total = 206.852 us
	ray::rpc::InternalPubSubGcsService.grpc_client.GcsSubscriberPoll - 5 total (0 active), Execution time: mean = 311.839 s, total = 1559.193 s, Queueing time: mean = 0.000 s, max = -0.000 s, min = 9223372036.855 s, total = 0.000 s
	ray::rpc::NodeInfoGcsService.grpc_client.GetAllNodeInfo.OnReplyReceived - 1 total (0 active), Execution time: mean = 74.478 us, total = 74.478 us, Queueing time: mean = 27.688 us, max = 27.688 us, min = 27.688 us, total = 27.688 us
	ray::rpc::InternalPubSubGcsService.grpc_client.GcsSubscriberCommandBatch - 1 total (0 active), Execution time: mean = 6.003 ms, total = 6.003 ms, Queueing time: mean = 0.000 s, max = -0.000 s, min = 9223372036.855 s, total = 0.000 s
	ray::rpc::InternalPubSubGcsService.grpc_client.GcsSubscriberCommandBatch.OnReplyReceived - 1 total (0 active), Execution time: mean = 86.554 us, total = 86.554 us, Queueing time: mean = 25.053 us, max = 25.053 us, min = 25.053 us, total = 25.053 us
	ray::rpc::WorkerInfoGcsService.grpc_client.AddWorkerInfo.OnReplyReceived - 1 total (0 active), Execution time: mean = 13.980 us, total = 13.980 us, Queueing time: mean = 60.434 us, max = 60.434 us, min = 60.434 us, total = 60.434 us
	ray::rpc::WorkerInfoGcsService.grpc_client.AddWorkerInfo - 1 total (0 active), Execution time: mean = 1.927 ms, total = 1.927 ms, Queueing time: mean = 0.000 s, max = -0.000 s, min = 9223372036.855 s, total = 0.000 s
	ray::rpc::NodeInfoGcsService.grpc_client.GetAllNodeInfo - 1 total (0 active), Execution time: mean = 659.040 us, total = 659.040 us, Queueing time: mean = 0.000 s, max = -0.000 s, min = 9223372036.855 s, total = 0.000 s

-----------------
Task Event stats:

IO Service Stats:

Global stats: 4678 total (1 active)
Queueing time: mean = 372.310 us, max = 180.863 ms, min = -0.082 s, total = 1.742 s
Execution time:  mean = 205.415 us, total = 960.932 ms
Event stats:
	CoreWorker.deadline_timer.flush_task_events - 1559 total (1 active), Execution time: mean = 116.068 us, total = 180.950 ms, Queueing time: mean = 1.088 ms, max = 180.863 ms, min = -0.082 s, total = 1.696 s
	ray::rpc::TaskInfoGcsService.grpc_client.AddTaskEventData.OnReplyReceived - 1559 total (0 active), Execution time: mean = 16.522 us, total = 25.758 ms, Queueing time: mean = 29.465 us, max = 1.758 ms, min = 6.652 us, total = 45.936 ms
	ray::rpc::TaskInfoGcsService.grpc_client.AddTaskEventData - 1559 total (0 active), Execution time: mean = 483.576 us, total = 753.895 ms, Queueing time: mean = 0.000 s, max = -0.000 s, min = 9223372036.855 s, total = 0.000 s
	PeriodicalRunner.RunFnPeriodically - 1 total (0 active), Execution time: mean = 328.336 us, total = 328.336 us, Queueing time: mean = 152.541 us, max = 152.541 us, min = 152.541 us, total = 152.541 us
Other Stats:
	grpc_in_progress:1
	current number of task status events in buffer: 0
	current number of profile events in buffer: 0
	current number of dropped task attempts tracked: 0
	total task events sent: 0 MiB
	total number of task attempts sent: 0
	total number of task attempts dropped reported: 0
	total number of sent failure: 0
	num status task events dropped: 0
	num profile task events dropped: 0


[2025-02-16 15:02:44,396 I 472 1063] raylet_client.cc:369: Error reporting task backlog information: RpcError: RPC Error message: failed to connect to all addresses; last error: UNKNOWN: ipv4:172.19.0.2:39851: Failed to connect to remote host: Connection refused; RPC Error details: 
[2025-02-16 15:02:45,248 W 472 1282] task_event_buffer.cc:475: [1] GCS hasn't replied to the previous flush events call (likely overloaded). Skipping reporting task state events and retry later.[cur_status_events_size=0][cur_profile_events_size=0]
[2025-02-16 15:02:45,396 I 472 1063] raylet_client.cc:369: Error reporting task backlog information: RpcError: RPC Error message: failed to connect to all addresses; last error: UNKNOWN: ipv4:172.19.0.2:39851: Failed to connect to remote host: Connection refused; RPC Error details: 
[2025-02-16 15:02:46,396 I 472 1063] raylet_client.cc:369: Error reporting task backlog information: RpcError: RPC Error message: failed to connect to all addresses; last error: UNKNOWN: ipv4:172.19.0.2:39851: Failed to connect to remote host: Connection refused; RPC Error details: 
[2025-02-16 15:02:47,396 I 472 1063] raylet_client.cc:369: Error reporting task backlog information: RpcError: RPC Error message: failed to connect to all addresses; last error: UNKNOWN: ipv4:172.19.0.2:39851: Failed to connect to remote host: Connection refused; RPC Error details: 
[2025-02-16 15:02:48,396 I 472 1063] raylet_client.cc:369: Error reporting task backlog information: RpcError: RPC Error message: failed to connect to all addresses; last error: UNKNOWN: ipv4:172.19.0.2:39851: Failed to connect to remote host: Connection refused; RPC Error details: 
[2025-02-16 15:02:49,396 I 472 1063] raylet_client.cc:369: Error reporting task backlog information: RpcError: RPC Error message: failed to connect to all addresses; last error: UNKNOWN: ipv4:172.19.0.2:39851: Failed to connect to remote host: Connection refused; RPC Error details: 
[2025-02-16 15:02:50,396 I 472 1063] raylet_client.cc:369: Error reporting task backlog information: RpcError: RPC Error message: failed to connect to all addresses; last error: UNKNOWN: ipv4:172.19.0.2:39851: Failed to connect to remote host: Connection refused; RPC Error details: 
[2025-02-16 15:02:51,396 I 472 1063] raylet_client.cc:369: Error reporting task backlog information: RpcError: RPC Error message: failed to connect to all addresses; last error: UNKNOWN: ipv4:172.19.0.2:39851: Failed to connect to remote host: Connection refused; RPC Error details: 
[2025-02-16 15:02:52,396 I 472 1063] raylet_client.cc:369: Error reporting task backlog information: RpcError: RPC Error message: failed to connect to all addresses; last error: UNKNOWN: ipv4:172.19.0.2:39851: Failed to connect to remote host: Connection refused; RPC Error details: 
