[2025-02-16 14:36:44,399 I 469 469] core_worker_process.cc:107: Constructing CoreWorkerProcess. pid: 469
[2025-02-16 14:36:44,401 I 469 469] io_service_pool.cc:35: IOServicePool is running with 1 io_service.
[2025-02-16 14:36:44,405 I 469 469] grpc_server.cc:134: worker server started, listening on port 38353.
[2025-02-16 14:36:44,407 I 469 469] core_worker.cc:275: Initializing worker at address: 172.19.0.2:38353 worker_id=4914a2c9adf6f7d0190ebfcf23dd04a8cf0158917af1f6a3e3081da5 node_id=816adedaa007cdcc0cd45373f60e7db6274e62064526c8820e476a2e
[2025-02-16 14:36:44,408 I 469 469] task_event_buffer.cc:257: Reporting task events to GCS every 1000ms.
[2025-02-16 14:36:44,409 I 469 469] core_worker.cc:703: Adjusted worker niceness to 15
[2025-02-16 14:36:44,409 I 469 469] event.cc:491: Ray Event initialized for CORE_WORKER
[2025-02-16 14:36:44,409 I 469 469] event.cc:491: Ray Event initialized for EXPORT_TASK
[2025-02-16 14:36:44,409 I 469 469] event.cc:322: Set ray event level to warning
[2025-02-16 14:36:44,409 I 469 1408] core_worker.cc:642: Event stats:


Global stats: 15 total (9 active)
Queueing time: mean = 9.167 us, max = 52.168 us, min = 11.917 us, total = 137.503 us
Execution time:  mean = 96.235 us, total = 1.444 ms
Event stats:
	PeriodicalRunner.RunFnPeriodically - 7 total (5 active, 1 running), Execution time: mean = 2.372 us, total = 16.602 us, Queueing time: mean = 12.845 us, max = 52.168 us, min = 37.746 us, total = 89.914 us
	ray::rpc::InternalPubSubGcsService.grpc_client.GcsSubscriberCommandBatch - 1 total (0 active), Execution time: mean = 304.157 us, total = 304.157 us, Queueing time: mean = 0.000 s, max = -0.000 s, min = 9223372036.855 s, total = 0.000 s
	ray::rpc::InternalPubSubGcsService.grpc_client.GcsSubscriberPoll - 1 total (1 active), Execution time: mean = 0.000 s, total = 0.000 s, Queueing time: mean = 0.000 s, max = -0.000 s, min = 9223372036.855 s, total = 0.000 s
	ray::rpc::NodeInfoGcsService.grpc_client.GetAllNodeInfo - 1 total (1 active), Execution time: mean = 0.000 s, total = 0.000 s, Queueing time: mean = 0.000 s, max = -0.000 s, min = 9223372036.855 s, total = 0.000 s
	ray::rpc::WorkerInfoGcsService.grpc_client.AddWorkerInfo.OnReplyReceived - 1 total (0 active), Execution time: mean = 25.771 us, total = 25.771 us, Queueing time: mean = 11.917 us, max = 11.917 us, min = 11.917 us, total = 11.917 us
	Publisher.CheckDeadSubscribers - 1 total (1 active), Execution time: mean = 0.000 s, total = 0.000 s, Queueing time: mean = 0.000 s, max = -0.000 s, min = 9223372036.855 s, total = 0.000 s
	ray::rpc::WorkerInfoGcsService.grpc_client.AddWorkerInfo - 1 total (0 active), Execution time: mean = 853.078 us, total = 853.078 us, Queueing time: mean = 0.000 s, max = -0.000 s, min = 9223372036.855 s, total = 0.000 s
	CoreWorker.ExitIfParentRayletDies - 1 total (1 active), Execution time: mean = 0.000 s, total = 0.000 s, Queueing time: mean = 0.000 s, max = -0.000 s, min = 9223372036.855 s, total = 0.000 s
	ray::rpc::InternalPubSubGcsService.grpc_client.GcsSubscriberCommandBatch.OnReplyReceived - 1 total (0 active), Execution time: mean = 243.919 us, total = 243.919 us, Queueing time: mean = 35.672 us, max = 35.672 us, min = 35.672 us, total = 35.672 us

-----------------
Task Event stats:

IO Service Stats:

Global stats: 4 total (1 active)
Queueing time: mean = 44.972 us, max = 171.403 us, min = 8.487 us, total = 179.890 us
Execution time:  mean = 147.693 us, total = 590.772 us
Event stats:
	ray::rpc::TaskInfoGcsService.grpc_client.AddTaskEventData.OnReplyReceived - 1 total (0 active), Execution time: mean = 12.179 us, total = 12.179 us, Queueing time: mean = 8.487 us, max = 8.487 us, min = 8.487 us, total = 8.487 us
	CoreWorker.deadline_timer.flush_task_events - 1 total (1 active), Execution time: mean = 0.000 s, total = 0.000 s, Queueing time: mean = 0.000 s, max = -0.000 s, min = 9223372036.855 s, total = 0.000 s
	PeriodicalRunner.RunFnPeriodically - 1 total (0 active), Execution time: mean = 94.850 us, total = 94.850 us, Queueing time: mean = 171.403 us, max = 171.403 us, min = 171.403 us, total = 171.403 us
	ray::rpc::TaskInfoGcsService.grpc_client.AddTaskEventData - 1 total (0 active), Execution time: mean = 483.743 us, total = 483.743 us, Queueing time: mean = 0.000 s, max = -0.000 s, min = 9223372036.855 s, total = 0.000 s
Other Stats:
	grpc_in_progress:0
	current number of task status events in buffer: 0
	current number of profile events in buffer: 0
	current number of dropped task attempts tracked: 0
	total task events sent: 0 MiB
	total number of task attempts sent: 0
	total number of task attempts dropped reported: 0
	total number of sent failure: 0
	num status task events dropped: 0
	num profile task events dropped: 0


[2025-02-16 14:36:44,410 I 469 1408] accessor.cc:762: Received notification for node, IsAlive = 1 node_id=816adedaa007cdcc0cd45373f60e7db6274e62064526c8820e476a2e
[2025-02-16 14:36:44,410 I 469 1408] core_worker.cc:4754: Number of alive nodes:1
[2025-02-16 14:36:54,408 W 469 1398] metric_exporter.cc:105: [1] Export metrics to agent failed: RpcError: RPC Error message: failed to connect to all addresses; last error: UNKNOWN: ipv4:127.0.0.1:61040: Failed to connect to remote host: Connection refused; RPC Error details: . This won't affect Ray, but you can lose metrics from the cluster.
[2025-02-16 14:37:44,409 I 469 1408] core_worker.cc:642: Event stats:


Global stats: 874 total (8 active)
Queueing time: mean = 137.499 us, max = 20.444 ms, min = -0.030 s, total = 120.174 ms
Execution time:  mean = 57.840 us, total = 50.552 ms
Event stats:
	CoreWorker.RecoverObjects - 599 total (1 active), Execution time: mean = 5.656 us, total = 3.388 ms, Queueing time: mean = 169.084 us, max = 6.291 ms, min = -0.001 s, total = 101.281 ms
	CoreWorker.ExitIfParentRayletDies - 61 total (1 active), Execution time: mean = 6.262 us, total = 381.970 us, Queueing time: mean = 77.759 us, max = 20.432 ms, min = -0.030 s, total = 4.743 ms
	CoreWorker.InternalHeartbeat - 60 total (1 active), Execution time: mean = 89.217 us, total = 5.353 ms, Queueing time: mean = 66.474 us, max = 20.444 ms, min = -0.030 s, total = 3.988 ms
	NodeManagerService.grpc_client.ReportWorkerBacklog - 60 total (0 active), Execution time: mean = 633.251 us, total = 37.995 ms, Queueing time: mean = 0.000 s, max = -0.000 s, min = 9223372036.855 s, total = 0.000 s
	NodeManagerService.grpc_client.ReportWorkerBacklog.OnReplyReceived - 60 total (0 active), Execution time: mean = 11.755 us, total = 705.323 us, Queueing time: mean = 26.274 us, max = 80.225 us, min = 16.885 us, total = 1.576 ms
	CoreWorker.RecordMetrics - 12 total (1 active), Execution time: mean = 12.772 us, total = 153.261 us, Queueing time: mean = 217.267 us, max = 6.543 ms, min = -0.004 s, total = 2.607 ms
	PeriodicalRunner.RunFnPeriodically - 7 total (0 active), Execution time: mean = 78.492 us, total = 549.446 us, Queueing time: mean = 354.371 us, max = 696.179 us, min = 37.746 us, total = 2.481 ms
	CoreWorker.GCStreamingGeneratorMetadata - 6 total (1 active), Execution time: mean = 1.838 us, total = 11.030 us, Queueing time: mean = 533.182 us, max = 3.013 ms, min = -0.002 s, total = 3.199 ms
	ray::rpc::WorkerInfoGcsService.grpc_client.AddWorkerInfo - 1 total (0 active), Execution time: mean = 853.078 us, total = 853.078 us, Queueing time: mean = 0.000 s, max = -0.000 s, min = 9223372036.855 s, total = 0.000 s
	ray::rpc::NodeInfoGcsService.grpc_client.GetAllNodeInfo.OnReplyReceived - 1 total (0 active), Execution time: mean = 74.130 us, total = 74.130 us, Queueing time: mean = 250.334 us, max = 250.334 us, min = 250.334 us, total = 250.334 us
	ray::rpc::InternalPubSubGcsService.grpc_client.GcsSubscriberPoll - 1 total (1 active), Execution time: mean = 0.000 s, total = 0.000 s, Queueing time: mean = 0.000 s, max = -0.000 s, min = 9223372036.855 s, total = 0.000 s
	ray::rpc::WorkerInfoGcsService.grpc_client.AddWorkerInfo.OnReplyReceived - 1 total (0 active), Execution time: mean = 25.771 us, total = 25.771 us, Queueing time: mean = 11.917 us, max = 11.917 us, min = 11.917 us, total = 11.917 us
	ray::rpc::InternalPubSubGcsService.grpc_client.GcsSubscriberCommandBatch.OnReplyReceived - 1 total (0 active), Execution time: mean = 243.919 us, total = 243.919 us, Queueing time: mean = 35.672 us, max = 35.672 us, min = 35.672 us, total = 35.672 us
	CoreWorker.PrintEventStats - 1 total (1 active, 1 running), Execution time: mean = 0.000 s, total = 0.000 s, Queueing time: mean = 0.000 s, max = -0.000 s, min = 9223372036.855 s, total = 0.000 s
	ray::rpc::InternalPubSubGcsService.grpc_client.GcsSubscriberCommandBatch - 1 total (0 active), Execution time: mean = 304.157 us, total = 304.157 us, Queueing time: mean = 0.000 s, max = -0.000 s, min = 9223372036.855 s, total = 0.000 s
	ray::rpc::NodeInfoGcsService.grpc_client.GetAllNodeInfo - 1 total (0 active), Execution time: mean = 513.892 us, total = 513.892 us, Queueing time: mean = 0.000 s, max = -0.000 s, min = 9223372036.855 s, total = 0.000 s
	Publisher.CheckDeadSubscribers - 1 total (1 active), Execution time: mean = 0.000 s, total = 0.000 s, Queueing time: mean = 0.000 s, max = -0.000 s, min = 9223372036.855 s, total = 0.000 s

-----------------
Task Event stats:

IO Service Stats:

Global stats: 181 total (1 active)
Queueing time: mean = 265.498 us, max = 20.468 ms, min = -0.005 s, total = 48.055 ms
Execution time:  mean = 191.562 us, total = 34.673 ms
Event stats:
	ray::rpc::TaskInfoGcsService.grpc_client.AddTaskEventData.OnReplyReceived - 60 total (0 active), Execution time: mean = 15.654 us, total = 939.267 us, Queueing time: mean = 27.441 us, max = 159.728 us, min = 8.487 us, total = 1.646 ms
	CoreWorker.deadline_timer.flush_task_events - 60 total (1 active), Execution time: mean = 105.817 us, total = 6.349 ms, Queueing time: mean = 770.620 us, max = 20.468 ms, min = -0.005 s, total = 46.237 ms
	ray::rpc::TaskInfoGcsService.grpc_client.AddTaskEventData - 60 total (0 active), Execution time: mean = 454.826 us, total = 27.290 ms, Queueing time: mean = 0.000 s, max = -0.000 s, min = 9223372036.855 s, total = 0.000 s
	PeriodicalRunner.RunFnPeriodically - 1 total (0 active), Execution time: mean = 94.850 us, total = 94.850 us, Queueing time: mean = 171.403 us, max = 171.403 us, min = 171.403 us, total = 171.403 us
Other Stats:
	grpc_in_progress:0
	current number of task status events in buffer: 0
	current number of profile events in buffer: 0
	current number of dropped task attempts tracked: 0
	total task events sent: 0 MiB
	total number of task attempts sent: 0
	total number of task attempts dropped reported: 0
	total number of sent failure: 0
	num status task events dropped: 0
	num profile task events dropped: 0


[2025-02-16 14:38:44,410 I 469 1408] core_worker.cc:642: Event stats:


Global stats: 1731 total (8 active)
Queueing time: mean = 138.809 us, max = 29.179 ms, min = -0.033 s, total = 240.279 ms
Execution time:  mean = 67.357 us, total = 116.594 ms
Event stats:
	CoreWorker.RecoverObjects - 1198 total (1 active), Execution time: mean = 5.490 us, total = 6.577 ms, Queueing time: mean = 172.193 us, max = 6.291 ms, min = -0.001 s, total = 206.287 ms
	CoreWorker.InternalHeartbeat - 120 total (1 active), Execution time: mean = 119.002 us, total = 14.280 ms, Queueing time: mean = 51.377 us, max = 29.179 ms, min = -0.033 s, total = 6.165 ms
	NodeManagerService.grpc_client.ReportWorkerBacklog - 120 total (0 active), Execution time: mean = 750.541 us, total = 90.065 ms, Queueing time: mean = 0.000 s, max = -0.000 s, min = 9223372036.855 s, total = 0.000 s
	NodeManagerService.grpc_client.ReportWorkerBacklog.OnReplyReceived - 120 total (0 active), Execution time: mean = 14.728 us, total = 1.767 ms, Queueing time: mean = 27.525 us, max = 83.797 us, min = 16.885 us, total = 3.303 ms
	CoreWorker.ExitIfParentRayletDies - 120 total (1 active), Execution time: mean = 6.910 us, total = 829.253 us, Queueing time: mean = 113.597 us, max = 29.172 ms, min = -0.033 s, total = 13.632 ms
	CoreWorker.RecordMetrics - 24 total (1 active), Execution time: mean = 13.954 us, total = 334.892 us, Queueing time: mean = 129.452 us, max = 15.030 ms, min = -0.012 s, total = 3.107 ms
	CoreWorker.GCStreamingGeneratorMetadata - 12 total (1 active), Execution time: mean = 2.309 us, total = 27.706 us, Queueing time: mean = 326.284 us, max = 3.712 ms, min = -0.002 s, total = 3.915 ms
	PeriodicalRunner.RunFnPeriodically - 7 total (0 active), Execution time: mean = 78.492 us, total = 549.446 us, Queueing time: mean = 354.371 us, max = 696.179 us, min = 37.746 us, total = 2.481 ms
	CoreWorker.PrintEventStats - 2 total (1 active, 1 running), Execution time: mean = 74.460 us, total = 148.919 us, Queueing time: mean = 545.558 us, max = 1.091 ms, min = 1.091 ms, total = 1.091 ms
	ray::rpc::WorkerInfoGcsService.grpc_client.AddWorkerInfo - 1 total (0 active), Execution time: mean = 853.078 us, total = 853.078 us, Queueing time: mean = 0.000 s, max = -0.000 s, min = 9223372036.855 s, total = 0.000 s
	ray::rpc::NodeInfoGcsService.grpc_client.GetAllNodeInfo.OnReplyReceived - 1 total (0 active), Execution time: mean = 74.130 us, total = 74.130 us, Queueing time: mean = 250.334 us, max = 250.334 us, min = 250.334 us, total = 250.334 us
	ray::rpc::InternalPubSubGcsService.grpc_client.GcsSubscriberPoll - 1 total (1 active), Execution time: mean = 0.000 s, total = 0.000 s, Queueing time: mean = 0.000 s, max = -0.000 s, min = 9223372036.855 s, total = 0.000 s
	ray::rpc::WorkerInfoGcsService.grpc_client.AddWorkerInfo.OnReplyReceived - 1 total (0 active), Execution time: mean = 25.771 us, total = 25.771 us, Queueing time: mean = 11.917 us, max = 11.917 us, min = 11.917 us, total = 11.917 us
	ray::rpc::InternalPubSubGcsService.grpc_client.GcsSubscriberCommandBatch.OnReplyReceived - 1 total (0 active), Execution time: mean = 243.919 us, total = 243.919 us, Queueing time: mean = 35.672 us, max = 35.672 us, min = 35.672 us, total = 35.672 us
	ray::rpc::InternalPubSubGcsService.grpc_client.GcsSubscriberCommandBatch - 1 total (0 active), Execution time: mean = 304.157 us, total = 304.157 us, Queueing time: mean = 0.000 s, max = -0.000 s, min = 9223372036.855 s, total = 0.000 s
	ray::rpc::NodeInfoGcsService.grpc_client.GetAllNodeInfo - 1 total (0 active), Execution time: mean = 513.892 us, total = 513.892 us, Queueing time: mean = 0.000 s, max = -0.000 s, min = 9223372036.855 s, total = 0.000 s
	Publisher.CheckDeadSubscribers - 1 total (1 active), Execution time: mean = 0.000 s, total = 0.000 s, Queueing time: mean = 0.000 s, max = -0.000 s, min = 9223372036.855 s, total = 0.000 s

-----------------
Task Event stats:

IO Service Stats:

Global stats: 361 total (1 active)
Queueing time: mean = 280.577 us, max = 29.349 ms, min = -0.009 s, total = 101.288 ms
Execution time:  mean = 226.145 us, total = 81.638 ms
Event stats:
	ray::rpc::TaskInfoGcsService.grpc_client.AddTaskEventData.OnReplyReceived - 120 total (0 active), Execution time: mean = 19.154 us, total = 2.298 ms, Queueing time: mean = 28.579 us, max = 159.728 us, min = 8.487 us, total = 3.430 ms
	CoreWorker.deadline_timer.flush_task_events - 120 total (1 active), Execution time: mean = 127.675 us, total = 15.321 ms, Queueing time: mean = 814.060 us, max = 29.349 ms, min = -0.009 s, total = 97.687 ms
	ray::rpc::TaskInfoGcsService.grpc_client.AddTaskEventData - 120 total (0 active), Execution time: mean = 532.699 us, total = 63.924 ms, Queueing time: mean = 0.000 s, max = -0.000 s, min = 9223372036.855 s, total = 0.000 s
	PeriodicalRunner.RunFnPeriodically - 1 total (0 active), Execution time: mean = 94.850 us, total = 94.850 us, Queueing time: mean = 171.403 us, max = 171.403 us, min = 171.403 us, total = 171.403 us
Other Stats:
	grpc_in_progress:0
	current number of task status events in buffer: 0
	current number of profile events in buffer: 0
	current number of dropped task attempts tracked: 0
	total task events sent: 0 MiB
	total number of task attempts sent: 0
	total number of task attempts dropped reported: 0
	total number of sent failure: 0
	num status task events dropped: 0
	num profile task events dropped: 0


[2025-02-16 14:39:44,410 I 469 1408] core_worker.cc:642: Event stats:


Global stats: 2590 total (8 active)
Queueing time: mean = 126.410 us, max = 29.179 ms, min = -0.033 s, total = 327.402 ms
Execution time:  mean = 65.173 us, total = 168.799 ms
Event stats:
	CoreWorker.RecoverObjects - 1798 total (1 active), Execution time: mean = 5.274 us, total = 9.482 ms, Queueing time: mean = 158.242 us, max = 6.291 ms, min = -0.001 s, total = 284.519 ms
	CoreWorker.InternalHeartbeat - 180 total (1 active), Execution time: mean = 127.226 us, total = 22.901 ms, Queueing time: mean = 51.336 us, max = 29.179 ms, min = -0.033 s, total = 9.240 ms
	NodeManagerService.grpc_client.ReportWorkerBacklog - 180 total (0 active), Execution time: mean = 715.609 us, total = 128.810 ms, Queueing time: mean = 0.000 s, max = -0.000 s, min = 9223372036.855 s, total = 0.000 s
	NodeManagerService.grpc_client.ReportWorkerBacklog.OnReplyReceived - 180 total (0 active), Execution time: mean = 15.315 us, total = 2.757 ms, Queueing time: mean = 30.662 us, max = 277.966 us, min = 16.885 us, total = 5.519 ms
	CoreWorker.ExitIfParentRayletDies - 180 total (1 active), Execution time: mean = 7.064 us, total = 1.271 ms, Queueing time: mean = 93.764 us, max = 29.172 ms, min = -0.033 s, total = 16.877 ms
	CoreWorker.RecordMetrics - 36 total (1 active), Execution time: mean = 14.420 us, total = 519.108 us, Queueing time: mean = 101.857 us, max = 15.030 ms, min = -0.012 s, total = 3.667 ms
	CoreWorker.GCStreamingGeneratorMetadata - 18 total (1 active), Execution time: mean = 2.675 us, total = 48.145 us, Queueing time: mean = 217.436 us, max = 3.712 ms, min = -0.002 s, total = 3.914 ms
	PeriodicalRunner.RunFnPeriodically - 7 total (0 active), Execution time: mean = 78.492 us, total = 549.446 us, Queueing time: mean = 354.371 us, max = 696.179 us, min = 37.746 us, total = 2.481 ms
	CoreWorker.PrintEventStats - 3 total (1 active, 1 running), Execution time: mean = 148.903 us, total = 446.708 us, Queueing time: mean = 295.513 us, max = 1.091 ms, min = -0.000 s, total = 886.538 us
	ray::rpc::WorkerInfoGcsService.grpc_client.AddWorkerInfo - 1 total (0 active), Execution time: mean = 853.078 us, total = 853.078 us, Queueing time: mean = 0.000 s, max = -0.000 s, min = 9223372036.855 s, total = 0.000 s
	ray::rpc::NodeInfoGcsService.grpc_client.GetAllNodeInfo.OnReplyReceived - 1 total (0 active), Execution time: mean = 74.130 us, total = 74.130 us, Queueing time: mean = 250.334 us, max = 250.334 us, min = 250.334 us, total = 250.334 us
	ray::rpc::InternalPubSubGcsService.grpc_client.GcsSubscriberPoll - 1 total (1 active), Execution time: mean = 0.000 s, total = 0.000 s, Queueing time: mean = 0.000 s, max = -0.000 s, min = 9223372036.855 s, total = 0.000 s
	ray::rpc::WorkerInfoGcsService.grpc_client.AddWorkerInfo.OnReplyReceived - 1 total (0 active), Execution time: mean = 25.771 us, total = 25.771 us, Queueing time: mean = 11.917 us, max = 11.917 us, min = 11.917 us, total = 11.917 us
	ray::rpc::InternalPubSubGcsService.grpc_client.GcsSubscriberCommandBatch.OnReplyReceived - 1 total (0 active), Execution time: mean = 243.919 us, total = 243.919 us, Queueing time: mean = 35.672 us, max = 35.672 us, min = 35.672 us, total = 35.672 us
	ray::rpc::InternalPubSubGcsService.grpc_client.GcsSubscriberCommandBatch - 1 total (0 active), Execution time: mean = 304.157 us, total = 304.157 us, Queueing time: mean = 0.000 s, max = -0.000 s, min = 9223372036.855 s, total = 0.000 s
	ray::rpc::NodeInfoGcsService.grpc_client.GetAllNodeInfo - 1 total (0 active), Execution time: mean = 513.892 us, total = 513.892 us, Queueing time: mean = 0.000 s, max = -0.000 s, min = 9223372036.855 s, total = 0.000 s
	Publisher.CheckDeadSubscribers - 1 total (1 active), Execution time: mean = 0.000 s, total = 0.000 s, Queueing time: mean = 0.000 s, max = -0.000 s, min = 9223372036.855 s, total = 0.000 s

-----------------
Task Event stats:

IO Service Stats:

Global stats: 541 total (1 active)
Queueing time: mean = 272.114 us, max = 29.349 ms, min = -0.009 s, total = 147.214 ms
Execution time:  mean = 239.774 us, total = 129.718 ms
Event stats:
	ray::rpc::TaskInfoGcsService.grpc_client.AddTaskEventData.OnReplyReceived - 180 total (0 active), Execution time: mean = 20.101 us, total = 3.618 ms, Queueing time: mean = 29.232 us, max = 288.125 us, min = 6.247 us, total = 5.262 ms
	CoreWorker.deadline_timer.flush_task_events - 180 total (1 active), Execution time: mean = 139.797 us, total = 25.163 ms, Queueing time: mean = 787.670 us, max = 29.349 ms, min = -0.009 s, total = 141.781 ms
	ray::rpc::TaskInfoGcsService.grpc_client.AddTaskEventData - 180 total (0 active), Execution time: mean = 560.229 us, total = 100.841 ms, Queueing time: mean = 0.000 s, max = -0.000 s, min = 9223372036.855 s, total = 0.000 s
	PeriodicalRunner.RunFnPeriodically - 1 total (0 active), Execution time: mean = 94.850 us, total = 94.850 us, Queueing time: mean = 171.403 us, max = 171.403 us, min = 171.403 us, total = 171.403 us
Other Stats:
	grpc_in_progress:0
	current number of task status events in buffer: 0
	current number of profile events in buffer: 0
	current number of dropped task attempts tracked: 0
	total task events sent: 0 MiB
	total number of task attempts sent: 0
	total number of task attempts dropped reported: 0
	total number of sent failure: 0
	num status task events dropped: 0
	num profile task events dropped: 0


[2025-02-16 14:40:44,410 I 469 1408] core_worker.cc:642: Event stats:


Global stats: 3448 total (8 active)
Queueing time: mean = 127.271 us, max = 29.179 ms, min = -0.035 s, total = 438.829 ms
Execution time:  mean = 66.694 us, total = 229.960 ms
Event stats:
	CoreWorker.RecoverObjects - 2397 total (1 active), Execution time: mean = 5.164 us, total = 12.378 ms, Queueing time: mean = 160.929 us, max = 6.291 ms, min = -0.001 s, total = 385.746 ms
	CoreWorker.InternalHeartbeat - 240 total (1 active), Execution time: mean = 131.544 us, total = 31.570 ms, Queueing time: mean = 56.426 us, max = 29.179 ms, min = -0.035 s, total = 13.542 ms
	NodeManagerService.grpc_client.ReportWorkerBacklog - 240 total (0 active), Execution time: mean = 735.771 us, total = 176.585 ms, Queueing time: mean = 0.000 s, max = -0.000 s, min = 9223372036.855 s, total = 0.000 s
	NodeManagerService.grpc_client.ReportWorkerBacklog.OnReplyReceived - 240 total (0 active), Execution time: mean = 15.391 us, total = 3.694 ms, Queueing time: mean = 31.800 us, max = 277.966 us, min = 16.885 us, total = 7.632 ms
	CoreWorker.ExitIfParentRayletDies - 240 total (1 active), Execution time: mean = 6.997 us, total = 1.679 ms, Queueing time: mean = 80.833 us, max = 29.172 ms, min = -0.034 s, total = 19.400 ms
	CoreWorker.RecordMetrics - 48 total (1 active), Execution time: mean = 17.173 us, total = 824.307 us, Queueing time: mean = 88.453 us, max = 15.030 ms, min = -0.012 s, total = 4.246 ms
	CoreWorker.GCStreamingGeneratorMetadata - 24 total (1 active), Execution time: mean = 2.746 us, total = 65.900 us, Queueing time: mean = 185.496 us, max = 3.712 ms, min = -0.002 s, total = 4.452 ms
	PeriodicalRunner.RunFnPeriodically - 7 total (0 active), Execution time: mean = 78.492 us, total = 549.446 us, Queueing time: mean = 354.371 us, max = 696.179 us, min = 37.746 us, total = 2.481 ms
	CoreWorker.PrintEventStats - 4 total (1 active, 1 running), Execution time: mean = 149.739 us, total = 598.955 us, Queueing time: mean = 258.006 us, max = 1.091 ms, min = -0.000 s, total = 1.032 ms
	ray::rpc::WorkerInfoGcsService.grpc_client.AddWorkerInfo - 1 total (0 active), Execution time: mean = 853.078 us, total = 853.078 us, Queueing time: mean = 0.000 s, max = -0.000 s, min = 9223372036.855 s, total = 0.000 s
	ray::rpc::NodeInfoGcsService.grpc_client.GetAllNodeInfo.OnReplyReceived - 1 total (0 active), Execution time: mean = 74.130 us, total = 74.130 us, Queueing time: mean = 250.334 us, max = 250.334 us, min = 250.334 us, total = 250.334 us
	ray::rpc::InternalPubSubGcsService.grpc_client.GcsSubscriberPoll - 1 total (1 active), Execution time: mean = 0.000 s, total = 0.000 s, Queueing time: mean = 0.000 s, max = -0.000 s, min = 9223372036.855 s, total = 0.000 s
	ray::rpc::WorkerInfoGcsService.grpc_client.AddWorkerInfo.OnReplyReceived - 1 total (0 active), Execution time: mean = 25.771 us, total = 25.771 us, Queueing time: mean = 11.917 us, max = 11.917 us, min = 11.917 us, total = 11.917 us
	ray::rpc::InternalPubSubGcsService.grpc_client.GcsSubscriberCommandBatch.OnReplyReceived - 1 total (0 active), Execution time: mean = 243.919 us, total = 243.919 us, Queueing time: mean = 35.672 us, max = 35.672 us, min = 35.672 us, total = 35.672 us
	ray::rpc::InternalPubSubGcsService.grpc_client.GcsSubscriberCommandBatch - 1 total (0 active), Execution time: mean = 304.157 us, total = 304.157 us, Queueing time: mean = 0.000 s, max = -0.000 s, min = 9223372036.855 s, total = 0.000 s
	ray::rpc::NodeInfoGcsService.grpc_client.GetAllNodeInfo - 1 total (0 active), Execution time: mean = 513.892 us, total = 513.892 us, Queueing time: mean = 0.000 s, max = -0.000 s, min = 9223372036.855 s, total = 0.000 s
	Publisher.CheckDeadSubscribers - 1 total (1 active), Execution time: mean = 0.000 s, total = 0.000 s, Queueing time: mean = 0.000 s, max = -0.000 s, min = 9223372036.855 s, total = 0.000 s

-----------------
Task Event stats:

IO Service Stats:

Global stats: 721 total (1 active)
Queueing time: mean = 287.409 us, max = 29.349 ms, min = -0.009 s, total = 207.222 ms
Execution time:  mean = 253.404 us, total = 182.704 ms
Event stats:
	ray::rpc::TaskInfoGcsService.grpc_client.AddTaskEventData.OnReplyReceived - 240 total (0 active), Execution time: mean = 21.294 us, total = 5.111 ms, Queueing time: mean = 29.505 us, max = 288.125 us, min = 6.247 us, total = 7.081 ms
	CoreWorker.deadline_timer.flush_task_events - 240 total (1 active), Execution time: mean = 147.479 us, total = 35.395 ms, Queueing time: mean = 833.206 us, max = 29.349 ms, min = -0.009 s, total = 199.969 ms
	ray::rpc::TaskInfoGcsService.grpc_client.AddTaskEventData - 240 total (0 active), Execution time: mean = 592.101 us, total = 142.104 ms, Queueing time: mean = 0.000 s, max = -0.000 s, min = 9223372036.855 s, total = 0.000 s
	PeriodicalRunner.RunFnPeriodically - 1 total (0 active), Execution time: mean = 94.850 us, total = 94.850 us, Queueing time: mean = 171.403 us, max = 171.403 us, min = 171.403 us, total = 171.403 us
Other Stats:
	grpc_in_progress:0
	current number of task status events in buffer: 0
	current number of profile events in buffer: 0
	current number of dropped task attempts tracked: 0
	total task events sent: 0 MiB
	total number of task attempts sent: 0
	total number of task attempts dropped reported: 0
	total number of sent failure: 0
	num status task events dropped: 0
	num profile task events dropped: 0


[2025-02-16 14:41:44,410 I 469 1408] core_worker.cc:642: Event stats:


Global stats: 4307 total (8 active)
Queueing time: mean = 127.568 us, max = 29.179 ms, min = -0.035 s, total = 549.434 ms
Execution time:  mean = 65.885 us, total = 283.765 ms
Event stats:
	CoreWorker.RecoverObjects - 2996 total (1 active), Execution time: mean = 5.173 us, total = 15.499 ms, Queueing time: mean = 160.100 us, max = 6.291 ms, min = -0.001 s, total = 479.660 ms
	CoreWorker.InternalHeartbeat - 300 total (1 active), Execution time: mean = 137.032 us, total = 41.110 ms, Queueing time: mean = 76.928 us, max = 29.179 ms, min = -0.035 s, total = 23.078 ms
	NodeManagerService.grpc_client.ReportWorkerBacklog - 300 total (0 active), Execution time: mean = 719.549 us, total = 215.865 ms, Queueing time: mean = 0.000 s, max = -0.000 s, min = 9223372036.855 s, total = 0.000 s
	NodeManagerService.grpc_client.ReportWorkerBacklog.OnReplyReceived - 300 total (0 active), Execution time: mean = 15.665 us, total = 4.700 ms, Queueing time: mean = 31.291 us, max = 277.966 us, min = 16.885 us, total = 9.387 ms
	CoreWorker.ExitIfParentRayletDies - 300 total (1 active), Execution time: mean = 7.103 us, total = 2.131 ms, Queueing time: mean = 76.375 us, max = 29.172 ms, min = -0.034 s, total = 22.912 ms
	CoreWorker.RecordMetrics - 60 total (1 active), Execution time: mean = 17.320 us, total = 1.039 ms, Queueing time: mean = 80.484 us, max = 17.420 ms, min = -0.014 s, total = 4.829 ms
	CoreWorker.GCStreamingGeneratorMetadata - 30 total (1 active), Execution time: mean = 2.838 us, total = 85.134 us, Queueing time: mean = 160.201 us, max = 3.712 ms, min = -0.002 s, total = 4.806 ms
	PeriodicalRunner.RunFnPeriodically - 7 total (0 active), Execution time: mean = 78.492 us, total = 549.446 us, Queueing time: mean = 354.371 us, max = 696.179 us, min = 37.746 us, total = 2.481 ms
	CoreWorker.PrintEventStats - 5 total (1 active, 1 running), Execution time: mean = 153.986 us, total = 769.928 us, Queueing time: mean = 203.383 us, max = 1.091 ms, min = -0.000 s, total = 1.017 ms
	Publisher.CheckDeadSubscribers - 2 total (1 active), Execution time: mean = 1.377 us, total = 2.753 us, Queueing time: mean = 482.299 us, max = 964.598 us, min = 964.598 us, total = 964.598 us
	ray::rpc::WorkerInfoGcsService.grpc_client.AddWorkerInfo - 1 total (0 active), Execution time: mean = 853.078 us, total = 853.078 us, Queueing time: mean = 0.000 s, max = -0.000 s, min = 9223372036.855 s, total = 0.000 s
	ray::rpc::NodeInfoGcsService.grpc_client.GetAllNodeInfo.OnReplyReceived - 1 total (0 active), Execution time: mean = 74.130 us, total = 74.130 us, Queueing time: mean = 250.334 us, max = 250.334 us, min = 250.334 us, total = 250.334 us
	ray::rpc::InternalPubSubGcsService.grpc_client.GcsSubscriberPoll - 1 total (1 active), Execution time: mean = 0.000 s, total = 0.000 s, Queueing time: mean = 0.000 s, max = -0.000 s, min = 9223372036.855 s, total = 0.000 s
	ray::rpc::WorkerInfoGcsService.grpc_client.AddWorkerInfo.OnReplyReceived - 1 total (0 active), Execution time: mean = 25.771 us, total = 25.771 us, Queueing time: mean = 11.917 us, max = 11.917 us, min = 11.917 us, total = 11.917 us
	ray::rpc::InternalPubSubGcsService.grpc_client.GcsSubscriberCommandBatch.OnReplyReceived - 1 total (0 active), Execution time: mean = 243.919 us, total = 243.919 us, Queueing time: mean = 35.672 us, max = 35.672 us, min = 35.672 us, total = 35.672 us
	ray::rpc::InternalPubSubGcsService.grpc_client.GcsSubscriberCommandBatch - 1 total (0 active), Execution time: mean = 304.157 us, total = 304.157 us, Queueing time: mean = 0.000 s, max = -0.000 s, min = 9223372036.855 s, total = 0.000 s
	ray::rpc::NodeInfoGcsService.grpc_client.GetAllNodeInfo - 1 total (0 active), Execution time: mean = 513.892 us, total = 513.892 us, Queueing time: mean = 0.000 s, max = -0.000 s, min = 9223372036.855 s, total = 0.000 s

-----------------
Task Event stats:

IO Service Stats:

Global stats: 901 total (1 active)
Queueing time: mean = 273.764 us, max = 29.349 ms, min = -0.009 s, total = 246.662 ms
Execution time:  mean = 259.764 us, total = 234.048 ms
Event stats:
	ray::rpc::TaskInfoGcsService.grpc_client.AddTaskEventData.OnReplyReceived - 300 total (0 active), Execution time: mean = 21.457 us, total = 6.437 ms, Queueing time: mean = 29.926 us, max = 288.125 us, min = 6.247 us, total = 8.978 ms
	CoreWorker.deadline_timer.flush_task_events - 300 total (1 active), Execution time: mean = 145.061 us, total = 43.518 ms, Queueing time: mean = 791.709 us, max = 29.349 ms, min = -0.009 s, total = 237.513 ms
	ray::rpc::TaskInfoGcsService.grpc_client.AddTaskEventData - 300 total (0 active), Execution time: mean = 613.324 us, total = 183.997 ms, Queueing time: mean = 0.000 s, max = -0.000 s, min = 9223372036.855 s, total = 0.000 s
	PeriodicalRunner.RunFnPeriodically - 1 total (0 active), Execution time: mean = 94.850 us, total = 94.850 us, Queueing time: mean = 171.403 us, max = 171.403 us, min = 171.403 us, total = 171.403 us
Other Stats:
	grpc_in_progress:0
	current number of task status events in buffer: 0
	current number of profile events in buffer: 0
	current number of dropped task attempts tracked: 0
	total task events sent: 0 MiB
	total number of task attempts sent: 0
	total number of task attempts dropped reported: 0
	total number of sent failure: 0
	num status task events dropped: 0
	num profile task events dropped: 0


[2025-02-16 14:42:44,411 I 469 1408] core_worker.cc:642: Event stats:


Global stats: 5165 total (8 active)
Queueing time: mean = 124.349 us, max = 29.179 ms, min = -0.035 s, total = 642.262 ms
Execution time:  mean = 65.593 us, total = 338.788 ms
Event stats:
	CoreWorker.RecoverObjects - 3595 total (1 active), Execution time: mean = 5.183 us, total = 18.634 ms, Queueing time: mean = 156.936 us, max = 6.291 ms, min = -0.001 s, total = 564.183 ms
	CoreWorker.InternalHeartbeat - 360 total (1 active), Execution time: mean = 141.466 us, total = 50.928 ms, Queueing time: mean = 71.521 us, max = 29.179 ms, min = -0.035 s, total = 25.748 ms
	NodeManagerService.grpc_client.ReportWorkerBacklog - 360 total (0 active), Execution time: mean = 711.150 us, total = 256.014 ms, Queueing time: mean = 0.000 s, max = -0.000 s, min = 9223372036.855 s, total = 0.000 s
	NodeManagerService.grpc_client.ReportWorkerBacklog.OnReplyReceived - 360 total (0 active), Execution time: mean = 16.016 us, total = 5.766 ms, Queueing time: mean = 31.191 us, max = 277.966 us, min = 16.885 us, total = 11.229 ms
	CoreWorker.ExitIfParentRayletDies - 360 total (1 active), Execution time: mean = 7.156 us, total = 2.576 ms, Queueing time: mean = 71.763 us, max = 29.172 ms, min = -0.034 s, total = 25.835 ms
	CoreWorker.RecordMetrics - 72 total (1 active), Execution time: mean = 16.877 us, total = 1.215 ms, Queueing time: mean = 75.818 us, max = 17.420 ms, min = -0.014 s, total = 5.459 ms
	CoreWorker.GCStreamingGeneratorMetadata - 36 total (1 active), Execution time: mean = 2.979 us, total = 107.243 us, Queueing time: mean = 137.358 us, max = 3.712 ms, min = -0.002 s, total = 4.945 ms
	PeriodicalRunner.RunFnPeriodically - 7 total (0 active), Execution time: mean = 78.492 us, total = 549.446 us, Queueing time: mean = 354.371 us, max = 696.179 us, min = 37.746 us, total = 2.481 ms
	CoreWorker.PrintEventStats - 6 total (1 active, 1 running), Execution time: mean = 163.438 us, total = 980.625 us, Queueing time: mean = 186.769 us, max = 1.091 ms, min = -0.000 s, total = 1.121 ms
	Publisher.CheckDeadSubscribers - 2 total (1 active), Execution time: mean = 1.377 us, total = 2.753 us, Queueing time: mean = 482.299 us, max = 964.598 us, min = 964.598 us, total = 964.598 us
	ray::rpc::WorkerInfoGcsService.grpc_client.AddWorkerInfo - 1 total (0 active), Execution time: mean = 853.078 us, total = 853.078 us, Queueing time: mean = 0.000 s, max = -0.000 s, min = 9223372036.855 s, total = 0.000 s
	ray::rpc::NodeInfoGcsService.grpc_client.GetAllNodeInfo.OnReplyReceived - 1 total (0 active), Execution time: mean = 74.130 us, total = 74.130 us, Queueing time: mean = 250.334 us, max = 250.334 us, min = 250.334 us, total = 250.334 us
	ray::rpc::InternalPubSubGcsService.grpc_client.GcsSubscriberPoll - 1 total (1 active), Execution time: mean = 0.000 s, total = 0.000 s, Queueing time: mean = 0.000 s, max = -0.000 s, min = 9223372036.855 s, total = 0.000 s
	ray::rpc::WorkerInfoGcsService.grpc_client.AddWorkerInfo.OnReplyReceived - 1 total (0 active), Execution time: mean = 25.771 us, total = 25.771 us, Queueing time: mean = 11.917 us, max = 11.917 us, min = 11.917 us, total = 11.917 us
	ray::rpc::InternalPubSubGcsService.grpc_client.GcsSubscriberCommandBatch.OnReplyReceived - 1 total (0 active), Execution time: mean = 243.919 us, total = 243.919 us, Queueing time: mean = 35.672 us, max = 35.672 us, min = 35.672 us, total = 35.672 us
	ray::rpc::InternalPubSubGcsService.grpc_client.GcsSubscriberCommandBatch - 1 total (0 active), Execution time: mean = 304.157 us, total = 304.157 us, Queueing time: mean = 0.000 s, max = -0.000 s, min = 9223372036.855 s, total = 0.000 s
	ray::rpc::NodeInfoGcsService.grpc_client.GetAllNodeInfo - 1 total (0 active), Execution time: mean = 513.892 us, total = 513.892 us, Queueing time: mean = 0.000 s, max = -0.000 s, min = 9223372036.855 s, total = 0.000 s

-----------------
Task Event stats:

IO Service Stats:

Global stats: 1081 total (1 active)
Queueing time: mean = 275.799 us, max = 29.349 ms, min = -0.010 s, total = 298.139 ms
Execution time:  mean = 253.560 us, total = 274.098 ms
Event stats:
	ray::rpc::TaskInfoGcsService.grpc_client.AddTaskEventData.OnReplyReceived - 360 total (0 active), Execution time: mean = 20.990 us, total = 7.557 ms, Queueing time: mean = 29.966 us, max = 288.125 us, min = 6.247 us, total = 10.788 ms
	CoreWorker.deadline_timer.flush_task_events - 360 total (1 active), Execution time: mean = 141.825 us, total = 51.057 ms, Queueing time: mean = 797.722 us, max = 29.349 ms, min = -0.010 s, total = 287.180 ms
	ray::rpc::TaskInfoGcsService.grpc_client.AddTaskEventData - 360 total (0 active), Execution time: mean = 598.306 us, total = 215.390 ms, Queueing time: mean = 0.000 s, max = -0.000 s, min = 9223372036.855 s, total = 0.000 s
	PeriodicalRunner.RunFnPeriodically - 1 total (0 active), Execution time: mean = 94.850 us, total = 94.850 us, Queueing time: mean = 171.403 us, max = 171.403 us, min = 171.403 us, total = 171.403 us
Other Stats:
	grpc_in_progress:0
	current number of task status events in buffer: 0
	current number of profile events in buffer: 0
	current number of dropped task attempts tracked: 0
	total task events sent: 0 MiB
	total number of task attempts sent: 0
	total number of task attempts dropped reported: 0
	total number of sent failure: 0
	num status task events dropped: 0
	num profile task events dropped: 0


[2025-02-16 14:43:44,411 I 469 1408] core_worker.cc:642: Event stats:


Global stats: 6023 total (8 active)
Queueing time: mean = 125.956 us, max = 29.179 ms, min = -0.035 s, total = 758.634 ms
Execution time:  mean = 65.124 us, total = 392.244 ms
Event stats:
	CoreWorker.RecoverObjects - 4194 total (1 active), Execution time: mean = 5.157 us, total = 21.628 ms, Queueing time: mean = 158.830 us, max = 6.291 ms, min = -0.001 s, total = 666.134 ms
	CoreWorker.InternalHeartbeat - 420 total (1 active), Execution time: mean = 142.181 us, total = 59.716 ms, Queueing time: mean = 75.817 us, max = 29.179 ms, min = -0.035 s, total = 31.843 ms
	NodeManagerService.grpc_client.ReportWorkerBacklog - 420 total (0 active), Execution time: mean = 704.176 us, total = 295.754 ms, Queueing time: mean = 0.000 s, max = -0.000 s, min = 9223372036.855 s, total = 0.000 s
	NodeManagerService.grpc_client.ReportWorkerBacklog.OnReplyReceived - 420 total (0 active), Execution time: mean = 16.114 us, total = 6.768 ms, Queueing time: mean = 31.717 us, max = 277.966 us, min = 16.885 us, total = 13.321 ms
	CoreWorker.ExitIfParentRayletDies - 420 total (1 active), Execution time: mean = 7.087 us, total = 2.977 ms, Queueing time: mean = 71.342 us, max = 29.172 ms, min = -0.034 s, total = 29.963 ms
	CoreWorker.RecordMetrics - 84 total (1 active), Execution time: mean = 16.797 us, total = 1.411 ms, Queueing time: mean = 81.159 us, max = 26.083 ms, min = -0.022 s, total = 6.817 ms
	CoreWorker.GCStreamingGeneratorMetadata - 42 total (1 active), Execution time: mean = 2.969 us, total = 124.700 us, Queueing time: mean = 135.214 us, max = 3.712 ms, min = -0.003 s, total = 5.679 ms
	CoreWorker.PrintEventStats - 7 total (1 active, 1 running), Execution time: mean = 185.526 us, total = 1.299 ms, Queueing time: mean = 161.852 us, max = 1.091 ms, min = -0.000 s, total = 1.133 ms
	PeriodicalRunner.RunFnPeriodically - 7 total (0 active), Execution time: mean = 78.492 us, total = 549.446 us, Queueing time: mean = 354.371 us, max = 696.179 us, min = 37.746 us, total = 2.481 ms
	Publisher.CheckDeadSubscribers - 2 total (1 active), Execution time: mean = 1.377 us, total = 2.753 us, Queueing time: mean = 482.299 us, max = 964.598 us, min = 964.598 us, total = 964.598 us
	ray::rpc::WorkerInfoGcsService.grpc_client.AddWorkerInfo - 1 total (0 active), Execution time: mean = 853.078 us, total = 853.078 us, Queueing time: mean = 0.000 s, max = -0.000 s, min = 9223372036.855 s, total = 0.000 s
	ray::rpc::NodeInfoGcsService.grpc_client.GetAllNodeInfo.OnReplyReceived - 1 total (0 active), Execution time: mean = 74.130 us, total = 74.130 us, Queueing time: mean = 250.334 us, max = 250.334 us, min = 250.334 us, total = 250.334 us
	ray::rpc::InternalPubSubGcsService.grpc_client.GcsSubscriberPoll - 1 total (1 active), Execution time: mean = 0.000 s, total = 0.000 s, Queueing time: mean = 0.000 s, max = -0.000 s, min = 9223372036.855 s, total = 0.000 s
	ray::rpc::WorkerInfoGcsService.grpc_client.AddWorkerInfo.OnReplyReceived - 1 total (0 active), Execution time: mean = 25.771 us, total = 25.771 us, Queueing time: mean = 11.917 us, max = 11.917 us, min = 11.917 us, total = 11.917 us
	ray::rpc::InternalPubSubGcsService.grpc_client.GcsSubscriberCommandBatch.OnReplyReceived - 1 total (0 active), Execution time: mean = 243.919 us, total = 243.919 us, Queueing time: mean = 35.672 us, max = 35.672 us, min = 35.672 us, total = 35.672 us
	ray::rpc::InternalPubSubGcsService.grpc_client.GcsSubscriberCommandBatch - 1 total (0 active), Execution time: mean = 304.157 us, total = 304.157 us, Queueing time: mean = 0.000 s, max = -0.000 s, min = 9223372036.855 s, total = 0.000 s
	ray::rpc::NodeInfoGcsService.grpc_client.GetAllNodeInfo - 1 total (0 active), Execution time: mean = 513.892 us, total = 513.892 us, Queueing time: mean = 0.000 s, max = -0.000 s, min = 9223372036.855 s, total = 0.000 s

-----------------
Task Event stats:

IO Service Stats:

Global stats: 1261 total (1 active)
Queueing time: mean = 276.431 us, max = 29.349 ms, min = -0.010 s, total = 348.580 ms
Execution time:  mean = 251.475 us, total = 317.110 ms
Event stats:
	ray::rpc::TaskInfoGcsService.grpc_client.AddTaskEventData.OnReplyReceived - 420 total (0 active), Execution time: mean = 21.047 us, total = 8.840 ms, Queueing time: mean = 30.555 us, max = 288.125 us, min = 6.247 us, total = 12.833 ms
	CoreWorker.deadline_timer.flush_task_events - 420 total (1 active), Execution time: mean = 140.790 us, total = 59.132 ms, Queueing time: mean = 798.988 us, max = 29.349 ms, min = -0.010 s, total = 335.575 ms
	ray::rpc::TaskInfoGcsService.grpc_client.AddTaskEventData - 420 total (0 active), Execution time: mean = 592.960 us, total = 249.043 ms, Queueing time: mean = 0.000 s, max = -0.000 s, min = 9223372036.855 s, total = 0.000 s
	PeriodicalRunner.RunFnPeriodically - 1 total (0 active), Execution time: mean = 94.850 us, total = 94.850 us, Queueing time: mean = 171.403 us, max = 171.403 us, min = 171.403 us, total = 171.403 us
Other Stats:
	grpc_in_progress:0
	current number of task status events in buffer: 0
	current number of profile events in buffer: 0
	current number of dropped task attempts tracked: 0
	total task events sent: 0 MiB
	total number of task attempts sent: 0
	total number of task attempts dropped reported: 0
	total number of sent failure: 0
	num status task events dropped: 0
	num profile task events dropped: 0


[2025-02-16 14:44:44,411 I 469 1408] core_worker.cc:642: Event stats:


Global stats: 6881 total (8 active)
Queueing time: mean = 127.415 us, max = 29.179 ms, min = -0.035 s, total = 876.742 ms
Execution time:  mean = 65.814 us, total = 452.867 ms
Event stats:
	CoreWorker.RecoverObjects - 4793 total (1 active), Execution time: mean = 5.097 us, total = 24.428 ms, Queueing time: mean = 161.414 us, max = 6.291 ms, min = -0.001 s, total = 773.658 ms
	CoreWorker.InternalHeartbeat - 480 total (1 active), Execution time: mean = 144.125 us, total = 69.180 ms, Queueing time: mean = 73.872 us, max = 29.179 ms, min = -0.035 s, total = 35.459 ms
	NodeManagerService.grpc_client.ReportWorkerBacklog - 480 total (0 active), Execution time: mean = 712.702 us, total = 342.097 ms, Queueing time: mean = 0.000 s, max = -0.000 s, min = 9223372036.855 s, total = 0.000 s
	NodeManagerService.grpc_client.ReportWorkerBacklog.OnReplyReceived - 480 total (0 active), Execution time: mean = 16.369 us, total = 7.857 ms, Queueing time: mean = 32.589 us, max = 488.264 us, min = 16.885 us, total = 15.643 ms
	CoreWorker.ExitIfParentRayletDies - 480 total (1 active), Execution time: mean = 7.089 us, total = 3.403 ms, Queueing time: mean = 70.290 us, max = 29.172 ms, min = -0.034 s, total = 33.739 ms
	CoreWorker.RecordMetrics - 96 total (1 active), Execution time: mean = 16.490 us, total = 1.583 ms, Queueing time: mean = 77.716 us, max = 26.083 ms, min = -0.022 s, total = 7.461 ms
	CoreWorker.GCStreamingGeneratorMetadata - 48 total (1 active), Execution time: mean = 3.060 us, total = 146.875 us, Queueing time: mean = 118.664 us, max = 3.712 ms, min = -0.003 s, total = 5.696 ms
	CoreWorker.PrintEventStats - 8 total (1 active, 1 running), Execution time: mean = 200.675 us, total = 1.605 ms, Queueing time: mean = 167.936 us, max = 1.091 ms, min = -0.000 s, total = 1.343 ms
	PeriodicalRunner.RunFnPeriodically - 7 total (0 active), Execution time: mean = 78.492 us, total = 549.446 us, Queueing time: mean = 354.371 us, max = 696.179 us, min = 37.746 us, total = 2.481 ms
	Publisher.CheckDeadSubscribers - 2 total (1 active), Execution time: mean = 1.377 us, total = 2.753 us, Queueing time: mean = 482.299 us, max = 964.598 us, min = 964.598 us, total = 964.598 us
	ray::rpc::WorkerInfoGcsService.grpc_client.AddWorkerInfo - 1 total (0 active), Execution time: mean = 853.078 us, total = 853.078 us, Queueing time: mean = 0.000 s, max = -0.000 s, min = 9223372036.855 s, total = 0.000 s
	ray::rpc::NodeInfoGcsService.grpc_client.GetAllNodeInfo.OnReplyReceived - 1 total (0 active), Execution time: mean = 74.130 us, total = 74.130 us, Queueing time: mean = 250.334 us, max = 250.334 us, min = 250.334 us, total = 250.334 us
	ray::rpc::InternalPubSubGcsService.grpc_client.GcsSubscriberPoll - 1 total (1 active), Execution time: mean = 0.000 s, total = 0.000 s, Queueing time: mean = 0.000 s, max = -0.000 s, min = 9223372036.855 s, total = 0.000 s
	ray::rpc::WorkerInfoGcsService.grpc_client.AddWorkerInfo.OnReplyReceived - 1 total (0 active), Execution time: mean = 25.771 us, total = 25.771 us, Queueing time: mean = 11.917 us, max = 11.917 us, min = 11.917 us, total = 11.917 us
	ray::rpc::InternalPubSubGcsService.grpc_client.GcsSubscriberCommandBatch.OnReplyReceived - 1 total (0 active), Execution time: mean = 243.919 us, total = 243.919 us, Queueing time: mean = 35.672 us, max = 35.672 us, min = 35.672 us, total = 35.672 us
	ray::rpc::InternalPubSubGcsService.grpc_client.GcsSubscriberCommandBatch - 1 total (0 active), Execution time: mean = 304.157 us, total = 304.157 us, Queueing time: mean = 0.000 s, max = -0.000 s, min = 9223372036.855 s, total = 0.000 s
	ray::rpc::NodeInfoGcsService.grpc_client.GetAllNodeInfo - 1 total (0 active), Execution time: mean = 513.892 us, total = 513.892 us, Queueing time: mean = 0.000 s, max = -0.000 s, min = 9223372036.855 s, total = 0.000 s

-----------------
Task Event stats:

IO Service Stats:

Global stats: 1441 total (1 active)
Queueing time: mean = 278.534 us, max = 29.349 ms, min = -0.010 s, total = 401.367 ms
Execution time:  mean = 253.200 us, total = 364.861 ms
Event stats:
	ray::rpc::TaskInfoGcsService.grpc_client.AddTaskEventData.OnReplyReceived - 480 total (0 active), Execution time: mean = 20.916 us, total = 10.040 ms, Queueing time: mean = 30.904 us, max = 288.125 us, min = 6.247 us, total = 14.834 ms
	CoreWorker.deadline_timer.flush_task_events - 480 total (1 active), Execution time: mean = 141.459 us, total = 67.900 ms, Queueing time: mean = 804.920 us, max = 29.349 ms, min = -0.010 s, total = 386.362 ms
	ray::rpc::TaskInfoGcsService.grpc_client.AddTaskEventData - 480 total (0 active), Execution time: mean = 597.554 us, total = 286.826 ms, Queueing time: mean = 0.000 s, max = -0.000 s, min = 9223372036.855 s, total = 0.000 s
	PeriodicalRunner.RunFnPeriodically - 1 total (0 active), Execution time: mean = 94.850 us, total = 94.850 us, Queueing time: mean = 171.403 us, max = 171.403 us, min = 171.403 us, total = 171.403 us
Other Stats:
	grpc_in_progress:0
	current number of task status events in buffer: 0
	current number of profile events in buffer: 0
	current number of dropped task attempts tracked: 0
	total task events sent: 0 MiB
	total number of task attempts sent: 0
	total number of task attempts dropped reported: 0
	total number of sent failure: 0
	num status task events dropped: 0
	num profile task events dropped: 0


[2025-02-16 14:45:44,412 I 469 1408] core_worker.cc:642: Event stats:


Global stats: 7739 total (8 active)
Queueing time: mean = 127.974 us, max = 29.179 ms, min = -0.035 s, total = 990.390 ms
Execution time:  mean = 66.538 us, total = 514.936 ms
Event stats:
	CoreWorker.RecoverObjects - 5392 total (1 active), Execution time: mean = 5.111 us, total = 27.557 ms, Queueing time: mean = 162.363 us, max = 6.291 ms, min = -0.001 s, total = 875.462 ms
	CoreWorker.InternalHeartbeat - 540 total (1 active), Execution time: mean = 146.838 us, total = 79.292 ms, Queueing time: mean = 73.841 us, max = 29.179 ms, min = -0.035 s, total = 39.874 ms
	NodeManagerService.grpc_client.ReportWorkerBacklog - 540 total (0 active), Execution time: mean = 720.224 us, total = 388.921 ms, Queueing time: mean = 0.000 s, max = -0.000 s, min = 9223372036.855 s, total = 0.000 s
	NodeManagerService.grpc_client.ReportWorkerBacklog.OnReplyReceived - 540 total (0 active), Execution time: mean = 16.700 us, total = 9.018 ms, Queueing time: mean = 33.015 us, max = 488.264 us, min = 16.885 us, total = 17.828 ms
	CoreWorker.ExitIfParentRayletDies - 540 total (1 active), Execution time: mean = 7.107 us, total = 3.838 ms, Queueing time: mean = 69.928 us, max = 29.172 ms, min = -0.034 s, total = 37.761 ms
	CoreWorker.RecordMetrics - 108 total (1 active), Execution time: mean = 16.577 us, total = 1.790 ms, Queueing time: mean = 72.049 us, max = 26.083 ms, min = -0.022 s, total = 7.781 ms
	CoreWorker.GCStreamingGeneratorMetadata - 54 total (1 active), Execution time: mean = 3.186 us, total = 172.042 us, Queueing time: mean = 122.468 us, max = 3.712 ms, min = -0.003 s, total = 6.613 ms
	CoreWorker.PrintEventStats - 9 total (1 active, 1 running), Execution time: mean = 197.896 us, total = 1.781 ms, Queueing time: mean = 147.469 us, max = 1.091 ms, min = -0.000 s, total = 1.327 ms
	PeriodicalRunner.RunFnPeriodically - 7 total (0 active), Execution time: mean = 78.492 us, total = 549.446 us, Queueing time: mean = 354.371 us, max = 696.179 us, min = 37.746 us, total = 2.481 ms
	Publisher.CheckDeadSubscribers - 2 total (1 active), Execution time: mean = 1.377 us, total = 2.753 us, Queueing time: mean = 482.299 us, max = 964.598 us, min = 964.598 us, total = 964.598 us
	ray::rpc::WorkerInfoGcsService.grpc_client.AddWorkerInfo - 1 total (0 active), Execution time: mean = 853.078 us, total = 853.078 us, Queueing time: mean = 0.000 s, max = -0.000 s, min = 9223372036.855 s, total = 0.000 s
	ray::rpc::NodeInfoGcsService.grpc_client.GetAllNodeInfo.OnReplyReceived - 1 total (0 active), Execution time: mean = 74.130 us, total = 74.130 us, Queueing time: mean = 250.334 us, max = 250.334 us, min = 250.334 us, total = 250.334 us
	ray::rpc::InternalPubSubGcsService.grpc_client.GcsSubscriberPoll - 1 total (1 active), Execution time: mean = 0.000 s, total = 0.000 s, Queueing time: mean = 0.000 s, max = -0.000 s, min = 9223372036.855 s, total = 0.000 s
	ray::rpc::WorkerInfoGcsService.grpc_client.AddWorkerInfo.OnReplyReceived - 1 total (0 active), Execution time: mean = 25.771 us, total = 25.771 us, Queueing time: mean = 11.917 us, max = 11.917 us, min = 11.917 us, total = 11.917 us
	ray::rpc::InternalPubSubGcsService.grpc_client.GcsSubscriberCommandBatch.OnReplyReceived - 1 total (0 active), Execution time: mean = 243.919 us, total = 243.919 us, Queueing time: mean = 35.672 us, max = 35.672 us, min = 35.672 us, total = 35.672 us
	ray::rpc::InternalPubSubGcsService.grpc_client.GcsSubscriberCommandBatch - 1 total (0 active), Execution time: mean = 304.157 us, total = 304.157 us, Queueing time: mean = 0.000 s, max = -0.000 s, min = 9223372036.855 s, total = 0.000 s
	ray::rpc::NodeInfoGcsService.grpc_client.GetAllNodeInfo - 1 total (0 active), Execution time: mean = 513.892 us, total = 513.892 us, Queueing time: mean = 0.000 s, max = -0.000 s, min = 9223372036.855 s, total = 0.000 s

-----------------
Task Event stats:

IO Service Stats:

Global stats: 1621 total (1 active)
Queueing time: mean = 275.084 us, max = 29.349 ms, min = -0.010 s, total = 445.911 ms
Execution time:  mean = 263.685 us, total = 427.433 ms
Event stats:
	ray::rpc::TaskInfoGcsService.grpc_client.AddTaskEventData.OnReplyReceived - 540 total (0 active), Execution time: mean = 21.067 us, total = 11.376 ms, Queueing time: mean = 31.059 us, max = 288.125 us, min = 6.247 us, total = 16.772 ms
	CoreWorker.deadline_timer.flush_task_events - 540 total (1 active), Execution time: mean = 143.765 us, total = 77.633 ms, Queueing time: mean = 794.384 us, max = 29.349 ms, min = -0.010 s, total = 428.967 ms
	ray::rpc::TaskInfoGcsService.grpc_client.AddTaskEventData - 540 total (0 active), Execution time: mean = 626.534 us, total = 338.329 ms, Queueing time: mean = 0.000 s, max = -0.000 s, min = 9223372036.855 s, total = 0.000 s
	PeriodicalRunner.RunFnPeriodically - 1 total (0 active), Execution time: mean = 94.850 us, total = 94.850 us, Queueing time: mean = 171.403 us, max = 171.403 us, min = 171.403 us, total = 171.403 us
Other Stats:
	grpc_in_progress:0
	current number of task status events in buffer: 0
	current number of profile events in buffer: 0
	current number of dropped task attempts tracked: 0
	total task events sent: 0 MiB
	total number of task attempts sent: 0
	total number of task attempts dropped reported: 0
	total number of sent failure: 0
	num status task events dropped: 0
	num profile task events dropped: 0


[2025-02-16 14:46:44,412 I 469 1408] core_worker.cc:642: Event stats:


Global stats: 8600 total (8 active)
Queueing time: mean = 127.846 us, max = 30.079 ms, min = -0.035 s, total = 1.099 s
Execution time:  mean = 69.527 ms, total = 597.934 s
Event stats:
	CoreWorker.RecoverObjects - 5991 total (1 active), Execution time: mean = 5.136 us, total = 30.769 ms, Queueing time: mean = 162.820 us, max = 6.291 ms, min = -0.001 s, total = 975.453 ms
	CoreWorker.InternalHeartbeat - 600 total (1 active), Execution time: mean = 147.164 us, total = 88.298 ms, Queueing time: mean = 71.281 us, max = 29.179 ms, min = -0.035 s, total = 42.769 ms
	NodeManagerService.grpc_client.ReportWorkerBacklog - 600 total (0 active), Execution time: mean = 712.675 us, total = 427.605 ms, Queueing time: mean = 0.000 s, max = -0.000 s, min = 9223372036.855 s, total = 0.000 s
	NodeManagerService.grpc_client.ReportWorkerBacklog.OnReplyReceived - 600 total (0 active), Execution time: mean = 16.987 us, total = 10.192 ms, Queueing time: mean = 32.511 us, max = 488.264 us, min = 16.602 us, total = 19.507 ms
	CoreWorker.ExitIfParentRayletDies - 600 total (1 active), Execution time: mean = 7.052 us, total = 4.231 ms, Queueing time: mean = 67.423 us, max = 29.172 ms, min = -0.034 s, total = 40.454 ms
	CoreWorker.RecordMetrics - 120 total (1 active), Execution time: mean = 16.584 us, total = 1.990 ms, Queueing time: mean = 72.656 us, max = 30.079 ms, min = -0.025 s, total = 8.719 ms
	CoreWorker.GCStreamingGeneratorMetadata - 60 total (1 active), Execution time: mean = 3.184 us, total = 191.025 us, Queueing time: mean = 119.389 us, max = 4.613 ms, min = -0.003 s, total = 7.163 ms
	CoreWorker.PrintEventStats - 10 total (1 active, 1 running), Execution time: mean = 198.907 us, total = 1.989 ms, Queueing time: mean = 154.264 us, max = 1.091 ms, min = -0.000 s, total = 1.543 ms
	PeriodicalRunner.RunFnPeriodically - 7 total (0 active), Execution time: mean = 78.492 us, total = 549.446 us, Queueing time: mean = 354.371 us, max = 696.179 us, min = 37.746 us, total = 2.481 ms
	Publisher.CheckDeadSubscribers - 3 total (1 active), Execution time: mean = 1.960 us, total = 5.881 us, Queueing time: mean = 354.027 us, max = 964.598 us, min = 97.483 us, total = 1.062 ms
	ray::rpc::InternalPubSubGcsService.grpc_client.GcsSubscriberPoll - 2 total (1 active), Execution time: mean = 298.683 s, total = 597.366 s, Queueing time: mean = 0.000 s, max = -0.000 s, min = 9223372036.855 s, total = 0.000 s
	ray::rpc::NodeInfoGcsService.grpc_client.GetAllNodeInfo.OnReplyReceived - 1 total (0 active), Execution time: mean = 74.130 us, total = 74.130 us, Queueing time: mean = 250.334 us, max = 250.334 us, min = 250.334 us, total = 250.334 us
	ray::rpc::WorkerInfoGcsService.grpc_client.AddWorkerInfo - 1 total (0 active), Execution time: mean = 853.078 us, total = 853.078 us, Queueing time: mean = 0.000 s, max = -0.000 s, min = 9223372036.855 s, total = 0.000 s
	ray::rpc::WorkerInfoGcsService.grpc_client.AddWorkerInfo.OnReplyReceived - 1 total (0 active), Execution time: mean = 25.771 us, total = 25.771 us, Queueing time: mean = 11.917 us, max = 11.917 us, min = 11.917 us, total = 11.917 us
	ray::rpc::InternalPubSubGcsService.grpc_client.GcsSubscriberCommandBatch.OnReplyReceived - 1 total (0 active), Execution time: mean = 243.919 us, total = 243.919 us, Queueing time: mean = 35.672 us, max = 35.672 us, min = 35.672 us, total = 35.672 us
	ray::rpc::InternalPubSubGcsService.grpc_client.GcsSubscriberCommandBatch - 1 total (0 active), Execution time: mean = 304.157 us, total = 304.157 us, Queueing time: mean = 0.000 s, max = -0.000 s, min = 9223372036.855 s, total = 0.000 s
	ray::rpc::NodeInfoGcsService.grpc_client.GetAllNodeInfo - 1 total (0 active), Execution time: mean = 513.892 us, total = 513.892 us, Queueing time: mean = 0.000 s, max = -0.000 s, min = 9223372036.855 s, total = 0.000 s
	ray::rpc::InternalPubSubGcsService.grpc_client.GcsSubscriberPoll.OnReplyReceived - 1 total (0 active), Execution time: mean = 83.797 us, total = 83.797 us, Queueing time: mean = 31.830 us, max = 31.830 us, min = 31.830 us, total = 31.830 us

-----------------
Task Event stats:

IO Service Stats:

Global stats: 1801 total (1 active)
Queueing time: mean = 276.600 us, max = 29.349 ms, min = -0.010 s, total = 498.157 ms
Execution time:  mean = 263.323 us, total = 474.245 ms
Event stats:
	ray::rpc::TaskInfoGcsService.grpc_client.AddTaskEventData.OnReplyReceived - 600 total (0 active), Execution time: mean = 20.891 us, total = 12.535 ms, Queueing time: mean = 30.819 us, max = 288.125 us, min = 6.247 us, total = 18.491 ms
	CoreWorker.deadline_timer.flush_task_events - 600 total (1 active), Execution time: mean = 143.891 us, total = 86.335 ms, Queueing time: mean = 799.157 us, max = 29.349 ms, min = -0.010 s, total = 479.494 ms
	ray::rpc::TaskInfoGcsService.grpc_client.AddTaskEventData - 600 total (0 active), Execution time: mean = 625.468 us, total = 375.281 ms, Queueing time: mean = 0.000 s, max = -0.000 s, min = 9223372036.855 s, total = 0.000 s
	PeriodicalRunner.RunFnPeriodically - 1 total (0 active), Execution time: mean = 94.850 us, total = 94.850 us, Queueing time: mean = 171.403 us, max = 171.403 us, min = 171.403 us, total = 171.403 us
Other Stats:
	grpc_in_progress:0
	current number of task status events in buffer: 0
	current number of profile events in buffer: 0
	current number of dropped task attempts tracked: 0
	total task events sent: 0 MiB
	total number of task attempts sent: 0
	total number of task attempts dropped reported: 0
	total number of sent failure: 0
	num status task events dropped: 0
	num profile task events dropped: 0


[2025-02-16 14:47:44,413 I 469 1408] core_worker.cc:642: Event stats:


Global stats: 9458 total (8 active)
Queueing time: mean = 125.406 us, max = 30.079 ms, min = -0.035 s, total = 1.186 s
Execution time:  mean = 63.225 ms, total = 597.983 s
Event stats:
	CoreWorker.RecoverObjects - 6590 total (1 active), Execution time: mean = 5.110 us, total = 33.677 ms, Queueing time: mean = 160.082 us, max = 6.291 ms, min = -0.001 s, total = 1.055 s
	CoreWorker.InternalHeartbeat - 660 total (1 active), Execution time: mean = 145.454 us, total = 96.000 ms, Queueing time: mean = 68.671 us, max = 29.179 ms, min = -0.035 s, total = 45.323 ms
	NodeManagerService.grpc_client.ReportWorkerBacklog - 660 total (0 active), Execution time: mean = 701.856 us, total = 463.225 ms, Queueing time: mean = 0.000 s, max = -0.000 s, min = 9223372036.855 s, total = 0.000 s
	NodeManagerService.grpc_client.ReportWorkerBacklog.OnReplyReceived - 660 total (0 active), Execution time: mean = 16.917 us, total = 11.165 ms, Queueing time: mean = 32.242 us, max = 488.264 us, min = 16.602 us, total = 21.280 ms
	CoreWorker.ExitIfParentRayletDies - 660 total (1 active), Execution time: mean = 6.905 us, total = 4.557 ms, Queueing time: mean = 65.319 us, max = 29.172 ms, min = -0.034 s, total = 43.110 ms
	CoreWorker.RecordMetrics - 132 total (1 active), Execution time: mean = 16.496 us, total = 2.177 ms, Queueing time: mean = 68.036 us, max = 30.079 ms, min = -0.025 s, total = 8.981 ms
	CoreWorker.GCStreamingGeneratorMetadata - 66 total (1 active), Execution time: mean = 3.173 us, total = 209.431 us, Queueing time: mean = 108.579 us, max = 4.613 ms, min = -0.003 s, total = 7.166 ms
	CoreWorker.PrintEventStats - 11 total (1 active, 1 running), Execution time: mean = 247.857 us, total = 2.726 ms, Queueing time: mean = 128.298 us, max = 1.091 ms, min = -0.000 s, total = 1.411 ms
	PeriodicalRunner.RunFnPeriodically - 7 total (0 active), Execution time: mean = 78.492 us, total = 549.446 us, Queueing time: mean = 354.371 us, max = 696.179 us, min = 37.746 us, total = 2.481 ms
	Publisher.CheckDeadSubscribers - 3 total (1 active), Execution time: mean = 1.960 us, total = 5.881 us, Queueing time: mean = 354.027 us, max = 964.598 us, min = 97.483 us, total = 1.062 ms
	ray::rpc::InternalPubSubGcsService.grpc_client.GcsSubscriberPoll - 2 total (1 active), Execution time: mean = 298.683 s, total = 597.366 s, Queueing time: mean = 0.000 s, max = -0.000 s, min = 9223372036.855 s, total = 0.000 s
	ray::rpc::NodeInfoGcsService.grpc_client.GetAllNodeInfo.OnReplyReceived - 1 total (0 active), Execution time: mean = 74.130 us, total = 74.130 us, Queueing time: mean = 250.334 us, max = 250.334 us, min = 250.334 us, total = 250.334 us
	ray::rpc::WorkerInfoGcsService.grpc_client.AddWorkerInfo - 1 total (0 active), Execution time: mean = 853.078 us, total = 853.078 us, Queueing time: mean = 0.000 s, max = -0.000 s, min = 9223372036.855 s, total = 0.000 s
	ray::rpc::WorkerInfoGcsService.grpc_client.AddWorkerInfo.OnReplyReceived - 1 total (0 active), Execution time: mean = 25.771 us, total = 25.771 us, Queueing time: mean = 11.917 us, max = 11.917 us, min = 11.917 us, total = 11.917 us
	ray::rpc::InternalPubSubGcsService.grpc_client.GcsSubscriberCommandBatch.OnReplyReceived - 1 total (0 active), Execution time: mean = 243.919 us, total = 243.919 us, Queueing time: mean = 35.672 us, max = 35.672 us, min = 35.672 us, total = 35.672 us
	ray::rpc::InternalPubSubGcsService.grpc_client.GcsSubscriberCommandBatch - 1 total (0 active), Execution time: mean = 304.157 us, total = 304.157 us, Queueing time: mean = 0.000 s, max = -0.000 s, min = 9223372036.855 s, total = 0.000 s
	ray::rpc::NodeInfoGcsService.grpc_client.GetAllNodeInfo - 1 total (0 active), Execution time: mean = 513.892 us, total = 513.892 us, Queueing time: mean = 0.000 s, max = -0.000 s, min = 9223372036.855 s, total = 0.000 s
	ray::rpc::InternalPubSubGcsService.grpc_client.GcsSubscriberPoll.OnReplyReceived - 1 total (0 active), Execution time: mean = 83.797 us, total = 83.797 us, Queueing time: mean = 31.830 us, max = 31.830 us, min = 31.830 us, total = 31.830 us

-----------------
Task Event stats:

IO Service Stats:

Global stats: 1981 total (1 active)
Queueing time: mean = 272.994 us, max = 29.349 ms, min = -0.010 s, total = 540.800 ms
Execution time:  mean = 261.981 us, total = 518.985 ms
Event stats:
	ray::rpc::TaskInfoGcsService.grpc_client.AddTaskEventData.OnReplyReceived - 660 total (0 active), Execution time: mean = 20.875 us, total = 13.778 ms, Queueing time: mean = 31.206 us, max = 288.125 us, min = 6.247 us, total = 20.596 ms
	CoreWorker.deadline_timer.flush_task_events - 660 total (1 active), Execution time: mean = 143.242 us, total = 94.540 ms, Queueing time: mean = 787.929 us, max = 29.349 ms, min = -0.010 s, total = 520.033 ms
	ray::rpc::TaskInfoGcsService.grpc_client.AddTaskEventData - 660 total (0 active), Execution time: mean = 622.079 us, total = 410.572 ms, Queueing time: mean = 0.000 s, max = -0.000 s, min = 9223372036.855 s, total = 0.000 s
	PeriodicalRunner.RunFnPeriodically - 1 total (0 active), Execution time: mean = 94.850 us, total = 94.850 us, Queueing time: mean = 171.403 us, max = 171.403 us, min = 171.403 us, total = 171.403 us
Other Stats:
	grpc_in_progress:0
	current number of task status events in buffer: 0
	current number of profile events in buffer: 0
	current number of dropped task attempts tracked: 0
	total task events sent: 0 MiB
	total number of task attempts sent: 0
	total number of task attempts dropped reported: 0
	total number of sent failure: 0
	num status task events dropped: 0
	num profile task events dropped: 0


[2025-02-16 14:48:44,413 I 469 1408] core_worker.cc:642: Event stats:


Global stats: 10316 total (8 active)
Queueing time: mean = 127.127 us, max = 30.079 ms, min = -0.035 s, total = 1.311 s
Execution time:  mean = 57.972 ms, total = 598.040 s
Event stats:
	CoreWorker.RecoverObjects - 7189 total (1 active), Execution time: mean = 5.134 us, total = 36.906 ms, Queueing time: mean = 161.747 us, max = 6.291 ms, min = -0.001 s, total = 1.163 s
	CoreWorker.InternalHeartbeat - 720 total (1 active), Execution time: mean = 143.247 us, total = 103.138 ms, Queueing time: mean = 66.860 us, max = 29.179 ms, min = -0.035 s, total = 48.139 ms
	NodeManagerService.grpc_client.ReportWorkerBacklog - 720 total (0 active), Execution time: mean = 705.718 us, total = 508.117 ms, Queueing time: mean = 0.000 s, max = -0.000 s, min = 9223372036.855 s, total = 0.000 s
	NodeManagerService.grpc_client.ReportWorkerBacklog.OnReplyReceived - 720 total (0 active), Execution time: mean = 16.819 us, total = 12.110 ms, Queueing time: mean = 32.443 us, max = 488.264 us, min = 16.602 us, total = 23.359 ms
	CoreWorker.ExitIfParentRayletDies - 720 total (1 active), Execution time: mean = 6.879 us, total = 4.953 ms, Queueing time: mean = 64.215 us, max = 29.172 ms, min = -0.034 s, total = 46.235 ms
	CoreWorker.RecordMetrics - 144 total (1 active), Execution time: mean = 16.528 us, total = 2.380 ms, Queueing time: mean = 121.140 us, max = 30.079 ms, min = -0.025 s, total = 17.444 ms
	CoreWorker.GCStreamingGeneratorMetadata - 72 total (1 active), Execution time: mean = 3.274 us, total = 235.716 us, Queueing time: mean = 108.074 us, max = 4.613 ms, min = -0.003 s, total = 7.781 ms
	CoreWorker.PrintEventStats - 12 total (1 active, 1 running), Execution time: mean = 242.491 us, total = 2.910 ms, Queueing time: mean = 151.031 us, max = 1.091 ms, min = -0.000 s, total = 1.812 ms
	PeriodicalRunner.RunFnPeriodically - 7 total (0 active), Execution time: mean = 78.492 us, total = 549.446 us, Queueing time: mean = 354.371 us, max = 696.179 us, min = 37.746 us, total = 2.481 ms
	Publisher.CheckDeadSubscribers - 3 total (1 active), Execution time: mean = 1.960 us, total = 5.881 us, Queueing time: mean = 354.027 us, max = 964.598 us, min = 97.483 us, total = 1.062 ms
	ray::rpc::InternalPubSubGcsService.grpc_client.GcsSubscriberPoll - 2 total (1 active), Execution time: mean = 298.683 s, total = 597.366 s, Queueing time: mean = 0.000 s, max = -0.000 s, min = 9223372036.855 s, total = 0.000 s
	ray::rpc::NodeInfoGcsService.grpc_client.GetAllNodeInfo.OnReplyReceived - 1 total (0 active), Execution time: mean = 74.130 us, total = 74.130 us, Queueing time: mean = 250.334 us, max = 250.334 us, min = 250.334 us, total = 250.334 us
	ray::rpc::WorkerInfoGcsService.grpc_client.AddWorkerInfo - 1 total (0 active), Execution time: mean = 853.078 us, total = 853.078 us, Queueing time: mean = 0.000 s, max = -0.000 s, min = 9223372036.855 s, total = 0.000 s
	ray::rpc::WorkerInfoGcsService.grpc_client.AddWorkerInfo.OnReplyReceived - 1 total (0 active), Execution time: mean = 25.771 us, total = 25.771 us, Queueing time: mean = 11.917 us, max = 11.917 us, min = 11.917 us, total = 11.917 us
	ray::rpc::InternalPubSubGcsService.grpc_client.GcsSubscriberCommandBatch.OnReplyReceived - 1 total (0 active), Execution time: mean = 243.919 us, total = 243.919 us, Queueing time: mean = 35.672 us, max = 35.672 us, min = 35.672 us, total = 35.672 us
	ray::rpc::InternalPubSubGcsService.grpc_client.GcsSubscriberCommandBatch - 1 total (0 active), Execution time: mean = 304.157 us, total = 304.157 us, Queueing time: mean = 0.000 s, max = -0.000 s, min = 9223372036.855 s, total = 0.000 s
	ray::rpc::NodeInfoGcsService.grpc_client.GetAllNodeInfo - 1 total (0 active), Execution time: mean = 513.892 us, total = 513.892 us, Queueing time: mean = 0.000 s, max = -0.000 s, min = 9223372036.855 s, total = 0.000 s
	ray::rpc::InternalPubSubGcsService.grpc_client.GcsSubscriberPoll.OnReplyReceived - 1 total (0 active), Execution time: mean = 83.797 us, total = 83.797 us, Queueing time: mean = 31.830 us, max = 31.830 us, min = 31.830 us, total = 31.830 us

-----------------
Task Event stats:

IO Service Stats:

Global stats: 2161 total (1 active)
Queueing time: mean = 277.439 us, max = 29.349 ms, min = -0.010 s, total = 599.545 ms
Execution time:  mean = 269.255 us, total = 581.861 ms
Event stats:
	ray::rpc::TaskInfoGcsService.grpc_client.AddTaskEventData.OnReplyReceived - 720 total (0 active), Execution time: mean = 20.749 us, total = 14.939 ms, Queueing time: mean = 31.390 us, max = 288.125 us, min = 6.247 us, total = 22.600 ms
	CoreWorker.deadline_timer.flush_task_events - 720 total (1 active), Execution time: mean = 142.193 us, total = 102.379 ms, Queueing time: mean = 801.074 us, max = 29.349 ms, min = -0.010 s, total = 576.773 ms
	ray::rpc::TaskInfoGcsService.grpc_client.AddTaskEventData - 720 total (0 active), Execution time: mean = 645.066 us, total = 464.448 ms, Queueing time: mean = 0.000 s, max = -0.000 s, min = 9223372036.855 s, total = 0.000 s
	PeriodicalRunner.RunFnPeriodically - 1 total (0 active), Execution time: mean = 94.850 us, total = 94.850 us, Queueing time: mean = 171.403 us, max = 171.403 us, min = 171.403 us, total = 171.403 us
Other Stats:
	grpc_in_progress:0
	current number of task status events in buffer: 0
	current number of profile events in buffer: 0
	current number of dropped task attempts tracked: 0
	total task events sent: 0 MiB
	total number of task attempts sent: 0
	total number of task attempts dropped reported: 0
	total number of sent failure: 0
	num status task events dropped: 0
	num profile task events dropped: 0


[2025-02-16 14:49:44,413 I 469 1408] core_worker.cc:642: Event stats:


Global stats: 11173 total (8 active)
Queueing time: mean = 133.028 us, max = 30.079 ms, min = -0.035 s, total = 1.486 s
Execution time:  mean = 53.531 ms, total = 598.103 s
Event stats:
	CoreWorker.RecoverObjects - 7787 total (1 active), Execution time: mean = 6.197 us, total = 48.254 ms, Queueing time: mean = 171.448 us, max = 9.423 ms, min = -0.008 s, total = 1.335 s
	CoreWorker.InternalHeartbeat - 780 total (1 active), Execution time: mean = 142.536 us, total = 111.178 ms, Queueing time: mean = 64.609 us, max = 29.179 ms, min = -0.035 s, total = 50.395 ms
	NodeManagerService.grpc_client.ReportWorkerBacklog - 780 total (0 active), Execution time: mean = 704.541 us, total = 549.542 ms, Queueing time: mean = 0.000 s, max = -0.000 s, min = 9223372036.855 s, total = 0.000 s
	NodeManagerService.grpc_client.ReportWorkerBacklog.OnReplyReceived - 780 total (0 active), Execution time: mean = 16.871 us, total = 13.159 ms, Queueing time: mean = 33.243 us, max = 488.264 us, min = 16.602 us, total = 25.930 ms
	CoreWorker.ExitIfParentRayletDies - 780 total (1 active), Execution time: mean = 6.969 us, total = 5.436 ms, Queueing time: mean = 61.337 us, max = 29.172 ms, min = -0.034 s, total = 47.843 ms
	CoreWorker.RecordMetrics - 156 total (1 active), Execution time: mean = 17.077 us, total = 2.664 ms, Queueing time: mean = 112.684 us, max = 30.079 ms, min = -0.025 s, total = 17.579 ms
	CoreWorker.GCStreamingGeneratorMetadata - 78 total (1 active), Execution time: mean = 3.405 us, total = 265.581 us, Queueing time: mean = 52.773 us, max = 4.613 ms, min = -0.003 s, total = 4.116 ms
	CoreWorker.PrintEventStats - 13 total (1 active, 1 running), Execution time: mean = 249.072 us, total = 3.238 ms, Queueing time: mean = 117.227 us, max = 1.091 ms, min = -0.000 s, total = 1.524 ms
	PeriodicalRunner.RunFnPeriodically - 7 total (0 active), Execution time: mean = 78.492 us, total = 549.446 us, Queueing time: mean = 354.371 us, max = 696.179 us, min = 37.746 us, total = 2.481 ms
	Publisher.CheckDeadSubscribers - 3 total (1 active), Execution time: mean = 1.960 us, total = 5.881 us, Queueing time: mean = 354.027 us, max = 964.598 us, min = 97.483 us, total = 1.062 ms
	ray::rpc::InternalPubSubGcsService.grpc_client.GcsSubscriberPoll - 2 total (1 active), Execution time: mean = 298.683 s, total = 597.366 s, Queueing time: mean = 0.000 s, max = -0.000 s, min = 9223372036.855 s, total = 0.000 s
	ray::rpc::NodeInfoGcsService.grpc_client.GetAllNodeInfo.OnReplyReceived - 1 total (0 active), Execution time: mean = 74.130 us, total = 74.130 us, Queueing time: mean = 250.334 us, max = 250.334 us, min = 250.334 us, total = 250.334 us
	ray::rpc::WorkerInfoGcsService.grpc_client.AddWorkerInfo - 1 total (0 active), Execution time: mean = 853.078 us, total = 853.078 us, Queueing time: mean = 0.000 s, max = -0.000 s, min = 9223372036.855 s, total = 0.000 s
	ray::rpc::WorkerInfoGcsService.grpc_client.AddWorkerInfo.OnReplyReceived - 1 total (0 active), Execution time: mean = 25.771 us, total = 25.771 us, Queueing time: mean = 11.917 us, max = 11.917 us, min = 11.917 us, total = 11.917 us
	ray::rpc::InternalPubSubGcsService.grpc_client.GcsSubscriberCommandBatch.OnReplyReceived - 1 total (0 active), Execution time: mean = 243.919 us, total = 243.919 us, Queueing time: mean = 35.672 us, max = 35.672 us, min = 35.672 us, total = 35.672 us
	ray::rpc::InternalPubSubGcsService.grpc_client.GcsSubscriberCommandBatch - 1 total (0 active), Execution time: mean = 304.157 us, total = 304.157 us, Queueing time: mean = 0.000 s, max = -0.000 s, min = 9223372036.855 s, total = 0.000 s
	ray::rpc::NodeInfoGcsService.grpc_client.GetAllNodeInfo - 1 total (0 active), Execution time: mean = 513.892 us, total = 513.892 us, Queueing time: mean = 0.000 s, max = -0.000 s, min = 9223372036.855 s, total = 0.000 s
	ray::rpc::InternalPubSubGcsService.grpc_client.GcsSubscriberPoll.OnReplyReceived - 1 total (0 active), Execution time: mean = 83.797 us, total = 83.797 us, Queueing time: mean = 31.830 us, max = 31.830 us, min = 31.830 us, total = 31.830 us

-----------------
Task Event stats:

IO Service Stats:

Global stats: 2341 total (1 active)
Queueing time: mean = 276.513 us, max = 29.349 ms, min = -0.012 s, total = 647.318 ms
Execution time:  mean = 276.891 us, total = 648.203 ms
Event stats:
	ray::rpc::TaskInfoGcsService.grpc_client.AddTaskEventData.OnReplyReceived - 780 total (0 active), Execution time: mean = 20.659 us, total = 16.114 ms, Queueing time: mean = 31.974 us, max = 288.125 us, min = 6.247 us, total = 24.940 ms
	CoreWorker.deadline_timer.flush_task_events - 780 total (1 active), Execution time: mean = 140.791 us, total = 109.817 ms, Queueing time: mean = 797.701 us, max = 29.349 ms, min = -0.012 s, total = 622.207 ms
	ray::rpc::TaskInfoGcsService.grpc_client.AddTaskEventData - 780 total (0 active), Execution time: mean = 669.458 us, total = 522.177 ms, Queueing time: mean = 0.000 s, max = -0.000 s, min = 9223372036.855 s, total = 0.000 s
	PeriodicalRunner.RunFnPeriodically - 1 total (0 active), Execution time: mean = 94.850 us, total = 94.850 us, Queueing time: mean = 171.403 us, max = 171.403 us, min = 171.403 us, total = 171.403 us
Other Stats:
	grpc_in_progress:0
	current number of task status events in buffer: 0
	current number of profile events in buffer: 0
	current number of dropped task attempts tracked: 0
	total task events sent: 0 MiB
	total number of task attempts sent: 0
	total number of task attempts dropped reported: 0
	total number of sent failure: 0
	num status task events dropped: 0
	num profile task events dropped: 0


[2025-02-16 14:50:44,414 I 469 1408] core_worker.cc:642: Event stats:


Global stats: 12030 total (8 active)
Queueing time: mean = 136.547 us, max = 100.589 ms, min = -0.089 s, total = 1.643 s
Execution time:  mean = 49.722 ms, total = 598.150 s
Event stats:
	CoreWorker.RecoverObjects - 8385 total (1 active), Execution time: mean = 6.076 us, total = 50.950 ms, Queueing time: mean = 176.026 us, max = 100.589 ms, min = -0.008 s, total = 1.476 s
	CoreWorker.InternalHeartbeat - 840 total (1 active), Execution time: mean = 141.209 us, total = 118.616 ms, Queueing time: mean = 66.156 us, max = 94.670 ms, min = -0.089 s, total = 55.571 ms
	NodeManagerService.grpc_client.ReportWorkerBacklog - 840 total (0 active), Execution time: mean = 695.554 us, total = 584.265 ms, Queueing time: mean = 0.000 s, max = -0.000 s, min = 9223372036.855 s, total = 0.000 s
	NodeManagerService.grpc_client.ReportWorkerBacklog.OnReplyReceived - 840 total (0 active), Execution time: mean = 16.758 us, total = 14.077 ms, Queueing time: mean = 33.511 us, max = 488.264 us, min = 16.246 us, total = 28.149 ms
	CoreWorker.ExitIfParentRayletDies - 840 total (1 active), Execution time: mean = 6.940 us, total = 5.830 ms, Queueing time: mean = 61.947 us, max = 93.499 ms, min = -0.089 s, total = 52.035 ms
	CoreWorker.RecordMetrics - 168 total (1 active), Execution time: mean = 17.658 us, total = 2.967 ms, Queueing time: mean = 123.637 us, max = 30.079 ms, min = -0.025 s, total = 20.771 ms
	CoreWorker.GCStreamingGeneratorMetadata - 84 total (1 active), Execution time: mean = 3.427 us, total = 287.861 us, Queueing time: mean = 91.848 us, max = 4.613 ms, min = -0.003 s, total = 7.715 ms
	CoreWorker.PrintEventStats - 14 total (1 active, 1 running), Execution time: mean = 254.118 us, total = 3.558 ms, Queueing time: mean = -0.000 s, max = 1.091 ms, min = -0.003 s, total = -0.001 s
	PeriodicalRunner.RunFnPeriodically - 7 total (0 active), Execution time: mean = 78.492 us, total = 549.446 us, Queueing time: mean = 354.371 us, max = 696.179 us, min = 37.746 us, total = 2.481 ms
	Publisher.CheckDeadSubscribers - 3 total (1 active), Execution time: mean = 1.960 us, total = 5.881 us, Queueing time: mean = 354.027 us, max = 964.598 us, min = 97.483 us, total = 1.062 ms
	ray::rpc::InternalPubSubGcsService.grpc_client.GcsSubscriberPoll - 2 total (1 active), Execution time: mean = 298.683 s, total = 597.366 s, Queueing time: mean = 0.000 s, max = -0.000 s, min = 9223372036.855 s, total = 0.000 s
	ray::rpc::NodeInfoGcsService.grpc_client.GetAllNodeInfo.OnReplyReceived - 1 total (0 active), Execution time: mean = 74.130 us, total = 74.130 us, Queueing time: mean = 250.334 us, max = 250.334 us, min = 250.334 us, total = 250.334 us
	ray::rpc::WorkerInfoGcsService.grpc_client.AddWorkerInfo - 1 total (0 active), Execution time: mean = 853.078 us, total = 853.078 us, Queueing time: mean = 0.000 s, max = -0.000 s, min = 9223372036.855 s, total = 0.000 s
	ray::rpc::WorkerInfoGcsService.grpc_client.AddWorkerInfo.OnReplyReceived - 1 total (0 active), Execution time: mean = 25.771 us, total = 25.771 us, Queueing time: mean = 11.917 us, max = 11.917 us, min = 11.917 us, total = 11.917 us
	ray::rpc::InternalPubSubGcsService.grpc_client.GcsSubscriberCommandBatch.OnReplyReceived - 1 total (0 active), Execution time: mean = 243.919 us, total = 243.919 us, Queueing time: mean = 35.672 us, max = 35.672 us, min = 35.672 us, total = 35.672 us
	ray::rpc::InternalPubSubGcsService.grpc_client.GcsSubscriberCommandBatch - 1 total (0 active), Execution time: mean = 304.157 us, total = 304.157 us, Queueing time: mean = 0.000 s, max = -0.000 s, min = 9223372036.855 s, total = 0.000 s
	ray::rpc::NodeInfoGcsService.grpc_client.GetAllNodeInfo - 1 total (0 active), Execution time: mean = 513.892 us, total = 513.892 us, Queueing time: mean = 0.000 s, max = -0.000 s, min = 9223372036.855 s, total = 0.000 s
	ray::rpc::InternalPubSubGcsService.grpc_client.GcsSubscriberPoll.OnReplyReceived - 1 total (0 active), Execution time: mean = 83.797 us, total = 83.797 us, Queueing time: mean = 31.830 us, max = 31.830 us, min = 31.830 us, total = 31.830 us

-----------------
Task Event stats:

IO Service Stats:

Global stats: 2521 total (1 active)
Queueing time: mean = 300.671 us, max = 91.202 ms, min = -0.012 s, total = 757.992 ms
Execution time:  mean = 269.689 us, total = 679.886 ms
Event stats:
	ray::rpc::TaskInfoGcsService.grpc_client.AddTaskEventData.OnReplyReceived - 840 total (0 active), Execution time: mean = 20.294 us, total = 17.047 ms, Queueing time: mean = 31.523 us, max = 288.125 us, min = 6.247 us, total = 26.480 ms
	CoreWorker.deadline_timer.flush_task_events - 840 total (1 active), Execution time: mean = 138.077 us, total = 115.985 ms, Queueing time: mean = 870.644 us, max = 91.202 ms, min = -0.012 s, total = 731.341 ms
	ray::rpc::TaskInfoGcsService.grpc_client.AddTaskEventData - 840 total (0 active), Execution time: mean = 650.904 us, total = 546.759 ms, Queueing time: mean = 0.000 s, max = -0.000 s, min = 9223372036.855 s, total = 0.000 s
	PeriodicalRunner.RunFnPeriodically - 1 total (0 active), Execution time: mean = 94.850 us, total = 94.850 us, Queueing time: mean = 171.403 us, max = 171.403 us, min = 171.403 us, total = 171.403 us
Other Stats:
	grpc_in_progress:0
	current number of task status events in buffer: 0
	current number of profile events in buffer: 0
	current number of dropped task attempts tracked: 0
	total task events sent: 0 MiB
	total number of task attempts sent: 0
	total number of task attempts dropped reported: 0
	total number of sent failure: 0
	num status task events dropped: 0
	num profile task events dropped: 0


[2025-02-16 14:51:44,414 I 469 1408] core_worker.cc:642: Event stats:


Global stats: 12891 total (8 active)
Queueing time: mean = 142.828 us, max = 144.499 ms, min = -0.108 s, total = 1.841 s
Execution time:  mean = 69.705 ms, total = 898.566 s
Event stats:
	CoreWorker.RecoverObjects - 8984 total (1 active), Execution time: mean = 5.937 us, total = 53.342 ms, Queueing time: mean = 178.690 us, max = 144.499 ms, min = -0.013 s, total = 1.605 s
	CoreWorker.InternalHeartbeat - 900 total (1 active), Execution time: mean = 139.320 us, total = 125.388 ms, Queueing time: mean = 50.843 us, max = 108.755 ms, min = -0.108 s, total = 45.759 ms
	NodeManagerService.grpc_client.ReportWorkerBacklog - 900 total (0 active), Execution time: mean = 684.260 us, total = 615.834 ms, Queueing time: mean = 0.000 s, max = -0.000 s, min = 9223372036.855 s, total = 0.000 s
	NodeManagerService.grpc_client.ReportWorkerBacklog.OnReplyReceived - 900 total (0 active), Execution time: mean = 16.456 us, total = 14.811 ms, Queueing time: mean = 32.878 us, max = 488.264 us, min = 16.246 us, total = 29.590 ms
	CoreWorker.ExitIfParentRayletDies - 900 total (1 active), Execution time: mean = 6.875 us, total = 6.187 ms, Queueing time: mean = 140.932 us, max = 105.492 ms, min = -0.089 s, total = 126.839 ms
	CoreWorker.RecordMetrics - 180 total (1 active), Execution time: mean = 17.455 us, total = 3.142 ms, Queueing time: mean = 139.944 us, max = 39.822 ms, min = -0.036 s, total = 25.190 ms
	CoreWorker.GCStreamingGeneratorMetadata - 90 total (1 active), Execution time: mean = 3.392 us, total = 305.312 us, Queueing time: mean = 94.902 us, max = 4.613 ms, min = -0.003 s, total = 8.541 ms
	CoreWorker.PrintEventStats - 15 total (1 active, 1 running), Execution time: mean = 267.235 us, total = 4.009 ms, Queueing time: mean = 102.473 us, max = 2.971 ms, min = -0.003 s, total = 1.537 ms
	PeriodicalRunner.RunFnPeriodically - 7 total (0 active), Execution time: mean = 78.492 us, total = 549.446 us, Queueing time: mean = 354.371 us, max = 696.179 us, min = 37.746 us, total = 2.481 ms
	Publisher.CheckDeadSubscribers - 4 total (1 active), Execution time: mean = 2.588 us, total = 10.354 us, Queueing time: mean = -0.001 s, max = 964.598 us, min = -0.006 s, total = -0.004 s
	ray::rpc::InternalPubSubGcsService.grpc_client.GcsSubscriberPoll - 3 total (1 active), Execution time: mean = 299.247 s, total = 897.740 s, Queueing time: mean = 0.000 s, max = -0.000 s, min = 9223372036.855 s, total = 0.000 s
	ray::rpc::InternalPubSubGcsService.grpc_client.GcsSubscriberPoll.OnReplyReceived - 2 total (0 active), Execution time: mean = 80.468 us, total = 160.936 us, Queueing time: mean = 33.157 us, max = 34.484 us, min = 31.830 us, total = 66.314 us
	ray::rpc::NodeInfoGcsService.grpc_client.GetAllNodeInfo.OnReplyReceived - 1 total (0 active), Execution time: mean = 74.130 us, total = 74.130 us, Queueing time: mean = 250.334 us, max = 250.334 us, min = 250.334 us, total = 250.334 us
	ray::rpc::WorkerInfoGcsService.grpc_client.AddWorkerInfo - 1 total (0 active), Execution time: mean = 853.078 us, total = 853.078 us, Queueing time: mean = 0.000 s, max = -0.000 s, min = 9223372036.855 s, total = 0.000 s
	ray::rpc::WorkerInfoGcsService.grpc_client.AddWorkerInfo.OnReplyReceived - 1 total (0 active), Execution time: mean = 25.771 us, total = 25.771 us, Queueing time: mean = 11.917 us, max = 11.917 us, min = 11.917 us, total = 11.917 us
	ray::rpc::InternalPubSubGcsService.grpc_client.GcsSubscriberCommandBatch.OnReplyReceived - 1 total (0 active), Execution time: mean = 243.919 us, total = 243.919 us, Queueing time: mean = 35.672 us, max = 35.672 us, min = 35.672 us, total = 35.672 us
	ray::rpc::InternalPubSubGcsService.grpc_client.GcsSubscriberCommandBatch - 1 total (0 active), Execution time: mean = 304.157 us, total = 304.157 us, Queueing time: mean = 0.000 s, max = -0.000 s, min = 9223372036.855 s, total = 0.000 s
	ray::rpc::NodeInfoGcsService.grpc_client.GetAllNodeInfo - 1 total (0 active), Execution time: mean = 513.892 us, total = 513.892 us, Queueing time: mean = 0.000 s, max = -0.000 s, min = 9223372036.855 s, total = 0.000 s

-----------------
Task Event stats:

IO Service Stats:

Global stats: 2701 total (1 active)
Queueing time: mean = 321.264 us, max = 91.202 ms, min = -0.041 s, total = 867.733 ms
Execution time:  mean = 261.830 us, total = 707.202 ms
Event stats:
	ray::rpc::TaskInfoGcsService.grpc_client.AddTaskEventData.OnReplyReceived - 900 total (0 active), Execution time: mean = 19.826 us, total = 17.843 ms, Queueing time: mean = 30.884 us, max = 288.125 us, min = 6.247 us, total = 27.796 ms
	CoreWorker.deadline_timer.flush_task_events - 900 total (1 active), Execution time: mean = 134.611 us, total = 121.150 ms, Queueing time: mean = 933.073 us, max = 91.202 ms, min = -0.041 s, total = 839.766 ms
	ray::rpc::TaskInfoGcsService.grpc_client.AddTaskEventData - 900 total (0 active), Execution time: mean = 631.237 us, total = 568.114 ms, Queueing time: mean = 0.000 s, max = -0.000 s, min = 9223372036.855 s, total = 0.000 s
	PeriodicalRunner.RunFnPeriodically - 1 total (0 active), Execution time: mean = 94.850 us, total = 94.850 us, Queueing time: mean = 171.403 us, max = 171.403 us, min = 171.403 us, total = 171.403 us
Other Stats:
	grpc_in_progress:0
	current number of task status events in buffer: 0
	current number of profile events in buffer: 0
	current number of dropped task attempts tracked: 0
	total task events sent: 0 MiB
	total number of task attempts sent: 0
	total number of task attempts dropped reported: 0
	total number of sent failure: 0
	num status task events dropped: 0
	num profile task events dropped: 0


[2025-02-16 14:52:44,414 I 469 1408] core_worker.cc:642: Event stats:


Global stats: 13749 total (8 active)
Queueing time: mean = 150.722 us, max = 144.499 ms, min = -0.108 s, total = 2.072 s
Execution time:  mean = 65.358 ms, total = 898.602 s
Event stats:
	CoreWorker.RecoverObjects - 9583 total (1 active), Execution time: mean = 5.825 us, total = 55.819 ms, Queueing time: mean = 176.814 us, max = 144.499 ms, min = -0.013 s, total = 1.694 s
	CoreWorker.InternalHeartbeat - 960 total (1 active), Execution time: mean = 136.539 us, total = 131.078 ms, Queueing time: mean = 99.057 us, max = 108.755 ms, min = -0.108 s, total = 95.094 ms
	NodeManagerService.grpc_client.ReportWorkerBacklog - 960 total (0 active), Execution time: mean = 669.429 us, total = 642.652 ms, Queueing time: mean = 0.000 s, max = -0.000 s, min = 9223372036.855 s, total = 0.000 s
	NodeManagerService.grpc_client.ReportWorkerBacklog.OnReplyReceived - 960 total (0 active), Execution time: mean = 16.228 us, total = 15.579 ms, Queueing time: mean = 32.491 us, max = 488.264 us, min = 15.520 us, total = 31.192 ms
	CoreWorker.ExitIfParentRayletDies - 960 total (1 active), Execution time: mean = 6.853 us, total = 6.579 ms, Queueing time: mean = 234.389 us, max = 105.492 ms, min = -0.089 s, total = 225.013 ms
	CoreWorker.RecordMetrics - 192 total (1 active), Execution time: mean = 17.563 us, total = 3.372 ms, Queueing time: mean = 114.701 us, max = 69.292 ms, min = -0.064 s, total = 22.023 ms
	CoreWorker.GCStreamingGeneratorMetadata - 96 total (1 active), Execution time: mean = 3.440 us, total = 330.213 us, Queueing time: mean = 103.914 us, max = 5.939 ms, min = -0.009 s, total = 9.976 ms
	CoreWorker.PrintEventStats - 16 total (1 active, 1 running), Execution time: mean = 260.213 us, total = 4.163 ms, Queueing time: mean = -0.000 s, max = 2.971 ms, min = -0.005 s, total = -0.004 s
	PeriodicalRunner.RunFnPeriodically - 7 total (0 active), Execution time: mean = 78.492 us, total = 549.446 us, Queueing time: mean = 354.371 us, max = 696.179 us, min = 37.746 us, total = 2.481 ms
	Publisher.CheckDeadSubscribers - 4 total (1 active), Execution time: mean = 2.588 us, total = 10.354 us, Queueing time: mean = -0.001 s, max = 964.598 us, min = -0.006 s, total = -0.004 s
	ray::rpc::InternalPubSubGcsService.grpc_client.GcsSubscriberPoll - 3 total (1 active), Execution time: mean = 299.247 s, total = 897.740 s, Queueing time: mean = 0.000 s, max = -0.000 s, min = 9223372036.855 s, total = 0.000 s
	ray::rpc::InternalPubSubGcsService.grpc_client.GcsSubscriberPoll.OnReplyReceived - 2 total (0 active), Execution time: mean = 80.468 us, total = 160.936 us, Queueing time: mean = 33.157 us, max = 34.484 us, min = 31.830 us, total = 66.314 us
	ray::rpc::NodeInfoGcsService.grpc_client.GetAllNodeInfo.OnReplyReceived - 1 total (0 active), Execution time: mean = 74.130 us, total = 74.130 us, Queueing time: mean = 250.334 us, max = 250.334 us, min = 250.334 us, total = 250.334 us
	ray::rpc::WorkerInfoGcsService.grpc_client.AddWorkerInfo - 1 total (0 active), Execution time: mean = 853.078 us, total = 853.078 us, Queueing time: mean = 0.000 s, max = -0.000 s, min = 9223372036.855 s, total = 0.000 s
	ray::rpc::WorkerInfoGcsService.grpc_client.AddWorkerInfo.OnReplyReceived - 1 total (0 active), Execution time: mean = 25.771 us, total = 25.771 us, Queueing time: mean = 11.917 us, max = 11.917 us, min = 11.917 us, total = 11.917 us
	ray::rpc::InternalPubSubGcsService.grpc_client.GcsSubscriberCommandBatch.OnReplyReceived - 1 total (0 active), Execution time: mean = 243.919 us, total = 243.919 us, Queueing time: mean = 35.672 us, max = 35.672 us, min = 35.672 us, total = 35.672 us
	ray::rpc::InternalPubSubGcsService.grpc_client.GcsSubscriberCommandBatch - 1 total (0 active), Execution time: mean = 304.157 us, total = 304.157 us, Queueing time: mean = 0.000 s, max = -0.000 s, min = 9223372036.855 s, total = 0.000 s
	ray::rpc::NodeInfoGcsService.grpc_client.GetAllNodeInfo - 1 total (0 active), Execution time: mean = 513.892 us, total = 513.892 us, Queueing time: mean = 0.000 s, max = -0.000 s, min = 9223372036.855 s, total = 0.000 s

-----------------
Task Event stats:

IO Service Stats:

Global stats: 2878 total (1 active)
Queueing time: mean = 331.942 us, max = 91.202 ms, min = -0.041 s, total = 955.329 ms
Execution time:  mean = 256.055 us, total = 736.926 ms
Event stats:
	ray::rpc::TaskInfoGcsService.grpc_client.AddTaskEventData.OnReplyReceived - 959 total (0 active), Execution time: mean = 19.500 us, total = 18.700 ms, Queueing time: mean = 30.599 us, max = 288.125 us, min = 6.247 us, total = 29.345 ms
	CoreWorker.deadline_timer.flush_task_events - 959 total (1 active), Execution time: mean = 132.108 us, total = 126.692 ms, Queueing time: mean = 965.394 us, max = 91.202 ms, min = -0.041 s, total = 925.813 ms
	ray::rpc::TaskInfoGcsService.grpc_client.AddTaskEventData - 959 total (0 active), Execution time: mean = 616.725 us, total = 591.439 ms, Queueing time: mean = 0.000 s, max = -0.000 s, min = 9223372036.855 s, total = 0.000 s
	PeriodicalRunner.RunFnPeriodically - 1 total (0 active), Execution time: mean = 94.850 us, total = 94.850 us, Queueing time: mean = 171.403 us, max = 171.403 us, min = 171.403 us, total = 171.403 us
Other Stats:
	grpc_in_progress:0
	current number of task status events in buffer: 0
	current number of profile events in buffer: 0
	current number of dropped task attempts tracked: 0
	total task events sent: 0 MiB
	total number of task attempts sent: 0
	total number of task attempts dropped reported: 0
	total number of sent failure: 0
	num status task events dropped: 0
	num profile task events dropped: 0


[2025-02-16 14:53:44,414 I 469 1408] core_worker.cc:642: Event stats:


Global stats: 14607 total (8 active)
Queueing time: mean = 158.636 us, max = 144.499 ms, min = -0.108 s, total = 2.317 s
Execution time:  mean = 61.521 ms, total = 898.632 s
Event stats:
	CoreWorker.RecoverObjects - 10182 total (1 active), Execution time: mean = 5.721 us, total = 58.253 ms, Queueing time: mean = 174.239 us, max = 144.499 ms, min = -0.013 s, total = 1.774 s
	CoreWorker.InternalHeartbeat - 1020 total (1 active), Execution time: mean = 132.971 us, total = 135.631 ms, Queueing time: mean = 168.166 us, max = 108.755 ms, min = -0.108 s, total = 171.529 ms
	NodeManagerService.grpc_client.ReportWorkerBacklog - 1020 total (0 active), Execution time: mean = 651.349 us, total = 664.376 ms, Queueing time: mean = 0.000 s, max = -0.000 s, min = 9223372036.855 s, total = 0.000 s
	NodeManagerService.grpc_client.ReportWorkerBacklog.OnReplyReceived - 1020 total (0 active), Execution time: mean = 15.866 us, total = 16.183 ms, Queueing time: mean = 31.977 us, max = 488.264 us, min = 15.520 us, total = 32.617 ms
	CoreWorker.ExitIfParentRayletDies - 1020 total (1 active), Execution time: mean = 6.838 us, total = 6.975 ms, Queueing time: mean = 299.893 us, max = 105.492 ms, min = -0.089 s, total = 305.891 ms
	CoreWorker.RecordMetrics - 204 total (1 active), Execution time: mean = 17.583 us, total = 3.587 ms, Queueing time: mean = 114.914 us, max = 69.292 ms, min = -0.064 s, total = 23.442 ms
	CoreWorker.GCStreamingGeneratorMetadata - 102 total (1 active), Execution time: mean = 3.510 us, total = 357.990 us, Queueing time: mean = 92.139 us, max = 5.939 ms, min = -0.009 s, total = 9.398 ms
	CoreWorker.PrintEventStats - 17 total (1 active, 1 running), Execution time: mean = 254.660 us, total = 4.329 ms, Queueing time: mean = 107.972 us, max = 5.651 ms, min = -0.005 s, total = 1.836 ms
	PeriodicalRunner.RunFnPeriodically - 7 total (0 active), Execution time: mean = 78.492 us, total = 549.446 us, Queueing time: mean = 354.371 us, max = 696.179 us, min = 37.746 us, total = 2.481 ms
	Publisher.CheckDeadSubscribers - 4 total (1 active), Execution time: mean = 2.588 us, total = 10.354 us, Queueing time: mean = -0.001 s, max = 964.598 us, min = -0.006 s, total = -0.004 s
	ray::rpc::InternalPubSubGcsService.grpc_client.GcsSubscriberPoll - 3 total (1 active), Execution time: mean = 299.247 s, total = 897.740 s, Queueing time: mean = 0.000 s, max = -0.000 s, min = 9223372036.855 s, total = 0.000 s
	ray::rpc::InternalPubSubGcsService.grpc_client.GcsSubscriberPoll.OnReplyReceived - 2 total (0 active), Execution time: mean = 80.468 us, total = 160.936 us, Queueing time: mean = 33.157 us, max = 34.484 us, min = 31.830 us, total = 66.314 us
	ray::rpc::NodeInfoGcsService.grpc_client.GetAllNodeInfo.OnReplyReceived - 1 total (0 active), Execution time: mean = 74.130 us, total = 74.130 us, Queueing time: mean = 250.334 us, max = 250.334 us, min = 250.334 us, total = 250.334 us
	ray::rpc::WorkerInfoGcsService.grpc_client.AddWorkerInfo - 1 total (0 active), Execution time: mean = 853.078 us, total = 853.078 us, Queueing time: mean = 0.000 s, max = -0.000 s, min = 9223372036.855 s, total = 0.000 s
	ray::rpc::WorkerInfoGcsService.grpc_client.AddWorkerInfo.OnReplyReceived - 1 total (0 active), Execution time: mean = 25.771 us, total = 25.771 us, Queueing time: mean = 11.917 us, max = 11.917 us, min = 11.917 us, total = 11.917 us
	ray::rpc::InternalPubSubGcsService.grpc_client.GcsSubscriberCommandBatch.OnReplyReceived - 1 total (0 active), Execution time: mean = 243.919 us, total = 243.919 us, Queueing time: mean = 35.672 us, max = 35.672 us, min = 35.672 us, total = 35.672 us
	ray::rpc::InternalPubSubGcsService.grpc_client.GcsSubscriberCommandBatch - 1 total (0 active), Execution time: mean = 304.157 us, total = 304.157 us, Queueing time: mean = 0.000 s, max = -0.000 s, min = 9223372036.855 s, total = 0.000 s
	ray::rpc::NodeInfoGcsService.grpc_client.GetAllNodeInfo - 1 total (0 active), Execution time: mean = 513.892 us, total = 513.892 us, Queueing time: mean = 0.000 s, max = -0.000 s, min = 9223372036.855 s, total = 0.000 s

-----------------
Task Event stats:

IO Service Stats:

Global stats: 3058 total (1 active)
Queueing time: mean = 337.771 us, max = 91.202 ms, min = -0.041 s, total = 1.033 s
Execution time:  mean = 250.023 us, total = 764.571 ms
Event stats:
	ray::rpc::TaskInfoGcsService.grpc_client.AddTaskEventData.OnReplyReceived - 1019 total (0 active), Execution time: mean = 19.245 us, total = 19.611 ms, Queueing time: mean = 30.093 us, max = 288.125 us, min = 6.247 us, total = 30.665 ms
	CoreWorker.deadline_timer.flush_task_events - 1019 total (1 active), Execution time: mean = 129.595 us, total = 132.057 ms, Queueing time: mean = 983.383 us, max = 91.202 ms, min = -0.041 s, total = 1.002 s
	ray::rpc::TaskInfoGcsService.grpc_client.AddTaskEventData - 1019 total (0 active), Execution time: mean = 601.382 us, total = 612.808 ms, Queueing time: mean = 0.000 s, max = -0.000 s, min = 9223372036.855 s, total = 0.000 s
	PeriodicalRunner.RunFnPeriodically - 1 total (0 active), Execution time: mean = 94.850 us, total = 94.850 us, Queueing time: mean = 171.403 us, max = 171.403 us, min = 171.403 us, total = 171.403 us
Other Stats:
	grpc_in_progress:0
	current number of task status events in buffer: 0
	current number of profile events in buffer: 0
	current number of dropped task attempts tracked: 0
	total task events sent: 0 MiB
	total number of task attempts sent: 0
	total number of task attempts dropped reported: 0
	total number of sent failure: 0
	num status task events dropped: 0
	num profile task events dropped: 0


[2025-02-16 14:54:44,415 I 469 1408] core_worker.cc:642: Event stats:


Global stats: 15466 total (8 active)
Queueing time: mean = 165.404 us, max = 144.499 ms, min = -0.108 s, total = 2.558 s
Execution time:  mean = 58.106 ms, total = 898.667 s
Event stats:
	CoreWorker.RecoverObjects - 10782 total (1 active), Execution time: mean = 5.638 us, total = 60.785 ms, Queueing time: mean = 171.678 us, max = 144.499 ms, min = -0.013 s, total = 1.851 s
	CoreWorker.InternalHeartbeat - 1080 total (1 active), Execution time: mean = 130.279 us, total = 140.701 ms, Queueing time: mean = 234.331 us, max = 108.755 ms, min = -0.108 s, total = 253.078 ms
	NodeManagerService.grpc_client.ReportWorkerBacklog - 1080 total (0 active), Execution time: mean = 638.685 us, total = 689.780 ms, Queueing time: mean = 0.000 s, max = -0.000 s, min = 9223372036.855 s, total = 0.000 s
	NodeManagerService.grpc_client.ReportWorkerBacklog.OnReplyReceived - 1080 total (0 active), Execution time: mean = 15.595 us, total = 16.843 ms, Queueing time: mean = 31.701 us, max = 488.264 us, min = 15.520 us, total = 34.237 ms
	CoreWorker.ExitIfParentRayletDies - 1080 total (1 active), Execution time: mean = 6.790 us, total = 7.333 ms, Queueing time: mean = 362.509 us, max = 105.492 ms, min = -0.089 s, total = 391.510 ms
	CoreWorker.RecordMetrics - 216 total (1 active), Execution time: mean = 17.622 us, total = 3.806 ms, Queueing time: mean = 97.340 us, max = 69.292 ms, min = -0.064 s, total = 21.025 ms
	CoreWorker.GCStreamingGeneratorMetadata - 108 total (1 active), Execution time: mean = 3.526 us, total = 380.767 us, Queueing time: mean = 58.946 us, max = 5.939 ms, min = -0.009 s, total = 6.366 ms
	CoreWorker.PrintEventStats - 18 total (1 active, 1 running), Execution time: mean = 252.902 us, total = 4.552 ms, Queueing time: mean = 139.078 us, max = 5.651 ms, min = -0.005 s, total = 2.503 ms
	PeriodicalRunner.RunFnPeriodically - 7 total (0 active), Execution time: mean = 78.492 us, total = 549.446 us, Queueing time: mean = 354.371 us, max = 696.179 us, min = 37.746 us, total = 2.481 ms
	Publisher.CheckDeadSubscribers - 4 total (1 active), Execution time: mean = 2.588 us, total = 10.354 us, Queueing time: mean = -0.001 s, max = 964.598 us, min = -0.006 s, total = -0.004 s
	ray::rpc::InternalPubSubGcsService.grpc_client.GcsSubscriberPoll - 3 total (1 active), Execution time: mean = 299.247 s, total = 897.740 s, Queueing time: mean = 0.000 s, max = -0.000 s, min = 9223372036.855 s, total = 0.000 s
	ray::rpc::InternalPubSubGcsService.grpc_client.GcsSubscriberPoll.OnReplyReceived - 2 total (0 active), Execution time: mean = 80.468 us, total = 160.936 us, Queueing time: mean = 33.157 us, max = 34.484 us, min = 31.830 us, total = 66.314 us
	ray::rpc::NodeInfoGcsService.grpc_client.GetAllNodeInfo.OnReplyReceived - 1 total (0 active), Execution time: mean = 74.130 us, total = 74.130 us, Queueing time: mean = 250.334 us, max = 250.334 us, min = 250.334 us, total = 250.334 us
	ray::rpc::WorkerInfoGcsService.grpc_client.AddWorkerInfo - 1 total (0 active), Execution time: mean = 853.078 us, total = 853.078 us, Queueing time: mean = 0.000 s, max = -0.000 s, min = 9223372036.855 s, total = 0.000 s
	ray::rpc::WorkerInfoGcsService.grpc_client.AddWorkerInfo.OnReplyReceived - 1 total (0 active), Execution time: mean = 25.771 us, total = 25.771 us, Queueing time: mean = 11.917 us, max = 11.917 us, min = 11.917 us, total = 11.917 us
	ray::rpc::InternalPubSubGcsService.grpc_client.GcsSubscriberCommandBatch.OnReplyReceived - 1 total (0 active), Execution time: mean = 243.919 us, total = 243.919 us, Queueing time: mean = 35.672 us, max = 35.672 us, min = 35.672 us, total = 35.672 us
	ray::rpc::InternalPubSubGcsService.grpc_client.GcsSubscriberCommandBatch - 1 total (0 active), Execution time: mean = 304.157 us, total = 304.157 us, Queueing time: mean = 0.000 s, max = -0.000 s, min = 9223372036.855 s, total = 0.000 s
	ray::rpc::NodeInfoGcsService.grpc_client.GetAllNodeInfo - 1 total (0 active), Execution time: mean = 513.892 us, total = 513.892 us, Queueing time: mean = 0.000 s, max = -0.000 s, min = 9223372036.855 s, total = 0.000 s

-----------------
Task Event stats:

IO Service Stats:

Global stats: 3238 total (1 active)
Queueing time: mean = 344.046 us, max = 91.202 ms, min = -0.041 s, total = 1.114 s
Execution time:  mean = 245.082 us, total = 793.576 ms
Event stats:
	ray::rpc::TaskInfoGcsService.grpc_client.AddTaskEventData.OnReplyReceived - 1079 total (0 active), Execution time: mean = 18.956 us, total = 20.454 ms, Queueing time: mean = 29.645 us, max = 288.125 us, min = 6.247 us, total = 31.987 ms
	CoreWorker.deadline_timer.flush_task_events - 1079 total (1 active), Execution time: mean = 127.697 us, total = 137.785 ms, Queueing time: mean = 1.003 ms, max = 91.202 ms, min = -0.041 s, total = 1.082 s
	ray::rpc::TaskInfoGcsService.grpc_client.AddTaskEventData - 1079 total (0 active), Execution time: mean = 588.732 us, total = 635.242 ms, Queueing time: mean = 0.000 s, max = -0.000 s, min = 9223372036.855 s, total = 0.000 s
	PeriodicalRunner.RunFnPeriodically - 1 total (0 active), Execution time: mean = 94.850 us, total = 94.850 us, Queueing time: mean = 171.403 us, max = 171.403 us, min = 171.403 us, total = 171.403 us
Other Stats:
	grpc_in_progress:0
	current number of task status events in buffer: 0
	current number of profile events in buffer: 0
	current number of dropped task attempts tracked: 0
	total task events sent: 0 MiB
	total number of task attempts sent: 0
	total number of task attempts dropped reported: 0
	total number of sent failure: 0
	num status task events dropped: 0
	num profile task events dropped: 0


[2025-02-16 14:55:44,415 I 469 1408] core_worker.cc:642: Event stats:


Global stats: 16324 total (8 active)
Queueing time: mean = 164.380 us, max = 144.499 ms, min = -0.108 s, total = 2.683 s
Execution time:  mean = 55.054 ms, total = 898.696 s
Event stats:
	CoreWorker.RecoverObjects - 11381 total (1 active), Execution time: mean = 5.554 us, total = 63.207 ms, Queueing time: mean = 166.900 us, max = 144.499 ms, min = -0.027 s, total = 1.899 s
	CoreWorker.InternalHeartbeat - 1140 total (1 active), Execution time: mean = 127.484 us, total = 145.332 ms, Queueing time: mean = 253.807 us, max = 108.755 ms, min = -0.108 s, total = 289.340 ms
	NodeManagerService.grpc_client.ReportWorkerBacklog - 1140 total (0 active), Execution time: mean = 623.416 us, total = 710.694 ms, Queueing time: mean = 0.000 s, max = -0.000 s, min = 9223372036.855 s, total = 0.000 s
	NodeManagerService.grpc_client.ReportWorkerBacklog.OnReplyReceived - 1140 total (0 active), Execution time: mean = 15.334 us, total = 17.481 ms, Queueing time: mean = 31.233 us, max = 488.264 us, min = 15.520 us, total = 35.605 ms
	CoreWorker.ExitIfParentRayletDies - 1140 total (1 active), Execution time: mean = 6.752 us, total = 7.697 ms, Queueing time: mean = 379.485 us, max = 105.492 ms, min = -0.089 s, total = 432.613 ms
	CoreWorker.RecordMetrics - 228 total (1 active), Execution time: mean = 17.587 us, total = 4.010 ms, Queueing time: mean = 104.532 us, max = 69.292 ms, min = -0.064 s, total = 23.833 ms
	CoreWorker.GCStreamingGeneratorMetadata - 114 total (1 active), Execution time: mean = 3.538 us, total = 403.297 us, Queueing time: mean = 91.684 us, max = 11.371 ms, min = -0.009 s, total = 10.452 ms
	CoreWorker.PrintEventStats - 19 total (1 active, 1 running), Execution time: mean = 253.497 us, total = 4.816 ms, Queueing time: mean = -0.000 s, max = 5.651 ms, min = -0.009 s, total = -0.006 s
	PeriodicalRunner.RunFnPeriodically - 7 total (0 active), Execution time: mean = 78.492 us, total = 549.446 us, Queueing time: mean = 354.371 us, max = 696.179 us, min = 37.746 us, total = 2.481 ms
	Publisher.CheckDeadSubscribers - 4 total (1 active), Execution time: mean = 2.588 us, total = 10.354 us, Queueing time: mean = -0.001 s, max = 964.598 us, min = -0.006 s, total = -0.004 s
	ray::rpc::InternalPubSubGcsService.grpc_client.GcsSubscriberPoll - 3 total (1 active), Execution time: mean = 299.247 s, total = 897.740 s, Queueing time: mean = 0.000 s, max = -0.000 s, min = 9223372036.855 s, total = 0.000 s
	ray::rpc::InternalPubSubGcsService.grpc_client.GcsSubscriberPoll.OnReplyReceived - 2 total (0 active), Execution time: mean = 80.468 us, total = 160.936 us, Queueing time: mean = 33.157 us, max = 34.484 us, min = 31.830 us, total = 66.314 us
	ray::rpc::NodeInfoGcsService.grpc_client.GetAllNodeInfo.OnReplyReceived - 1 total (0 active), Execution time: mean = 74.130 us, total = 74.130 us, Queueing time: mean = 250.334 us, max = 250.334 us, min = 250.334 us, total = 250.334 us
	ray::rpc::WorkerInfoGcsService.grpc_client.AddWorkerInfo - 1 total (0 active), Execution time: mean = 853.078 us, total = 853.078 us, Queueing time: mean = 0.000 s, max = -0.000 s, min = 9223372036.855 s, total = 0.000 s
	ray::rpc::WorkerInfoGcsService.grpc_client.AddWorkerInfo.OnReplyReceived - 1 total (0 active), Execution time: mean = 25.771 us, total = 25.771 us, Queueing time: mean = 11.917 us, max = 11.917 us, min = 11.917 us, total = 11.917 us
	ray::rpc::InternalPubSubGcsService.grpc_client.GcsSubscriberCommandBatch.OnReplyReceived - 1 total (0 active), Execution time: mean = 243.919 us, total = 243.919 us, Queueing time: mean = 35.672 us, max = 35.672 us, min = 35.672 us, total = 35.672 us
	ray::rpc::InternalPubSubGcsService.grpc_client.GcsSubscriberCommandBatch - 1 total (0 active), Execution time: mean = 304.157 us, total = 304.157 us, Queueing time: mean = 0.000 s, max = -0.000 s, min = 9223372036.855 s, total = 0.000 s
	ray::rpc::NodeInfoGcsService.grpc_client.GetAllNodeInfo - 1 total (0 active), Execution time: mean = 513.892 us, total = 513.892 us, Queueing time: mean = 0.000 s, max = -0.000 s, min = 9223372036.855 s, total = 0.000 s

-----------------
Task Event stats:

IO Service Stats:

Global stats: 3418 total (1 active)
Queueing time: mean = 336.861 us, max = 91.202 ms, min = -0.041 s, total = 1.151 s
Execution time:  mean = 240.256 us, total = 821.194 ms
Event stats:
	ray::rpc::TaskInfoGcsService.grpc_client.AddTaskEventData.OnReplyReceived - 1139 total (0 active), Execution time: mean = 18.695 us, total = 21.294 ms, Queueing time: mean = 29.207 us, max = 288.125 us, min = 6.247 us, total = 33.266 ms
	CoreWorker.deadline_timer.flush_task_events - 1139 total (1 active), Execution time: mean = 125.611 us, total = 143.071 ms, Queueing time: mean = 981.521 us, max = 91.202 ms, min = -0.041 s, total = 1.118 s
	ray::rpc::TaskInfoGcsService.grpc_client.AddTaskEventData - 1139 total (0 active), Execution time: mean = 576.589 us, total = 656.734 ms, Queueing time: mean = 0.000 s, max = -0.000 s, min = 9223372036.855 s, total = 0.000 s
	PeriodicalRunner.RunFnPeriodically - 1 total (0 active), Execution time: mean = 94.850 us, total = 94.850 us, Queueing time: mean = 171.403 us, max = 171.403 us, min = 171.403 us, total = 171.403 us
Other Stats:
	grpc_in_progress:0
	current number of task status events in buffer: 0
	current number of profile events in buffer: 0
	current number of dropped task attempts tracked: 0
	total task events sent: 0 MiB
	total number of task attempts sent: 0
	total number of task attempts dropped reported: 0
	total number of sent failure: 0
	num status task events dropped: 0
	num profile task events dropped: 0


[2025-02-16 14:56:44,416 I 469 1408] core_worker.cc:642: Event stats:


Global stats: 17185 total (8 active)
Queueing time: mean = 172.123 us, max = 144.499 ms, min = -0.108 s, total = 2.958 s
Execution time:  mean = 69.776 ms, total = 1199.101 s
Event stats:
	CoreWorker.RecoverObjects - 11980 total (1 active), Execution time: mean = 5.468 us, total = 65.512 ms, Queueing time: mean = 165.765 us, max = 144.499 ms, min = -0.027 s, total = 1.986 s
	CoreWorker.InternalHeartbeat - 1200 total (1 active), Execution time: mean = 124.987 us, total = 149.985 ms, Queueing time: mean = 310.427 us, max = 108.755 ms, min = -0.108 s, total = 372.512 ms
	NodeManagerService.grpc_client.ReportWorkerBacklog - 1200 total (0 active), Execution time: mean = 610.741 us, total = 732.889 ms, Queueing time: mean = 0.000 s, max = -0.000 s, min = 9223372036.855 s, total = 0.000 s
	NodeManagerService.grpc_client.ReportWorkerBacklog.OnReplyReceived - 1200 total (0 active), Execution time: mean = 15.069 us, total = 18.083 ms, Queueing time: mean = 31.240 us, max = 623.705 us, min = 15.520 us, total = 37.488 ms
	CoreWorker.ExitIfParentRayletDies - 1200 total (1 active), Execution time: mean = 6.706 us, total = 8.047 ms, Queueing time: mean = 433.365 us, max = 105.492 ms, min = -0.089 s, total = 520.038 ms
	CoreWorker.RecordMetrics - 240 total (1 active), Execution time: mean = 17.545 us, total = 4.211 ms, Queueing time: mean = 102.110 us, max = 69.292 ms, min = -0.064 s, total = 24.506 ms
	CoreWorker.GCStreamingGeneratorMetadata - 120 total (1 active), Execution time: mean = 3.567 us, total = 428.087 us, Queueing time: mean = 92.052 us, max = 11.371 ms, min = -0.009 s, total = 11.046 ms
	CoreWorker.PrintEventStats - 20 total (1 active, 1 running), Execution time: mean = 255.579 us, total = 5.112 ms, Queueing time: mean = 117.160 us, max = 8.727 ms, min = -0.009 s, total = 2.343 ms
	PeriodicalRunner.RunFnPeriodically - 7 total (0 active), Execution time: mean = 78.492 us, total = 549.446 us, Queueing time: mean = 354.371 us, max = 696.179 us, min = 37.746 us, total = 2.481 ms
	Publisher.CheckDeadSubscribers - 5 total (1 active), Execution time: mean = 2.997 us, total = 14.985 us, Queueing time: mean = 251.593 us, max = 5.719 ms, min = -0.006 s, total = 1.258 ms
	ray::rpc::InternalPubSubGcsService.grpc_client.GcsSubscriberPoll - 4 total (1 active), Execution time: mean = 299.529 s, total = 1198.114 s, Queueing time: mean = 0.000 s, max = -0.000 s, min = 9223372036.855 s, total = 0.000 s
	ray::rpc::InternalPubSubGcsService.grpc_client.GcsSubscriberPoll.OnReplyReceived - 3 total (0 active), Execution time: mean = 85.858 us, total = 257.573 us, Queueing time: mean = 32.594 us, max = 34.484 us, min = 31.468 us, total = 97.782 us
	ray::rpc::NodeInfoGcsService.grpc_client.GetAllNodeInfo.OnReplyReceived - 1 total (0 active), Execution time: mean = 74.130 us, total = 74.130 us, Queueing time: mean = 250.334 us, max = 250.334 us, min = 250.334 us, total = 250.334 us
	ray::rpc::WorkerInfoGcsService.grpc_client.AddWorkerInfo - 1 total (0 active), Execution time: mean = 853.078 us, total = 853.078 us, Queueing time: mean = 0.000 s, max = -0.000 s, min = 9223372036.855 s, total = 0.000 s
	ray::rpc::WorkerInfoGcsService.grpc_client.AddWorkerInfo.OnReplyReceived - 1 total (0 active), Execution time: mean = 25.771 us, total = 25.771 us, Queueing time: mean = 11.917 us, max = 11.917 us, min = 11.917 us, total = 11.917 us
	ray::rpc::InternalPubSubGcsService.grpc_client.GcsSubscriberCommandBatch.OnReplyReceived - 1 total (0 active), Execution time: mean = 243.919 us, total = 243.919 us, Queueing time: mean = 35.672 us, max = 35.672 us, min = 35.672 us, total = 35.672 us
	ray::rpc::InternalPubSubGcsService.grpc_client.GcsSubscriberCommandBatch - 1 total (0 active), Execution time: mean = 304.157 us, total = 304.157 us, Queueing time: mean = 0.000 s, max = -0.000 s, min = 9223372036.855 s, total = 0.000 s
	ray::rpc::NodeInfoGcsService.grpc_client.GetAllNodeInfo - 1 total (0 active), Execution time: mean = 513.892 us, total = 513.892 us, Queueing time: mean = 0.000 s, max = -0.000 s, min = 9223372036.855 s, total = 0.000 s

-----------------
Task Event stats:

IO Service Stats:

Global stats: 3598 total (1 active)
Queueing time: mean = 342.876 us, max = 91.202 ms, min = -0.041 s, total = 1.234 s
Execution time:  mean = 235.790 us, total = 848.373 ms
Event stats:
	ray::rpc::TaskInfoGcsService.grpc_client.AddTaskEventData.OnReplyReceived - 1199 total (0 active), Execution time: mean = 18.358 us, total = 22.012 ms, Queueing time: mean = 28.831 us, max = 288.125 us, min = 6.247 us, total = 34.568 ms
	CoreWorker.deadline_timer.flush_task_events - 1199 total (1 active), Execution time: mean = 123.964 us, total = 148.633 ms, Queueing time: mean = 999.941 us, max = 91.202 ms, min = -0.041 s, total = 1.199 s
	ray::rpc::TaskInfoGcsService.grpc_client.AddTaskEventData - 1199 total (0 active), Execution time: mean = 565.165 us, total = 677.633 ms, Queueing time: mean = 0.000 s, max = -0.000 s, min = 9223372036.855 s, total = 0.000 s
	PeriodicalRunner.RunFnPeriodically - 1 total (0 active), Execution time: mean = 94.850 us, total = 94.850 us, Queueing time: mean = 171.403 us, max = 171.403 us, min = 171.403 us, total = 171.403 us
Other Stats:
	grpc_in_progress:0
	current number of task status events in buffer: 0
	current number of profile events in buffer: 0
	current number of dropped task attempts tracked: 0
	total task events sent: 0 MiB
	total number of task attempts sent: 0
	total number of task attempts dropped reported: 0
	total number of sent failure: 0
	num status task events dropped: 0
	num profile task events dropped: 0


[2025-02-16 14:57:44,416 I 469 1408] core_worker.cc:642: Event stats:


Global stats: 18043 total (8 active)
Queueing time: mean = 178.153 us, max = 144.499 ms, min = -0.108 s, total = 3.214 s
Execution time:  mean = 66.460 ms, total = 1199.135 s
Event stats:
	CoreWorker.RecoverObjects - 12579 total (1 active), Execution time: mean = 5.400 us, total = 67.925 ms, Queueing time: mean = 164.670 us, max = 144.499 ms, min = -0.027 s, total = 2.071 s
	CoreWorker.InternalHeartbeat - 1260 total (1 active), Execution time: mean = 123.279 us, total = 155.331 ms, Queueing time: mean = 360.205 us, max = 108.755 ms, min = -0.108 s, total = 453.858 ms
	NodeManagerService.grpc_client.ReportWorkerBacklog - 1260 total (0 active), Execution time: mean = 601.381 us, total = 757.740 ms, Queueing time: mean = 0.000 s, max = -0.000 s, min = 9223372036.855 s, total = 0.000 s
	NodeManagerService.grpc_client.ReportWorkerBacklog.OnReplyReceived - 1260 total (0 active), Execution time: mean = 14.895 us, total = 18.768 ms, Queueing time: mean = 30.881 us, max = 623.705 us, min = 15.056 us, total = 38.910 ms
	CoreWorker.ExitIfParentRayletDies - 1260 total (1 active), Execution time: mean = 6.716 us, total = 8.462 ms, Queueing time: mean = 481.426 us, max = 105.492 ms, min = -0.089 s, total = 606.596 ms
	CoreWorker.RecordMetrics - 252 total (1 active), Execution time: mean = 17.507 us, total = 4.412 ms, Queueing time: mean = 99.389 us, max = 69.292 ms, min = -0.064 s, total = 25.046 ms
	CoreWorker.GCStreamingGeneratorMetadata - 126 total (1 active), Execution time: mean = 3.560 us, total = 448.556 us, Queueing time: mean = 97.603 us, max = 11.371 ms, min = -0.009 s, total = 12.298 ms
	CoreWorker.PrintEventStats - 21 total (1 active, 1 running), Execution time: mean = 254.615 us, total = 5.347 ms, Queueing time: mean = 103.945 us, max = 8.727 ms, min = -0.009 s, total = 2.183 ms
	PeriodicalRunner.RunFnPeriodically - 7 total (0 active), Execution time: mean = 78.492 us, total = 549.446 us, Queueing time: mean = 354.371 us, max = 696.179 us, min = 37.746 us, total = 2.481 ms
	Publisher.CheckDeadSubscribers - 5 total (1 active), Execution time: mean = 2.997 us, total = 14.985 us, Queueing time: mean = 251.593 us, max = 5.719 ms, min = -0.006 s, total = 1.258 ms
	ray::rpc::InternalPubSubGcsService.grpc_client.GcsSubscriberPoll - 4 total (1 active), Execution time: mean = 299.529 s, total = 1198.114 s, Queueing time: mean = 0.000 s, max = -0.000 s, min = 9223372036.855 s, total = 0.000 s
	ray::rpc::InternalPubSubGcsService.grpc_client.GcsSubscriberPoll.OnReplyReceived - 3 total (0 active), Execution time: mean = 85.858 us, total = 257.573 us, Queueing time: mean = 32.594 us, max = 34.484 us, min = 31.468 us, total = 97.782 us
	ray::rpc::NodeInfoGcsService.grpc_client.GetAllNodeInfo.OnReplyReceived - 1 total (0 active), Execution time: mean = 74.130 us, total = 74.130 us, Queueing time: mean = 250.334 us, max = 250.334 us, min = 250.334 us, total = 250.334 us
	ray::rpc::WorkerInfoGcsService.grpc_client.AddWorkerInfo - 1 total (0 active), Execution time: mean = 853.078 us, total = 853.078 us, Queueing time: mean = 0.000 s, max = -0.000 s, min = 9223372036.855 s, total = 0.000 s
	ray::rpc::WorkerInfoGcsService.grpc_client.AddWorkerInfo.OnReplyReceived - 1 total (0 active), Execution time: mean = 25.771 us, total = 25.771 us, Queueing time: mean = 11.917 us, max = 11.917 us, min = 11.917 us, total = 11.917 us
	ray::rpc::InternalPubSubGcsService.grpc_client.GcsSubscriberCommandBatch.OnReplyReceived - 1 total (0 active), Execution time: mean = 243.919 us, total = 243.919 us, Queueing time: mean = 35.672 us, max = 35.672 us, min = 35.672 us, total = 35.672 us
	ray::rpc::InternalPubSubGcsService.grpc_client.GcsSubscriberCommandBatch - 1 total (0 active), Execution time: mean = 304.157 us, total = 304.157 us, Queueing time: mean = 0.000 s, max = -0.000 s, min = 9223372036.855 s, total = 0.000 s
	ray::rpc::NodeInfoGcsService.grpc_client.GetAllNodeInfo - 1 total (0 active), Execution time: mean = 513.892 us, total = 513.892 us, Queueing time: mean = 0.000 s, max = -0.000 s, min = 9223372036.855 s, total = 0.000 s

-----------------
Task Event stats:

IO Service Stats:

Global stats: 3778 total (1 active)
Queueing time: mean = 348.154 us, max = 91.202 ms, min = -0.041 s, total = 1.315 s
Execution time:  mean = 232.001 us, total = 876.498 ms
Event stats:
	ray::rpc::TaskInfoGcsService.grpc_client.AddTaskEventData.OnReplyReceived - 1259 total (0 active), Execution time: mean = 18.107 us, total = 22.797 ms, Queueing time: mean = 28.478 us, max = 288.125 us, min = 6.247 us, total = 35.853 ms
	CoreWorker.deadline_timer.flush_task_events - 1259 total (1 active), Execution time: mean = 122.450 us, total = 154.164 ms, Queueing time: mean = 1.016 ms, max = 91.202 ms, min = -0.041 s, total = 1.279 s
	ray::rpc::TaskInfoGcsService.grpc_client.AddTaskEventData - 1259 total (0 active), Execution time: mean = 555.554 us, total = 699.442 ms, Queueing time: mean = 0.000 s, max = -0.000 s, min = 9223372036.855 s, total = 0.000 s
	PeriodicalRunner.RunFnPeriodically - 1 total (0 active), Execution time: mean = 94.850 us, total = 94.850 us, Queueing time: mean = 171.403 us, max = 171.403 us, min = 171.403 us, total = 171.403 us
Other Stats:
	grpc_in_progress:0
	current number of task status events in buffer: 0
	current number of profile events in buffer: 0
	current number of dropped task attempts tracked: 0
	total task events sent: 0 MiB
	total number of task attempts sent: 0
	total number of task attempts dropped reported: 0
	total number of sent failure: 0
	num status task events dropped: 0
	num profile task events dropped: 0


[2025-02-16 14:58:44,416 I 469 1408] core_worker.cc:642: Event stats:


Global stats: 18902 total (8 active)
Queueing time: mean = 182.607 us, max = 144.499 ms, min = -0.108 s, total = 3.452 s
Execution time:  mean = 63.441 ms, total = 1199.166 s
Event stats:
	CoreWorker.RecoverObjects - 13179 total (1 active), Execution time: mean = 5.334 us, total = 70.299 ms, Queueing time: mean = 163.173 us, max = 144.499 ms, min = -0.027 s, total = 2.150 s
	CoreWorker.InternalHeartbeat - 1320 total (1 active), Execution time: mean = 121.403 us, total = 160.252 ms, Queueing time: mean = 401.697 us, max = 108.755 ms, min = -0.108 s, total = 530.240 ms
	NodeManagerService.grpc_client.ReportWorkerBacklog - 1320 total (0 active), Execution time: mean = 590.752 us, total = 779.793 ms, Queueing time: mean = 0.000 s, max = -0.000 s, min = 9223372036.855 s, total = 0.000 s
	NodeManagerService.grpc_client.ReportWorkerBacklog.OnReplyReceived - 1320 total (0 active), Execution time: mean = 14.622 us, total = 19.301 ms, Queueing time: mean = 30.423 us, max = 623.705 us, min = 15.056 us, total = 40.159 ms
	CoreWorker.ExitIfParentRayletDies - 1320 total (1 active), Execution time: mean = 6.652 us, total = 8.780 ms, Queueing time: mean = 520.738 us, max = 105.492 ms, min = -0.089 s, total = 687.375 ms
	CoreWorker.RecordMetrics - 264 total (1 active), Execution time: mean = 17.492 us, total = 4.618 ms, Queueing time: mean = 97.034 us, max = 69.292 ms, min = -0.064 s, total = 25.617 ms
	CoreWorker.GCStreamingGeneratorMetadata - 132 total (1 active), Execution time: mean = 3.557 us, total = 469.471 us, Queueing time: mean = 85.372 us, max = 11.371 ms, min = -0.009 s, total = 11.269 ms
	CoreWorker.PrintEventStats - 22 total (1 active, 1 running), Execution time: mean = 253.199 us, total = 5.570 ms, Queueing time: mean = 108.553 us, max = 8.727 ms, min = -0.009 s, total = 2.388 ms
	PeriodicalRunner.RunFnPeriodically - 7 total (0 active), Execution time: mean = 78.492 us, total = 549.446 us, Queueing time: mean = 354.371 us, max = 696.179 us, min = 37.746 us, total = 2.481 ms
	Publisher.CheckDeadSubscribers - 5 total (1 active), Execution time: mean = 2.997 us, total = 14.985 us, Queueing time: mean = 251.593 us, max = 5.719 ms, min = -0.006 s, total = 1.258 ms
	ray::rpc::InternalPubSubGcsService.grpc_client.GcsSubscriberPoll - 4 total (1 active), Execution time: mean = 299.529 s, total = 1198.114 s, Queueing time: mean = 0.000 s, max = -0.000 s, min = 9223372036.855 s, total = 0.000 s
	ray::rpc::InternalPubSubGcsService.grpc_client.GcsSubscriberPoll.OnReplyReceived - 3 total (0 active), Execution time: mean = 85.858 us, total = 257.573 us, Queueing time: mean = 32.594 us, max = 34.484 us, min = 31.468 us, total = 97.782 us
	ray::rpc::NodeInfoGcsService.grpc_client.GetAllNodeInfo.OnReplyReceived - 1 total (0 active), Execution time: mean = 74.130 us, total = 74.130 us, Queueing time: mean = 250.334 us, max = 250.334 us, min = 250.334 us, total = 250.334 us
	ray::rpc::WorkerInfoGcsService.grpc_client.AddWorkerInfo - 1 total (0 active), Execution time: mean = 853.078 us, total = 853.078 us, Queueing time: mean = 0.000 s, max = -0.000 s, min = 9223372036.855 s, total = 0.000 s
	ray::rpc::WorkerInfoGcsService.grpc_client.AddWorkerInfo.OnReplyReceived - 1 total (0 active), Execution time: mean = 25.771 us, total = 25.771 us, Queueing time: mean = 11.917 us, max = 11.917 us, min = 11.917 us, total = 11.917 us
	ray::rpc::InternalPubSubGcsService.grpc_client.GcsSubscriberCommandBatch.OnReplyReceived - 1 total (0 active), Execution time: mean = 243.919 us, total = 243.919 us, Queueing time: mean = 35.672 us, max = 35.672 us, min = 35.672 us, total = 35.672 us
	ray::rpc::InternalPubSubGcsService.grpc_client.GcsSubscriberCommandBatch - 1 total (0 active), Execution time: mean = 304.157 us, total = 304.157 us, Queueing time: mean = 0.000 s, max = -0.000 s, min = 9223372036.855 s, total = 0.000 s
	ray::rpc::NodeInfoGcsService.grpc_client.GetAllNodeInfo - 1 total (0 active), Execution time: mean = 513.892 us, total = 513.892 us, Queueing time: mean = 0.000 s, max = -0.000 s, min = 9223372036.855 s, total = 0.000 s

-----------------
Task Event stats:

IO Service Stats:

Global stats: 3958 total (1 active)
Queueing time: mean = 351.739 us, max = 91.202 ms, min = -0.041 s, total = 1.392 s
Execution time:  mean = 228.467 us, total = 904.272 ms
Event stats:
	ray::rpc::TaskInfoGcsService.grpc_client.AddTaskEventData.OnReplyReceived - 1319 total (0 active), Execution time: mean = 17.928 us, total = 23.647 ms, Queueing time: mean = 28.165 us, max = 288.125 us, min = 6.247 us, total = 37.149 ms
	CoreWorker.deadline_timer.flush_task_events - 1319 total (1 active), Execution time: mean = 120.910 us, total = 159.480 ms, Queueing time: mean = 1.027 ms, max = 91.202 ms, min = -0.041 s, total = 1.355 s
	ray::rpc::TaskInfoGcsService.grpc_client.AddTaskEventData - 1319 total (0 active), Execution time: mean = 546.664 us, total = 721.050 ms, Queueing time: mean = 0.000 s, max = -0.000 s, min = 9223372036.855 s, total = 0.000 s
	PeriodicalRunner.RunFnPeriodically - 1 total (0 active), Execution time: mean = 94.850 us, total = 94.850 us, Queueing time: mean = 171.403 us, max = 171.403 us, min = 171.403 us, total = 171.403 us
Other Stats:
	grpc_in_progress:0
	current number of task status events in buffer: 0
	current number of profile events in buffer: 0
	current number of dropped task attempts tracked: 0
	total task events sent: 0 MiB
	total number of task attempts sent: 0
	total number of task attempts dropped reported: 0
	total number of sent failure: 0
	num status task events dropped: 0
	num profile task events dropped: 0


[2025-02-16 14:59:44,416 I 469 1408] core_worker.cc:642: Event stats:


Global stats: 19760 total (8 active)
Queueing time: mean = 187.321 us, max = 144.499 ms, min = -0.108 s, total = 3.701 s
Execution time:  mean = 60.688 ms, total = 1199.196 s
Event stats:
	CoreWorker.RecoverObjects - 13778 total (1 active), Execution time: mean = 5.267 us, total = 72.572 ms, Queueing time: mean = 162.034 us, max = 144.499 ms, min = -0.027 s, total = 2.233 s
	CoreWorker.InternalHeartbeat - 1380 total (1 active), Execution time: mean = 119.534 us, total = 164.957 ms, Queueing time: mean = 441.981 us, max = 108.755 ms, min = -0.108 s, total = 609.933 ms
	NodeManagerService.grpc_client.ReportWorkerBacklog - 1380 total (0 active), Execution time: mean = 580.654 us, total = 801.302 ms, Queueing time: mean = 0.000 s, max = -0.000 s, min = 9223372036.855 s, total = 0.000 s
	NodeManagerService.grpc_client.ReportWorkerBacklog.OnReplyReceived - 1380 total (0 active), Execution time: mean = 14.425 us, total = 19.906 ms, Queueing time: mean = 30.126 us, max = 623.705 us, min = 13.064 us, total = 41.574 ms
	CoreWorker.ExitIfParentRayletDies - 1380 total (1 active), Execution time: mean = 6.583 us, total = 9.085 ms, Queueing time: mean = 558.969 us, max = 105.492 ms, min = -0.089 s, total = 771.378 ms
	CoreWorker.RecordMetrics - 276 total (1 active), Execution time: mean = 17.538 us, total = 4.840 ms, Queueing time: mean = 96.011 us, max = 69.292 ms, min = -0.064 s, total = 26.499 ms
	CoreWorker.GCStreamingGeneratorMetadata - 138 total (1 active), Execution time: mean = 3.568 us, total = 492.444 us, Queueing time: mean = 94.891 us, max = 11.371 ms, min = -0.009 s, total = 13.095 ms
	CoreWorker.PrintEventStats - 23 total (1 active, 1 running), Execution time: mean = 255.158 us, total = 5.869 ms, Queueing time: mean = 102.277 us, max = 8.727 ms, min = -0.009 s, total = 2.352 ms
	PeriodicalRunner.RunFnPeriodically - 7 total (0 active), Execution time: mean = 78.492 us, total = 549.446 us, Queueing time: mean = 354.371 us, max = 696.179 us, min = 37.746 us, total = 2.481 ms
	Publisher.CheckDeadSubscribers - 5 total (1 active), Execution time: mean = 2.997 us, total = 14.985 us, Queueing time: mean = 251.593 us, max = 5.719 ms, min = -0.006 s, total = 1.258 ms
	ray::rpc::InternalPubSubGcsService.grpc_client.GcsSubscriberPoll - 4 total (1 active), Execution time: mean = 299.529 s, total = 1198.114 s, Queueing time: mean = 0.000 s, max = -0.000 s, min = 9223372036.855 s, total = 0.000 s
	ray::rpc::InternalPubSubGcsService.grpc_client.GcsSubscriberPoll.OnReplyReceived - 3 total (0 active), Execution time: mean = 85.858 us, total = 257.573 us, Queueing time: mean = 32.594 us, max = 34.484 us, min = 31.468 us, total = 97.782 us
	ray::rpc::NodeInfoGcsService.grpc_client.GetAllNodeInfo.OnReplyReceived - 1 total (0 active), Execution time: mean = 74.130 us, total = 74.130 us, Queueing time: mean = 250.334 us, max = 250.334 us, min = 250.334 us, total = 250.334 us
	ray::rpc::WorkerInfoGcsService.grpc_client.AddWorkerInfo - 1 total (0 active), Execution time: mean = 853.078 us, total = 853.078 us, Queueing time: mean = 0.000 s, max = -0.000 s, min = 9223372036.855 s, total = 0.000 s
	ray::rpc::WorkerInfoGcsService.grpc_client.AddWorkerInfo.OnReplyReceived - 1 total (0 active), Execution time: mean = 25.771 us, total = 25.771 us, Queueing time: mean = 11.917 us, max = 11.917 us, min = 11.917 us, total = 11.917 us
	ray::rpc::InternalPubSubGcsService.grpc_client.GcsSubscriberCommandBatch.OnReplyReceived - 1 total (0 active), Execution time: mean = 243.919 us, total = 243.919 us, Queueing time: mean = 35.672 us, max = 35.672 us, min = 35.672 us, total = 35.672 us
	ray::rpc::InternalPubSubGcsService.grpc_client.GcsSubscriberCommandBatch - 1 total (0 active), Execution time: mean = 304.157 us, total = 304.157 us, Queueing time: mean = 0.000 s, max = -0.000 s, min = 9223372036.855 s, total = 0.000 s
	ray::rpc::NodeInfoGcsService.grpc_client.GetAllNodeInfo - 1 total (0 active), Execution time: mean = 513.892 us, total = 513.892 us, Queueing time: mean = 0.000 s, max = -0.000 s, min = 9223372036.855 s, total = 0.000 s

-----------------
Task Event stats:

IO Service Stats:

Global stats: 4138 total (1 active)
Queueing time: mean = 355.730 us, max = 91.202 ms, min = -0.041 s, total = 1.472 s
Execution time:  mean = 224.801 us, total = 930.227 ms
Event stats:
	ray::rpc::TaskInfoGcsService.grpc_client.AddTaskEventData.OnReplyReceived - 1379 total (0 active), Execution time: mean = 17.651 us, total = 24.341 ms, Queueing time: mean = 27.809 us, max = 288.125 us, min = 6.247 us, total = 38.349 ms
	CoreWorker.deadline_timer.flush_task_events - 1379 total (1 active), Execution time: mean = 119.392 us, total = 164.641 ms, Queueing time: mean = 1.040 ms, max = 91.202 ms, min = -0.041 s, total = 1.433 s
	ray::rpc::TaskInfoGcsService.grpc_client.AddTaskEventData - 1379 total (0 active), Execution time: mean = 537.455 us, total = 741.150 ms, Queueing time: mean = 0.000 s, max = -0.000 s, min = 9223372036.855 s, total = 0.000 s
	PeriodicalRunner.RunFnPeriodically - 1 total (0 active), Execution time: mean = 94.850 us, total = 94.850 us, Queueing time: mean = 171.403 us, max = 171.403 us, min = 171.403 us, total = 171.403 us
Other Stats:
	grpc_in_progress:0
	current number of task status events in buffer: 0
	current number of profile events in buffer: 0
	current number of dropped task attempts tracked: 0
	total task events sent: 0 MiB
	total number of task attempts sent: 0
	total number of task attempts dropped reported: 0
	total number of sent failure: 0
	num status task events dropped: 0
	num profile task events dropped: 0


[2025-02-16 15:00:44,417 I 469 1408] core_worker.cc:642: Event stats:


Global stats: 20618 total (8 active)
Queueing time: mean = 190.947 us, max = 144.499 ms, min = -0.108 s, total = 3.937 s
Execution time:  mean = 58.164 ms, total = 1199.224 s
Event stats:
	CoreWorker.RecoverObjects - 14377 total (1 active), Execution time: mean = 5.201 us, total = 74.769 ms, Queueing time: mean = 160.857 us, max = 144.499 ms, min = -0.027 s, total = 2.313 s
	CoreWorker.InternalHeartbeat - 1440 total (1 active), Execution time: mean = 117.767 us, total = 169.584 ms, Queueing time: mean = 475.807 us, max = 108.755 ms, min = -0.108 s, total = 685.162 ms
	NodeManagerService.grpc_client.ReportWorkerBacklog - 1440 total (0 active), Execution time: mean = 570.521 us, total = 821.550 ms, Queueing time: mean = 0.000 s, max = -0.000 s, min = 9223372036.855 s, total = 0.000 s
	NodeManagerService.grpc_client.ReportWorkerBacklog.OnReplyReceived - 1440 total (0 active), Execution time: mean = 14.189 us, total = 20.433 ms, Queueing time: mean = 29.853 us, max = 623.705 us, min = 13.064 us, total = 42.988 ms
	CoreWorker.ExitIfParentRayletDies - 1440 total (1 active), Execution time: mean = 6.542 us, total = 9.420 ms, Queueing time: mean = 591.127 us, max = 105.492 ms, min = -0.089 s, total = 851.222 ms
	CoreWorker.RecordMetrics - 288 total (1 active), Execution time: mean = 17.451 us, total = 5.026 ms, Queueing time: mean = 92.507 us, max = 69.292 ms, min = -0.064 s, total = 26.642 ms
	CoreWorker.GCStreamingGeneratorMetadata - 144 total (1 active), Execution time: mean = 3.620 us, total = 521.252 us, Queueing time: mean = 81.316 us, max = 11.371 ms, min = -0.009 s, total = 11.710 ms
	CoreWorker.PrintEventStats - 24 total (1 active, 1 running), Execution time: mean = 253.897 us, total = 6.094 ms, Queueing time: mean = 101.720 us, max = 8.727 ms, min = -0.009 s, total = 2.441 ms
	PeriodicalRunner.RunFnPeriodically - 7 total (0 active), Execution time: mean = 78.492 us, total = 549.446 us, Queueing time: mean = 354.371 us, max = 696.179 us, min = 37.746 us, total = 2.481 ms
	Publisher.CheckDeadSubscribers - 5 total (1 active), Execution time: mean = 2.997 us, total = 14.985 us, Queueing time: mean = 251.593 us, max = 5.719 ms, min = -0.006 s, total = 1.258 ms
	ray::rpc::InternalPubSubGcsService.grpc_client.GcsSubscriberPoll - 4 total (1 active), Execution time: mean = 299.529 s, total = 1198.114 s, Queueing time: mean = 0.000 s, max = -0.000 s, min = 9223372036.855 s, total = 0.000 s
	ray::rpc::InternalPubSubGcsService.grpc_client.GcsSubscriberPoll.OnReplyReceived - 3 total (0 active), Execution time: mean = 85.858 us, total = 257.573 us, Queueing time: mean = 32.594 us, max = 34.484 us, min = 31.468 us, total = 97.782 us
	ray::rpc::NodeInfoGcsService.grpc_client.GetAllNodeInfo.OnReplyReceived - 1 total (0 active), Execution time: mean = 74.130 us, total = 74.130 us, Queueing time: mean = 250.334 us, max = 250.334 us, min = 250.334 us, total = 250.334 us
	ray::rpc::WorkerInfoGcsService.grpc_client.AddWorkerInfo - 1 total (0 active), Execution time: mean = 853.078 us, total = 853.078 us, Queueing time: mean = 0.000 s, max = -0.000 s, min = 9223372036.855 s, total = 0.000 s
	ray::rpc::WorkerInfoGcsService.grpc_client.AddWorkerInfo.OnReplyReceived - 1 total (0 active), Execution time: mean = 25.771 us, total = 25.771 us, Queueing time: mean = 11.917 us, max = 11.917 us, min = 11.917 us, total = 11.917 us
	ray::rpc::InternalPubSubGcsService.grpc_client.GcsSubscriberCommandBatch.OnReplyReceived - 1 total (0 active), Execution time: mean = 243.919 us, total = 243.919 us, Queueing time: mean = 35.672 us, max = 35.672 us, min = 35.672 us, total = 35.672 us
	ray::rpc::InternalPubSubGcsService.grpc_client.GcsSubscriberCommandBatch - 1 total (0 active), Execution time: mean = 304.157 us, total = 304.157 us, Queueing time: mean = 0.000 s, max = -0.000 s, min = 9223372036.855 s, total = 0.000 s
	ray::rpc::NodeInfoGcsService.grpc_client.GetAllNodeInfo - 1 total (0 active), Execution time: mean = 513.892 us, total = 513.892 us, Queueing time: mean = 0.000 s, max = -0.000 s, min = 9223372036.855 s, total = 0.000 s

-----------------
Task Event stats:

IO Service Stats:

Global stats: 4318 total (1 active)
Queueing time: mean = 358.181 us, max = 91.202 ms, min = -0.041 s, total = 1.547 s
Execution time:  mean = 221.356 us, total = 955.813 ms
Event stats:
	ray::rpc::TaskInfoGcsService.grpc_client.AddTaskEventData.OnReplyReceived - 1439 total (0 active), Execution time: mean = 17.440 us, total = 25.096 ms, Queueing time: mean = 27.691 us, max = 288.125 us, min = 6.247 us, total = 39.847 ms
	CoreWorker.deadline_timer.flush_task_events - 1439 total (1 active), Execution time: mean = 117.835 us, total = 169.565 ms, Queueing time: mean = 1.047 ms, max = 91.202 ms, min = -0.041 s, total = 1.507 s
	ray::rpc::TaskInfoGcsService.grpc_client.AddTaskEventData - 1439 total (0 active), Execution time: mean = 528.880 us, total = 761.058 ms, Queueing time: mean = 0.000 s, max = -0.000 s, min = 9223372036.855 s, total = 0.000 s
	PeriodicalRunner.RunFnPeriodically - 1 total (0 active), Execution time: mean = 94.850 us, total = 94.850 us, Queueing time: mean = 171.403 us, max = 171.403 us, min = 171.403 us, total = 171.403 us
Other Stats:
	grpc_in_progress:0
	current number of task status events in buffer: 0
	current number of profile events in buffer: 0
	current number of dropped task attempts tracked: 0
	total task events sent: 0 MiB
	total number of task attempts sent: 0
	total number of task attempts dropped reported: 0
	total number of sent failure: 0
	num status task events dropped: 0
	num profile task events dropped: 0


[2025-02-16 15:01:44,417 I 469 1408] core_worker.cc:642: Event stats:


Global stats: 21479 total (8 active)
Queueing time: mean = 194.129 us, max = 144.499 ms, min = -0.108 s, total = 4.170 s
Execution time:  mean = 69.819 ms, total = 1499.650 s
Event stats:
	CoreWorker.RecoverObjects - 14976 total (1 active), Execution time: mean = 5.140 us, total = 76.971 ms, Queueing time: mean = 159.542 us, max = 144.499 ms, min = -0.027 s, total = 2.389 s
	CoreWorker.InternalHeartbeat - 1500 total (1 active), Execution time: mean = 116.385 us, total = 174.577 ms, Queueing time: mean = 506.042 us, max = 108.755 ms, min = -0.108 s, total = 759.063 ms
	NodeManagerService.grpc_client.ReportWorkerBacklog - 1500 total (0 active), Execution time: mean = 563.186 us, total = 844.780 ms, Queueing time: mean = 0.000 s, max = -0.000 s, min = 9223372036.855 s, total = 0.000 s
	NodeManagerService.grpc_client.ReportWorkerBacklog.OnReplyReceived - 1500 total (0 active), Execution time: mean = 14.003 us, total = 21.005 ms, Queueing time: mean = 29.522 us, max = 623.705 us, min = 13.064 us, total = 44.282 ms
	CoreWorker.ExitIfParentRayletDies - 1500 total (1 active), Execution time: mean = 6.510 us, total = 9.765 ms, Queueing time: mean = 619.484 us, max = 105.492 ms, min = -0.089 s, total = 929.226 ms
	CoreWorker.RecordMetrics - 300 total (1 active), Execution time: mean = 17.453 us, total = 5.236 ms, Queueing time: mean = 91.804 us, max = 69.292 ms, min = -0.064 s, total = 27.541 ms
	CoreWorker.GCStreamingGeneratorMetadata - 150 total (1 active), Execution time: mean = 3.630 us, total = 544.481 us, Queueing time: mean = 89.828 us, max = 11.371 ms, min = -0.009 s, total = 13.474 ms
	CoreWorker.PrintEventStats - 25 total (1 active, 1 running), Execution time: mean = 254.484 us, total = 6.362 ms, Queueing time: mean = 99.119 us, max = 8.727 ms, min = -0.009 s, total = 2.478 ms
	PeriodicalRunner.RunFnPeriodically - 7 total (0 active), Execution time: mean = 78.492 us, total = 549.446 us, Queueing time: mean = 354.371 us, max = 696.179 us, min = 37.746 us, total = 2.481 ms
	Publisher.CheckDeadSubscribers - 6 total (1 active), Execution time: mean = 3.294 us, total = 19.762 us, Queueing time: mean = 240.881 us, max = 5.719 ms, min = -0.006 s, total = 1.445 ms
	ray::rpc::InternalPubSubGcsService.grpc_client.GcsSubscriberPoll - 5 total (1 active), Execution time: mean = 299.702 s, total = 1498.508 s, Queueing time: mean = 0.000 s, max = -0.000 s, min = 9223372036.855 s, total = 0.000 s
	ray::rpc::InternalPubSubGcsService.grpc_client.GcsSubscriberPoll.OnReplyReceived - 4 total (0 active), Execution time: mean = 89.655 us, total = 358.619 us, Queueing time: mean = 28.086 us, max = 34.484 us, min = 14.563 us, total = 112.345 us
	ray::rpc::NodeInfoGcsService.grpc_client.GetAllNodeInfo.OnReplyReceived - 1 total (0 active), Execution time: mean = 74.130 us, total = 74.130 us, Queueing time: mean = 250.334 us, max = 250.334 us, min = 250.334 us, total = 250.334 us
	ray::rpc::WorkerInfoGcsService.grpc_client.AddWorkerInfo - 1 total (0 active), Execution time: mean = 853.078 us, total = 853.078 us, Queueing time: mean = 0.000 s, max = -0.000 s, min = 9223372036.855 s, total = 0.000 s
	ray::rpc::WorkerInfoGcsService.grpc_client.AddWorkerInfo.OnReplyReceived - 1 total (0 active), Execution time: mean = 25.771 us, total = 25.771 us, Queueing time: mean = 11.917 us, max = 11.917 us, min = 11.917 us, total = 11.917 us
	ray::rpc::InternalPubSubGcsService.grpc_client.GcsSubscriberCommandBatch.OnReplyReceived - 1 total (0 active), Execution time: mean = 243.919 us, total = 243.919 us, Queueing time: mean = 35.672 us, max = 35.672 us, min = 35.672 us, total = 35.672 us
	ray::rpc::InternalPubSubGcsService.grpc_client.GcsSubscriberCommandBatch - 1 total (0 active), Execution time: mean = 304.157 us, total = 304.157 us, Queueing time: mean = 0.000 s, max = -0.000 s, min = 9223372036.855 s, total = 0.000 s
	ray::rpc::NodeInfoGcsService.grpc_client.GetAllNodeInfo - 1 total (0 active), Execution time: mean = 513.892 us, total = 513.892 us, Queueing time: mean = 0.000 s, max = -0.000 s, min = 9223372036.855 s, total = 0.000 s

-----------------
Task Event stats:

IO Service Stats:

Global stats: 4498 total (1 active)
Queueing time: mean = 360.268 us, max = 91.202 ms, min = -0.041 s, total = 1.620 s
Execution time:  mean = 218.216 us, total = 981.536 ms
Event stats:
	ray::rpc::TaskInfoGcsService.grpc_client.AddTaskEventData.OnReplyReceived - 1499 total (0 active), Execution time: mean = 17.224 us, total = 25.819 ms, Queueing time: mean = 27.490 us, max = 288.125 us, min = 6.247 us, total = 41.208 ms
	CoreWorker.deadline_timer.flush_task_events - 1499 total (1 active), Execution time: mean = 116.337 us, total = 174.389 ms, Queueing time: mean = 1.053 ms, max = 91.202 ms, min = -0.041 s, total = 1.579 s
	ray::rpc::TaskInfoGcsService.grpc_client.AddTaskEventData - 1499 total (0 active), Execution time: mean = 521.170 us, total = 781.233 ms, Queueing time: mean = 0.000 s, max = -0.000 s, min = 9223372036.855 s, total = 0.000 s
	PeriodicalRunner.RunFnPeriodically - 1 total (0 active), Execution time: mean = 94.850 us, total = 94.850 us, Queueing time: mean = 171.403 us, max = 171.403 us, min = 171.403 us, total = 171.403 us
Other Stats:
	grpc_in_progress:0
	current number of task status events in buffer: 0
	current number of profile events in buffer: 0
	current number of dropped task attempts tracked: 0
	total task events sent: 0 MiB
	total number of task attempts sent: 0
	total number of task attempts dropped reported: 0
	total number of sent failure: 0
	num status task events dropped: 0
	num profile task events dropped: 0


[2025-02-16 15:02:44,417 I 469 1408] core_worker.cc:642: Event stats:


Global stats: 22334 total (7 active)
Queueing time: mean = 198.509 us, max = 144.499 ms, min = -0.108 s, total = 4.434 s
Execution time:  mean = 69.864 ms, total = 1560.334 s
Event stats:
	CoreWorker.RecoverObjects - 15575 total (1 active), Execution time: mean = 5.105 us, total = 79.505 ms, Queueing time: mean = 159.015 us, max = 144.499 ms, min = -0.027 s, total = 2.477 s
	CoreWorker.InternalHeartbeat - 1559 total (1 active), Execution time: mean = 115.405 us, total = 179.916 ms, Queueing time: mean = 540.556 us, max = 108.755 ms, min = -0.108 s, total = 842.727 ms
	NodeManagerService.grpc_client.ReportWorkerBacklog - 1559 total (0 active), Execution time: mean = 557.310 us, total = 868.846 ms, Queueing time: mean = 0.000 s, max = -0.000 s, min = 9223372036.855 s, total = 0.000 s
	NodeManagerService.grpc_client.ReportWorkerBacklog.OnReplyReceived - 1559 total (0 active), Execution time: mean = 13.841 us, total = 21.578 ms, Queueing time: mean = 29.244 us, max = 623.705 us, min = 13.064 us, total = 45.591 ms
	CoreWorker.ExitIfParentRayletDies - 1559 total (1 active), Execution time: mean = 6.526 us, total = 10.173 ms, Queueing time: mean = 653.118 us, max = 105.492 ms, min = -0.089 s, total = 1.018 s
	CoreWorker.RecordMetrics - 312 total (1 active), Execution time: mean = 17.526 us, total = 5.468 ms, Queueing time: mean = 89.245 us, max = 69.292 ms, min = -0.064 s, total = 27.844 ms
	CoreWorker.GCStreamingGeneratorMetadata - 156 total (1 active), Execution time: mean = 3.617 us, total = 564.295 us, Queueing time: mean = 99.322 us, max = 11.371 ms, min = -0.009 s, total = 15.494 ms
	CoreWorker.PrintEventStats - 26 total (1 active, 1 running), Execution time: mean = 252.802 us, total = 6.573 ms, Queueing time: mean = 101.216 us, max = 8.727 ms, min = -0.009 s, total = 2.632 ms
	PeriodicalRunner.RunFnPeriodically - 7 total (0 active), Execution time: mean = 78.492 us, total = 549.446 us, Queueing time: mean = 354.371 us, max = 696.179 us, min = 37.746 us, total = 2.481 ms
	Publisher.CheckDeadSubscribers - 6 total (1 active), Execution time: mean = 3.294 us, total = 19.762 us, Queueing time: mean = 240.881 us, max = 5.719 ms, min = -0.006 s, total = 1.445 ms
	ray::rpc::InternalPubSubGcsService.grpc_client.GcsSubscriberPoll.OnReplyReceived - 5 total (0 active), Execution time: mean = 107.755 us, total = 538.777 us, Queueing time: mean = 24.997 us, max = 34.484 us, min = 12.642 us, total = 124.987 us
	ray::rpc::InternalPubSubGcsService.grpc_client.GcsSubscriberPoll - 5 total (0 active), Execution time: mean = 311.832 s, total = 1559.159 s, Queueing time: mean = 0.000 s, max = -0.000 s, min = 9223372036.855 s, total = 0.000 s
	ray::rpc::NodeInfoGcsService.grpc_client.GetAllNodeInfo.OnReplyReceived - 1 total (0 active), Execution time: mean = 74.130 us, total = 74.130 us, Queueing time: mean = 250.334 us, max = 250.334 us, min = 250.334 us, total = 250.334 us
	ray::rpc::WorkerInfoGcsService.grpc_client.AddWorkerInfo - 1 total (0 active), Execution time: mean = 853.078 us, total = 853.078 us, Queueing time: mean = 0.000 s, max = -0.000 s, min = 9223372036.855 s, total = 0.000 s
	ray::rpc::WorkerInfoGcsService.grpc_client.AddWorkerInfo.OnReplyReceived - 1 total (0 active), Execution time: mean = 25.771 us, total = 25.771 us, Queueing time: mean = 11.917 us, max = 11.917 us, min = 11.917 us, total = 11.917 us
	ray::rpc::InternalPubSubGcsService.grpc_client.GcsSubscriberCommandBatch.OnReplyReceived - 1 total (0 active), Execution time: mean = 243.919 us, total = 243.919 us, Queueing time: mean = 35.672 us, max = 35.672 us, min = 35.672 us, total = 35.672 us
	ray::rpc::InternalPubSubGcsService.grpc_client.GcsSubscriberCommandBatch - 1 total (0 active), Execution time: mean = 304.157 us, total = 304.157 us, Queueing time: mean = 0.000 s, max = -0.000 s, min = 9223372036.855 s, total = 0.000 s
	ray::rpc::NodeInfoGcsService.grpc_client.GetAllNodeInfo - 1 total (0 active), Execution time: mean = 513.892 us, total = 513.892 us, Queueing time: mean = 0.000 s, max = -0.000 s, min = 9223372036.855 s, total = 0.000 s

-----------------
Task Event stats:

IO Service Stats:

Global stats: 4678 total (1 active)
Queueing time: mean = 364.725 us, max = 91.202 ms, min = -0.041 s, total = 1.706 s
Execution time:  mean = 215.921 us, total = 1.010 s
Event stats:
	ray::rpc::TaskInfoGcsService.grpc_client.AddTaskEventData.OnReplyReceived - 1559 total (0 active), Execution time: mean = 17.053 us, total = 26.586 ms, Queueing time: mean = 27.226 us, max = 288.125 us, min = 6.247 us, total = 42.445 ms
	CoreWorker.deadline_timer.flush_task_events - 1559 total (1 active), Execution time: mean = 115.208 us, total = 179.610 ms, Queueing time: mean = 1.067 ms, max = 91.202 ms, min = -0.041 s, total = 1.664 s
	ray::rpc::TaskInfoGcsService.grpc_client.AddTaskEventData - 1559 total (0 active), Execution time: mean = 515.578 us, total = 803.786 ms, Queueing time: mean = 0.000 s, max = -0.000 s, min = 9223372036.855 s, total = 0.000 s
	PeriodicalRunner.RunFnPeriodically - 1 total (0 active), Execution time: mean = 94.850 us, total = 94.850 us, Queueing time: mean = 171.403 us, max = 171.403 us, min = 171.403 us, total = 171.403 us
Other Stats:
	grpc_in_progress:1
	current number of task status events in buffer: 0
	current number of profile events in buffer: 0
	current number of dropped task attempts tracked: 0
	total task events sent: 0 MiB
	total number of task attempts sent: 0
	total number of task attempts dropped reported: 0
	total number of sent failure: 0
	num status task events dropped: 0
	num profile task events dropped: 0


[2025-02-16 15:02:44,430 I 469 1408] raylet_client.cc:369: Error reporting task backlog information: RpcError: RPC Error message: failed to connect to all addresses; last error: UNKNOWN: ipv4:172.19.0.2:39851: Failed to connect to remote host: Connection refused; RPC Error details: 
[2025-02-16 15:02:45,249 W 469 1455] task_event_buffer.cc:475: [1] GCS hasn't replied to the previous flush events call (likely overloaded). Skipping reporting task state events and retry later.[cur_status_events_size=0][cur_profile_events_size=0]
[2025-02-16 15:02:45,430 I 469 1408] raylet_client.cc:369: Error reporting task backlog information: RpcError: RPC Error message: failed to connect to all addresses; last error: UNKNOWN: ipv4:172.19.0.2:39851: Failed to connect to remote host: Connection refused; RPC Error details: 
[2025-02-16 15:02:46,430 I 469 1408] raylet_client.cc:369: Error reporting task backlog information: RpcError: RPC Error message: failed to connect to all addresses; last error: UNKNOWN: ipv4:172.19.0.2:39851: Failed to connect to remote host: Connection refused; RPC Error details: 
[2025-02-16 15:02:47,430 I 469 1408] raylet_client.cc:369: Error reporting task backlog information: RpcError: RPC Error message: failed to connect to all addresses; last error: UNKNOWN: ipv4:172.19.0.2:39851: Failed to connect to remote host: Connection refused; RPC Error details: 
[2025-02-16 15:02:48,430 I 469 1408] raylet_client.cc:369: Error reporting task backlog information: RpcError: RPC Error message: failed to connect to all addresses; last error: UNKNOWN: ipv4:172.19.0.2:39851: Failed to connect to remote host: Connection refused; RPC Error details: 
[2025-02-16 15:02:49,430 I 469 1408] raylet_client.cc:369: Error reporting task backlog information: RpcError: RPC Error message: failed to connect to all addresses; last error: UNKNOWN: ipv4:172.19.0.2:39851: Failed to connect to remote host: Connection refused; RPC Error details: 
[2025-02-16 15:02:50,430 I 469 1408] raylet_client.cc:369: Error reporting task backlog information: RpcError: RPC Error message: failed to connect to all addresses; last error: UNKNOWN: ipv4:172.19.0.2:39851: Failed to connect to remote host: Connection refused; RPC Error details: 
[2025-02-16 15:02:51,431 I 469 1408] raylet_client.cc:369: Error reporting task backlog information: RpcError: RPC Error message: failed to connect to all addresses; last error: UNKNOWN: ipv4:172.19.0.2:39851: Failed to connect to remote host: Connection refused; RPC Error details: 
[2025-02-16 15:02:52,431 I 469 1408] raylet_client.cc:369: Error reporting task backlog information: RpcError: RPC Error message: failed to connect to all addresses; last error: UNKNOWN: ipv4:172.19.0.2:39851: Failed to connect to remote host: Connection refused; RPC Error details: 
