[2025-02-16 16:18:37,639 I 573 573] core_worker_process.cc:107: Constructing CoreWorkerProcess. pid: 573
[2025-02-16 16:18:37,641 I 573 573] io_service_pool.cc:35: IOServicePool is running with 1 io_service.
[2025-02-16 16:18:37,644 I 573 573] grpc_server.cc:134: worker server started, listening on port 45699.
[2025-02-16 16:18:37,645 I 573 573] core_worker.cc:275: Initializing worker at address: 172.19.0.2:45699 worker_id=d59a2eca9b4a0ad43ea1031d70e5fa604a90809fa9d7c715b806d3b8 node_id=e2a8235b1a5d9a56d69221182f2a84dad1790ce590062e454e5fef5d
[2025-02-16 16:18:37,646 I 573 573] task_event_buffer.cc:257: Reporting task events to GCS every 1000ms.
[2025-02-16 16:18:37,647 I 573 573] core_worker.cc:703: Adjusted worker niceness to 15
[2025-02-16 16:18:37,647 I 573 1286] core_worker.cc:642: Event stats:


Global stats: 11 total (5 active)
Queueing time: mean = 14.623 us, max = 113.952 us, min = 6.238 us, total = 160.853 us
Execution time:  mean = 111.021 us, total = 1.221 ms
Event stats:
	PeriodicalRunner.RunFnPeriodically - 3 total (1 active, 1 running), Execution time: mean = 10.123 us, total = 30.368 us, Queueing time: mean = 48.516 us, max = 113.952 us, min = 31.595 us, total = 145.547 us
	ray::rpc::InternalPubSubGcsService.grpc_client.GcsSubscriberCommandBatch - 1 total (0 active), Execution time: mean = 638.685 us, total = 638.685 us, Queueing time: mean = 0.000 s, max = -0.000 s, min = 9223372036.855 s, total = 0.000 s
	ray::rpc::InternalPubSubGcsService.grpc_client.GcsSubscriberPoll - 1 total (1 active), Execution time: mean = 0.000 s, total = 0.000 s, Queueing time: mean = 0.000 s, max = -0.000 s, min = 9223372036.855 s, total = 0.000 s
	ray::rpc::WorkerInfoGcsService.grpc_client.AddWorkerInfo.OnReplyReceived - 1 total (0 active), Execution time: mean = 25.580 us, total = 25.580 us, Queueing time: mean = 9.068 us, max = 9.068 us, min = 9.068 us, total = 9.068 us
	Publisher.CheckDeadSubscribers - 1 total (1 active), Execution time: mean = 0.000 s, total = 0.000 s, Queueing time: mean = 0.000 s, max = -0.000 s, min = 9223372036.855 s, total = 0.000 s
	ray::rpc::InternalPubSubGcsService.grpc_client.GcsSubscriberCommandBatch.OnReplyReceived - 1 total (0 active), Execution time: mean = 98.627 us, total = 98.627 us, Queueing time: mean = 6.238 us, max = 6.238 us, min = 6.238 us, total = 6.238 us
	CoreWorker.ExitIfParentRayletDies - 1 total (1 active), Execution time: mean = 0.000 s, total = 0.000 s, Queueing time: mean = 0.000 s, max = -0.000 s, min = 9223372036.855 s, total = 0.000 s
	ray::rpc::NodeInfoGcsService.grpc_client.GetAllNodeInfo - 1 total (1 active), Execution time: mean = 0.000 s, total = 0.000 s, Queueing time: mean = 0.000 s, max = -0.000 s, min = 9223372036.855 s, total = 0.000 s
	ray::rpc::WorkerInfoGcsService.grpc_client.AddWorkerInfo - 1 total (0 active), Execution time: mean = 427.971 us, total = 427.971 us, Queueing time: mean = 0.000 s, max = -0.000 s, min = 9223372036.855 s, total = 0.000 s

-----------------
Task Event stats:

IO Service Stats:

Global stats: 3 total (2 active)
Queueing time: mean = 255.200 us, max = 765.601 us, min = 765.601 us, total = 765.601 us
Execution time:  mean = 82.901 us, total = 248.703 us
Event stats:
	PeriodicalRunner.RunFnPeriodically - 1 total (0 active), Execution time: mean = 248.703 us, total = 248.703 us, Queueing time: mean = 765.601 us, max = 765.601 us, min = 765.601 us, total = 765.601 us
	ray::rpc::TaskInfoGcsService.grpc_client.AddTaskEventData - 1 total (1 active), Execution time: mean = 0.000 s, total = 0.000 s, Queueing time: mean = 0.000 s, max = -0.000 s, min = 9223372036.855 s, total = 0.000 s
	CoreWorker.deadline_timer.flush_task_events - 1 total (1 active), Execution time: mean = 0.000 s, total = 0.000 s, Queueing time: mean = 0.000 s, max = -0.000 s, min = 9223372036.855 s, total = 0.000 s
Other Stats:
	grpc_in_progress:1
	current number of task status events in buffer: 0
	current number of profile events in buffer: 0
	current number of dropped task attempts tracked: 0
	total task events sent: 0 MiB
	total number of task attempts sent: 0
	total number of task attempts dropped reported: 0
	total number of sent failure: 0
	num status task events dropped: 0
	num profile task events dropped: 0


[2025-02-16 16:18:37,647 I 573 573] event.cc:491: Ray Event initialized for CORE_WORKER
[2025-02-16 16:18:37,647 I 573 573] event.cc:491: Ray Event initialized for EXPORT_TASK
[2025-02-16 16:18:37,647 I 573 573] event.cc:322: Set ray event level to warning
[2025-02-16 16:18:37,647 I 573 1286] accessor.cc:762: Received notification for node, IsAlive = 1 node_id=e2a8235b1a5d9a56d69221182f2a84dad1790ce590062e454e5fef5d
[2025-02-16 16:18:37,647 I 573 1286] core_worker.cc:4754: Number of alive nodes:1
[2025-02-16 16:18:47,652 W 573 1277] metric_exporter.cc:105: [1] Export metrics to agent failed: RpcError: RPC Error message: failed to connect to all addresses; last error: UNKNOWN: ipv4:127.0.0.1:62634: Failed to connect to remote host: Connection refused; RPC Error details: . This won't affect Ray, but you can lose metrics from the cluster.
[2025-02-16 16:19:37,647 I 573 1286] core_worker.cc:642: Event stats:


Global stats: 874 total (8 active)
Queueing time: mean = 176.927 us, max = 26.897 ms, min = -0.044 s, total = 154.635 ms
Execution time:  mean = 52.962 us, total = 46.288 ms
Event stats:
	CoreWorker.RecoverObjects - 599 total (1 active), Execution time: mean = 5.847 us, total = 3.502 ms, Queueing time: mean = 218.038 us, max = 6.746 ms, min = -0.001 s, total = 130.605 ms
	CoreWorker.ExitIfParentRayletDies - 61 total (1 active), Execution time: mean = 7.769 us, total = 473.923 us, Queueing time: mean = 177.924 us, max = 26.847 ms, min = -0.044 s, total = 10.853 ms
	CoreWorker.InternalHeartbeat - 60 total (1 active), Execution time: mean = 87.876 us, total = 5.273 ms, Queueing time: mean = 143.184 us, max = 26.897 ms, min = -0.042 s, total = 8.591 ms
	NodeManagerService.grpc_client.ReportWorkerBacklog.OnReplyReceived - 60 total (0 active), Execution time: mean = 14.067 us, total = 844.008 us, Queueing time: mean = 30.393 us, max = 241.509 us, min = 17.627 us, total = 1.824 ms
	NodeManagerService.grpc_client.ReportWorkerBacklog - 60 total (0 active), Execution time: mean = 557.542 us, total = 33.453 ms, Queueing time: mean = 0.000 s, max = -0.000 s, min = 9223372036.855 s, total = 0.000 s
	CoreWorker.RecordMetrics - 12 total (1 active), Execution time: mean = 13.777 us, total = 165.319 us, Queueing time: mean = 53.034 us, max = 10.981 ms, min = -0.007 s, total = 636.412 us
	PeriodicalRunner.RunFnPeriodically - 7 total (0 active), Execution time: mean = 63.522 us, total = 444.655 us, Queueing time: mean = 173.356 us, max = 397.709 us, min = 6.528 us, total = 1.213 ms
	CoreWorker.GCStreamingGeneratorMetadata - 6 total (1 active), Execution time: mean = 3.792 us, total = 22.754 us, Queueing time: mean = 148.562 us, max = 10.668 ms, min = -0.009 s, total = 891.370 us
	CoreWorker.PrintEventStats - 1 total (1 active, 1 running), Execution time: mean = 0.000 s, total = 0.000 s, Queueing time: mean = 0.000 s, max = -0.000 s, min = 9223372036.855 s, total = 0.000 s
	ray::rpc::InternalPubSubGcsService.grpc_client.GcsSubscriberCommandBatch.OnReplyReceived - 1 total (0 active), Execution time: mean = 98.627 us, total = 98.627 us, Queueing time: mean = 6.238 us, max = 6.238 us, min = 6.238 us, total = 6.238 us
	ray::rpc::InternalPubSubGcsService.grpc_client.GcsSubscriberPoll - 1 total (1 active), Execution time: mean = 0.000 s, total = 0.000 s, Queueing time: mean = 0.000 s, max = -0.000 s, min = 9223372036.855 s, total = 0.000 s
	Publisher.CheckDeadSubscribers - 1 total (1 active), Execution time: mean = 0.000 s, total = 0.000 s, Queueing time: mean = 0.000 s, max = -0.000 s, min = 9223372036.855 s, total = 0.000 s
	ray::rpc::NodeInfoGcsService.grpc_client.GetAllNodeInfo - 1 total (0 active), Execution time: mean = 875.241 us, total = 875.241 us, Queueing time: mean = 0.000 s, max = -0.000 s, min = 9223372036.855 s, total = 0.000 s
	ray::rpc::WorkerInfoGcsService.grpc_client.AddWorkerInfo - 1 total (0 active), Execution time: mean = 427.971 us, total = 427.971 us, Queueing time: mean = 0.000 s, max = -0.000 s, min = 9223372036.855 s, total = 0.000 s
	ray::rpc::InternalPubSubGcsService.grpc_client.GcsSubscriberCommandBatch - 1 total (0 active), Execution time: mean = 638.685 us, total = 638.685 us, Queueing time: mean = 0.000 s, max = -0.000 s, min = 9223372036.855 s, total = 0.000 s
	ray::rpc::WorkerInfoGcsService.grpc_client.AddWorkerInfo.OnReplyReceived - 1 total (0 active), Execution time: mean = 25.580 us, total = 25.580 us, Queueing time: mean = 9.068 us, max = 9.068 us, min = 9.068 us, total = 9.068 us
	ray::rpc::NodeInfoGcsService.grpc_client.GetAllNodeInfo.OnReplyReceived - 1 total (0 active), Execution time: mean = 44.429 us, total = 44.429 us, Queueing time: mean = 5.396 us, max = 5.396 us, min = 5.396 us, total = 5.396 us

-----------------
Task Event stats:

IO Service Stats:

Global stats: 181 total (1 active)
Queueing time: mean = 478.483 us, max = 26.943 ms, min = -0.004 s, total = 86.605 ms
Execution time:  mean = 185.223 us, total = 33.525 ms
Event stats:
	ray::rpc::TaskInfoGcsService.grpc_client.AddTaskEventData - 60 total (0 active), Execution time: mean = 433.271 us, total = 25.996 ms, Queueing time: mean = 0.000 s, max = -0.000 s, min = 9223372036.855 s, total = 0.000 s
	CoreWorker.deadline_timer.flush_task_events - 60 total (1 active), Execution time: mean = 105.460 us, total = 6.328 ms, Queueing time: mean = 1.401 ms, max = 26.943 ms, min = -0.004 s, total = 84.071 ms
	ray::rpc::TaskInfoGcsService.grpc_client.AddTaskEventData.OnReplyReceived - 60 total (0 active), Execution time: mean = 15.880 us, total = 952.776 us, Queueing time: mean = 29.486 us, max = 333.548 us, min = 7.743 us, total = 1.769 ms
	PeriodicalRunner.RunFnPeriodically - 1 total (0 active), Execution time: mean = 248.703 us, total = 248.703 us, Queueing time: mean = 765.601 us, max = 765.601 us, min = 765.601 us, total = 765.601 us
Other Stats:
	grpc_in_progress:0
	current number of task status events in buffer: 0
	current number of profile events in buffer: 0
	current number of dropped task attempts tracked: 0
	total task events sent: 0 MiB
	total number of task attempts sent: 0
	total number of task attempts dropped reported: 0
	total number of sent failure: 0
	num status task events dropped: 0
	num profile task events dropped: 0


[2025-02-16 16:20:37,648 I 573 1286] core_worker.cc:642: Event stats:


Global stats: 1731 total (8 active)
Queueing time: mean = 166.906 us, max = 30.975 ms, min = -0.044 s, total = 288.914 ms
Execution time:  mean = 63.254 us, total = 109.492 ms
Event stats:
	CoreWorker.RecoverObjects - 1198 total (1 active), Execution time: mean = 6.146 us, total = 7.363 ms, Queueing time: mean = 249.620 us, max = 6.746 ms, min = -0.002 s, total = 299.045 ms
	CoreWorker.InternalHeartbeat - 120 total (1 active), Execution time: mean = 113.760 us, total = 13.651 ms, Queueing time: mean = -0.000 s, max = 30.617 ms, min = -0.042 s, total = -0.009 s
	NodeManagerService.grpc_client.ReportWorkerBacklog.OnReplyReceived - 120 total (0 active), Execution time: mean = 25.901 us, total = 3.108 ms, Queueing time: mean = 32.008 us, max = 241.509 us, min = 17.627 us, total = 3.841 ms
	NodeManagerService.grpc_client.ReportWorkerBacklog - 120 total (0 active), Execution time: mean = 676.665 us, total = 81.200 ms, Queueing time: mean = 0.000 s, max = -0.000 s, min = 9223372036.855 s, total = 0.000 s
	CoreWorker.ExitIfParentRayletDies - 120 total (1 active), Execution time: mean = 7.762 us, total = 931.471 us, Queueing time: mean = -0.000 s, max = 30.975 ms, min = -0.044 s, total = -0.016 s
	CoreWorker.RecordMetrics - 24 total (1 active), Execution time: mean = 15.014 us, total = 360.345 us, Queueing time: mean = 39.385 us, max = 10.981 ms, min = -0.007 s, total = 945.240 us
	CoreWorker.GCStreamingGeneratorMetadata - 12 total (1 active), Execution time: mean = 3.233 us, total = 38.800 us, Queueing time: mean = 89.323 us, max = 10.668 ms, min = -0.009 s, total = 1.072 ms
	PeriodicalRunner.RunFnPeriodically - 7 total (0 active), Execution time: mean = 63.522 us, total = 444.655 us, Queueing time: mean = 173.356 us, max = 397.709 us, min = 6.528 us, total = 1.213 ms
	CoreWorker.PrintEventStats - 2 total (1 active, 1 running), Execution time: mean = 142.052 us, total = 284.103 us, Queueing time: mean = 3.950 ms, max = 7.899 ms, min = 7.899 ms, total = 7.899 ms
	ray::rpc::NodeInfoGcsService.grpc_client.GetAllNodeInfo - 1 total (0 active), Execution time: mean = 875.241 us, total = 875.241 us, Queueing time: mean = 0.000 s, max = -0.000 s, min = 9223372036.855 s, total = 0.000 s
	ray::rpc::WorkerInfoGcsService.grpc_client.AddWorkerInfo - 1 total (0 active), Execution time: mean = 427.971 us, total = 427.971 us, Queueing time: mean = 0.000 s, max = -0.000 s, min = 9223372036.855 s, total = 0.000 s
	Publisher.CheckDeadSubscribers - 1 total (1 active), Execution time: mean = 0.000 s, total = 0.000 s, Queueing time: mean = 0.000 s, max = -0.000 s, min = 9223372036.855 s, total = 0.000 s
	ray::rpc::InternalPubSubGcsService.grpc_client.GcsSubscriberCommandBatch - 1 total (0 active), Execution time: mean = 638.685 us, total = 638.685 us, Queueing time: mean = 0.000 s, max = -0.000 s, min = 9223372036.855 s, total = 0.000 s
	ray::rpc::InternalPubSubGcsService.grpc_client.GcsSubscriberPoll - 1 total (1 active), Execution time: mean = 0.000 s, total = 0.000 s, Queueing time: mean = 0.000 s, max = -0.000 s, min = 9223372036.855 s, total = 0.000 s
	ray::rpc::InternalPubSubGcsService.grpc_client.GcsSubscriberCommandBatch.OnReplyReceived - 1 total (0 active), Execution time: mean = 98.627 us, total = 98.627 us, Queueing time: mean = 6.238 us, max = 6.238 us, min = 6.238 us, total = 6.238 us
	ray::rpc::WorkerInfoGcsService.grpc_client.AddWorkerInfo.OnReplyReceived - 1 total (0 active), Execution time: mean = 25.580 us, total = 25.580 us, Queueing time: mean = 9.068 us, max = 9.068 us, min = 9.068 us, total = 9.068 us
	ray::rpc::NodeInfoGcsService.grpc_client.GetAllNodeInfo.OnReplyReceived - 1 total (0 active), Execution time: mean = 44.429 us, total = 44.429 us, Queueing time: mean = 5.396 us, max = 5.396 us, min = 5.396 us, total = 5.396 us

-----------------
Task Event stats:

IO Service Stats:

Global stats: 361 total (1 active)
Queueing time: mean = 455.241 us, max = 34.118 ms, min = -0.012 s, total = 164.342 ms
Execution time:  mean = 262.558 us, total = 94.784 ms
Event stats:
	ray::rpc::TaskInfoGcsService.grpc_client.AddTaskEventData - 120 total (0 active), Execution time: mean = 645.937 us, total = 77.512 ms, Queueing time: mean = 0.000 s, max = -0.000 s, min = 9223372036.855 s, total = 0.000 s
	CoreWorker.deadline_timer.flush_task_events - 120 total (1 active), Execution time: mean = 122.141 us, total = 14.657 ms, Queueing time: mean = 1.257 ms, max = 34.118 ms, min = -0.012 s, total = 150.792 ms
	ray::rpc::TaskInfoGcsService.grpc_client.AddTaskEventData.OnReplyReceived - 120 total (0 active), Execution time: mean = 19.712 us, total = 2.365 ms, Queueing time: mean = 106.532 us, max = 9.332 ms, min = 7.743 us, total = 12.784 ms
	PeriodicalRunner.RunFnPeriodically - 1 total (0 active), Execution time: mean = 248.703 us, total = 248.703 us, Queueing time: mean = 765.601 us, max = 765.601 us, min = 765.601 us, total = 765.601 us
Other Stats:
	grpc_in_progress:0
	current number of task status events in buffer: 0
	current number of profile events in buffer: 0
	current number of dropped task attempts tracked: 0
	total task events sent: 0 MiB
	total number of task attempts sent: 0
	total number of task attempts dropped reported: 0
	total number of sent failure: 0
	num status task events dropped: 0
	num profile task events dropped: 0


[2025-02-16 16:21:37,648 I 573 1286] core_worker.cc:642: Event stats:


Global stats: 2588 total (8 active)
Queueing time: mean = 194.791 us, max = 35.694 ms, min = -0.047 s, total = 504.119 ms
Execution time:  mean = 63.085 us, total = 163.264 ms
Event stats:
	CoreWorker.RecoverObjects - 1796 total (1 active), Execution time: mean = 6.253 us, total = 11.231 ms, Queueing time: mean = 233.363 us, max = 6.746 ms, min = -0.002 s, total = 419.120 ms
	CoreWorker.InternalHeartbeat - 180 total (1 active), Execution time: mean = 122.672 us, total = 22.081 ms, Queueing time: mean = 189.718 us, max = 35.694 ms, min = -0.045 s, total = 34.149 ms
	NodeManagerService.grpc_client.ReportWorkerBacklog.OnReplyReceived - 180 total (0 active), Execution time: mean = 22.953 us, total = 4.132 ms, Queueing time: mean = 32.899 us, max = 269.971 us, min = 13.855 us, total = 5.922 ms
	NodeManagerService.grpc_client.ReportWorkerBacklog - 180 total (0 active), Execution time: mean = 670.577 us, total = 120.704 ms, Queueing time: mean = 0.000 s, max = -0.000 s, min = 9223372036.855 s, total = 0.000 s
	CoreWorker.ExitIfParentRayletDies - 180 total (1 active), Execution time: mean = 7.765 us, total = 1.398 ms, Queueing time: mean = 153.980 us, max = 35.603 ms, min = -0.047 s, total = 27.716 ms
	CoreWorker.RecordMetrics - 36 total (1 active), Execution time: mean = 16.167 us, total = 582.025 us, Queueing time: mean = 40.422 us, max = 12.919 ms, min = -0.008 s, total = 1.455 ms
	CoreWorker.GCStreamingGeneratorMetadata - 18 total (1 active), Execution time: mean = 3.411 us, total = 61.391 us, Queueing time: mean = 68.374 us, max = 12.449 ms, min = -0.011 s, total = 1.231 ms
	PeriodicalRunner.RunFnPeriodically - 7 total (0 active), Execution time: mean = 63.522 us, total = 444.655 us, Queueing time: mean = 173.356 us, max = 397.709 us, min = 6.528 us, total = 1.213 ms
	CoreWorker.PrintEventStats - 3 total (1 active, 1 running), Execution time: mean = 173.505 us, total = 520.516 us, Queueing time: mean = 4.431 ms, max = 7.899 ms, min = 5.393 ms, total = 13.292 ms
	ray::rpc::NodeInfoGcsService.grpc_client.GetAllNodeInfo - 1 total (0 active), Execution time: mean = 875.241 us, total = 875.241 us, Queueing time: mean = 0.000 s, max = -0.000 s, min = 9223372036.855 s, total = 0.000 s
	ray::rpc::WorkerInfoGcsService.grpc_client.AddWorkerInfo - 1 total (0 active), Execution time: mean = 427.971 us, total = 427.971 us, Queueing time: mean = 0.000 s, max = -0.000 s, min = 9223372036.855 s, total = 0.000 s
	Publisher.CheckDeadSubscribers - 1 total (1 active), Execution time: mean = 0.000 s, total = 0.000 s, Queueing time: mean = 0.000 s, max = -0.000 s, min = 9223372036.855 s, total = 0.000 s
	ray::rpc::InternalPubSubGcsService.grpc_client.GcsSubscriberCommandBatch - 1 total (0 active), Execution time: mean = 638.685 us, total = 638.685 us, Queueing time: mean = 0.000 s, max = -0.000 s, min = 9223372036.855 s, total = 0.000 s
	ray::rpc::InternalPubSubGcsService.grpc_client.GcsSubscriberPoll - 1 total (1 active), Execution time: mean = 0.000 s, total = 0.000 s, Queueing time: mean = 0.000 s, max = -0.000 s, min = 9223372036.855 s, total = 0.000 s
	ray::rpc::InternalPubSubGcsService.grpc_client.GcsSubscriberCommandBatch.OnReplyReceived - 1 total (0 active), Execution time: mean = 98.627 us, total = 98.627 us, Queueing time: mean = 6.238 us, max = 6.238 us, min = 6.238 us, total = 6.238 us
	ray::rpc::WorkerInfoGcsService.grpc_client.AddWorkerInfo.OnReplyReceived - 1 total (0 active), Execution time: mean = 25.580 us, total = 25.580 us, Queueing time: mean = 9.068 us, max = 9.068 us, min = 9.068 us, total = 9.068 us
	ray::rpc::NodeInfoGcsService.grpc_client.GetAllNodeInfo.OnReplyReceived - 1 total (0 active), Execution time: mean = 44.429 us, total = 44.429 us, Queueing time: mean = 5.396 us, max = 5.396 us, min = 5.396 us, total = 5.396 us

-----------------
Task Event stats:

IO Service Stats:

Global stats: 541 total (1 active)
Queueing time: mean = 525.761 us, max = 35.193 ms, min = -0.012 s, total = 284.437 ms
Execution time:  mean = 281.448 us, total = 152.263 ms
Event stats:
	ray::rpc::TaskInfoGcsService.grpc_client.AddTaskEventData - 180 total (0 active), Execution time: mean = 685.538 us, total = 123.397 ms, Queueing time: mean = 0.000 s, max = -0.000 s, min = 9223372036.855 s, total = 0.000 s
	CoreWorker.deadline_timer.flush_task_events - 180 total (1 active), Execution time: mean = 137.365 us, total = 24.726 ms, Queueing time: mean = 1.491 ms, max = 35.193 ms, min = -0.012 s, total = 268.462 ms
	ray::rpc::TaskInfoGcsService.grpc_client.AddTaskEventData.OnReplyReceived - 180 total (0 active), Execution time: mean = 21.624 us, total = 3.892 ms, Queueing time: mean = 84.496 us, max = 9.332 ms, min = 7.743 us, total = 15.209 ms
	PeriodicalRunner.RunFnPeriodically - 1 total (0 active), Execution time: mean = 248.703 us, total = 248.703 us, Queueing time: mean = 765.601 us, max = 765.601 us, min = 765.601 us, total = 765.601 us
Other Stats:
	grpc_in_progress:0
	current number of task status events in buffer: 0
	current number of profile events in buffer: 0
	current number of dropped task attempts tracked: 0
	total task events sent: 0 MiB
	total number of task attempts sent: 0
	total number of task attempts dropped reported: 0
	total number of sent failure: 0
	num status task events dropped: 0
	num profile task events dropped: 0


[2025-02-16 16:22:37,648 I 573 1286] core_worker.cc:642: Event stats:


Global stats: 3446 total (8 active)
Queueing time: mean = 177.992 us, max = 45.928 ms, min = -0.047 s, total = 613.362 ms
Execution time:  mean = 69.395 us, total = 239.136 ms
Event stats:
	CoreWorker.RecoverObjects - 2395 total (1 active), Execution time: mean = 6.614 us, total = 15.841 ms, Queueing time: mean = 243.633 us, max = 6.746 ms, min = -0.002 s, total = 583.502 ms
	CoreWorker.InternalHeartbeat - 240 total (1 active), Execution time: mean = 125.158 us, total = 30.038 ms, Queueing time: mean = 27.774 us, max = 45.928 ms, min = -0.046 s, total = 6.666 ms
	NodeManagerService.grpc_client.ReportWorkerBacklog.OnReplyReceived - 240 total (0 active), Execution time: mean = 33.211 us, total = 7.971 ms, Queueing time: mean = 45.852 us, max = 2.933 ms, min = 13.855 us, total = 11.005 ms
	NodeManagerService.grpc_client.ReportWorkerBacklog - 240 total (0 active), Execution time: mean = 746.709 us, total = 179.210 ms, Queueing time: mean = 0.000 s, max = -0.000 s, min = 9223372036.855 s, total = 0.000 s
	CoreWorker.ExitIfParentRayletDies - 240 total (1 active), Execution time: mean = 8.051 us, total = 1.932 ms, Queueing time: mean = -0.000 s, max = 45.830 ms, min = -0.047 s, total = -0.003 s
	CoreWorker.RecordMetrics - 48 total (1 active), Execution time: mean = 16.395 us, total = 786.974 us, Queueing time: mean = 41.280 us, max = 12.919 ms, min = -0.008 s, total = 1.981 ms
	CoreWorker.GCStreamingGeneratorMetadata - 24 total (1 active), Execution time: mean = 3.712 us, total = 89.089 us, Queueing time: mean = 69.599 us, max = 12.449 ms, min = -0.011 s, total = 1.670 ms
	PeriodicalRunner.RunFnPeriodically - 7 total (0 active), Execution time: mean = 63.522 us, total = 444.655 us, Queueing time: mean = 173.356 us, max = 397.709 us, min = 6.528 us, total = 1.213 ms
	CoreWorker.PrintEventStats - 4 total (1 active, 1 running), Execution time: mean = 178.247 us, total = 712.988 us, Queueing time: mean = 2.451 ms, max = 7.899 ms, min = -0.003 s, total = 9.805 ms
	ray::rpc::NodeInfoGcsService.grpc_client.GetAllNodeInfo - 1 total (0 active), Execution time: mean = 875.241 us, total = 875.241 us, Queueing time: mean = 0.000 s, max = -0.000 s, min = 9223372036.855 s, total = 0.000 s
	ray::rpc::WorkerInfoGcsService.grpc_client.AddWorkerInfo - 1 total (0 active), Execution time: mean = 427.971 us, total = 427.971 us, Queueing time: mean = 0.000 s, max = -0.000 s, min = 9223372036.855 s, total = 0.000 s
	Publisher.CheckDeadSubscribers - 1 total (1 active), Execution time: mean = 0.000 s, total = 0.000 s, Queueing time: mean = 0.000 s, max = -0.000 s, min = 9223372036.855 s, total = 0.000 s
	ray::rpc::InternalPubSubGcsService.grpc_client.GcsSubscriberCommandBatch - 1 total (0 active), Execution time: mean = 638.685 us, total = 638.685 us, Queueing time: mean = 0.000 s, max = -0.000 s, min = 9223372036.855 s, total = 0.000 s
	ray::rpc::InternalPubSubGcsService.grpc_client.GcsSubscriberPoll - 1 total (1 active), Execution time: mean = 0.000 s, total = 0.000 s, Queueing time: mean = 0.000 s, max = -0.000 s, min = 9223372036.855 s, total = 0.000 s
	ray::rpc::InternalPubSubGcsService.grpc_client.GcsSubscriberCommandBatch.OnReplyReceived - 1 total (0 active), Execution time: mean = 98.627 us, total = 98.627 us, Queueing time: mean = 6.238 us, max = 6.238 us, min = 6.238 us, total = 6.238 us
	ray::rpc::WorkerInfoGcsService.grpc_client.AddWorkerInfo.OnReplyReceived - 1 total (0 active), Execution time: mean = 25.580 us, total = 25.580 us, Queueing time: mean = 9.068 us, max = 9.068 us, min = 9.068 us, total = 9.068 us
	ray::rpc::NodeInfoGcsService.grpc_client.GetAllNodeInfo.OnReplyReceived - 1 total (0 active), Execution time: mean = 44.429 us, total = 44.429 us, Queueing time: mean = 5.396 us, max = 5.396 us, min = 5.396 us, total = 5.396 us

-----------------
Task Event stats:

IO Service Stats:

Global stats: 721 total (1 active)
Queueing time: mean = 508.959 us, max = 46.451 ms, min = -0.015 s, total = 366.959 ms
Execution time:  mean = 321.339 us, total = 231.685 ms
Event stats:
	ray::rpc::TaskInfoGcsService.grpc_client.AddTaskEventData - 240 total (0 active), Execution time: mean = 792.542 us, total = 190.210 ms, Queueing time: mean = 0.000 s, max = -0.000 s, min = 9223372036.855 s, total = 0.000 s
	CoreWorker.deadline_timer.flush_task_events - 240 total (1 active), Execution time: mean = 143.370 us, total = 34.409 ms, Queueing time: mean = 1.420 ms, max = 46.451 ms, min = -0.015 s, total = 340.817 ms
	ray::rpc::TaskInfoGcsService.grpc_client.AddTaskEventData.OnReplyReceived - 240 total (0 active), Execution time: mean = 28.407 us, total = 6.818 ms, Queueing time: mean = 105.737 us, max = 9.332 ms, min = 7.743 us, total = 25.377 ms
	PeriodicalRunner.RunFnPeriodically - 1 total (0 active), Execution time: mean = 248.703 us, total = 248.703 us, Queueing time: mean = 765.601 us, max = 765.601 us, min = 765.601 us, total = 765.601 us
Other Stats:
	grpc_in_progress:0
	current number of task status events in buffer: 0
	current number of profile events in buffer: 0
	current number of dropped task attempts tracked: 0
	total task events sent: 0 MiB
	total number of task attempts sent: 0
	total number of task attempts dropped reported: 0
	total number of sent failure: 0
	num status task events dropped: 0
	num profile task events dropped: 0


[2025-02-16 16:23:37,649 I 573 1286] core_worker.cc:642: Event stats:


Global stats: 4304 total (8 active)
Queueing time: mean = 149.563 us, max = 45.928 ms, min = -0.047 s, total = 643.719 ms
Execution time:  mean = 69.282 us, total = 298.189 ms
Event stats:
	CoreWorker.RecoverObjects - 2993 total (1 active), Execution time: mean = 6.508 us, total = 19.479 ms, Queueing time: mean = 227.476 us, max = 6.746 ms, min = -0.002 s, total = 680.835 ms
	CoreWorker.InternalHeartbeat - 300 total (1 active), Execution time: mean = 126.354 us, total = 37.906 ms, Queueing time: mean = -0.000 s, max = 45.928 ms, min = -0.046 s, total = -0.028 s
	NodeManagerService.grpc_client.ReportWorkerBacklog.OnReplyReceived - 300 total (0 active), Execution time: mean = 29.534 us, total = 8.860 ms, Queueing time: mean = 43.598 us, max = 2.933 ms, min = 13.855 us, total = 13.079 ms
	NodeManagerService.grpc_client.ReportWorkerBacklog - 300 total (0 active), Execution time: mean = 749.533 us, total = 224.860 ms, Queueing time: mean = 0.000 s, max = -0.000 s, min = 9223372036.855 s, total = 0.000 s
	CoreWorker.ExitIfParentRayletDies - 300 total (1 active), Execution time: mean = 8.358 us, total = 2.507 ms, Queueing time: mean = -0.000 s, max = 45.830 ms, min = -0.047 s, total = -0.037 s
	CoreWorker.RecordMetrics - 60 total (1 active), Execution time: mean = 16.652 us, total = 999.140 us, Queueing time: mean = 43.658 us, max = 18.771 ms, min = -0.014 s, total = 2.619 ms
	CoreWorker.GCStreamingGeneratorMetadata - 30 total (1 active), Execution time: mean = 3.672 us, total = 110.175 us, Queueing time: mean = 64.979 us, max = 18.408 ms, min = -0.016 s, total = 1.949 ms
	PeriodicalRunner.RunFnPeriodically - 7 total (0 active), Execution time: mean = 63.522 us, total = 444.655 us, Queueing time: mean = 173.356 us, max = 397.709 us, min = 6.528 us, total = 1.213 ms
	CoreWorker.PrintEventStats - 5 total (1 active, 1 running), Execution time: mean = 181.013 us, total = 905.065 us, Queueing time: mean = 3.883 ms, max = 9.610 ms, min = -0.003 s, total = 19.415 ms
	Publisher.CheckDeadSubscribers - 2 total (1 active), Execution time: mean = 3.295 us, total = 6.589 us, Queueing time: mean = -0.005 s, max = -0.000 s, min = -0.010 s, total = -0.010 s
	ray::rpc::NodeInfoGcsService.grpc_client.GetAllNodeInfo - 1 total (0 active), Execution time: mean = 875.241 us, total = 875.241 us, Queueing time: mean = 0.000 s, max = -0.000 s, min = 9223372036.855 s, total = 0.000 s
	ray::rpc::WorkerInfoGcsService.grpc_client.AddWorkerInfo - 1 total (0 active), Execution time: mean = 427.971 us, total = 427.971 us, Queueing time: mean = 0.000 s, max = -0.000 s, min = 9223372036.855 s, total = 0.000 s
	ray::rpc::InternalPubSubGcsService.grpc_client.GcsSubscriberCommandBatch - 1 total (0 active), Execution time: mean = 638.685 us, total = 638.685 us, Queueing time: mean = 0.000 s, max = -0.000 s, min = 9223372036.855 s, total = 0.000 s
	ray::rpc::InternalPubSubGcsService.grpc_client.GcsSubscriberPoll - 1 total (1 active), Execution time: mean = 0.000 s, total = 0.000 s, Queueing time: mean = 0.000 s, max = -0.000 s, min = 9223372036.855 s, total = 0.000 s
	ray::rpc::InternalPubSubGcsService.grpc_client.GcsSubscriberCommandBatch.OnReplyReceived - 1 total (0 active), Execution time: mean = 98.627 us, total = 98.627 us, Queueing time: mean = 6.238 us, max = 6.238 us, min = 6.238 us, total = 6.238 us
	ray::rpc::WorkerInfoGcsService.grpc_client.AddWorkerInfo.OnReplyReceived - 1 total (0 active), Execution time: mean = 25.580 us, total = 25.580 us, Queueing time: mean = 9.068 us, max = 9.068 us, min = 9.068 us, total = 9.068 us
	ray::rpc::NodeInfoGcsService.grpc_client.GetAllNodeInfo.OnReplyReceived - 1 total (0 active), Execution time: mean = 44.429 us, total = 44.429 us, Queueing time: mean = 5.396 us, max = 5.396 us, min = 5.396 us, total = 5.396 us

-----------------
Task Event stats:

IO Service Stats:

Global stats: 901 total (1 active)
Queueing time: mean = 456.265 us, max = 46.451 ms, min = -0.015 s, total = 411.095 ms
Execution time:  mean = 301.806 us, total = 271.927 ms
Event stats:
	ray::rpc::TaskInfoGcsService.grpc_client.AddTaskEventData - 300 total (0 active), Execution time: mean = 740.170 us, total = 222.051 ms, Queueing time: mean = 0.000 s, max = -0.000 s, min = 9223372036.855 s, total = 0.000 s
	CoreWorker.deadline_timer.flush_task_events - 300 total (1 active), Execution time: mean = 138.740 us, total = 41.622 ms, Queueing time: mean = 1.277 ms, max = 46.451 ms, min = -0.015 s, total = 383.081 ms
	ray::rpc::TaskInfoGcsService.grpc_client.AddTaskEventData.OnReplyReceived - 300 total (0 active), Execution time: mean = 26.685 us, total = 8.006 ms, Queueing time: mean = 90.830 us, max = 9.332 ms, min = 7.743 us, total = 27.249 ms
	PeriodicalRunner.RunFnPeriodically - 1 total (0 active), Execution time: mean = 248.703 us, total = 248.703 us, Queueing time: mean = 765.601 us, max = 765.601 us, min = 765.601 us, total = 765.601 us
Other Stats:
	grpc_in_progress:0
	current number of task status events in buffer: 0
	current number of profile events in buffer: 0
	current number of dropped task attempts tracked: 0
	total task events sent: 0 MiB
	total number of task attempts sent: 0
	total number of task attempts dropped reported: 0
	total number of sent failure: 0
	num status task events dropped: 0
	num profile task events dropped: 0


[2025-02-16 16:24:37,649 I 573 1286] core_worker.cc:642: Event stats:


Global stats: 5162 total (8 active)
Queueing time: mean = 170.461 us, max = 49.668 ms, min = -0.053 s, total = 879.920 ms
Execution time:  mean = 66.359 us, total = 342.543 ms
Event stats:
	CoreWorker.RecoverObjects - 3592 total (1 active), Execution time: mean = 6.447 us, total = 23.156 ms, Queueing time: mean = 235.439 us, max = 6.746 ms, min = -0.002 s, total = 845.696 ms
	CoreWorker.InternalHeartbeat - 360 total (1 active), Execution time: mean = 123.278 us, total = 44.380 ms, Queueing time: mean = 59.075 us, max = 49.668 ms, min = -0.053 s, total = 21.267 ms
	NodeManagerService.grpc_client.ReportWorkerBacklog.OnReplyReceived - 360 total (0 active), Execution time: mean = 27.239 us, total = 9.806 ms, Queueing time: mean = 41.697 us, max = 2.933 ms, min = 13.855 us, total = 15.011 ms
	NodeManagerService.grpc_client.ReportWorkerBacklog - 360 total (0 active), Execution time: mean = 713.875 us, total = 256.995 ms, Queueing time: mean = 0.000 s, max = -0.000 s, min = 9223372036.855 s, total = 0.000 s
	CoreWorker.ExitIfParentRayletDies - 360 total (1 active), Execution time: mean = 8.689 us, total = 3.128 ms, Queueing time: mean = 32.349 us, max = 49.638 ms, min = -0.053 s, total = 11.646 ms
	CoreWorker.RecordMetrics - 72 total (1 active), Execution time: mean = 16.587 us, total = 1.194 ms, Queueing time: mean = 42.013 us, max = 18.771 ms, min = -0.014 s, total = 3.025 ms
	CoreWorker.GCStreamingGeneratorMetadata - 36 total (1 active), Execution time: mean = 3.658 us, total = 131.674 us, Queueing time: mean = 64.258 us, max = 18.408 ms, min = -0.016 s, total = 2.313 ms
	PeriodicalRunner.RunFnPeriodically - 7 total (0 active), Execution time: mean = 63.522 us, total = 444.655 us, Queueing time: mean = 173.356 us, max = 397.709 us, min = 6.528 us, total = 1.213 ms
	CoreWorker.PrintEventStats - 6 total (1 active, 1 running), Execution time: mean = 198.386 us, total = 1.190 ms, Queueing time: mean = -0.002 s, max = 9.610 ms, min = -0.029 s, total = -0.010 s
	Publisher.CheckDeadSubscribers - 2 total (1 active), Execution time: mean = 3.295 us, total = 6.589 us, Queueing time: mean = -0.005 s, max = -0.000 s, min = -0.010 s, total = -0.010 s
	ray::rpc::NodeInfoGcsService.grpc_client.GetAllNodeInfo - 1 total (0 active), Execution time: mean = 875.241 us, total = 875.241 us, Queueing time: mean = 0.000 s, max = -0.000 s, min = 9223372036.855 s, total = 0.000 s
	ray::rpc::WorkerInfoGcsService.grpc_client.AddWorkerInfo - 1 total (0 active), Execution time: mean = 427.971 us, total = 427.971 us, Queueing time: mean = 0.000 s, max = -0.000 s, min = 9223372036.855 s, total = 0.000 s
	ray::rpc::InternalPubSubGcsService.grpc_client.GcsSubscriberCommandBatch - 1 total (0 active), Execution time: mean = 638.685 us, total = 638.685 us, Queueing time: mean = 0.000 s, max = -0.000 s, min = 9223372036.855 s, total = 0.000 s
	ray::rpc::InternalPubSubGcsService.grpc_client.GcsSubscriberPoll - 1 total (1 active), Execution time: mean = 0.000 s, total = 0.000 s, Queueing time: mean = 0.000 s, max = -0.000 s, min = 9223372036.855 s, total = 0.000 s
	ray::rpc::InternalPubSubGcsService.grpc_client.GcsSubscriberCommandBatch.OnReplyReceived - 1 total (0 active), Execution time: mean = 98.627 us, total = 98.627 us, Queueing time: mean = 6.238 us, max = 6.238 us, min = 6.238 us, total = 6.238 us
	ray::rpc::WorkerInfoGcsService.grpc_client.AddWorkerInfo.OnReplyReceived - 1 total (0 active), Execution time: mean = 25.580 us, total = 25.580 us, Queueing time: mean = 9.068 us, max = 9.068 us, min = 9.068 us, total = 9.068 us
	ray::rpc::NodeInfoGcsService.grpc_client.GetAllNodeInfo.OnReplyReceived - 1 total (0 active), Execution time: mean = 44.429 us, total = 44.429 us, Queueing time: mean = 5.396 us, max = 5.396 us, min = 5.396 us, total = 5.396 us

-----------------
Task Event stats:

IO Service Stats:

Global stats: 1081 total (1 active)
Queueing time: mean = 510.244 us, max = 48.684 ms, min = -0.015 s, total = 551.573 ms
Execution time:  mean = 288.574 us, total = 311.948 ms
Event stats:
	ray::rpc::TaskInfoGcsService.grpc_client.AddTaskEventData - 360 total (0 active), Execution time: mean = 703.563 us, total = 253.283 ms, Queueing time: mean = 0.000 s, max = -0.000 s, min = 9223372036.855 s, total = 0.000 s
	CoreWorker.deadline_timer.flush_task_events - 360 total (1 active), Execution time: mean = 136.511 us, total = 49.144 ms, Queueing time: mean = 1.449 ms, max = 48.684 ms, min = -0.015 s, total = 521.630 ms
	ray::rpc::TaskInfoGcsService.grpc_client.AddTaskEventData.OnReplyReceived - 360 total (0 active), Execution time: mean = 25.758 us, total = 9.273 ms, Queueing time: mean = 81.048 us, max = 9.332 ms, min = 7.743 us, total = 29.177 ms
	PeriodicalRunner.RunFnPeriodically - 1 total (0 active), Execution time: mean = 248.703 us, total = 248.703 us, Queueing time: mean = 765.601 us, max = 765.601 us, min = 765.601 us, total = 765.601 us
Other Stats:
	grpc_in_progress:0
	current number of task status events in buffer: 0
	current number of profile events in buffer: 0
	current number of dropped task attempts tracked: 0
	total task events sent: 0 MiB
	total number of task attempts sent: 0
	total number of task attempts dropped reported: 0
	total number of sent failure: 0
	num status task events dropped: 0
	num profile task events dropped: 0


[2025-02-16 16:25:37,650 I 573 1286] core_worker.cc:642: Event stats:


Global stats: 6020 total (8 active)
Queueing time: mean = 165.600 us, max = 49.668 ms, min = -0.053 s, total = 996.914 ms
Execution time:  mean = 67.435 us, total = 405.960 ms
Event stats:
	CoreWorker.RecoverObjects - 4191 total (1 active), Execution time: mean = 6.403 us, total = 26.834 ms, Queueing time: mean = 226.991 us, max = 6.746 ms, min = -0.010 s, total = 951.319 ms
	CoreWorker.InternalHeartbeat - 420 total (1 active), Execution time: mean = 128.072 us, total = 53.790 ms, Queueing time: mean = -0.000 s, max = 49.668 ms, min = -0.053 s, total = -0.011 s
	NodeManagerService.grpc_client.ReportWorkerBacklog.OnReplyReceived - 420 total (0 active), Execution time: mean = 26.061 us, total = 10.946 ms, Queueing time: mean = 41.777 us, max = 2.933 ms, min = 13.855 us, total = 17.546 ms
	NodeManagerService.grpc_client.ReportWorkerBacklog - 420 total (0 active), Execution time: mean = 726.487 us, total = 305.124 ms, Queueing time: mean = 0.000 s, max = -0.000 s, min = 9223372036.855 s, total = 0.000 s
	CoreWorker.ExitIfParentRayletDies - 420 total (1 active), Execution time: mean = 8.762 us, total = 3.680 ms, Queueing time: mean = 63.917 us, max = 49.638 ms, min = -0.053 s, total = 26.845 ms
	CoreWorker.RecordMetrics - 84 total (1 active), Execution time: mean = 16.959 us, total = 1.425 ms, Queueing time: mean = 42.719 us, max = 18.771 ms, min = -0.014 s, total = 3.588 ms
	CoreWorker.GCStreamingGeneratorMetadata - 42 total (1 active), Execution time: mean = 3.674 us, total = 154.310 us, Queueing time: mean = 68.790 us, max = 18.408 ms, min = -0.016 s, total = 2.889 ms
	CoreWorker.PrintEventStats - 7 total (1 active, 1 running), Execution time: mean = 206.341 us, total = 1.444 ms, Queueing time: mean = 2.093 ms, max = 24.539 ms, min = -0.029 s, total = 14.652 ms
	PeriodicalRunner.RunFnPeriodically - 7 total (0 active), Execution time: mean = 63.522 us, total = 444.655 us, Queueing time: mean = 173.356 us, max = 397.709 us, min = 6.528 us, total = 1.213 ms
	Publisher.CheckDeadSubscribers - 2 total (1 active), Execution time: mean = 3.295 us, total = 6.589 us, Queueing time: mean = -0.005 s, max = -0.000 s, min = -0.010 s, total = -0.010 s
	ray::rpc::NodeInfoGcsService.grpc_client.GetAllNodeInfo - 1 total (0 active), Execution time: mean = 875.241 us, total = 875.241 us, Queueing time: mean = 0.000 s, max = -0.000 s, min = 9223372036.855 s, total = 0.000 s
	ray::rpc::WorkerInfoGcsService.grpc_client.AddWorkerInfo - 1 total (0 active), Execution time: mean = 427.971 us, total = 427.971 us, Queueing time: mean = 0.000 s, max = -0.000 s, min = 9223372036.855 s, total = 0.000 s
	ray::rpc::InternalPubSubGcsService.grpc_client.GcsSubscriberCommandBatch - 1 total (0 active), Execution time: mean = 638.685 us, total = 638.685 us, Queueing time: mean = 0.000 s, max = -0.000 s, min = 9223372036.855 s, total = 0.000 s
	ray::rpc::InternalPubSubGcsService.grpc_client.GcsSubscriberPoll - 1 total (1 active), Execution time: mean = 0.000 s, total = 0.000 s, Queueing time: mean = 0.000 s, max = -0.000 s, min = 9223372036.855 s, total = 0.000 s
	ray::rpc::InternalPubSubGcsService.grpc_client.GcsSubscriberCommandBatch.OnReplyReceived - 1 total (0 active), Execution time: mean = 98.627 us, total = 98.627 us, Queueing time: mean = 6.238 us, max = 6.238 us, min = 6.238 us, total = 6.238 us
	ray::rpc::WorkerInfoGcsService.grpc_client.AddWorkerInfo.OnReplyReceived - 1 total (0 active), Execution time: mean = 25.580 us, total = 25.580 us, Queueing time: mean = 9.068 us, max = 9.068 us, min = 9.068 us, total = 9.068 us
	ray::rpc::NodeInfoGcsService.grpc_client.GetAllNodeInfo.OnReplyReceived - 1 total (0 active), Execution time: mean = 44.429 us, total = 44.429 us, Queueing time: mean = 5.396 us, max = 5.396 us, min = 5.396 us, total = 5.396 us

-----------------
Task Event stats:

IO Service Stats:

Global stats: 1261 total (1 active)
Queueing time: mean = 493.080 us, max = 48.684 ms, min = -0.015 s, total = 621.774 ms
Execution time:  mean = 289.634 us, total = 365.228 ms
Event stats:
	ray::rpc::TaskInfoGcsService.grpc_client.AddTaskEventData - 420 total (0 active), Execution time: mean = 706.407 us, total = 296.691 ms, Queueing time: mean = 0.000 s, max = -0.000 s, min = 9223372036.855 s, total = 0.000 s
	CoreWorker.deadline_timer.flush_task_events - 420 total (1 active), Execution time: mean = 137.479 us, total = 57.741 ms, Queueing time: mean = 1.403 ms, max = 48.684 ms, min = -0.015 s, total = 589.432 ms
	ray::rpc::TaskInfoGcsService.grpc_client.AddTaskEventData.OnReplyReceived - 420 total (0 active), Execution time: mean = 25.114 us, total = 10.548 ms, Queueing time: mean = 75.183 us, max = 9.332 ms, min = 7.743 us, total = 31.577 ms
	PeriodicalRunner.RunFnPeriodically - 1 total (0 active), Execution time: mean = 248.703 us, total = 248.703 us, Queueing time: mean = 765.601 us, max = 765.601 us, min = 765.601 us, total = 765.601 us
Other Stats:
	grpc_in_progress:0
	current number of task status events in buffer: 0
	current number of profile events in buffer: 0
	current number of dropped task attempts tracked: 0
	total task events sent: 0 MiB
	total number of task attempts sent: 0
	total number of task attempts dropped reported: 0
	total number of sent failure: 0
	num status task events dropped: 0
	num profile task events dropped: 0


[2025-02-16 16:26:37,650 I 573 1286] core_worker.cc:642: Event stats:


Global stats: 6877 total (8 active)
Queueing time: mean = 187.305 us, max = 49.668 ms, min = -0.053 s, total = 1.288 s
Execution time:  mean = 69.086 us, total = 475.104 ms
Event stats:
	CoreWorker.RecoverObjects - 4789 total (1 active), Execution time: mean = 6.401 us, total = 30.654 ms, Queueing time: mean = 231.229 us, max = 6.746 ms, min = -0.010 s, total = 1.107 s
	CoreWorker.InternalHeartbeat - 480 total (1 active), Execution time: mean = 131.362 us, total = 63.054 ms, Queueing time: mean = 104.945 us, max = 49.668 ms, min = -0.053 s, total = 50.374 ms
	NodeManagerService.grpc_client.ReportWorkerBacklog.OnReplyReceived - 480 total (0 active), Execution time: mean = 25.043 us, total = 12.021 ms, Queueing time: mean = 40.810 us, max = 2.933 ms, min = 2.868 us, total = 19.589 ms
	NodeManagerService.grpc_client.ReportWorkerBacklog - 480 total (0 active), Execution time: mean = 748.136 us, total = 359.105 ms, Queueing time: mean = 0.000 s, max = -0.000 s, min = 9223372036.855 s, total = 0.000 s
	CoreWorker.ExitIfParentRayletDies - 480 total (1 active), Execution time: mean = 8.720 us, total = 4.185 ms, Queueing time: mean = 237.886 us, max = 49.638 ms, min = -0.053 s, total = 114.185 ms
	CoreWorker.RecordMetrics - 96 total (1 active), Execution time: mean = 17.464 us, total = 1.677 ms, Queueing time: mean = 32.733 us, max = 19.675 ms, min = -0.014 s, total = 3.142 ms
	CoreWorker.GCStreamingGeneratorMetadata - 48 total (1 active), Execution time: mean = 3.625 us, total = 173.983 us, Queueing time: mean = 72.362 us, max = 18.937 ms, min = -0.017 s, total = 3.473 ms
	CoreWorker.PrintEventStats - 8 total (1 active, 1 running), Execution time: mean = 209.037 us, total = 1.672 ms, Queueing time: mean = -0.000 s, max = 24.539 ms, min = -0.029 s, total = -0.001 s
	PeriodicalRunner.RunFnPeriodically - 7 total (0 active), Execution time: mean = 63.522 us, total = 444.655 us, Queueing time: mean = 173.356 us, max = 397.709 us, min = 6.528 us, total = 1.213 ms
	Publisher.CheckDeadSubscribers - 2 total (1 active), Execution time: mean = 3.295 us, total = 6.589 us, Queueing time: mean = -0.005 s, max = -0.000 s, min = -0.010 s, total = -0.010 s
	ray::rpc::WorkerInfoGcsService.grpc_client.AddWorkerInfo - 1 total (0 active), Execution time: mean = 427.971 us, total = 427.971 us, Queueing time: mean = 0.000 s, max = -0.000 s, min = 9223372036.855 s, total = 0.000 s
	ray::rpc::NodeInfoGcsService.grpc_client.GetAllNodeInfo - 1 total (0 active), Execution time: mean = 875.241 us, total = 875.241 us, Queueing time: mean = 0.000 s, max = -0.000 s, min = 9223372036.855 s, total = 0.000 s
	ray::rpc::InternalPubSubGcsService.grpc_client.GcsSubscriberCommandBatch - 1 total (0 active), Execution time: mean = 638.685 us, total = 638.685 us, Queueing time: mean = 0.000 s, max = -0.000 s, min = 9223372036.855 s, total = 0.000 s
	ray::rpc::InternalPubSubGcsService.grpc_client.GcsSubscriberPoll - 1 total (1 active), Execution time: mean = 0.000 s, total = 0.000 s, Queueing time: mean = 0.000 s, max = -0.000 s, min = 9223372036.855 s, total = 0.000 s
	ray::rpc::InternalPubSubGcsService.grpc_client.GcsSubscriberCommandBatch.OnReplyReceived - 1 total (0 active), Execution time: mean = 98.627 us, total = 98.627 us, Queueing time: mean = 6.238 us, max = 6.238 us, min = 6.238 us, total = 6.238 us
	ray::rpc::WorkerInfoGcsService.grpc_client.AddWorkerInfo.OnReplyReceived - 1 total (0 active), Execution time: mean = 25.580 us, total = 25.580 us, Queueing time: mean = 9.068 us, max = 9.068 us, min = 9.068 us, total = 9.068 us
	ray::rpc::NodeInfoGcsService.grpc_client.GetAllNodeInfo.OnReplyReceived - 1 total (0 active), Execution time: mean = 44.429 us, total = 44.429 us, Queueing time: mean = 5.396 us, max = 5.396 us, min = 5.396 us, total = 5.396 us

-----------------
Task Event stats:

IO Service Stats:

Global stats: 1441 total (1 active)
Queueing time: mean = 512.547 us, max = 48.684 ms, min = -0.015 s, total = 738.580 ms
Execution time:  mean = 298.636 us, total = 430.335 ms
Event stats:
	ray::rpc::TaskInfoGcsService.grpc_client.AddTaskEventData - 480 total (0 active), Execution time: mean = 729.950 us, total = 350.376 ms, Queueing time: mean = 0.000 s, max = -0.000 s, min = 9223372036.855 s, total = 0.000 s
	CoreWorker.deadline_timer.flush_task_events - 480 total (1 active), Execution time: mean = 141.030 us, total = 67.695 ms, Queueing time: mean = 1.467 ms, max = 48.684 ms, min = -0.015 s, total = 704.099 ms
	ray::rpc::TaskInfoGcsService.grpc_client.AddTaskEventData.OnReplyReceived - 480 total (0 active), Execution time: mean = 25.032 us, total = 12.015 ms, Queueing time: mean = 70.241 us, max = 9.332 ms, min = 7.643 us, total = 33.715 ms
	PeriodicalRunner.RunFnPeriodically - 1 total (0 active), Execution time: mean = 248.703 us, total = 248.703 us, Queueing time: mean = 765.601 us, max = 765.601 us, min = 765.601 us, total = 765.601 us
Other Stats:
	grpc_in_progress:0
	current number of task status events in buffer: 0
	current number of profile events in buffer: 0
	current number of dropped task attempts tracked: 0
	total task events sent: 0 MiB
	total number of task attempts sent: 0
	total number of task attempts dropped reported: 0
	total number of sent failure: 0
	num status task events dropped: 0
	num profile task events dropped: 0


[2025-02-16 16:27:37,650 I 573 1286] core_worker.cc:642: Event stats:


Global stats: 7735 total (8 active)
Queueing time: mean = 197.572 us, max = 50.956 ms, min = -0.053 s, total = 1.528 s
Execution time:  mean = 68.139 us, total = 527.053 ms
Event stats:
	CoreWorker.RecoverObjects - 5388 total (1 active), Execution time: mean = 6.335 us, total = 34.134 ms, Queueing time: mean = 220.747 us, max = 6.746 ms, min = -0.025 s, total = 1.189 s
	CoreWorker.InternalHeartbeat - 540 total (1 active), Execution time: mean = 129.069 us, total = 69.697 ms, Queueing time: mean = 220.338 us, max = 50.939 ms, min = -0.053 s, total = 118.982 ms
	NodeManagerService.grpc_client.ReportWorkerBacklog.OnReplyReceived - 540 total (0 active), Execution time: mean = 24.341 us, total = 13.144 ms, Queueing time: mean = 39.742 us, max = 2.933 ms, min = 2.868 us, total = 21.461 ms
	NodeManagerService.grpc_client.ReportWorkerBacklog - 540 total (0 active), Execution time: mean = 738.673 us, total = 398.884 ms, Queueing time: mean = 0.000 s, max = -0.000 s, min = 9223372036.855 s, total = 0.000 s
	CoreWorker.ExitIfParentRayletDies - 540 total (1 active), Execution time: mean = 8.548 us, total = 4.616 ms, Queueing time: mean = 349.922 us, max = 50.956 ms, min = -0.053 s, total = 188.958 ms
	CoreWorker.RecordMetrics - 108 total (1 active), Execution time: mean = 17.611 us, total = 1.902 ms, Queueing time: mean = 43.599 us, max = 22.542 ms, min = -0.017 s, total = 4.709 ms
	CoreWorker.GCStreamingGeneratorMetadata - 54 total (1 active), Execution time: mean = 3.974 us, total = 214.576 us, Queueing time: mean = 65.154 us, max = 19.957 ms, min = -0.018 s, total = 3.518 ms
	CoreWorker.PrintEventStats - 9 total (1 active, 1 running), Execution time: mean = 211.048 us, total = 1.899 ms, Queueing time: mean = 1.151 ms, max = 24.539 ms, min = -0.029 s, total = 10.362 ms
	PeriodicalRunner.RunFnPeriodically - 7 total (0 active), Execution time: mean = 63.522 us, total = 444.655 us, Queueing time: mean = 173.356 us, max = 397.709 us, min = 6.528 us, total = 1.213 ms
	Publisher.CheckDeadSubscribers - 2 total (1 active), Execution time: mean = 3.295 us, total = 6.589 us, Queueing time: mean = -0.005 s, max = -0.000 s, min = -0.010 s, total = -0.010 s
	ray::rpc::WorkerInfoGcsService.grpc_client.AddWorkerInfo - 1 total (0 active), Execution time: mean = 427.971 us, total = 427.971 us, Queueing time: mean = 0.000 s, max = -0.000 s, min = 9223372036.855 s, total = 0.000 s
	ray::rpc::NodeInfoGcsService.grpc_client.GetAllNodeInfo - 1 total (0 active), Execution time: mean = 875.241 us, total = 875.241 us, Queueing time: mean = 0.000 s, max = -0.000 s, min = 9223372036.855 s, total = 0.000 s
	ray::rpc::InternalPubSubGcsService.grpc_client.GcsSubscriberCommandBatch - 1 total (0 active), Execution time: mean = 638.685 us, total = 638.685 us, Queueing time: mean = 0.000 s, max = -0.000 s, min = 9223372036.855 s, total = 0.000 s
	ray::rpc::InternalPubSubGcsService.grpc_client.GcsSubscriberPoll - 1 total (1 active), Execution time: mean = 0.000 s, total = 0.000 s, Queueing time: mean = 0.000 s, max = -0.000 s, min = 9223372036.855 s, total = 0.000 s
	ray::rpc::InternalPubSubGcsService.grpc_client.GcsSubscriberCommandBatch.OnReplyReceived - 1 total (0 active), Execution time: mean = 98.627 us, total = 98.627 us, Queueing time: mean = 6.238 us, max = 6.238 us, min = 6.238 us, total = 6.238 us
	ray::rpc::WorkerInfoGcsService.grpc_client.AddWorkerInfo.OnReplyReceived - 1 total (0 active), Execution time: mean = 25.580 us, total = 25.580 us, Queueing time: mean = 9.068 us, max = 9.068 us, min = 9.068 us, total = 9.068 us
	ray::rpc::NodeInfoGcsService.grpc_client.GetAllNodeInfo.OnReplyReceived - 1 total (0 active), Execution time: mean = 44.429 us, total = 44.429 us, Queueing time: mean = 5.396 us, max = 5.396 us, min = 5.396 us, total = 5.396 us

-----------------
Task Event stats:

IO Service Stats:

Global stats: 1621 total (1 active)
Queueing time: mean = 500.915 us, max = 52.063 ms, min = -0.015 s, total = 811.983 ms
Execution time:  mean = 294.471 us, total = 477.337 ms
Event stats:
	ray::rpc::TaskInfoGcsService.grpc_client.AddTaskEventData - 540 total (0 active), Execution time: mean = 716.522 us, total = 386.922 ms, Queueing time: mean = 0.000 s, max = -0.000 s, min = 9223372036.855 s, total = 0.000 s
	CoreWorker.deadline_timer.flush_task_events - 540 total (1 active), Execution time: mean = 142.218 us, total = 76.798 ms, Queueing time: mean = 1.436 ms, max = 52.063 ms, min = -0.015 s, total = 775.398 ms
	ray::rpc::TaskInfoGcsService.grpc_client.AddTaskEventData.OnReplyReceived - 540 total (0 active), Execution time: mean = 24.758 us, total = 13.369 ms, Queueing time: mean = 66.332 us, max = 9.332 ms, min = 7.643 us, total = 35.819 ms
	PeriodicalRunner.RunFnPeriodically - 1 total (0 active), Execution time: mean = 248.703 us, total = 248.703 us, Queueing time: mean = 765.601 us, max = 765.601 us, min = 765.601 us, total = 765.601 us
Other Stats:
	grpc_in_progress:0
	current number of task status events in buffer: 0
	current number of profile events in buffer: 0
	current number of dropped task attempts tracked: 0
	total task events sent: 0 MiB
	total number of task attempts sent: 0
	total number of task attempts dropped reported: 0
	total number of sent failure: 0
	num status task events dropped: 0
	num profile task events dropped: 0


[2025-02-16 16:28:37,651 I 573 1286] core_worker.cc:642: Event stats:


Global stats: 8596 total (8 active)
Queueing time: mean = 195.612 us, max = 50.956 ms, min = -0.053 s, total = 1.681 s
Execution time:  mean = 69.720 ms, total = 599.317 s
Event stats:
	CoreWorker.RecoverObjects - 5987 total (1 active), Execution time: mean = 6.430 us, total = 38.498 ms, Queueing time: mean = 209.089 us, max = 6.746 ms, min = -0.025 s, total = 1.252 s
	NodeManagerService.grpc_client.ReportWorkerBacklog.OnReplyReceived - 600 total (0 active), Execution time: mean = 23.552 us, total = 14.131 ms, Queueing time: mean = 38.951 us, max = 2.933 ms, min = 2.868 us, total = 23.371 ms
	CoreWorker.ExitIfParentRayletDies - 600 total (1 active), Execution time: mean = 8.720 us, total = 5.232 ms, Queueing time: mean = 419.077 us, max = 50.956 ms, min = -0.053 s, total = 251.446 ms
	CoreWorker.InternalHeartbeat - 600 total (1 active), Execution time: mean = 127.515 us, total = 76.509 ms, Queueing time: mean = 292.148 us, max = 50.939 ms, min = -0.053 s, total = 175.289 ms
	NodeManagerService.grpc_client.ReportWorkerBacklog - 600 total (0 active), Execution time: mean = 730.366 us, total = 438.220 ms, Queueing time: mean = 0.000 s, max = -0.000 s, min = 9223372036.855 s, total = 0.000 s
	CoreWorker.RecordMetrics - 120 total (1 active), Execution time: mean = 17.722 us, total = 2.127 ms, Queueing time: mean = 44.470 us, max = 22.542 ms, min = -0.017 s, total = 5.336 ms
	CoreWorker.GCStreamingGeneratorMetadata - 60 total (1 active), Execution time: mean = 4.271 us, total = 256.238 us, Queueing time: mean = 67.134 us, max = 19.957 ms, min = -0.018 s, total = 4.028 ms
	CoreWorker.PrintEventStats - 10 total (1 active, 1 running), Execution time: mean = 215.648 us, total = 2.156 ms, Queueing time: mean = -0.000 s, max = 24.539 ms, min = -0.029 s, total = -0.000 s
	PeriodicalRunner.RunFnPeriodically - 7 total (0 active), Execution time: mean = 63.522 us, total = 444.655 us, Queueing time: mean = 173.356 us, max = 397.709 us, min = 6.528 us, total = 1.213 ms
	Publisher.CheckDeadSubscribers - 3 total (1 active), Execution time: mean = 4.504 us, total = 13.512 us, Queueing time: mean = -0.010 s, max = -0.000 s, min = -0.020 s, total = -0.031 s
	ray::rpc::InternalPubSubGcsService.grpc_client.GcsSubscriberPoll - 2 total (1 active), Execution time: mean = 299.369 s, total = 598.738 s, Queueing time: mean = 0.000 s, max = -0.000 s, min = 9223372036.855 s, total = 0.000 s
	ray::rpc::NodeInfoGcsService.grpc_client.GetAllNodeInfo - 1 total (0 active), Execution time: mean = 875.241 us, total = 875.241 us, Queueing time: mean = 0.000 s, max = -0.000 s, min = 9223372036.855 s, total = 0.000 s
	ray::rpc::InternalPubSubGcsService.grpc_client.GcsSubscriberCommandBatch.OnReplyReceived - 1 total (0 active), Execution time: mean = 98.627 us, total = 98.627 us, Queueing time: mean = 6.238 us, max = 6.238 us, min = 6.238 us, total = 6.238 us
	ray::rpc::InternalPubSubGcsService.grpc_client.GcsSubscriberPoll.OnReplyReceived - 1 total (0 active), Execution time: mean = 182.139 us, total = 182.139 us, Queueing time: mean = 26.057 us, max = 26.057 us, min = 26.057 us, total = 26.057 us
	ray::rpc::WorkerInfoGcsService.grpc_client.AddWorkerInfo - 1 total (0 active), Execution time: mean = 427.971 us, total = 427.971 us, Queueing time: mean = 0.000 s, max = -0.000 s, min = 9223372036.855 s, total = 0.000 s
	ray::rpc::InternalPubSubGcsService.grpc_client.GcsSubscriberCommandBatch - 1 total (0 active), Execution time: mean = 638.685 us, total = 638.685 us, Queueing time: mean = 0.000 s, max = -0.000 s, min = 9223372036.855 s, total = 0.000 s
	ray::rpc::WorkerInfoGcsService.grpc_client.AddWorkerInfo.OnReplyReceived - 1 total (0 active), Execution time: mean = 25.580 us, total = 25.580 us, Queueing time: mean = 9.068 us, max = 9.068 us, min = 9.068 us, total = 9.068 us
	ray::rpc::NodeInfoGcsService.grpc_client.GetAllNodeInfo.OnReplyReceived - 1 total (0 active), Execution time: mean = 44.429 us, total = 44.429 us, Queueing time: mean = 5.396 us, max = 5.396 us, min = 5.396 us, total = 5.396 us

-----------------
Task Event stats:

IO Service Stats:

Global stats: 1801 total (1 active)
Queueing time: mean = 484.050 us, max = 52.063 ms, min = -0.015 s, total = 871.774 ms
Execution time:  mean = 296.548 us, total = 534.083 ms
Event stats:
	ray::rpc::TaskInfoGcsService.grpc_client.AddTaskEventData - 600 total (0 active), Execution time: mean = 718.343 us, total = 431.006 ms, Queueing time: mean = 0.000 s, max = -0.000 s, min = 9223372036.855 s, total = 0.000 s
	CoreWorker.deadline_timer.flush_task_events - 600 total (1 active), Execution time: mean = 146.692 us, total = 88.015 ms, Queueing time: mean = 1.389 ms, max = 52.063 ms, min = -0.015 s, total = 833.146 ms
	ray::rpc::TaskInfoGcsService.grpc_client.AddTaskEventData.OnReplyReceived - 600 total (0 active), Execution time: mean = 24.688 us, total = 14.813 ms, Queueing time: mean = 63.105 us, max = 9.332 ms, min = 7.643 us, total = 37.863 ms
	PeriodicalRunner.RunFnPeriodically - 1 total (0 active), Execution time: mean = 248.703 us, total = 248.703 us, Queueing time: mean = 765.601 us, max = 765.601 us, min = 765.601 us, total = 765.601 us
Other Stats:
	grpc_in_progress:0
	current number of task status events in buffer: 0
	current number of profile events in buffer: 0
	current number of dropped task attempts tracked: 0
	total task events sent: 0 MiB
	total number of task attempts sent: 0
	total number of task attempts dropped reported: 0
	total number of sent failure: 0
	num status task events dropped: 0
	num profile task events dropped: 0


[2025-02-16 16:29:37,651 I 573 1286] core_worker.cc:642: Event stats:


Global stats: 9454 total (8 active)
Queueing time: mean = 224.342 us, max = 50.956 ms, min = -0.053 s, total = 2.121 s
Execution time:  mean = 63.398 ms, total = 599.361 s
Event stats:
	CoreWorker.RecoverObjects - 6586 total (1 active), Execution time: mean = 6.432 us, total = 42.358 ms, Queueing time: mean = 213.457 us, max = 6.746 ms, min = -0.025 s, total = 1.406 s
	NodeManagerService.grpc_client.ReportWorkerBacklog.OnReplyReceived - 660 total (0 active), Execution time: mean = 22.705 us, total = 14.985 ms, Queueing time: mean = 38.286 us, max = 2.933 ms, min = 2.868 us, total = 25.269 ms
	CoreWorker.ExitIfParentRayletDies - 660 total (1 active), Execution time: mean = 8.594 us, total = 5.672 ms, Queueing time: mean = 621.705 us, max = 50.956 ms, min = -0.053 s, total = 410.325 ms
	CoreWorker.InternalHeartbeat - 660 total (1 active), Execution time: mean = 125.821 us, total = 83.042 ms, Queueing time: mean = 496.938 us, max = 50.939 ms, min = -0.053 s, total = 327.979 ms
	NodeManagerService.grpc_client.ReportWorkerBacklog - 660 total (0 active), Execution time: mean = 711.555 us, total = 469.627 ms, Queueing time: mean = 0.000 s, max = -0.000 s, min = 9223372036.855 s, total = 0.000 s
	CoreWorker.RecordMetrics - 132 total (1 active), Execution time: mean = 18.885 us, total = 2.493 ms, Queueing time: mean = 46.804 us, max = 36.625 ms, min = -0.031 s, total = 6.178 ms
	CoreWorker.GCStreamingGeneratorMetadata - 66 total (1 active), Execution time: mean = 4.308 us, total = 284.299 us, Queueing time: mean = 71.591 us, max = 33.936 ms, min = -0.032 s, total = 4.725 ms
	CoreWorker.PrintEventStats - 11 total (1 active, 1 running), Execution time: mean = 226.005 us, total = 2.486 ms, Queueing time: mean = -0.003 s, max = 24.539 ms, min = -0.030 s, total = -0.030 s
	PeriodicalRunner.RunFnPeriodically - 7 total (0 active), Execution time: mean = 63.522 us, total = 444.655 us, Queueing time: mean = 173.356 us, max = 397.709 us, min = 6.528 us, total = 1.213 ms
	Publisher.CheckDeadSubscribers - 3 total (1 active), Execution time: mean = 4.504 us, total = 13.512 us, Queueing time: mean = -0.010 s, max = -0.000 s, min = -0.020 s, total = -0.031 s
	ray::rpc::InternalPubSubGcsService.grpc_client.GcsSubscriberPoll - 2 total (1 active), Execution time: mean = 299.369 s, total = 598.738 s, Queueing time: mean = 0.000 s, max = -0.000 s, min = 9223372036.855 s, total = 0.000 s
	ray::rpc::NodeInfoGcsService.grpc_client.GetAllNodeInfo - 1 total (0 active), Execution time: mean = 875.241 us, total = 875.241 us, Queueing time: mean = 0.000 s, max = -0.000 s, min = 9223372036.855 s, total = 0.000 s
	ray::rpc::InternalPubSubGcsService.grpc_client.GcsSubscriberCommandBatch.OnReplyReceived - 1 total (0 active), Execution time: mean = 98.627 us, total = 98.627 us, Queueing time: mean = 6.238 us, max = 6.238 us, min = 6.238 us, total = 6.238 us
	ray::rpc::InternalPubSubGcsService.grpc_client.GcsSubscriberPoll.OnReplyReceived - 1 total (0 active), Execution time: mean = 182.139 us, total = 182.139 us, Queueing time: mean = 26.057 us, max = 26.057 us, min = 26.057 us, total = 26.057 us
	ray::rpc::WorkerInfoGcsService.grpc_client.AddWorkerInfo - 1 total (0 active), Execution time: mean = 427.971 us, total = 427.971 us, Queueing time: mean = 0.000 s, max = -0.000 s, min = 9223372036.855 s, total = 0.000 s
	ray::rpc::InternalPubSubGcsService.grpc_client.GcsSubscriberCommandBatch - 1 total (0 active), Execution time: mean = 638.685 us, total = 638.685 us, Queueing time: mean = 0.000 s, max = -0.000 s, min = 9223372036.855 s, total = 0.000 s
	ray::rpc::WorkerInfoGcsService.grpc_client.AddWorkerInfo.OnReplyReceived - 1 total (0 active), Execution time: mean = 25.580 us, total = 25.580 us, Queueing time: mean = 9.068 us, max = 9.068 us, min = 9.068 us, total = 9.068 us
	ray::rpc::NodeInfoGcsService.grpc_client.GetAllNodeInfo.OnReplyReceived - 1 total (0 active), Execution time: mean = 44.429 us, total = 44.429 us, Queueing time: mean = 5.396 us, max = 5.396 us, min = 5.396 us, total = 5.396 us

-----------------
Task Event stats:

IO Service Stats:

Global stats: 1978 total (1 active)
Queueing time: mean = 498.510 us, max = 52.063 ms, min = -0.015 s, total = 986.052 ms
Execution time:  mean = 293.087 us, total = 579.727 ms
Event stats:
	ray::rpc::TaskInfoGcsService.grpc_client.AddTaskEventData - 659 total (0 active), Execution time: mean = 708.528 us, total = 466.920 ms, Queueing time: mean = 0.000 s, max = -0.000 s, min = 9223372036.855 s, total = 0.000 s
	CoreWorker.deadline_timer.flush_task_events - 659 total (1 active), Execution time: mean = 146.327 us, total = 96.429 ms, Queueing time: mean = 1.435 ms, max = 52.063 ms, min = -0.015 s, total = 945.492 ms
	ray::rpc::TaskInfoGcsService.grpc_client.AddTaskEventData.OnReplyReceived - 659 total (0 active), Execution time: mean = 24.475 us, total = 16.129 ms, Queueing time: mean = 60.387 us, max = 9.332 ms, min = 7.643 us, total = 39.795 ms
	PeriodicalRunner.RunFnPeriodically - 1 total (0 active), Execution time: mean = 248.703 us, total = 248.703 us, Queueing time: mean = 765.601 us, max = 765.601 us, min = 765.601 us, total = 765.601 us
Other Stats:
	grpc_in_progress:0
	current number of task status events in buffer: 0
	current number of profile events in buffer: 0
	current number of dropped task attempts tracked: 0
	total task events sent: 0 MiB
	total number of task attempts sent: 0
	total number of task attempts dropped reported: 0
	total number of sent failure: 0
	num status task events dropped: 0
	num profile task events dropped: 0


[2025-02-16 16:30:37,651 I 573 1286] core_worker.cc:642: Event stats:


Global stats: 10312 total (8 active)
Queueing time: mean = 228.028 us, max = 50.956 ms, min = -0.053 s, total = 2.351 s
Execution time:  mean = 58.127 ms, total = 599.410 s
Event stats:
	CoreWorker.RecoverObjects - 7185 total (1 active), Execution time: mean = 6.397 us, total = 45.962 ms, Queueing time: mean = 203.874 us, max = 6.746 ms, min = -0.025 s, total = 1.465 s
	NodeManagerService.grpc_client.ReportWorkerBacklog.OnReplyReceived - 720 total (0 active), Execution time: mean = 22.131 us, total = 15.934 ms, Queueing time: mean = 37.979 us, max = 2.933 ms, min = 2.868 us, total = 27.345 ms
	CoreWorker.ExitIfParentRayletDies - 720 total (1 active), Execution time: mean = 8.535 us, total = 6.145 ms, Queueing time: mean = 659.887 us, max = 50.956 ms, min = -0.053 s, total = 475.119 ms
	CoreWorker.InternalHeartbeat - 720 total (1 active), Execution time: mean = 124.220 us, total = 89.438 ms, Queueing time: mean = 537.524 us, max = 50.939 ms, min = -0.053 s, total = 387.017 ms
	NodeManagerService.grpc_client.ReportWorkerBacklog - 720 total (0 active), Execution time: mean = 704.104 us, total = 506.955 ms, Queueing time: mean = 0.000 s, max = -0.000 s, min = 9223372036.855 s, total = 0.000 s
	CoreWorker.RecordMetrics - 144 total (1 active), Execution time: mean = 18.851 us, total = 2.715 ms, Queueing time: mean = 45.783 us, max = 36.625 ms, min = -0.031 s, total = 6.593 ms
	CoreWorker.GCStreamingGeneratorMetadata - 72 total (1 active), Execution time: mean = 4.270 us, total = 307.418 us, Queueing time: mean = 64.271 us, max = 33.936 ms, min = -0.032 s, total = 4.628 ms
	CoreWorker.PrintEventStats - 12 total (1 active, 1 running), Execution time: mean = 224.776 us, total = 2.697 ms, Queueing time: mean = 1.285 ms, max = 45.264 ms, min = -0.030 s, total = 15.421 ms
	PeriodicalRunner.RunFnPeriodically - 7 total (0 active), Execution time: mean = 63.522 us, total = 444.655 us, Queueing time: mean = 173.356 us, max = 397.709 us, min = 6.528 us, total = 1.213 ms
	Publisher.CheckDeadSubscribers - 3 total (1 active), Execution time: mean = 4.504 us, total = 13.512 us, Queueing time: mean = -0.010 s, max = -0.000 s, min = -0.020 s, total = -0.031 s
	ray::rpc::InternalPubSubGcsService.grpc_client.GcsSubscriberPoll - 2 total (1 active), Execution time: mean = 299.369 s, total = 598.738 s, Queueing time: mean = 0.000 s, max = -0.000 s, min = 9223372036.855 s, total = 0.000 s
	ray::rpc::NodeInfoGcsService.grpc_client.GetAllNodeInfo - 1 total (0 active), Execution time: mean = 875.241 us, total = 875.241 us, Queueing time: mean = 0.000 s, max = -0.000 s, min = 9223372036.855 s, total = 0.000 s
	ray::rpc::InternalPubSubGcsService.grpc_client.GcsSubscriberCommandBatch.OnReplyReceived - 1 total (0 active), Execution time: mean = 98.627 us, total = 98.627 us, Queueing time: mean = 6.238 us, max = 6.238 us, min = 6.238 us, total = 6.238 us
	ray::rpc::InternalPubSubGcsService.grpc_client.GcsSubscriberPoll.OnReplyReceived - 1 total (0 active), Execution time: mean = 182.139 us, total = 182.139 us, Queueing time: mean = 26.057 us, max = 26.057 us, min = 26.057 us, total = 26.057 us
	ray::rpc::WorkerInfoGcsService.grpc_client.AddWorkerInfo - 1 total (0 active), Execution time: mean = 427.971 us, total = 427.971 us, Queueing time: mean = 0.000 s, max = -0.000 s, min = 9223372036.855 s, total = 0.000 s
	ray::rpc::InternalPubSubGcsService.grpc_client.GcsSubscriberCommandBatch - 1 total (0 active), Execution time: mean = 638.685 us, total = 638.685 us, Queueing time: mean = 0.000 s, max = -0.000 s, min = 9223372036.855 s, total = 0.000 s
	ray::rpc::WorkerInfoGcsService.grpc_client.AddWorkerInfo.OnReplyReceived - 1 total (0 active), Execution time: mean = 25.580 us, total = 25.580 us, Queueing time: mean = 9.068 us, max = 9.068 us, min = 9.068 us, total = 9.068 us
	ray::rpc::NodeInfoGcsService.grpc_client.GetAllNodeInfo.OnReplyReceived - 1 total (0 active), Execution time: mean = 44.429 us, total = 44.429 us, Queueing time: mean = 5.396 us, max = 5.396 us, min = 5.396 us, total = 5.396 us

-----------------
Task Event stats:

IO Service Stats:

Global stats: 2158 total (1 active)
Queueing time: mean = 484.250 us, max = 52.063 ms, min = -0.015 s, total = 1.045 s
Execution time:  mean = 294.791 us, total = 636.159 ms
Event stats:
	ray::rpc::TaskInfoGcsService.grpc_client.AddTaskEventData - 719 total (0 active), Execution time: mean = 714.589 us, total = 513.789 ms, Queueing time: mean = 0.000 s, max = -0.000 s, min = 9223372036.855 s, total = 0.000 s
	CoreWorker.deadline_timer.flush_task_events - 719 total (1 active), Execution time: mean = 145.513 us, total = 104.624 ms, Queueing time: mean = 1.394 ms, max = 52.063 ms, min = -0.015 s, total = 1.002 s
	ray::rpc::TaskInfoGcsService.grpc_client.AddTaskEventData.OnReplyReceived - 719 total (0 active), Execution time: mean = 24.336 us, total = 17.497 ms, Queueing time: mean = 58.191 us, max = 9.332 ms, min = 7.643 us, total = 41.839 ms
	PeriodicalRunner.RunFnPeriodically - 1 total (0 active), Execution time: mean = 248.703 us, total = 248.703 us, Queueing time: mean = 765.601 us, max = 765.601 us, min = 765.601 us, total = 765.601 us
Other Stats:
	grpc_in_progress:0
	current number of task status events in buffer: 0
	current number of profile events in buffer: 0
	current number of dropped task attempts tracked: 0
	total task events sent: 0 MiB
	total number of task attempts sent: 0
	total number of task attempts dropped reported: 0
	total number of sent failure: 0
	num status task events dropped: 0
	num profile task events dropped: 0


[2025-02-16 16:31:37,651 I 573 1286] core_worker.cc:642: Event stats:


Global stats: 11170 total (8 active)
Queueing time: mean = 249.461 us, max = 50.956 ms, min = -0.053 s, total = 2.786 s
Execution time:  mean = 53.669 ms, total = 599.478 s
Event stats:
	CoreWorker.RecoverObjects - 7784 total (1 active), Execution time: mean = 6.413 us, total = 49.918 ms, Queueing time: mean = 207.855 us, max = 6.746 ms, min = -0.025 s, total = 1.618 s
	NodeManagerService.grpc_client.ReportWorkerBacklog.OnReplyReceived - 780 total (0 active), Execution time: mean = 21.678 us, total = 16.909 ms, Queueing time: mean = 38.210 us, max = 2.933 ms, min = 2.868 us, total = 29.804 ms
	CoreWorker.ExitIfParentRayletDies - 780 total (1 active), Execution time: mean = 8.485 us, total = 6.618 ms, Queueing time: mean = 815.540 us, max = 50.956 ms, min = -0.053 s, total = 636.121 ms
	CoreWorker.InternalHeartbeat - 780 total (1 active), Execution time: mean = 123.744 us, total = 96.520 ms, Queueing time: mean = 693.936 us, max = 50.939 ms, min = -0.053 s, total = 541.270 ms
	NodeManagerService.grpc_client.ReportWorkerBacklog - 780 total (0 active), Execution time: mean = 719.908 us, total = 561.529 ms, Queueing time: mean = 0.000 s, max = -0.000 s, min = 9223372036.855 s, total = 0.000 s
	CoreWorker.RecordMetrics - 156 total (1 active), Execution time: mean = 18.731 us, total = 2.922 ms, Queueing time: mean = 48.620 us, max = 36.625 ms, min = -0.031 s, total = 7.585 ms
	CoreWorker.GCStreamingGeneratorMetadata - 78 total (1 active), Execution time: mean = 4.257 us, total = 332.013 us, Queueing time: mean = 63.102 us, max = 33.936 ms, min = -0.032 s, total = 4.922 ms
	CoreWorker.PrintEventStats - 13 total (1 active, 1 running), Execution time: mean = 228.793 us, total = 2.974 ms, Queueing time: mean = -0.002 s, max = 45.264 ms, min = -0.037 s, total = -0.022 s
	PeriodicalRunner.RunFnPeriodically - 7 total (0 active), Execution time: mean = 63.522 us, total = 444.655 us, Queueing time: mean = 173.356 us, max = 397.709 us, min = 6.528 us, total = 1.213 ms
	Publisher.CheckDeadSubscribers - 3 total (1 active), Execution time: mean = 4.504 us, total = 13.512 us, Queueing time: mean = -0.010 s, max = -0.000 s, min = -0.020 s, total = -0.031 s
	ray::rpc::InternalPubSubGcsService.grpc_client.GcsSubscriberPoll - 2 total (1 active), Execution time: mean = 299.369 s, total = 598.738 s, Queueing time: mean = 0.000 s, max = -0.000 s, min = 9223372036.855 s, total = 0.000 s
	ray::rpc::NodeInfoGcsService.grpc_client.GetAllNodeInfo - 1 total (0 active), Execution time: mean = 875.241 us, total = 875.241 us, Queueing time: mean = 0.000 s, max = -0.000 s, min = 9223372036.855 s, total = 0.000 s
	ray::rpc::InternalPubSubGcsService.grpc_client.GcsSubscriberCommandBatch.OnReplyReceived - 1 total (0 active), Execution time: mean = 98.627 us, total = 98.627 us, Queueing time: mean = 6.238 us, max = 6.238 us, min = 6.238 us, total = 6.238 us
	ray::rpc::InternalPubSubGcsService.grpc_client.GcsSubscriberPoll.OnReplyReceived - 1 total (0 active), Execution time: mean = 182.139 us, total = 182.139 us, Queueing time: mean = 26.057 us, max = 26.057 us, min = 26.057 us, total = 26.057 us
	ray::rpc::WorkerInfoGcsService.grpc_client.AddWorkerInfo - 1 total (0 active), Execution time: mean = 427.971 us, total = 427.971 us, Queueing time: mean = 0.000 s, max = -0.000 s, min = 9223372036.855 s, total = 0.000 s
	ray::rpc::InternalPubSubGcsService.grpc_client.GcsSubscriberCommandBatch - 1 total (0 active), Execution time: mean = 638.685 us, total = 638.685 us, Queueing time: mean = 0.000 s, max = -0.000 s, min = 9223372036.855 s, total = 0.000 s
	ray::rpc::WorkerInfoGcsService.grpc_client.AddWorkerInfo.OnReplyReceived - 1 total (0 active), Execution time: mean = 25.580 us, total = 25.580 us, Queueing time: mean = 9.068 us, max = 9.068 us, min = 9.068 us, total = 9.068 us
	ray::rpc::NodeInfoGcsService.grpc_client.GetAllNodeInfo.OnReplyReceived - 1 total (0 active), Execution time: mean = 44.429 us, total = 44.429 us, Queueing time: mean = 5.396 us, max = 5.396 us, min = 5.396 us, total = 5.396 us

-----------------
Task Event stats:

IO Service Stats:

Global stats: 2338 total (1 active)
Queueing time: mean = 511.305 us, max = 52.063 ms, min = -0.015 s, total = 1.195 s
Execution time:  mean = 293.906 us, total = 687.152 ms
Event stats:
	ray::rpc::TaskInfoGcsService.grpc_client.AddTaskEventData - 779 total (0 active), Execution time: mean = 710.759 us, total = 553.681 ms, Queueing time: mean = 0.000 s, max = -0.000 s, min = 9223372036.855 s, total = 0.000 s
	CoreWorker.deadline_timer.flush_task_events - 779 total (1 active), Execution time: mean = 146.654 us, total = 114.244 ms, Queueing time: mean = 1.477 ms, max = 52.063 ms, min = -0.015 s, total = 1.151 s
	ray::rpc::TaskInfoGcsService.grpc_client.AddTaskEventData.OnReplyReceived - 779 total (0 active), Execution time: mean = 24.363 us, total = 18.979 ms, Queueing time: mean = 56.383 us, max = 9.332 ms, min = 7.643 us, total = 43.923 ms
	PeriodicalRunner.RunFnPeriodically - 1 total (0 active), Execution time: mean = 248.703 us, total = 248.703 us, Queueing time: mean = 765.601 us, max = 765.601 us, min = 765.601 us, total = 765.601 us
Other Stats:
	grpc_in_progress:0
	current number of task status events in buffer: 0
	current number of profile events in buffer: 0
	current number of dropped task attempts tracked: 0
	total task events sent: 0 MiB
	total number of task attempts sent: 0
	total number of task attempts dropped reported: 0
	total number of sent failure: 0
	num status task events dropped: 0
	num profile task events dropped: 0


[2025-02-16 16:32:37,652 I 573 1286] core_worker.cc:642: Event stats:


Global stats: 12028 total (8 active)
Queueing time: mean = 254.986 us, max = 61.099 ms, min = -0.053 s, total = 3.067 s
Execution time:  mean = 49.847 ms, total = 599.554 s
Event stats:
	CoreWorker.RecoverObjects - 8383 total (1 active), Execution time: mean = 6.490 us, total = 54.402 ms, Queueing time: mean = 202.373 us, max = 12.988 ms, min = -0.046 s, total = 1.696 s
	NodeManagerService.grpc_client.ReportWorkerBacklog.OnReplyReceived - 840 total (0 active), Execution time: mean = 21.414 us, total = 17.988 ms, Queueing time: mean = 38.568 us, max = 2.933 ms, min = 2.868 us, total = 32.397 ms
	CoreWorker.ExitIfParentRayletDies - 840 total (1 active), Execution time: mean = 8.517 us, total = 7.154 ms, Queueing time: mean = 853.705 us, max = 61.099 ms, min = -0.053 s, total = 717.113 ms
	CoreWorker.InternalHeartbeat - 840 total (1 active), Execution time: mean = 124.126 us, total = 104.266 ms, Queueing time: mean = 732.310 us, max = 61.087 ms, min = -0.053 s, total = 615.141 ms
	NodeManagerService.grpc_client.ReportWorkerBacklog - 840 total (0 active), Execution time: mean = 742.140 us, total = 623.398 ms, Queueing time: mean = 0.000 s, max = -0.000 s, min = 9223372036.855 s, total = 0.000 s
	CoreWorker.RecordMetrics - 168 total (1 active), Execution time: mean = 18.911 us, total = 3.177 ms, Queueing time: mean = 50.411 us, max = 55.267 ms, min = -0.049 s, total = 8.469 ms
	CoreWorker.GCStreamingGeneratorMetadata - 84 total (1 active), Execution time: mean = 4.289 us, total = 360.309 us, Queueing time: mean = 63.109 us, max = 52.586 ms, min = -0.050 s, total = 5.301 ms
	CoreWorker.PrintEventStats - 14 total (1 active, 1 running), Execution time: mean = 232.898 us, total = 3.261 ms, Queueing time: mean = 1.542 ms, max = 45.264 ms, min = -0.037 s, total = 21.588 ms
	PeriodicalRunner.RunFnPeriodically - 7 total (0 active), Execution time: mean = 63.522 us, total = 444.655 us, Queueing time: mean = 173.356 us, max = 397.709 us, min = 6.528 us, total = 1.213 ms
	Publisher.CheckDeadSubscribers - 3 total (1 active), Execution time: mean = 4.504 us, total = 13.512 us, Queueing time: mean = -0.010 s, max = -0.000 s, min = -0.020 s, total = -0.031 s
	ray::rpc::InternalPubSubGcsService.grpc_client.GcsSubscriberPoll - 2 total (1 active), Execution time: mean = 299.369 s, total = 598.738 s, Queueing time: mean = 0.000 s, max = -0.000 s, min = 9223372036.855 s, total = 0.000 s
	ray::rpc::NodeInfoGcsService.grpc_client.GetAllNodeInfo - 1 total (0 active), Execution time: mean = 875.241 us, total = 875.241 us, Queueing time: mean = 0.000 s, max = -0.000 s, min = 9223372036.855 s, total = 0.000 s
	ray::rpc::InternalPubSubGcsService.grpc_client.GcsSubscriberCommandBatch.OnReplyReceived - 1 total (0 active), Execution time: mean = 98.627 us, total = 98.627 us, Queueing time: mean = 6.238 us, max = 6.238 us, min = 6.238 us, total = 6.238 us
	ray::rpc::InternalPubSubGcsService.grpc_client.GcsSubscriberPoll.OnReplyReceived - 1 total (0 active), Execution time: mean = 182.139 us, total = 182.139 us, Queueing time: mean = 26.057 us, max = 26.057 us, min = 26.057 us, total = 26.057 us
	ray::rpc::WorkerInfoGcsService.grpc_client.AddWorkerInfo - 1 total (0 active), Execution time: mean = 427.971 us, total = 427.971 us, Queueing time: mean = 0.000 s, max = -0.000 s, min = 9223372036.855 s, total = 0.000 s
	ray::rpc::InternalPubSubGcsService.grpc_client.GcsSubscriberCommandBatch - 1 total (0 active), Execution time: mean = 638.685 us, total = 638.685 us, Queueing time: mean = 0.000 s, max = -0.000 s, min = 9223372036.855 s, total = 0.000 s
	ray::rpc::WorkerInfoGcsService.grpc_client.AddWorkerInfo.OnReplyReceived - 1 total (0 active), Execution time: mean = 25.580 us, total = 25.580 us, Queueing time: mean = 9.068 us, max = 9.068 us, min = 9.068 us, total = 9.068 us
	ray::rpc::NodeInfoGcsService.grpc_client.GetAllNodeInfo.OnReplyReceived - 1 total (0 active), Execution time: mean = 44.429 us, total = 44.429 us, Queueing time: mean = 5.396 us, max = 5.396 us, min = 5.396 us, total = 5.396 us

-----------------
Task Event stats:

IO Service Stats:

Global stats: 2518 total (1 active)
Queueing time: mean = 503.853 us, max = 62.313 ms, min = -0.015 s, total = 1.269 s
Execution time:  mean = 296.065 us, total = 745.492 ms
Event stats:
	ray::rpc::TaskInfoGcsService.grpc_client.AddTaskEventData - 839 total (0 active), Execution time: mean = 714.910 us, total = 599.810 ms, Queueing time: mean = 0.000 s, max = -0.000 s, min = 9223372036.855 s, total = 0.000 s
	CoreWorker.deadline_timer.flush_task_events - 839 total (1 active), Execution time: mean = 148.709 us, total = 124.767 ms, Queueing time: mean = 1.456 ms, max = 62.313 ms, min = -0.015 s, total = 1.221 s
	ray::rpc::TaskInfoGcsService.grpc_client.AddTaskEventData.OnReplyReceived - 839 total (0 active), Execution time: mean = 24.632 us, total = 20.667 ms, Queueing time: mean = 55.474 us, max = 9.332 ms, min = 7.643 us, total = 46.542 ms
	PeriodicalRunner.RunFnPeriodically - 1 total (0 active), Execution time: mean = 248.703 us, total = 248.703 us, Queueing time: mean = 765.601 us, max = 765.601 us, min = 765.601 us, total = 765.601 us
Other Stats:
	grpc_in_progress:0
	current number of task status events in buffer: 0
	current number of profile events in buffer: 0
	current number of dropped task attempts tracked: 0
	total task events sent: 0 MiB
	total number of task attempts sent: 0
	total number of task attempts dropped reported: 0
	total number of sent failure: 0
	num status task events dropped: 0
	num profile task events dropped: 0


[2025-02-16 16:33:37,652 I 573 1286] core_worker.cc:642: Event stats:


Global stats: 12889 total (8 active)
Queueing time: mean = 243.803 us, max = 61.099 ms, min = -0.053 s, total = 3.142 s
Execution time:  mean = 69.835 ms, total = 900.100 s
Event stats:
	CoreWorker.RecoverObjects - 8982 total (1 active), Execution time: mean = 6.462 us, total = 58.045 ms, Queueing time: mean = 193.870 us, max = 12.988 ms, min = -0.046 s, total = 1.741 s
	NodeManagerService.grpc_client.ReportWorkerBacklog.OnReplyReceived - 900 total (0 active), Execution time: mean = 21.211 us, total = 19.090 ms, Queueing time: mean = 38.630 us, max = 2.933 ms, min = 2.868 us, total = 34.767 ms
	CoreWorker.ExitIfParentRayletDies - 900 total (1 active), Execution time: mean = 8.798 us, total = 7.918 ms, Queueing time: mean = 855.727 us, max = 61.099 ms, min = -0.053 s, total = 770.154 ms
	CoreWorker.InternalHeartbeat - 900 total (1 active), Execution time: mean = 123.837 us, total = 111.454 ms, Queueing time: mean = 735.171 us, max = 61.087 ms, min = -0.053 s, total = 661.653 ms
	NodeManagerService.grpc_client.ReportWorkerBacklog - 900 total (0 active), Execution time: mean = 734.472 us, total = 661.025 ms, Queueing time: mean = 0.000 s, max = -0.000 s, min = 9223372036.855 s, total = 0.000 s
	CoreWorker.RecordMetrics - 180 total (1 active), Execution time: mean = 18.927 us, total = 3.407 ms, Queueing time: mean = 50.704 us, max = 55.267 ms, min = -0.049 s, total = 9.127 ms
	CoreWorker.GCStreamingGeneratorMetadata - 90 total (1 active), Execution time: mean = 4.375 us, total = 393.707 us, Queueing time: mean = 66.250 us, max = 52.586 ms, min = -0.050 s, total = 5.962 ms
	CoreWorker.PrintEventStats - 15 total (1 active, 1 running), Execution time: mean = 245.365 us, total = 3.680 ms, Queueing time: mean = -0.001 s, max = 45.264 ms, min = -0.037 s, total = -0.014 s
	PeriodicalRunner.RunFnPeriodically - 7 total (0 active), Execution time: mean = 63.522 us, total = 444.655 us, Queueing time: mean = 173.356 us, max = 397.709 us, min = 6.528 us, total = 1.213 ms
	Publisher.CheckDeadSubscribers - 4 total (1 active), Execution time: mean = 5.687 us, total = 22.749 us, Queueing time: mean = -0.017 s, max = -0.000 s, min = -0.037 s, total = -0.068 s
	ray::rpc::InternalPubSubGcsService.grpc_client.GcsSubscriberPoll - 3 total (1 active), Execution time: mean = 299.744 s, total = 899.232 s, Queueing time: mean = 0.000 s, max = -0.000 s, min = 9223372036.855 s, total = 0.000 s
	ray::rpc::InternalPubSubGcsService.grpc_client.GcsSubscriberPoll.OnReplyReceived - 2 total (0 active), Execution time: mean = 164.685 us, total = 329.370 us, Queueing time: mean = 29.275 us, max = 32.493 us, min = 26.057 us, total = 58.550 us
	ray::rpc::NodeInfoGcsService.grpc_client.GetAllNodeInfo - 1 total (0 active), Execution time: mean = 875.241 us, total = 875.241 us, Queueing time: mean = 0.000 s, max = -0.000 s, min = 9223372036.855 s, total = 0.000 s
	ray::rpc::InternalPubSubGcsService.grpc_client.GcsSubscriberCommandBatch.OnReplyReceived - 1 total (0 active), Execution time: mean = 98.627 us, total = 98.627 us, Queueing time: mean = 6.238 us, max = 6.238 us, min = 6.238 us, total = 6.238 us
	ray::rpc::WorkerInfoGcsService.grpc_client.AddWorkerInfo - 1 total (0 active), Execution time: mean = 427.971 us, total = 427.971 us, Queueing time: mean = 0.000 s, max = -0.000 s, min = 9223372036.855 s, total = 0.000 s
	ray::rpc::InternalPubSubGcsService.grpc_client.GcsSubscriberCommandBatch - 1 total (0 active), Execution time: mean = 638.685 us, total = 638.685 us, Queueing time: mean = 0.000 s, max = -0.000 s, min = 9223372036.855 s, total = 0.000 s
	ray::rpc::WorkerInfoGcsService.grpc_client.AddWorkerInfo.OnReplyReceived - 1 total (0 active), Execution time: mean = 25.580 us, total = 25.580 us, Queueing time: mean = 9.068 us, max = 9.068 us, min = 9.068 us, total = 9.068 us
	ray::rpc::NodeInfoGcsService.grpc_client.GetAllNodeInfo.OnReplyReceived - 1 total (0 active), Execution time: mean = 44.429 us, total = 44.429 us, Queueing time: mean = 5.396 us, max = 5.396 us, min = 5.396 us, total = 5.396 us

-----------------
Task Event stats:

IO Service Stats:

Global stats: 2698 total (1 active)
Queueing time: mean = 494.201 us, max = 62.313 ms, min = -0.015 s, total = 1.333 s
Execution time:  mean = 294.412 us, total = 794.325 ms
Event stats:
	ray::rpc::TaskInfoGcsService.grpc_client.AddTaskEventData - 899 total (0 active), Execution time: mean = 709.800 us, total = 638.110 ms, Queueing time: mean = 0.000 s, max = -0.000 s, min = 9223372036.855 s, total = 0.000 s
	CoreWorker.deadline_timer.flush_task_events - 899 total (1 active), Execution time: mean = 148.866 us, total = 133.830 ms, Queueing time: mean = 1.428 ms, max = 62.313 ms, min = -0.015 s, total = 1.284 s
	ray::rpc::TaskInfoGcsService.grpc_client.AddTaskEventData.OnReplyReceived - 899 total (0 active), Execution time: mean = 24.623 us, total = 22.136 ms, Queueing time: mean = 54.233 us, max = 9.332 ms, min = 7.643 us, total = 48.755 ms
	PeriodicalRunner.RunFnPeriodically - 1 total (0 active), Execution time: mean = 248.703 us, total = 248.703 us, Queueing time: mean = 765.601 us, max = 765.601 us, min = 765.601 us, total = 765.601 us
Other Stats:
	grpc_in_progress:0
	current number of task status events in buffer: 0
	current number of profile events in buffer: 0
	current number of dropped task attempts tracked: 0
	total task events sent: 0 MiB
	total number of task attempts sent: 0
	total number of task attempts dropped reported: 0
	total number of sent failure: 0
	num status task events dropped: 0
	num profile task events dropped: 0


[2025-02-16 16:34:37,653 I 573 1286] core_worker.cc:642: Event stats:


Global stats: 13747 total (8 active)
Queueing time: mean = 259.741 us, max = 73.661 ms, min = -0.069 s, total = 3.571 s
Execution time:  mean = 65.479 ms, total = 900.142 s
Event stats:
	CoreWorker.RecoverObjects - 9581 total (1 active), Execution time: mean = 6.434 us, total = 61.645 ms, Queueing time: mean = 198.233 us, max = 12.988 ms, min = -0.046 s, total = 1.899 s
	NodeManagerService.grpc_client.ReportWorkerBacklog.OnReplyReceived - 960 total (0 active), Execution time: mean = 20.940 us, total = 20.103 ms, Queueing time: mean = 38.207 us, max = 2.933 ms, min = 2.868 us, total = 36.678 ms
	CoreWorker.ExitIfParentRayletDies - 960 total (1 active), Execution time: mean = 8.742 us, total = 8.392 ms, Queueing time: mean = 971.694 us, max = 61.099 ms, min = -0.053 s, total = 932.826 ms
	CoreWorker.InternalHeartbeat - 960 total (1 active), Execution time: mean = 122.369 us, total = 117.474 ms, Queueing time: mean = 852.981 us, max = 61.087 ms, min = -0.053 s, total = 818.862 ms
	NodeManagerService.grpc_client.ReportWorkerBacklog - 960 total (0 active), Execution time: mean = 719.821 us, total = 691.028 ms, Queueing time: mean = 0.000 s, max = -0.000 s, min = 9223372036.855 s, total = 0.000 s
	CoreWorker.RecordMetrics - 192 total (1 active), Execution time: mean = 19.265 us, total = 3.699 ms, Queueing time: mean = 51.074 us, max = 73.661 ms, min = -0.068 s, total = 9.806 ms
	CoreWorker.GCStreamingGeneratorMetadata - 96 total (1 active), Execution time: mean = 4.376 us, total = 420.051 us, Queueing time: mean = 67.518 us, max = 71.260 ms, min = -0.069 s, total = 6.482 ms
	CoreWorker.PrintEventStats - 16 total (1 active, 1 running), Execution time: mean = 254.109 us, total = 4.066 ms, Queueing time: mean = -0.004 s, max = 45.264 ms, min = -0.053 s, total = -0.067 s
	PeriodicalRunner.RunFnPeriodically - 7 total (0 active), Execution time: mean = 63.522 us, total = 444.655 us, Queueing time: mean = 173.356 us, max = 397.709 us, min = 6.528 us, total = 1.213 ms
	Publisher.CheckDeadSubscribers - 4 total (1 active), Execution time: mean = 5.687 us, total = 22.749 us, Queueing time: mean = -0.017 s, max = -0.000 s, min = -0.037 s, total = -0.068 s
	ray::rpc::InternalPubSubGcsService.grpc_client.GcsSubscriberPoll - 3 total (1 active), Execution time: mean = 299.744 s, total = 899.232 s, Queueing time: mean = 0.000 s, max = -0.000 s, min = 9223372036.855 s, total = 0.000 s
	ray::rpc::InternalPubSubGcsService.grpc_client.GcsSubscriberPoll.OnReplyReceived - 2 total (0 active), Execution time: mean = 164.685 us, total = 329.370 us, Queueing time: mean = 29.275 us, max = 32.493 us, min = 26.057 us, total = 58.550 us
	ray::rpc::NodeInfoGcsService.grpc_client.GetAllNodeInfo - 1 total (0 active), Execution time: mean = 875.241 us, total = 875.241 us, Queueing time: mean = 0.000 s, max = -0.000 s, min = 9223372036.855 s, total = 0.000 s
	ray::rpc::InternalPubSubGcsService.grpc_client.GcsSubscriberCommandBatch.OnReplyReceived - 1 total (0 active), Execution time: mean = 98.627 us, total = 98.627 us, Queueing time: mean = 6.238 us, max = 6.238 us, min = 6.238 us, total = 6.238 us
	ray::rpc::WorkerInfoGcsService.grpc_client.AddWorkerInfo - 1 total (0 active), Execution time: mean = 427.971 us, total = 427.971 us, Queueing time: mean = 0.000 s, max = -0.000 s, min = 9223372036.855 s, total = 0.000 s
	ray::rpc::InternalPubSubGcsService.grpc_client.GcsSubscriberCommandBatch - 1 total (0 active), Execution time: mean = 638.685 us, total = 638.685 us, Queueing time: mean = 0.000 s, max = -0.000 s, min = 9223372036.855 s, total = 0.000 s
	ray::rpc::WorkerInfoGcsService.grpc_client.AddWorkerInfo.OnReplyReceived - 1 total (0 active), Execution time: mean = 25.580 us, total = 25.580 us, Queueing time: mean = 9.068 us, max = 9.068 us, min = 9.068 us, total = 9.068 us
	ray::rpc::NodeInfoGcsService.grpc_client.GetAllNodeInfo.OnReplyReceived - 1 total (0 active), Execution time: mean = 44.429 us, total = 44.429 us, Queueing time: mean = 5.396 us, max = 5.396 us, min = 5.396 us, total = 5.396 us

-----------------
Task Event stats:

IO Service Stats:

Global stats: 2878 total (1 active)
Queueing time: mean = 513.047 us, max = 62.313 ms, min = -0.015 s, total = 1.477 s
Execution time:  mean = 289.531 us, total = 833.270 ms
Event stats:
	ray::rpc::TaskInfoGcsService.grpc_client.AddTaskEventData - 959 total (0 active), Execution time: mean = 697.207 us, total = 668.621 ms, Queueing time: mean = 0.000 s, max = -0.000 s, min = 9223372036.855 s, total = 0.000 s
	CoreWorker.deadline_timer.flush_task_events - 959 total (1 active), Execution time: mean = 147.167 us, total = 141.133 ms, Queueing time: mean = 1.486 ms, max = 62.313 ms, min = -0.015 s, total = 1.425 s
	ray::rpc::TaskInfoGcsService.grpc_client.AddTaskEventData.OnReplyReceived - 959 total (0 active), Execution time: mean = 24.262 us, total = 23.267 ms, Queueing time: mean = 52.768 us, max = 9.332 ms, min = 7.643 us, total = 50.605 ms
	PeriodicalRunner.RunFnPeriodically - 1 total (0 active), Execution time: mean = 248.703 us, total = 248.703 us, Queueing time: mean = 765.601 us, max = 765.601 us, min = 765.601 us, total = 765.601 us
Other Stats:
	grpc_in_progress:0
	current number of task status events in buffer: 0
	current number of profile events in buffer: 0
	current number of dropped task attempts tracked: 0
	total task events sent: 0 MiB
	total number of task attempts sent: 0
	total number of task attempts dropped reported: 0
	total number of sent failure: 0
	num status task events dropped: 0
	num profile task events dropped: 0


[2025-02-16 16:35:37,653 I 573 1286] core_worker.cc:642: Event stats:


Global stats: 14601 total (8 active)
Queueing time: mean = 258.173 us, max = 73.661 ms, min = -0.069 s, total = 3.770 s
Execution time:  mean = 61.652 ms, total = 900.175 s
Event stats:
	CoreWorker.RecoverObjects - 10180 total (1 active), Execution time: mean = 6.333 us, total = 64.469 ms, Queueing time: mean = 191.592 us, max = 12.988 ms, min = -0.046 s, total = 1.950 s
	NodeManagerService.grpc_client.ReportWorkerBacklog.OnReplyReceived - 1019 total (0 active), Execution time: mean = 20.445 us, total = 20.834 ms, Queueing time: mean = 37.388 us, max = 2.933 ms, min = 2.868 us, total = 38.098 ms
	CoreWorker.ExitIfParentRayletDies - 1019 total (1 active), Execution time: mean = 8.619 us, total = 8.783 ms, Queueing time: mean = 961.581 us, max = 61.099 ms, min = -0.053 s, total = 979.851 ms
	CoreWorker.InternalHeartbeat - 1019 total (1 active), Execution time: mean = 120.762 us, total = 123.056 ms, Queueing time: mean = 844.345 us, max = 61.087 ms, min = -0.053 s, total = 860.387 ms
	NodeManagerService.grpc_client.ReportWorkerBacklog - 1019 total (0 active), Execution time: mean = 701.179 us, total = 714.502 ms, Queueing time: mean = 0.000 s, max = -0.000 s, min = 9223372036.855 s, total = 0.000 s
	CoreWorker.RecordMetrics - 204 total (1 active), Execution time: mean = 19.131 us, total = 3.903 ms, Queueing time: mean = 50.594 us, max = 73.661 ms, min = -0.068 s, total = 10.321 ms
	CoreWorker.GCStreamingGeneratorMetadata - 102 total (1 active), Execution time: mean = 4.295 us, total = 438.066 us, Queueing time: mean = 65.306 us, max = 71.260 ms, min = -0.069 s, total = 6.661 ms
	CoreWorker.PrintEventStats - 17 total (1 active, 1 running), Execution time: mean = 257.486 us, total = 4.377 ms, Queueing time: mean = -0.001 s, max = 57.124 ms, min = -0.053 s, total = -0.010 s
	PeriodicalRunner.RunFnPeriodically - 7 total (0 active), Execution time: mean = 63.522 us, total = 444.655 us, Queueing time: mean = 173.356 us, max = 397.709 us, min = 6.528 us, total = 1.213 ms
	Publisher.CheckDeadSubscribers - 4 total (1 active), Execution time: mean = 5.687 us, total = 22.749 us, Queueing time: mean = -0.017 s, max = -0.000 s, min = -0.037 s, total = -0.068 s
	ray::rpc::InternalPubSubGcsService.grpc_client.GcsSubscriberPoll - 3 total (1 active), Execution time: mean = 299.744 s, total = 899.232 s, Queueing time: mean = 0.000 s, max = -0.000 s, min = 9223372036.855 s, total = 0.000 s
	ray::rpc::InternalPubSubGcsService.grpc_client.GcsSubscriberPoll.OnReplyReceived - 2 total (0 active), Execution time: mean = 164.685 us, total = 329.370 us, Queueing time: mean = 29.275 us, max = 32.493 us, min = 26.057 us, total = 58.550 us
	ray::rpc::NodeInfoGcsService.grpc_client.GetAllNodeInfo - 1 total (0 active), Execution time: mean = 875.241 us, total = 875.241 us, Queueing time: mean = 0.000 s, max = -0.000 s, min = 9223372036.855 s, total = 0.000 s
	ray::rpc::InternalPubSubGcsService.grpc_client.GcsSubscriberCommandBatch.OnReplyReceived - 1 total (0 active), Execution time: mean = 98.627 us, total = 98.627 us, Queueing time: mean = 6.238 us, max = 6.238 us, min = 6.238 us, total = 6.238 us
	ray::rpc::WorkerInfoGcsService.grpc_client.AddWorkerInfo - 1 total (0 active), Execution time: mean = 427.971 us, total = 427.971 us, Queueing time: mean = 0.000 s, max = -0.000 s, min = 9223372036.855 s, total = 0.000 s
	ray::rpc::InternalPubSubGcsService.grpc_client.GcsSubscriberCommandBatch - 1 total (0 active), Execution time: mean = 638.685 us, total = 638.685 us, Queueing time: mean = 0.000 s, max = -0.000 s, min = 9223372036.855 s, total = 0.000 s
	ray::rpc::WorkerInfoGcsService.grpc_client.AddWorkerInfo.OnReplyReceived - 1 total (0 active), Execution time: mean = 25.580 us, total = 25.580 us, Queueing time: mean = 9.068 us, max = 9.068 us, min = 9.068 us, total = 9.068 us
	ray::rpc::NodeInfoGcsService.grpc_client.GetAllNodeInfo.OnReplyReceived - 1 total (0 active), Execution time: mean = 44.429 us, total = 44.429 us, Queueing time: mean = 5.396 us, max = 5.396 us, min = 5.396 us, total = 5.396 us

-----------------
Task Event stats:

IO Service Stats:

Global stats: 3058 total (1 active)
Queueing time: mean = 497.410 us, max = 62.313 ms, min = -0.015 s, total = 1.521 s
Execution time:  mean = 284.366 us, total = 869.592 ms
Event stats:
	ray::rpc::TaskInfoGcsService.grpc_client.AddTaskEventData - 1019 total (0 active), Execution time: mean = 684.135 us, total = 697.133 ms, Queueing time: mean = 0.000 s, max = -0.000 s, min = 9223372036.855 s, total = 0.000 s
	CoreWorker.deadline_timer.flush_task_events - 1019 total (1 active), Execution time: mean = 145.077 us, total = 147.833 ms, Queueing time: mean = 1.441 ms, max = 62.313 ms, min = -0.015 s, total = 1.468 s
	ray::rpc::TaskInfoGcsService.grpc_client.AddTaskEventData.OnReplyReceived - 1019 total (0 active), Execution time: mean = 23.922 us, total = 24.377 ms, Queueing time: mean = 51.086 us, max = 9.332 ms, min = 7.643 us, total = 52.057 ms
	PeriodicalRunner.RunFnPeriodically - 1 total (0 active), Execution time: mean = 248.703 us, total = 248.703 us, Queueing time: mean = 765.601 us, max = 765.601 us, min = 765.601 us, total = 765.601 us
Other Stats:
	grpc_in_progress:0
	current number of task status events in buffer: 0
	current number of profile events in buffer: 0
	current number of dropped task attempts tracked: 0
	total task events sent: 0 MiB
	total number of task attempts sent: 0
	total number of task attempts dropped reported: 0
	total number of sent failure: 0
	num status task events dropped: 0
	num profile task events dropped: 0


[2025-02-16 16:36:37,654 I 573 1286] core_worker.cc:642: Event stats:


Global stats: 15459 total (8 active)
Queueing time: mean = 268.635 us, max = 73.661 ms, min = -0.069 s, total = 4.153 s
Execution time:  mean = 58.232 ms, total = 900.209 s
Event stats:
	CoreWorker.RecoverObjects - 10779 total (1 active), Execution time: mean = 6.232 us, total = 67.178 ms, Queueing time: mean = 195.003 us, max = 12.988 ms, min = -0.046 s, total = 2.102 s
	NodeManagerService.grpc_client.ReportWorkerBacklog.OnReplyReceived - 1079 total (0 active), Execution time: mean = 20.008 us, total = 21.589 ms, Queueing time: mean = 37.429 us, max = 2.933 ms, min = 2.868 us, total = 40.386 ms
	CoreWorker.ExitIfParentRayletDies - 1079 total (1 active), Execution time: mean = 8.459 us, total = 9.128 ms, Queueing time: mean = 1.034 ms, max = 61.099 ms, min = -0.053 s, total = 1.116 s
	CoreWorker.InternalHeartbeat - 1079 total (1 active), Execution time: mean = 118.681 us, total = 128.057 ms, Queueing time: mean = 919.222 us, max = 61.087 ms, min = -0.053 s, total = 991.840 ms
	NodeManagerService.grpc_client.ReportWorkerBacklog - 1079 total (0 active), Execution time: mean = 685.098 us, total = 739.221 ms, Queueing time: mean = 0.000 s, max = -0.000 s, min = 9223372036.855 s, total = 0.000 s
	CoreWorker.RecordMetrics - 216 total (1 active), Execution time: mean = 18.891 us, total = 4.080 ms, Queueing time: mean = 50.263 us, max = 73.661 ms, min = -0.068 s, total = 10.857 ms
	CoreWorker.GCStreamingGeneratorMetadata - 108 total (1 active), Execution time: mean = 4.204 us, total = 454.076 us, Queueing time: mean = 64.237 us, max = 71.260 ms, min = -0.069 s, total = 6.938 ms
	CoreWorker.PrintEventStats - 18 total (1 active, 1 running), Execution time: mean = 259.118 us, total = 4.664 ms, Queueing time: mean = -0.003 s, max = 57.124 ms, min = -0.053 s, total = -0.048 s
	PeriodicalRunner.RunFnPeriodically - 7 total (0 active), Execution time: mean = 63.522 us, total = 444.655 us, Queueing time: mean = 173.356 us, max = 397.709 us, min = 6.528 us, total = 1.213 ms
	Publisher.CheckDeadSubscribers - 4 total (1 active), Execution time: mean = 5.687 us, total = 22.749 us, Queueing time: mean = -0.017 s, max = -0.000 s, min = -0.037 s, total = -0.068 s
	ray::rpc::InternalPubSubGcsService.grpc_client.GcsSubscriberPoll - 3 total (1 active), Execution time: mean = 299.744 s, total = 899.232 s, Queueing time: mean = 0.000 s, max = -0.000 s, min = 9223372036.855 s, total = 0.000 s
	ray::rpc::InternalPubSubGcsService.grpc_client.GcsSubscriberPoll.OnReplyReceived - 2 total (0 active), Execution time: mean = 164.685 us, total = 329.370 us, Queueing time: mean = 29.275 us, max = 32.493 us, min = 26.057 us, total = 58.550 us
	ray::rpc::NodeInfoGcsService.grpc_client.GetAllNodeInfo - 1 total (0 active), Execution time: mean = 875.241 us, total = 875.241 us, Queueing time: mean = 0.000 s, max = -0.000 s, min = 9223372036.855 s, total = 0.000 s
	ray::rpc::InternalPubSubGcsService.grpc_client.GcsSubscriberCommandBatch.OnReplyReceived - 1 total (0 active), Execution time: mean = 98.627 us, total = 98.627 us, Queueing time: mean = 6.238 us, max = 6.238 us, min = 6.238 us, total = 6.238 us
	ray::rpc::WorkerInfoGcsService.grpc_client.AddWorkerInfo - 1 total (0 active), Execution time: mean = 427.971 us, total = 427.971 us, Queueing time: mean = 0.000 s, max = -0.000 s, min = 9223372036.855 s, total = 0.000 s
	ray::rpc::InternalPubSubGcsService.grpc_client.GcsSubscriberCommandBatch - 1 total (0 active), Execution time: mean = 638.685 us, total = 638.685 us, Queueing time: mean = 0.000 s, max = -0.000 s, min = 9223372036.855 s, total = 0.000 s
	ray::rpc::WorkerInfoGcsService.grpc_client.AddWorkerInfo.OnReplyReceived - 1 total (0 active), Execution time: mean = 25.580 us, total = 25.580 us, Queueing time: mean = 9.068 us, max = 9.068 us, min = 9.068 us, total = 9.068 us
	ray::rpc::NodeInfoGcsService.grpc_client.GetAllNodeInfo.OnReplyReceived - 1 total (0 active), Execution time: mean = 44.429 us, total = 44.429 us, Queueing time: mean = 5.396 us, max = 5.396 us, min = 5.396 us, total = 5.396 us

-----------------
Task Event stats:

IO Service Stats:

Global stats: 3238 total (1 active)
Queueing time: mean = 517.404 us, max = 62.313 ms, min = -0.015 s, total = 1.675 s
Execution time:  mean = 281.123 us, total = 910.275 ms
Event stats:
	ray::rpc::TaskInfoGcsService.grpc_client.AddTaskEventData - 1079 total (0 active), Execution time: mean = 675.375 us, total = 728.729 ms, Queueing time: mean = 0.000 s, max = -0.000 s, min = 9223372036.855 s, total = 0.000 s
	CoreWorker.deadline_timer.flush_task_events - 1079 total (1 active), Execution time: mean = 144.440 us, total = 155.851 ms, Queueing time: mean = 1.502 ms, max = 62.313 ms, min = -0.015 s, total = 1.621 s
	ray::rpc::TaskInfoGcsService.grpc_client.AddTaskEventData.OnReplyReceived - 1079 total (0 active), Execution time: mean = 23.583 us, total = 25.446 ms, Queueing time: mean = 49.888 us, max = 9.332 ms, min = 7.643 us, total = 53.829 ms
	PeriodicalRunner.RunFnPeriodically - 1 total (0 active), Execution time: mean = 248.703 us, total = 248.703 us, Queueing time: mean = 765.601 us, max = 765.601 us, min = 765.601 us, total = 765.601 us
Other Stats:
	grpc_in_progress:0
	current number of task status events in buffer: 0
	current number of profile events in buffer: 0
	current number of dropped task attempts tracked: 0
	total task events sent: 0 MiB
	total number of task attempts sent: 0
	total number of task attempts dropped reported: 0
	total number of sent failure: 0
	num status task events dropped: 0
	num profile task events dropped: 0


[2025-02-16 16:37:37,654 I 573 1286] core_worker.cc:642: Event stats:


Global stats: 16317 total (8 active)
Queueing time: mean = 270.952 us, max = 73.661 ms, min = -0.069 s, total = 4.421 s
Execution time:  mean = 55.172 ms, total = 900.243 s
Event stats:
	CoreWorker.RecoverObjects - 11378 total (1 active), Execution time: mean = 6.144 us, total = 69.906 ms, Queueing time: mean = 190.951 us, max = 12.988 ms, min = -0.046 s, total = 2.173 s
	NodeManagerService.grpc_client.ReportWorkerBacklog.OnReplyReceived - 1139 total (0 active), Execution time: mean = 19.616 us, total = 22.343 ms, Queueing time: mean = 37.168 us, max = 2.933 ms, min = 2.868 us, total = 42.335 ms
	CoreWorker.ExitIfParentRayletDies - 1139 total (1 active), Execution time: mean = 8.346 us, total = 9.507 ms, Queueing time: mean = 1.047 ms, max = 61.099 ms, min = -0.053 s, total = 1.192 s
	CoreWorker.InternalHeartbeat - 1139 total (1 active), Execution time: mean = 116.544 us, total = 132.744 ms, Queueing time: mean = 933.759 us, max = 61.087 ms, min = -0.053 s, total = 1.064 s
	NodeManagerService.grpc_client.ReportWorkerBacklog - 1139 total (0 active), Execution time: mean = 670.678 us, total = 763.902 ms, Queueing time: mean = 0.000 s, max = -0.000 s, min = 9223372036.855 s, total = 0.000 s
	CoreWorker.RecordMetrics - 228 total (1 active), Execution time: mean = 18.824 us, total = 4.292 ms, Queueing time: mean = 51.012 us, max = 73.661 ms, min = -0.068 s, total = 11.631 ms
	CoreWorker.GCStreamingGeneratorMetadata - 114 total (1 active), Execution time: mean = 4.162 us, total = 474.416 us, Queueing time: mean = 63.930 us, max = 71.260 ms, min = -0.069 s, total = 7.288 ms
	CoreWorker.PrintEventStats - 19 total (1 active, 1 running), Execution time: mean = 255.859 us, total = 4.861 ms, Queueing time: mean = -0.000 s, max = 57.124 ms, min = -0.053 s, total = -0.002 s
	PeriodicalRunner.RunFnPeriodically - 7 total (0 active), Execution time: mean = 63.522 us, total = 444.655 us, Queueing time: mean = 173.356 us, max = 397.709 us, min = 6.528 us, total = 1.213 ms
	Publisher.CheckDeadSubscribers - 4 total (1 active), Execution time: mean = 5.687 us, total = 22.749 us, Queueing time: mean = -0.017 s, max = -0.000 s, min = -0.037 s, total = -0.068 s
	ray::rpc::InternalPubSubGcsService.grpc_client.GcsSubscriberPoll - 3 total (1 active), Execution time: mean = 299.744 s, total = 899.232 s, Queueing time: mean = 0.000 s, max = -0.000 s, min = 9223372036.855 s, total = 0.000 s
	ray::rpc::InternalPubSubGcsService.grpc_client.GcsSubscriberPoll.OnReplyReceived - 2 total (0 active), Execution time: mean = 164.685 us, total = 329.370 us, Queueing time: mean = 29.275 us, max = 32.493 us, min = 26.057 us, total = 58.550 us
	ray::rpc::NodeInfoGcsService.grpc_client.GetAllNodeInfo - 1 total (0 active), Execution time: mean = 875.241 us, total = 875.241 us, Queueing time: mean = 0.000 s, max = -0.000 s, min = 9223372036.855 s, total = 0.000 s
	ray::rpc::InternalPubSubGcsService.grpc_client.GcsSubscriberCommandBatch.OnReplyReceived - 1 total (0 active), Execution time: mean = 98.627 us, total = 98.627 us, Queueing time: mean = 6.238 us, max = 6.238 us, min = 6.238 us, total = 6.238 us
	ray::rpc::WorkerInfoGcsService.grpc_client.AddWorkerInfo - 1 total (0 active), Execution time: mean = 427.971 us, total = 427.971 us, Queueing time: mean = 0.000 s, max = -0.000 s, min = 9223372036.855 s, total = 0.000 s
	ray::rpc::InternalPubSubGcsService.grpc_client.GcsSubscriberCommandBatch - 1 total (0 active), Execution time: mean = 638.685 us, total = 638.685 us, Queueing time: mean = 0.000 s, max = -0.000 s, min = 9223372036.855 s, total = 0.000 s
	ray::rpc::WorkerInfoGcsService.grpc_client.AddWorkerInfo.OnReplyReceived - 1 total (0 active), Execution time: mean = 25.580 us, total = 25.580 us, Queueing time: mean = 9.068 us, max = 9.068 us, min = 9.068 us, total = 9.068 us
	ray::rpc::NodeInfoGcsService.grpc_client.GetAllNodeInfo.OnReplyReceived - 1 total (0 active), Execution time: mean = 44.429 us, total = 44.429 us, Queueing time: mean = 5.396 us, max = 5.396 us, min = 5.396 us, total = 5.396 us

-----------------
Task Event stats:

IO Service Stats:

Global stats: 3418 total (1 active)
Queueing time: mean = 510.795 us, max = 62.313 ms, min = -0.015 s, total = 1.746 s
Execution time:  mean = 277.314 us, total = 947.859 ms
Event stats:
	ray::rpc::TaskInfoGcsService.grpc_client.AddTaskEventData - 1139 total (0 active), Execution time: mean = 665.572 us, total = 758.087 ms, Queueing time: mean = 0.000 s, max = -0.000 s, min = 9223372036.855 s, total = 0.000 s
	CoreWorker.deadline_timer.flush_task_events - 1139 total (1 active), Execution time: mean = 143.062 us, total = 162.948 ms, Queueing time: mean = 1.483 ms, max = 62.313 ms, min = -0.015 s, total = 1.690 s
	ray::rpc::TaskInfoGcsService.grpc_client.AddTaskEventData.OnReplyReceived - 1139 total (0 active), Execution time: mean = 23.332 us, total = 26.576 ms, Queueing time: mean = 48.705 us, max = 9.332 ms, min = 7.643 us, total = 55.475 ms
	PeriodicalRunner.RunFnPeriodically - 1 total (0 active), Execution time: mean = 248.703 us, total = 248.703 us, Queueing time: mean = 765.601 us, max = 765.601 us, min = 765.601 us, total = 765.601 us
Other Stats:
	grpc_in_progress:0
	current number of task status events in buffer: 0
	current number of profile events in buffer: 0
	current number of dropped task attempts tracked: 0
	total task events sent: 0 MiB
	total number of task attempts sent: 0
	total number of task attempts dropped reported: 0
	total number of sent failure: 0
	num status task events dropped: 0
	num profile task events dropped: 0


[2025-02-16 16:38:37,654 I 573 1286] core_worker.cc:642: Event stats:


Global stats: 17178 total (8 active)
Queueing time: mean = 273.452 us, max = 73.661 ms, min = -0.069 s, total = 4.697 s
Execution time:  mean = 69.902 ms, total = 1200.775 s
Event stats:
	CoreWorker.RecoverObjects - 11977 total (1 active), Execution time: mean = 6.081 us, total = 72.831 ms, Queueing time: mean = 187.742 us, max = 12.988 ms, min = -0.046 s, total = 2.249 s
	NodeManagerService.grpc_client.ReportWorkerBacklog.OnReplyReceived - 1199 total (0 active), Execution time: mean = 19.251 us, total = 23.082 ms, Queueing time: mean = 36.740 us, max = 2.933 ms, min = 2.868 us, total = 44.051 ms
	CoreWorker.ExitIfParentRayletDies - 1199 total (1 active), Execution time: mean = 8.252 us, total = 9.895 ms, Queueing time: mean = 1.082 ms, max = 61.099 ms, min = -0.053 s, total = 1.297 s
	CoreWorker.InternalHeartbeat - 1199 total (1 active), Execution time: mean = 114.768 us, total = 137.607 ms, Queueing time: mean = 971.179 us, max = 61.087 ms, min = -0.053 s, total = 1.164 s
	NodeManagerService.grpc_client.ReportWorkerBacklog - 1199 total (0 active), Execution time: mean = 658.060 us, total = 789.014 ms, Queueing time: mean = 0.000 s, max = -0.000 s, min = 9223372036.855 s, total = 0.000 s
	CoreWorker.RecordMetrics - 240 total (1 active), Execution time: mean = 18.719 us, total = 4.492 ms, Queueing time: mean = 50.807 us, max = 73.661 ms, min = -0.068 s, total = 12.194 ms
	CoreWorker.GCStreamingGeneratorMetadata - 120 total (1 active), Execution time: mean = 4.162 us, total = 499.463 us, Queueing time: mean = 65.957 us, max = 71.260 ms, min = -0.069 s, total = 7.915 ms
	CoreWorker.PrintEventStats - 20 total (1 active, 1 running), Execution time: mean = 255.560 us, total = 5.111 ms, Queueing time: mean = -0.001 s, max = 57.124 ms, min = -0.053 s, total = -0.028 s
	PeriodicalRunner.RunFnPeriodically - 7 total (0 active), Execution time: mean = 63.522 us, total = 444.655 us, Queueing time: mean = 173.356 us, max = 397.709 us, min = 6.528 us, total = 1.213 ms
	Publisher.CheckDeadSubscribers - 5 total (1 active), Execution time: mean = 5.364 us, total = 26.819 us, Queueing time: mean = -0.010 s, max = 17.471 ms, min = -0.037 s, total = -0.050 s
	ray::rpc::InternalPubSubGcsService.grpc_client.GcsSubscriberPoll - 4 total (1 active), Execution time: mean = 299.932 s, total = 1199.730 s, Queueing time: mean = 0.000 s, max = -0.000 s, min = 9223372036.855 s, total = 0.000 s
	ray::rpc::InternalPubSubGcsService.grpc_client.GcsSubscriberPoll.OnReplyReceived - 3 total (0 active), Execution time: mean = 154.076 us, total = 462.228 us, Queueing time: mean = 26.704 us, max = 32.493 us, min = 21.563 us, total = 80.113 us
	ray::rpc::NodeInfoGcsService.grpc_client.GetAllNodeInfo - 1 total (0 active), Execution time: mean = 875.241 us, total = 875.241 us, Queueing time: mean = 0.000 s, max = -0.000 s, min = 9223372036.855 s, total = 0.000 s
	ray::rpc::InternalPubSubGcsService.grpc_client.GcsSubscriberCommandBatch.OnReplyReceived - 1 total (0 active), Execution time: mean = 98.627 us, total = 98.627 us, Queueing time: mean = 6.238 us, max = 6.238 us, min = 6.238 us, total = 6.238 us
	ray::rpc::WorkerInfoGcsService.grpc_client.AddWorkerInfo - 1 total (0 active), Execution time: mean = 427.971 us, total = 427.971 us, Queueing time: mean = 0.000 s, max = -0.000 s, min = 9223372036.855 s, total = 0.000 s
	ray::rpc::InternalPubSubGcsService.grpc_client.GcsSubscriberCommandBatch - 1 total (0 active), Execution time: mean = 638.685 us, total = 638.685 us, Queueing time: mean = 0.000 s, max = -0.000 s, min = 9223372036.855 s, total = 0.000 s
	ray::rpc::WorkerInfoGcsService.grpc_client.AddWorkerInfo.OnReplyReceived - 1 total (0 active), Execution time: mean = 25.580 us, total = 25.580 us, Queueing time: mean = 9.068 us, max = 9.068 us, min = 9.068 us, total = 9.068 us
	ray::rpc::NodeInfoGcsService.grpc_client.GetAllNodeInfo.OnReplyReceived - 1 total (0 active), Execution time: mean = 44.429 us, total = 44.429 us, Queueing time: mean = 5.396 us, max = 5.396 us, min = 5.396 us, total = 5.396 us

-----------------
Task Event stats:

IO Service Stats:

Global stats: 3598 total (1 active)
Queueing time: mean = 505.745 us, max = 62.313 ms, min = -0.015 s, total = 1.820 s
Execution time:  mean = 273.868 us, total = 985.376 ms
Event stats:
	ray::rpc::TaskInfoGcsService.grpc_client.AddTaskEventData - 1199 total (0 active), Execution time: mean = 656.471 us, total = 787.108 ms, Queueing time: mean = 0.000 s, max = -0.000 s, min = 9223372036.855 s, total = 0.000 s
	CoreWorker.deadline_timer.flush_task_events - 1199 total (1 active), Execution time: mean = 142.044 us, total = 170.311 ms, Queueing time: mean = 1.470 ms, max = 62.313 ms, min = -0.015 s, total = 1.762 s
	ray::rpc::TaskInfoGcsService.grpc_client.AddTaskEventData.OnReplyReceived - 1199 total (0 active), Execution time: mean = 23.109 us, total = 27.708 ms, Queueing time: mean = 47.460 us, max = 9.332 ms, min = 7.643 us, total = 56.905 ms
	PeriodicalRunner.RunFnPeriodically - 1 total (0 active), Execution time: mean = 248.703 us, total = 248.703 us, Queueing time: mean = 765.601 us, max = 765.601 us, min = 765.601 us, total = 765.601 us
Other Stats:
	grpc_in_progress:0
	current number of task status events in buffer: 0
	current number of profile events in buffer: 0
	current number of dropped task attempts tracked: 0
	total task events sent: 0 MiB
	total number of task attempts sent: 0
	total number of task attempts dropped reported: 0
	total number of sent failure: 0
	num status task events dropped: 0
	num profile task events dropped: 0


[2025-02-16 16:39:37,654 I 573 1286] core_worker.cc:642: Event stats:


Global stats: 18036 total (8 active)
Queueing time: mean = 280.007 us, max = 73.661 ms, min = -0.069 s, total = 5.050 s
Execution time:  mean = 66.578 ms, total = 1200.808 s
Event stats:
	CoreWorker.RecoverObjects - 12576 total (1 active), Execution time: mean = 6.005 us, total = 75.518 ms, Queueing time: mean = 190.109 us, max = 12.988 ms, min = -0.046 s, total = 2.391 s
	NodeManagerService.grpc_client.ReportWorkerBacklog.OnReplyReceived - 1259 total (0 active), Execution time: mean = 18.949 us, total = 23.857 ms, Queueing time: mean = 36.288 us, max = 2.933 ms, min = 2.868 us, total = 45.687 ms
	CoreWorker.ExitIfParentRayletDies - 1259 total (1 active), Execution time: mean = 8.162 us, total = 10.275 ms, Queueing time: mean = 1.124 ms, max = 61.099 ms, min = -0.053 s, total = 1.415 s
	CoreWorker.InternalHeartbeat - 1259 total (1 active), Execution time: mean = 113.426 us, total = 142.804 ms, Queueing time: mean = 1.014 ms, max = 61.087 ms, min = -0.053 s, total = 1.277 s
	NodeManagerService.grpc_client.ReportWorkerBacklog - 1259 total (0 active), Execution time: mean = 645.456 us, total = 812.630 ms, Queueing time: mean = 0.000 s, max = -0.000 s, min = 9223372036.855 s, total = 0.000 s
	CoreWorker.RecordMetrics - 252 total (1 active), Execution time: mean = 18.640 us, total = 4.697 ms, Queueing time: mean = 49.798 us, max = 73.661 ms, min = -0.068 s, total = 12.549 ms
	CoreWorker.GCStreamingGeneratorMetadata - 126 total (1 active), Execution time: mean = 4.168 us, total = 525.182 us, Queueing time: mean = 64.505 us, max = 71.260 ms, min = -0.069 s, total = 8.128 ms
	CoreWorker.PrintEventStats - 21 total (1 active, 1 running), Execution time: mean = 252.757 us, total = 5.308 ms, Queueing time: mean = -0.002 s, max = 57.124 ms, min = -0.053 s, total = -0.049 s
	PeriodicalRunner.RunFnPeriodically - 7 total (0 active), Execution time: mean = 63.522 us, total = 444.655 us, Queueing time: mean = 173.356 us, max = 397.709 us, min = 6.528 us, total = 1.213 ms
	Publisher.CheckDeadSubscribers - 5 total (1 active), Execution time: mean = 5.364 us, total = 26.819 us, Queueing time: mean = -0.010 s, max = 17.471 ms, min = -0.037 s, total = -0.050 s
	ray::rpc::InternalPubSubGcsService.grpc_client.GcsSubscriberPoll - 4 total (1 active), Execution time: mean = 299.932 s, total = 1199.730 s, Queueing time: mean = 0.000 s, max = -0.000 s, min = 9223372036.855 s, total = 0.000 s
	ray::rpc::InternalPubSubGcsService.grpc_client.GcsSubscriberPoll.OnReplyReceived - 3 total (0 active), Execution time: mean = 154.076 us, total = 462.228 us, Queueing time: mean = 26.704 us, max = 32.493 us, min = 21.563 us, total = 80.113 us
	ray::rpc::NodeInfoGcsService.grpc_client.GetAllNodeInfo - 1 total (0 active), Execution time: mean = 875.241 us, total = 875.241 us, Queueing time: mean = 0.000 s, max = -0.000 s, min = 9223372036.855 s, total = 0.000 s
	ray::rpc::InternalPubSubGcsService.grpc_client.GcsSubscriberCommandBatch.OnReplyReceived - 1 total (0 active), Execution time: mean = 98.627 us, total = 98.627 us, Queueing time: mean = 6.238 us, max = 6.238 us, min = 6.238 us, total = 6.238 us
	ray::rpc::WorkerInfoGcsService.grpc_client.AddWorkerInfo - 1 total (0 active), Execution time: mean = 427.971 us, total = 427.971 us, Queueing time: mean = 0.000 s, max = -0.000 s, min = 9223372036.855 s, total = 0.000 s
	ray::rpc::InternalPubSubGcsService.grpc_client.GcsSubscriberCommandBatch - 1 total (0 active), Execution time: mean = 638.685 us, total = 638.685 us, Queueing time: mean = 0.000 s, max = -0.000 s, min = 9223372036.855 s, total = 0.000 s
	ray::rpc::WorkerInfoGcsService.grpc_client.AddWorkerInfo.OnReplyReceived - 1 total (0 active), Execution time: mean = 25.580 us, total = 25.580 us, Queueing time: mean = 9.068 us, max = 9.068 us, min = 9.068 us, total = 9.068 us
	ray::rpc::NodeInfoGcsService.grpc_client.GetAllNodeInfo.OnReplyReceived - 1 total (0 active), Execution time: mean = 44.429 us, total = 44.429 us, Queueing time: mean = 5.396 us, max = 5.396 us, min = 5.396 us, total = 5.396 us

-----------------
Task Event stats:

IO Service Stats:

Global stats: 3775 total (1 active)
Queueing time: mean = 509.419 us, max = 62.313 ms, min = -0.015 s, total = 1.923 s
Execution time:  mean = 270.318 us, total = 1.020 s
Event stats:
	ray::rpc::TaskInfoGcsService.grpc_client.AddTaskEventData - 1258 total (0 active), Execution time: mean = 647.490 us, total = 814.542 ms, Queueing time: mean = 0.000 s, max = -0.000 s, min = 9223372036.855 s, total = 0.000 s
	CoreWorker.deadline_timer.flush_task_events - 1258 total (1 active), Execution time: mean = 140.651 us, total = 176.940 ms, Queueing time: mean = 1.482 ms, max = 62.313 ms, min = -0.015 s, total = 1.864 s
	ray::rpc::TaskInfoGcsService.grpc_client.AddTaskEventData.OnReplyReceived - 1258 total (0 active), Execution time: mean = 22.831 us, total = 28.721 ms, Queueing time: mean = 46.326 us, max = 9.332 ms, min = 7.643 us, total = 58.278 ms
	PeriodicalRunner.RunFnPeriodically - 1 total (0 active), Execution time: mean = 248.703 us, total = 248.703 us, Queueing time: mean = 765.601 us, max = 765.601 us, min = 765.601 us, total = 765.601 us
Other Stats:
	grpc_in_progress:0
	current number of task status events in buffer: 0
	current number of profile events in buffer: 0
	current number of dropped task attempts tracked: 0
	total task events sent: 0 MiB
	total number of task attempts sent: 0
	total number of task attempts dropped reported: 0
	total number of sent failure: 0
	num status task events dropped: 0
	num profile task events dropped: 0


[2025-02-16 16:40:37,655 I 573 1286] core_worker.cc:642: Event stats:


Global stats: 18894 total (8 active)
Queueing time: mean = 281.575 us, max = 73.661 ms, min = -0.069 s, total = 5.320 s
Execution time:  mean = 63.557 ms, total = 1200.841 s
Event stats:
	CoreWorker.RecoverObjects - 13175 total (1 active), Execution time: mean = 5.930 us, total = 78.124 ms, Queueing time: mean = 186.205 us, max = 12.988 ms, min = -0.046 s, total = 2.453 s
	NodeManagerService.grpc_client.ReportWorkerBacklog.OnReplyReceived - 1319 total (0 active), Execution time: mean = 18.587 us, total = 24.516 ms, Queueing time: mean = 35.765 us, max = 2.933 ms, min = 2.868 us, total = 47.174 ms
	CoreWorker.ExitIfParentRayletDies - 1319 total (1 active), Execution time: mean = 8.068 us, total = 10.642 ms, Queueing time: mean = 1.139 ms, max = 61.099 ms, min = -0.053 s, total = 1.502 s
	CoreWorker.InternalHeartbeat - 1319 total (1 active), Execution time: mean = 111.896 us, total = 147.590 ms, Queueing time: mean = 1.031 ms, max = 61.087 ms, min = -0.053 s, total = 1.360 s
	NodeManagerService.grpc_client.ReportWorkerBacklog - 1319 total (0 active), Execution time: mean = 633.756 us, total = 835.925 ms, Queueing time: mean = 0.000 s, max = -0.000 s, min = 9223372036.855 s, total = 0.000 s
	CoreWorker.RecordMetrics - 264 total (1 active), Execution time: mean = 18.560 us, total = 4.900 ms, Queueing time: mean = 49.778 us, max = 73.661 ms, min = -0.068 s, total = 13.141 ms
	CoreWorker.GCStreamingGeneratorMetadata - 132 total (1 active), Execution time: mean = 4.124 us, total = 544.354 us, Queueing time: mean = 66.806 us, max = 71.260 ms, min = -0.069 s, total = 8.818 ms
	CoreWorker.PrintEventStats - 22 total (1 active, 1 running), Execution time: mean = 249.896 us, total = 5.498 ms, Queueing time: mean = -0.001 s, max = 57.124 ms, min = -0.053 s, total = -0.015 s
	PeriodicalRunner.RunFnPeriodically - 7 total (0 active), Execution time: mean = 63.522 us, total = 444.655 us, Queueing time: mean = 173.356 us, max = 397.709 us, min = 6.528 us, total = 1.213 ms
	Publisher.CheckDeadSubscribers - 5 total (1 active), Execution time: mean = 5.364 us, total = 26.819 us, Queueing time: mean = -0.010 s, max = 17.471 ms, min = -0.037 s, total = -0.050 s
	ray::rpc::InternalPubSubGcsService.grpc_client.GcsSubscriberPoll - 4 total (1 active), Execution time: mean = 299.932 s, total = 1199.730 s, Queueing time: mean = 0.000 s, max = -0.000 s, min = 9223372036.855 s, total = 0.000 s
	ray::rpc::InternalPubSubGcsService.grpc_client.GcsSubscriberPoll.OnReplyReceived - 3 total (0 active), Execution time: mean = 154.076 us, total = 462.228 us, Queueing time: mean = 26.704 us, max = 32.493 us, min = 21.563 us, total = 80.113 us
	ray::rpc::NodeInfoGcsService.grpc_client.GetAllNodeInfo - 1 total (0 active), Execution time: mean = 875.241 us, total = 875.241 us, Queueing time: mean = 0.000 s, max = -0.000 s, min = 9223372036.855 s, total = 0.000 s
	ray::rpc::InternalPubSubGcsService.grpc_client.GcsSubscriberCommandBatch.OnReplyReceived - 1 total (0 active), Execution time: mean = 98.627 us, total = 98.627 us, Queueing time: mean = 6.238 us, max = 6.238 us, min = 6.238 us, total = 6.238 us
	ray::rpc::WorkerInfoGcsService.grpc_client.AddWorkerInfo - 1 total (0 active), Execution time: mean = 427.971 us, total = 427.971 us, Queueing time: mean = 0.000 s, max = -0.000 s, min = 9223372036.855 s, total = 0.000 s
	ray::rpc::InternalPubSubGcsService.grpc_client.GcsSubscriberCommandBatch - 1 total (0 active), Execution time: mean = 638.685 us, total = 638.685 us, Queueing time: mean = 0.000 s, max = -0.000 s, min = 9223372036.855 s, total = 0.000 s
	ray::rpc::WorkerInfoGcsService.grpc_client.AddWorkerInfo.OnReplyReceived - 1 total (0 active), Execution time: mean = 25.580 us, total = 25.580 us, Queueing time: mean = 9.068 us, max = 9.068 us, min = 9.068 us, total = 9.068 us
	ray::rpc::NodeInfoGcsService.grpc_client.GetAllNodeInfo.OnReplyReceived - 1 total (0 active), Execution time: mean = 44.429 us, total = 44.429 us, Queueing time: mean = 5.396 us, max = 5.396 us, min = 5.396 us, total = 5.396 us

-----------------
Task Event stats:

IO Service Stats:

Global stats: 3955 total (1 active)
Queueing time: mean = 512.452 us, max = 62.313 ms, min = -0.015 s, total = 2.027 s
Execution time:  mean = 266.588 us, total = 1.054 s
Event stats:
	ray::rpc::TaskInfoGcsService.grpc_client.AddTaskEventData - 1318 total (0 active), Execution time: mean = 638.001 us, total = 840.886 ms, Queueing time: mean = 0.000 s, max = -0.000 s, min = 9223372036.855 s, total = 0.000 s
	CoreWorker.deadline_timer.flush_task_events - 1318 total (1 active), Execution time: mean = 139.177 us, total = 183.435 ms, Queueing time: mean = 1.492 ms, max = 62.313 ms, min = -0.015 s, total = 1.966 s
	ray::rpc::TaskInfoGcsService.grpc_client.AddTaskEventData.OnReplyReceived - 1318 total (0 active), Execution time: mean = 22.601 us, total = 29.788 ms, Queueing time: mean = 45.267 us, max = 9.332 ms, min = 7.643 us, total = 59.661 ms
	PeriodicalRunner.RunFnPeriodically - 1 total (0 active), Execution time: mean = 248.703 us, total = 248.703 us, Queueing time: mean = 765.601 us, max = 765.601 us, min = 765.601 us, total = 765.601 us
Other Stats:
	grpc_in_progress:0
	current number of task status events in buffer: 0
	current number of profile events in buffer: 0
	current number of dropped task attempts tracked: 0
	total task events sent: 0 MiB
	total number of task attempts sent: 0
	total number of task attempts dropped reported: 0
	total number of sent failure: 0
	num status task events dropped: 0
	num profile task events dropped: 0


[2025-02-16 16:41:37,655 I 573 1286] core_worker.cc:642: Event stats:


Global stats: 19752 total (8 active)
Queueing time: mean = 290.103 us, max = 73.661 ms, min = -0.069 s, total = 5.730 s
Execution time:  mean = 60.797 ms, total = 1200.871 s
Event stats:
	CoreWorker.RecoverObjects - 13774 total (1 active), Execution time: mean = 5.856 us, total = 80.655 ms, Queueing time: mean = 189.791 us, max = 12.988 ms, min = -0.046 s, total = 2.614 s
	NodeManagerService.grpc_client.ReportWorkerBacklog.OnReplyReceived - 1379 total (0 active), Execution time: mean = 18.237 us, total = 25.149 ms, Queueing time: mean = 35.301 us, max = 2.933 ms, min = 2.868 us, total = 48.680 ms
	CoreWorker.ExitIfParentRayletDies - 1379 total (1 active), Execution time: mean = 7.993 us, total = 11.022 ms, Queueing time: mean = 1.195 ms, max = 61.099 ms, min = -0.053 s, total = 1.647 s
	CoreWorker.InternalHeartbeat - 1379 total (1 active), Execution time: mean = 110.833 us, total = 152.838 ms, Queueing time: mean = 1.088 ms, max = 61.087 ms, min = -0.053 s, total = 1.500 s
	NodeManagerService.grpc_client.ReportWorkerBacklog - 1379 total (0 active), Execution time: mean = 621.662 us, total = 857.272 ms, Queueing time: mean = 0.000 s, max = -0.000 s, min = 9223372036.855 s, total = 0.000 s
	CoreWorker.RecordMetrics - 276 total (1 active), Execution time: mean = 18.412 us, total = 5.082 ms, Queueing time: mean = 49.496 us, max = 73.661 ms, min = -0.068 s, total = 13.661 ms
	CoreWorker.GCStreamingGeneratorMetadata - 138 total (1 active), Execution time: mean = 4.137 us, total = 570.876 us, Queueing time: mean = 69.305 us, max = 71.260 ms, min = -0.069 s, total = 9.564 ms
	CoreWorker.PrintEventStats - 23 total (1 active, 1 running), Execution time: mean = 247.795 us, total = 5.699 ms, Queueing time: mean = -0.002 s, max = 57.124 ms, min = -0.053 s, total = -0.055 s
	PeriodicalRunner.RunFnPeriodically - 7 total (0 active), Execution time: mean = 63.522 us, total = 444.655 us, Queueing time: mean = 173.356 us, max = 397.709 us, min = 6.528 us, total = 1.213 ms
	Publisher.CheckDeadSubscribers - 5 total (1 active), Execution time: mean = 5.364 us, total = 26.819 us, Queueing time: mean = -0.010 s, max = 17.471 ms, min = -0.037 s, total = -0.050 s
	ray::rpc::InternalPubSubGcsService.grpc_client.GcsSubscriberPoll - 4 total (1 active), Execution time: mean = 299.932 s, total = 1199.730 s, Queueing time: mean = 0.000 s, max = -0.000 s, min = 9223372036.855 s, total = 0.000 s
	ray::rpc::InternalPubSubGcsService.grpc_client.GcsSubscriberPoll.OnReplyReceived - 3 total (0 active), Execution time: mean = 154.076 us, total = 462.228 us, Queueing time: mean = 26.704 us, max = 32.493 us, min = 21.563 us, total = 80.113 us
	ray::rpc::NodeInfoGcsService.grpc_client.GetAllNodeInfo - 1 total (0 active), Execution time: mean = 875.241 us, total = 875.241 us, Queueing time: mean = 0.000 s, max = -0.000 s, min = 9223372036.855 s, total = 0.000 s
	ray::rpc::InternalPubSubGcsService.grpc_client.GcsSubscriberCommandBatch.OnReplyReceived - 1 total (0 active), Execution time: mean = 98.627 us, total = 98.627 us, Queueing time: mean = 6.238 us, max = 6.238 us, min = 6.238 us, total = 6.238 us
	ray::rpc::WorkerInfoGcsService.grpc_client.AddWorkerInfo - 1 total (0 active), Execution time: mean = 427.971 us, total = 427.971 us, Queueing time: mean = 0.000 s, max = -0.000 s, min = 9223372036.855 s, total = 0.000 s
	ray::rpc::InternalPubSubGcsService.grpc_client.GcsSubscriberCommandBatch - 1 total (0 active), Execution time: mean = 638.685 us, total = 638.685 us, Queueing time: mean = 0.000 s, max = -0.000 s, min = 9223372036.855 s, total = 0.000 s
	ray::rpc::WorkerInfoGcsService.grpc_client.AddWorkerInfo.OnReplyReceived - 1 total (0 active), Execution time: mean = 25.580 us, total = 25.580 us, Queueing time: mean = 9.068 us, max = 9.068 us, min = 9.068 us, total = 9.068 us
	ray::rpc::NodeInfoGcsService.grpc_client.GetAllNodeInfo.OnReplyReceived - 1 total (0 active), Execution time: mean = 44.429 us, total = 44.429 us, Queueing time: mean = 5.396 us, max = 5.396 us, min = 5.396 us, total = 5.396 us

-----------------
Task Event stats:

IO Service Stats:

Global stats: 4135 total (1 active)
Queueing time: mean = 519.908 us, max = 62.313 ms, min = -0.015 s, total = 2.150 s
Execution time:  mean = 263.102 us, total = 1.088 s
Event stats:
	ray::rpc::TaskInfoGcsService.grpc_client.AddTaskEventData - 1378 total (0 active), Execution time: mean = 629.158 us, total = 866.979 ms, Queueing time: mean = 0.000 s, max = -0.000 s, min = 9223372036.855 s, total = 0.000 s
	CoreWorker.deadline_timer.flush_task_events - 1378 total (1 active), Execution time: mean = 137.801 us, total = 189.890 ms, Queueing time: mean = 1.515 ms, max = 62.313 ms, min = -0.015 s, total = 2.088 s
	ray::rpc::TaskInfoGcsService.grpc_client.AddTaskEventData.OnReplyReceived - 1378 total (0 active), Execution time: mean = 22.357 us, total = 30.808 ms, Queueing time: mean = 44.376 us, max = 9.332 ms, min = 7.643 us, total = 61.150 ms
	PeriodicalRunner.RunFnPeriodically - 1 total (0 active), Execution time: mean = 248.703 us, total = 248.703 us, Queueing time: mean = 765.601 us, max = 765.601 us, min = 765.601 us, total = 765.601 us
Other Stats:
	grpc_in_progress:0
	current number of task status events in buffer: 0
	current number of profile events in buffer: 0
	current number of dropped task attempts tracked: 0
	total task events sent: 0 MiB
	total number of task attempts sent: 0
	total number of task attempts dropped reported: 0
	total number of sent failure: 0
	num status task events dropped: 0
	num profile task events dropped: 0


[2025-02-16 16:42:37,656 I 573 1286] core_worker.cc:642: Event stats:


Global stats: 20610 total (8 active)
Queueing time: mean = 289.965 us, max = 73.661 ms, min = -0.069 s, total = 5.976 s
Execution time:  mean = 58.268 ms, total = 1200.905 s
Event stats:
	CoreWorker.RecoverObjects - 14373 total (1 active), Execution time: mean = 5.810 us, total = 83.505 ms, Queueing time: mean = 186.116 us, max = 12.988 ms, min = -0.046 s, total = 2.675 s
	NodeManagerService.grpc_client.ReportWorkerBacklog.OnReplyReceived - 1439 total (0 active), Execution time: mean = 17.943 us, total = 25.820 ms, Queueing time: mean = 35.221 us, max = 2.933 ms, min = 2.868 us, total = 50.683 ms
	CoreWorker.ExitIfParentRayletDies - 1439 total (1 active), Execution time: mean = 7.926 us, total = 11.405 ms, Queueing time: mean = 1.191 ms, max = 61.099 ms, min = -0.053 s, total = 1.714 s
	CoreWorker.InternalHeartbeat - 1439 total (1 active), Execution time: mean = 109.732 us, total = 157.904 ms, Queueing time: mean = 1.086 ms, max = 61.087 ms, min = -0.053 s, total = 1.562 s
	NodeManagerService.grpc_client.ReportWorkerBacklog - 1439 total (0 active), Execution time: mean = 612.315 us, total = 881.121 ms, Queueing time: mean = 0.000 s, max = -0.000 s, min = 9223372036.855 s, total = 0.000 s
	CoreWorker.RecordMetrics - 288 total (1 active), Execution time: mean = 18.305 us, total = 5.272 ms, Queueing time: mean = 50.085 us, max = 73.661 ms, min = -0.068 s, total = 14.425 ms
	CoreWorker.GCStreamingGeneratorMetadata - 144 total (1 active), Execution time: mean = 4.198 us, total = 604.538 us, Queueing time: mean = 69.354 us, max = 71.260 ms, min = -0.069 s, total = 9.987 ms
	CoreWorker.PrintEventStats - 24 total (1 active, 1 running), Execution time: mean = 254.119 us, total = 6.099 ms, Queueing time: mean = -0.000 s, max = 57.124 ms, min = -0.053 s, total = -0.001 s
	PeriodicalRunner.RunFnPeriodically - 7 total (0 active), Execution time: mean = 63.522 us, total = 444.655 us, Queueing time: mean = 173.356 us, max = 397.709 us, min = 6.528 us, total = 1.213 ms
	Publisher.CheckDeadSubscribers - 5 total (1 active), Execution time: mean = 5.364 us, total = 26.819 us, Queueing time: mean = -0.010 s, max = 17.471 ms, min = -0.037 s, total = -0.050 s
	ray::rpc::InternalPubSubGcsService.grpc_client.GcsSubscriberPoll - 4 total (1 active), Execution time: mean = 299.932 s, total = 1199.730 s, Queueing time: mean = 0.000 s, max = -0.000 s, min = 9223372036.855 s, total = 0.000 s
	ray::rpc::InternalPubSubGcsService.grpc_client.GcsSubscriberPoll.OnReplyReceived - 3 total (0 active), Execution time: mean = 154.076 us, total = 462.228 us, Queueing time: mean = 26.704 us, max = 32.493 us, min = 21.563 us, total = 80.113 us
	ray::rpc::NodeInfoGcsService.grpc_client.GetAllNodeInfo - 1 total (0 active), Execution time: mean = 875.241 us, total = 875.241 us, Queueing time: mean = 0.000 s, max = -0.000 s, min = 9223372036.855 s, total = 0.000 s
	ray::rpc::InternalPubSubGcsService.grpc_client.GcsSubscriberCommandBatch.OnReplyReceived - 1 total (0 active), Execution time: mean = 98.627 us, total = 98.627 us, Queueing time: mean = 6.238 us, max = 6.238 us, min = 6.238 us, total = 6.238 us
	ray::rpc::WorkerInfoGcsService.grpc_client.AddWorkerInfo - 1 total (0 active), Execution time: mean = 427.971 us, total = 427.971 us, Queueing time: mean = 0.000 s, max = -0.000 s, min = 9223372036.855 s, total = 0.000 s
	ray::rpc::InternalPubSubGcsService.grpc_client.GcsSubscriberCommandBatch - 1 total (0 active), Execution time: mean = 638.685 us, total = 638.685 us, Queueing time: mean = 0.000 s, max = -0.000 s, min = 9223372036.855 s, total = 0.000 s
	ray::rpc::WorkerInfoGcsService.grpc_client.AddWorkerInfo.OnReplyReceived - 1 total (0 active), Execution time: mean = 25.580 us, total = 25.580 us, Queueing time: mean = 9.068 us, max = 9.068 us, min = 9.068 us, total = 9.068 us
	ray::rpc::NodeInfoGcsService.grpc_client.GetAllNodeInfo.OnReplyReceived - 1 total (0 active), Execution time: mean = 44.429 us, total = 44.429 us, Queueing time: mean = 5.396 us, max = 5.396 us, min = 5.396 us, total = 5.396 us

-----------------
Task Event stats:

IO Service Stats:

Global stats: 4315 total (1 active)
Queueing time: mean = 516.475 us, max = 62.313 ms, min = -0.015 s, total = 2.229 s
Execution time:  mean = 260.797 us, total = 1.125 s
Event stats:
	ray::rpc::TaskInfoGcsService.grpc_client.AddTaskEventData - 1438 total (0 active), Execution time: mean = 623.097 us, total = 896.014 ms, Queueing time: mean = 0.000 s, max = -0.000 s, min = 9223372036.855 s, total = 0.000 s
	CoreWorker.deadline_timer.flush_task_events - 1438 total (1 active), Execution time: mean = 137.160 us, total = 197.236 ms, Queueing time: mean = 1.506 ms, max = 62.313 ms, min = -0.015 s, total = 2.165 s
	ray::rpc::TaskInfoGcsService.grpc_client.AddTaskEventData.OnReplyReceived - 1438 total (0 active), Execution time: mean = 22.142 us, total = 31.840 ms, Queueing time: mean = 43.548 us, max = 9.332 ms, min = 7.643 us, total = 62.622 ms
	PeriodicalRunner.RunFnPeriodically - 1 total (0 active), Execution time: mean = 248.703 us, total = 248.703 us, Queueing time: mean = 765.601 us, max = 765.601 us, min = 765.601 us, total = 765.601 us
Other Stats:
	grpc_in_progress:0
	current number of task status events in buffer: 0
	current number of profile events in buffer: 0
	current number of dropped task attempts tracked: 0
	total task events sent: 0 MiB
	total number of task attempts sent: 0
	total number of task attempts dropped reported: 0
	total number of sent failure: 0
	num status task events dropped: 0
	num profile task events dropped: 0


[2025-02-16 16:43:37,656 I 573 1286] core_worker.cc:642: Event stats:


Global stats: 21469 total (8 active)
Queueing time: mean = 288.058 us, max = 73.661 ms, min = -0.069 s, total = 6.184 s
Execution time:  mean = 55.938 ms, total = 1200.935 s
Event stats:
	CoreWorker.RecoverObjects - 14972 total (1 active), Execution time: mean = 5.761 us, total = 86.252 ms, Queueing time: mean = 184.023 us, max = 12.988 ms, min = -0.046 s, total = 2.755 s
	NodeManagerService.grpc_client.ReportWorkerBacklog.OnReplyReceived - 1499 total (0 active), Execution time: mean = 17.662 us, total = 26.475 ms, Queueing time: mean = 34.801 us, max = 2.933 ms, min = 2.868 us, total = 52.167 ms
	CoreWorker.ExitIfParentRayletDies - 1499 total (1 active), Execution time: mean = 7.907 us, total = 11.852 ms, Queueing time: mean = 1.203 ms, max = 61.099 ms, min = -0.053 s, total = 1.803 s
	CoreWorker.InternalHeartbeat - 1499 total (1 active), Execution time: mean = 108.593 us, total = 162.782 ms, Queueing time: mean = 1.099 ms, max = 61.087 ms, min = -0.053 s, total = 1.647 s
	NodeManagerService.grpc_client.ReportWorkerBacklog - 1499 total (0 active), Execution time: mean = 602.129 us, total = 902.591 ms, Queueing time: mean = 0.000 s, max = -0.000 s, min = 9223372036.855 s, total = 0.000 s
	CoreWorker.RecordMetrics - 300 total (1 active), Execution time: mean = 18.282 us, total = 5.485 ms, Queueing time: mean = 49.215 us, max = 73.661 ms, min = -0.068 s, total = 14.764 ms
	CoreWorker.GCStreamingGeneratorMetadata - 150 total (1 active), Execution time: mean = 4.235 us, total = 635.202 us, Queueing time: mean = 69.245 us, max = 71.260 ms, min = -0.069 s, total = 10.387 ms
	CoreWorker.PrintEventStats - 25 total (1 active, 1 running), Execution time: mean = 253.549 us, total = 6.339 ms, Queueing time: mean = -0.002 s, max = 57.124 ms, min = -0.053 s, total = -0.040 s
	PeriodicalRunner.RunFnPeriodically - 7 total (0 active), Execution time: mean = 63.522 us, total = 444.655 us, Queueing time: mean = 173.356 us, max = 397.709 us, min = 6.528 us, total = 1.213 ms
	Publisher.CheckDeadSubscribers - 6 total (1 active), Execution time: mean = 5.299 us, total = 31.796 us, Queueing time: mean = -0.010 s, max = 17.471 ms, min = -0.037 s, total = -0.060 s
	ray::rpc::InternalPubSubGcsService.grpc_client.GcsSubscriberPoll - 4 total (1 active), Execution time: mean = 299.932 s, total = 1199.730 s, Queueing time: mean = 0.000 s, max = -0.000 s, min = 9223372036.855 s, total = 0.000 s
	ray::rpc::InternalPubSubGcsService.grpc_client.GcsSubscriberPoll.OnReplyReceived - 3 total (0 active), Execution time: mean = 154.076 us, total = 462.228 us, Queueing time: mean = 26.704 us, max = 32.493 us, min = 21.563 us, total = 80.113 us
	ray::rpc::NodeInfoGcsService.grpc_client.GetAllNodeInfo - 1 total (0 active), Execution time: mean = 875.241 us, total = 875.241 us, Queueing time: mean = 0.000 s, max = -0.000 s, min = 9223372036.855 s, total = 0.000 s
	ray::rpc::InternalPubSubGcsService.grpc_client.GcsSubscriberCommandBatch.OnReplyReceived - 1 total (0 active), Execution time: mean = 98.627 us, total = 98.627 us, Queueing time: mean = 6.238 us, max = 6.238 us, min = 6.238 us, total = 6.238 us
	ray::rpc::WorkerInfoGcsService.grpc_client.AddWorkerInfo - 1 total (0 active), Execution time: mean = 427.971 us, total = 427.971 us, Queueing time: mean = 0.000 s, max = -0.000 s, min = 9223372036.855 s, total = 0.000 s
	ray::rpc::InternalPubSubGcsService.grpc_client.GcsSubscriberCommandBatch - 1 total (0 active), Execution time: mean = 638.685 us, total = 638.685 us, Queueing time: mean = 0.000 s, max = -0.000 s, min = 9223372036.855 s, total = 0.000 s
	ray::rpc::WorkerInfoGcsService.grpc_client.AddWorkerInfo.OnReplyReceived - 1 total (0 active), Execution time: mean = 25.580 us, total = 25.580 us, Queueing time: mean = 9.068 us, max = 9.068 us, min = 9.068 us, total = 9.068 us
	ray::rpc::NodeInfoGcsService.grpc_client.GetAllNodeInfo.OnReplyReceived - 1 total (0 active), Execution time: mean = 44.429 us, total = 44.429 us, Queueing time: mean = 5.396 us, max = 5.396 us, min = 5.396 us, total = 5.396 us

-----------------
Task Event stats:

IO Service Stats:

Global stats: 4495 total (1 active)
Queueing time: mean = 515.169 us, max = 62.313 ms, min = -0.015 s, total = 2.316 s
Execution time:  mean = 257.953 us, total = 1.159 s
Event stats:
	ray::rpc::TaskInfoGcsService.grpc_client.AddTaskEventData - 1498 total (0 active), Execution time: mean = 615.914 us, total = 922.639 ms, Queueing time: mean = 0.000 s, max = -0.000 s, min = 9223372036.855 s, total = 0.000 s
	CoreWorker.deadline_timer.flush_task_events - 1498 total (1 active), Execution time: mean = 136.064 us, total = 203.824 ms, Queueing time: mean = 1.503 ms, max = 62.313 ms, min = -0.015 s, total = 2.251 s
	ray::rpc::TaskInfoGcsService.grpc_client.AddTaskEventData.OnReplyReceived - 1498 total (0 active), Execution time: mean = 21.887 us, total = 32.787 ms, Queueing time: mean = 42.710 us, max = 9.332 ms, min = 7.643 us, total = 63.979 ms
	PeriodicalRunner.RunFnPeriodically - 1 total (0 active), Execution time: mean = 248.703 us, total = 248.703 us, Queueing time: mean = 765.601 us, max = 765.601 us, min = 765.601 us, total = 765.601 us
Other Stats:
	grpc_in_progress:0
	current number of task status events in buffer: 0
	current number of profile events in buffer: 0
	current number of dropped task attempts tracked: 0
	total task events sent: 0 MiB
	total number of task attempts sent: 0
	total number of task attempts dropped reported: 0
	total number of sent failure: 0
	num status task events dropped: 0
	num profile task events dropped: 0


[2025-02-16 16:44:37,656 I 573 1286] core_worker.cc:642: Event stats:


Global stats: 22329 total (8 active)
Queueing time: mean = 293.540 us, max = 73.661 ms, min = -0.069 s, total = 6.554 s
Execution time:  mean = 67.242 ms, total = 1501.456 s
Event stats:
	CoreWorker.RecoverObjects - 15571 total (1 active), Execution time: mean = 5.708 us, total = 88.883 ms, Queueing time: mean = 185.313 us, max = 12.988 ms, min = -0.046 s, total = 2.886 s
	NodeManagerService.grpc_client.ReportWorkerBacklog.OnReplyReceived - 1559 total (0 active), Execution time: mean = 17.387 us, total = 27.106 ms, Queueing time: mean = 34.297 us, max = 2.933 ms, min = 2.868 us, total = 53.469 ms
	CoreWorker.ExitIfParentRayletDies - 1559 total (1 active), Execution time: mean = 7.820 us, total = 12.192 ms, Queueing time: mean = 1.240 ms, max = 61.099 ms, min = -0.053 s, total = 1.933 s
	CoreWorker.InternalHeartbeat - 1559 total (1 active), Execution time: mean = 107.565 us, total = 167.694 ms, Queueing time: mean = 1.137 ms, max = 61.087 ms, min = -0.053 s, total = 1.772 s
	NodeManagerService.grpc_client.ReportWorkerBacklog - 1559 total (0 active), Execution time: mean = 592.668 us, total = 923.969 ms, Queueing time: mean = 0.000 s, max = -0.000 s, min = 9223372036.855 s, total = 0.000 s
	CoreWorker.RecordMetrics - 312 total (1 active), Execution time: mean = 18.209 us, total = 5.681 ms, Queueing time: mean = 50.537 us, max = 73.661 ms, min = -0.068 s, total = 15.768 ms
	CoreWorker.GCStreamingGeneratorMetadata - 156 total (1 active), Execution time: mean = 4.236 us, total = 660.800 us, Queueing time: mean = 68.405 us, max = 71.260 ms, min = -0.069 s, total = 10.671 ms
	CoreWorker.PrintEventStats - 26 total (1 active, 1 running), Execution time: mean = 251.712 us, total = 6.545 ms, Queueing time: mean = -0.002 s, max = 57.124 ms, min = -0.053 s, total = -0.058 s
	PeriodicalRunner.RunFnPeriodically - 7 total (0 active), Execution time: mean = 63.522 us, total = 444.655 us, Queueing time: mean = 173.356 us, max = 397.709 us, min = 6.528 us, total = 1.213 ms
	Publisher.CheckDeadSubscribers - 6 total (1 active), Execution time: mean = 5.299 us, total = 31.796 us, Queueing time: mean = -0.010 s, max = 17.471 ms, min = -0.037 s, total = -0.060 s
	ray::rpc::InternalPubSubGcsService.grpc_client.GcsSubscriberPoll - 5 total (1 active), Execution time: mean = 300.044 s, total = 1500.221 s, Queueing time: mean = 0.000 s, max = -0.000 s, min = 9223372036.855 s, total = 0.000 s
	ray::rpc::InternalPubSubGcsService.grpc_client.GcsSubscriberPoll.OnReplyReceived - 4 total (0 active), Execution time: mean = 143.188 us, total = 572.750 us, Queueing time: mean = 30.608 us, max = 42.319 us, min = 21.563 us, total = 122.432 us
	ray::rpc::NodeInfoGcsService.grpc_client.GetAllNodeInfo - 1 total (0 active), Execution time: mean = 875.241 us, total = 875.241 us, Queueing time: mean = 0.000 s, max = -0.000 s, min = 9223372036.855 s, total = 0.000 s
	ray::rpc::InternalPubSubGcsService.grpc_client.GcsSubscriberCommandBatch.OnReplyReceived - 1 total (0 active), Execution time: mean = 98.627 us, total = 98.627 us, Queueing time: mean = 6.238 us, max = 6.238 us, min = 6.238 us, total = 6.238 us
	ray::rpc::WorkerInfoGcsService.grpc_client.AddWorkerInfo - 1 total (0 active), Execution time: mean = 427.971 us, total = 427.971 us, Queueing time: mean = 0.000 s, max = -0.000 s, min = 9223372036.855 s, total = 0.000 s
	ray::rpc::InternalPubSubGcsService.grpc_client.GcsSubscriberCommandBatch - 1 total (0 active), Execution time: mean = 638.685 us, total = 638.685 us, Queueing time: mean = 0.000 s, max = -0.000 s, min = 9223372036.855 s, total = 0.000 s
	ray::rpc::WorkerInfoGcsService.grpc_client.AddWorkerInfo.OnReplyReceived - 1 total (0 active), Execution time: mean = 25.580 us, total = 25.580 us, Queueing time: mean = 9.068 us, max = 9.068 us, min = 9.068 us, total = 9.068 us
	ray::rpc::NodeInfoGcsService.grpc_client.GetAllNodeInfo.OnReplyReceived - 1 total (0 active), Execution time: mean = 44.429 us, total = 44.429 us, Queueing time: mean = 5.396 us, max = 5.396 us, min = 5.396 us, total = 5.396 us

-----------------
Task Event stats:

IO Service Stats:

Global stats: 4675 total (1 active)
Queueing time: mean = 518.664 us, max = 62.313 ms, min = -0.017 s, total = 2.425 s
Execution time:  mean = 255.887 us, total = 1.196 s
Event stats:
	ray::rpc::TaskInfoGcsService.grpc_client.AddTaskEventData - 1558 total (0 active), Execution time: mean = 610.665 us, total = 951.416 ms, Queueing time: mean = 0.000 s, max = -0.000 s, min = 9223372036.855 s, total = 0.000 s
	CoreWorker.deadline_timer.flush_task_events - 1558 total (1 active), Execution time: mean = 135.296 us, total = 210.791 ms, Queueing time: mean = 1.514 ms, max = 62.313 ms, min = -0.017 s, total = 2.358 s
	ray::rpc::TaskInfoGcsService.grpc_client.AddTaskEventData.OnReplyReceived - 1558 total (0 active), Execution time: mean = 21.704 us, total = 33.815 ms, Queueing time: mean = 42.058 us, max = 9.332 ms, min = 7.643 us, total = 65.527 ms
	PeriodicalRunner.RunFnPeriodically - 1 total (0 active), Execution time: mean = 248.703 us, total = 248.703 us, Queueing time: mean = 765.601 us, max = 765.601 us, min = 765.601 us, total = 765.601 us
Other Stats:
	grpc_in_progress:0
	current number of task status events in buffer: 0
	current number of profile events in buffer: 0
	current number of dropped task attempts tracked: 0
	total task events sent: 0 MiB
	total number of task attempts sent: 0
	total number of task attempts dropped reported: 0
	total number of sent failure: 0
	num status task events dropped: 0
	num profile task events dropped: 0


[2025-02-16 16:45:37,657 I 573 1286] core_worker.cc:642: Event stats:


Global stats: 23183 total (8 active)
Queueing time: mean = 294.335 us, max = 73.661 ms, min = -0.069 s, total = 6.824 s
Execution time:  mean = 64.767 ms, total = 1501.488 s
Event stats:
	CoreWorker.RecoverObjects - 16170 total (1 active), Execution time: mean = 5.662 us, total = 91.557 ms, Queueing time: mean = 182.976 us, max = 12.988 ms, min = -0.046 s, total = 2.959 s
	NodeManagerService.grpc_client.ReportWorkerBacklog.OnReplyReceived - 1618 total (0 active), Execution time: mean = 17.160 us, total = 27.764 ms, Queueing time: mean = 33.923 us, max = 2.933 ms, min = 2.868 us, total = 54.888 ms
	CoreWorker.ExitIfParentRayletDies - 1618 total (1 active), Execution time: mean = 7.737 us, total = 12.518 ms, Queueing time: mean = 1.247 ms, max = 61.099 ms, min = -0.053 s, total = 2.018 s
	CoreWorker.InternalHeartbeat - 1618 total (1 active), Execution time: mean = 106.564 us, total = 172.421 ms, Queueing time: mean = 1.145 ms, max = 61.087 ms, min = -0.053 s, total = 1.853 s
	NodeManagerService.grpc_client.ReportWorkerBacklog - 1618 total (0 active), Execution time: mean = 585.331 us, total = 947.065 ms, Queueing time: mean = 0.000 s, max = -0.000 s, min = 9223372036.855 s, total = 0.000 s
	CoreWorker.RecordMetrics - 324 total (1 active), Execution time: mean = 18.137 us, total = 5.876 ms, Queueing time: mean = 47.773 us, max = 73.661 ms, min = -0.068 s, total = 15.479 ms
	CoreWorker.GCStreamingGeneratorMetadata - 162 total (1 active), Execution time: mean = 4.231 us, total = 685.479 us, Queueing time: mean = 68.828 us, max = 71.260 ms, min = -0.069 s, total = 11.150 ms
	CoreWorker.PrintEventStats - 27 total (1 active, 1 running), Execution time: mean = 253.098 us, total = 6.834 ms, Queueing time: mean = -0.001 s, max = 57.124 ms, min = -0.053 s, total = -0.029 s
	PeriodicalRunner.RunFnPeriodically - 7 total (0 active), Execution time: mean = 63.522 us, total = 444.655 us, Queueing time: mean = 173.356 us, max = 397.709 us, min = 6.528 us, total = 1.213 ms
	Publisher.CheckDeadSubscribers - 6 total (1 active), Execution time: mean = 5.299 us, total = 31.796 us, Queueing time: mean = -0.010 s, max = 17.471 ms, min = -0.037 s, total = -0.060 s
	ray::rpc::InternalPubSubGcsService.grpc_client.GcsSubscriberPoll - 5 total (1 active), Execution time: mean = 300.044 s, total = 1500.221 s, Queueing time: mean = 0.000 s, max = -0.000 s, min = 9223372036.855 s, total = 0.000 s
	ray::rpc::InternalPubSubGcsService.grpc_client.GcsSubscriberPoll.OnReplyReceived - 4 total (0 active), Execution time: mean = 143.188 us, total = 572.750 us, Queueing time: mean = 30.608 us, max = 42.319 us, min = 21.563 us, total = 122.432 us
	ray::rpc::NodeInfoGcsService.grpc_client.GetAllNodeInfo - 1 total (0 active), Execution time: mean = 875.241 us, total = 875.241 us, Queueing time: mean = 0.000 s, max = -0.000 s, min = 9223372036.855 s, total = 0.000 s
	ray::rpc::InternalPubSubGcsService.grpc_client.GcsSubscriberCommandBatch.OnReplyReceived - 1 total (0 active), Execution time: mean = 98.627 us, total = 98.627 us, Queueing time: mean = 6.238 us, max = 6.238 us, min = 6.238 us, total = 6.238 us
	ray::rpc::WorkerInfoGcsService.grpc_client.AddWorkerInfo - 1 total (0 active), Execution time: mean = 427.971 us, total = 427.971 us, Queueing time: mean = 0.000 s, max = -0.000 s, min = 9223372036.855 s, total = 0.000 s
	ray::rpc::InternalPubSubGcsService.grpc_client.GcsSubscriberCommandBatch - 1 total (0 active), Execution time: mean = 638.685 us, total = 638.685 us, Queueing time: mean = 0.000 s, max = -0.000 s, min = 9223372036.855 s, total = 0.000 s
	ray::rpc::WorkerInfoGcsService.grpc_client.AddWorkerInfo.OnReplyReceived - 1 total (0 active), Execution time: mean = 25.580 us, total = 25.580 us, Queueing time: mean = 9.068 us, max = 9.068 us, min = 9.068 us, total = 9.068 us
	ray::rpc::NodeInfoGcsService.grpc_client.GetAllNodeInfo.OnReplyReceived - 1 total (0 active), Execution time: mean = 44.429 us, total = 44.429 us, Queueing time: mean = 5.396 us, max = 5.396 us, min = 5.396 us, total = 5.396 us

-----------------
Task Event stats:

IO Service Stats:

Global stats: 4855 total (1 active)
Queueing time: mean = 516.912 us, max = 62.313 ms, min = -0.017 s, total = 2.510 s
Execution time:  mean = 253.559 us, total = 1.231 s
Event stats:
	ray::rpc::TaskInfoGcsService.grpc_client.AddTaskEventData - 1618 total (0 active), Execution time: mean = 605.152 us, total = 979.135 ms, Queueing time: mean = 0.000 s, max = -0.000 s, min = 9223372036.855 s, total = 0.000 s
	CoreWorker.deadline_timer.flush_task_events - 1618 total (1 active), Execution time: mean = 133.996 us, total = 216.806 ms, Queueing time: mean = 1.509 ms, max = 62.313 ms, min = -0.017 s, total = 2.442 s
	ray::rpc::TaskInfoGcsService.grpc_client.AddTaskEventData.OnReplyReceived - 1618 total (0 active), Execution time: mean = 21.533 us, total = 34.841 ms, Queueing time: mean = 41.414 us, max = 9.332 ms, min = 7.643 us, total = 67.009 ms
	PeriodicalRunner.RunFnPeriodically - 1 total (0 active), Execution time: mean = 248.703 us, total = 248.703 us, Queueing time: mean = 765.601 us, max = 765.601 us, min = 765.601 us, total = 765.601 us
Other Stats:
	grpc_in_progress:0
	current number of task status events in buffer: 0
	current number of profile events in buffer: 0
	current number of dropped task attempts tracked: 0
	total task events sent: 0 MiB
	total number of task attempts sent: 0
	total number of task attempts dropped reported: 0
	total number of sent failure: 0
	num status task events dropped: 0
	num profile task events dropped: 0


[2025-02-16 16:46:37,657 I 573 1286] core_worker.cc:642: Event stats:


Global stats: 24041 total (8 active)
Queueing time: mean = 296.707 us, max = 74.754 ms, min = -0.069 s, total = 7.133 s
Execution time:  mean = 62.457 ms, total = 1501.522 s
Event stats:
	CoreWorker.RecoverObjects - 16769 total (1 active), Execution time: mean = 5.612 us, total = 94.109 ms, Queueing time: mean = 183.672 us, max = 12.988 ms, min = -0.046 s, total = 3.080 s
	NodeManagerService.grpc_client.ReportWorkerBacklog.OnReplyReceived - 1678 total (0 active), Execution time: mean = 16.957 us, total = 28.454 ms, Queueing time: mean = 33.616 us, max = 2.933 ms, min = 2.868 us, total = 56.407 ms
	CoreWorker.ExitIfParentRayletDies - 1678 total (1 active), Execution time: mean = 7.674 us, total = 12.877 ms, Queueing time: mean = 1.270 ms, max = 61.099 ms, min = -0.053 s, total = 2.130 s
	CoreWorker.InternalHeartbeat - 1678 total (1 active), Execution time: mean = 105.774 us, total = 177.488 ms, Queueing time: mean = 1.168 ms, max = 61.087 ms, min = -0.053 s, total = 1.960 s
	NodeManagerService.grpc_client.ReportWorkerBacklog - 1678 total (0 active), Execution time: mean = 579.207 us, total = 971.909 ms, Queueing time: mean = 0.000 s, max = -0.000 s, min = 9223372036.855 s, total = 0.000 s
	CoreWorker.RecordMetrics - 336 total (1 active), Execution time: mean = 18.086 us, total = 6.077 ms, Queueing time: mean = 50.894 us, max = 74.754 ms, min = -0.068 s, total = 17.100 ms
	CoreWorker.GCStreamingGeneratorMetadata - 168 total (1 active), Execution time: mean = 4.209 us, total = 707.062 us, Queueing time: mean = 67.601 us, max = 71.260 ms, min = -0.069 s, total = 11.357 ms
	CoreWorker.PrintEventStats - 28 total (1 active, 1 running), Execution time: mean = 251.459 us, total = 7.041 ms, Queueing time: mean = -0.002 s, max = 57.124 ms, min = -0.053 s, total = -0.064 s
	PeriodicalRunner.RunFnPeriodically - 7 total (0 active), Execution time: mean = 63.522 us, total = 444.655 us, Queueing time: mean = 173.356 us, max = 397.709 us, min = 6.528 us, total = 1.213 ms
	Publisher.CheckDeadSubscribers - 6 total (1 active), Execution time: mean = 5.299 us, total = 31.796 us, Queueing time: mean = -0.010 s, max = 17.471 ms, min = -0.037 s, total = -0.060 s
	ray::rpc::InternalPubSubGcsService.grpc_client.GcsSubscriberPoll - 5 total (1 active), Execution time: mean = 300.044 s, total = 1500.221 s, Queueing time: mean = 0.000 s, max = -0.000 s, min = 9223372036.855 s, total = 0.000 s
	ray::rpc::InternalPubSubGcsService.grpc_client.GcsSubscriberPoll.OnReplyReceived - 4 total (0 active), Execution time: mean = 143.188 us, total = 572.750 us, Queueing time: mean = 30.608 us, max = 42.319 us, min = 21.563 us, total = 122.432 us
	ray::rpc::NodeInfoGcsService.grpc_client.GetAllNodeInfo - 1 total (0 active), Execution time: mean = 875.241 us, total = 875.241 us, Queueing time: mean = 0.000 s, max = -0.000 s, min = 9223372036.855 s, total = 0.000 s
	ray::rpc::InternalPubSubGcsService.grpc_client.GcsSubscriberCommandBatch.OnReplyReceived - 1 total (0 active), Execution time: mean = 98.627 us, total = 98.627 us, Queueing time: mean = 6.238 us, max = 6.238 us, min = 6.238 us, total = 6.238 us
	ray::rpc::WorkerInfoGcsService.grpc_client.AddWorkerInfo - 1 total (0 active), Execution time: mean = 427.971 us, total = 427.971 us, Queueing time: mean = 0.000 s, max = -0.000 s, min = 9223372036.855 s, total = 0.000 s
	ray::rpc::InternalPubSubGcsService.grpc_client.GcsSubscriberCommandBatch - 1 total (0 active), Execution time: mean = 638.685 us, total = 638.685 us, Queueing time: mean = 0.000 s, max = -0.000 s, min = 9223372036.855 s, total = 0.000 s
	ray::rpc::WorkerInfoGcsService.grpc_client.AddWorkerInfo.OnReplyReceived - 1 total (0 active), Execution time: mean = 25.580 us, total = 25.580 us, Queueing time: mean = 9.068 us, max = 9.068 us, min = 9.068 us, total = 9.068 us
	ray::rpc::NodeInfoGcsService.grpc_client.GetAllNodeInfo.OnReplyReceived - 1 total (0 active), Execution time: mean = 44.429 us, total = 44.429 us, Queueing time: mean = 5.396 us, max = 5.396 us, min = 5.396 us, total = 5.396 us

-----------------
Task Event stats:

IO Service Stats:

Global stats: 5035 total (1 active)
Queueing time: mean = 520.770 us, max = 62.313 ms, min = -0.017 s, total = 2.622 s
Execution time:  mean = 252.157 us, total = 1.270 s
Event stats:
	ray::rpc::TaskInfoGcsService.grpc_client.AddTaskEventData - 1678 total (0 active), Execution time: mean = 601.721 us, total = 1.010 s, Queueing time: mean = 0.000 s, max = -0.000 s, min = 9223372036.855 s, total = 0.000 s
	CoreWorker.deadline_timer.flush_task_events - 1678 total (1 active), Execution time: mean = 133.313 us, total = 223.700 ms, Queueing time: mean = 1.521 ms, max = 62.313 ms, min = -0.017 s, total = 2.552 s
	ray::rpc::TaskInfoGcsService.grpc_client.AddTaskEventData.OnReplyReceived - 1678 total (0 active), Execution time: mean = 21.437 us, total = 35.971 ms, Queueing time: mean = 41.119 us, max = 9.332 ms, min = 7.643 us, total = 68.998 ms
	PeriodicalRunner.RunFnPeriodically - 1 total (0 active), Execution time: mean = 248.703 us, total = 248.703 us, Queueing time: mean = 765.601 us, max = 765.601 us, min = 765.601 us, total = 765.601 us
Other Stats:
	grpc_in_progress:0
	current number of task status events in buffer: 0
	current number of profile events in buffer: 0
	current number of dropped task attempts tracked: 0
	total task events sent: 0 MiB
	total number of task attempts sent: 0
	total number of task attempts dropped reported: 0
	total number of sent failure: 0
	num status task events dropped: 0
	num profile task events dropped: 0


[2025-02-16 16:47:37,658 I 573 1286] core_worker.cc:642: Event stats:


Global stats: 24899 total (8 active)
Queueing time: mean = 298.617 us, max = 74.754 ms, min = -0.069 s, total = 7.435 s
Execution time:  mean = 60.306 ms, total = 1501.553 s
Event stats:
	CoreWorker.RecoverObjects - 17368 total (1 active), Execution time: mean = 5.568 us, total = 96.702 ms, Queueing time: mean = 182.764 us, max = 12.988 ms, min = -0.046 s, total = 3.174 s
	NodeManagerService.grpc_client.ReportWorkerBacklog.OnReplyReceived - 1738 total (0 active), Execution time: mean = 16.746 us, total = 29.104 ms, Queueing time: mean = 33.190 us, max = 2.933 ms, min = 2.868 us, total = 57.684 ms
	CoreWorker.ExitIfParentRayletDies - 1738 total (1 active), Execution time: mean = 7.610 us, total = 13.226 ms, Queueing time: mean = 1.281 ms, max = 61.099 ms, min = -0.053 s, total = 2.226 s
	CoreWorker.InternalHeartbeat - 1738 total (1 active), Execution time: mean = 105.083 us, total = 182.634 ms, Queueing time: mean = 1.180 ms, max = 61.087 ms, min = -0.053 s, total = 2.051 s
	NodeManagerService.grpc_client.ReportWorkerBacklog - 1738 total (0 active), Execution time: mean = 571.651 us, total = 993.530 ms, Queueing time: mean = 0.000 s, max = -0.000 s, min = 9223372036.855 s, total = 0.000 s
	CoreWorker.RecordMetrics - 348 total (1 active), Execution time: mean = 18.060 us, total = 6.285 ms, Queueing time: mean = 50.595 us, max = 74.754 ms, min = -0.068 s, total = 17.607 ms
	CoreWorker.GCStreamingGeneratorMetadata - 174 total (1 active), Execution time: mean = 4.193 us, total = 729.570 us, Queueing time: mean = 67.911 us, max = 71.260 ms, min = -0.069 s, total = 11.817 ms
	CoreWorker.PrintEventStats - 29 total (1 active, 1 running), Execution time: mean = 254.479 us, total = 7.380 ms, Queueing time: mean = -0.002 s, max = 57.124 ms, min = -0.053 s, total = -0.045 s
	PeriodicalRunner.RunFnPeriodically - 7 total (0 active), Execution time: mean = 63.522 us, total = 444.655 us, Queueing time: mean = 173.356 us, max = 397.709 us, min = 6.528 us, total = 1.213 ms
	Publisher.CheckDeadSubscribers - 6 total (1 active), Execution time: mean = 5.299 us, total = 31.796 us, Queueing time: mean = -0.010 s, max = 17.471 ms, min = -0.037 s, total = -0.060 s
	ray::rpc::InternalPubSubGcsService.grpc_client.GcsSubscriberPoll - 5 total (1 active), Execution time: mean = 300.044 s, total = 1500.221 s, Queueing time: mean = 0.000 s, max = -0.000 s, min = 9223372036.855 s, total = 0.000 s
	ray::rpc::InternalPubSubGcsService.grpc_client.GcsSubscriberPoll.OnReplyReceived - 4 total (0 active), Execution time: mean = 143.188 us, total = 572.750 us, Queueing time: mean = 30.608 us, max = 42.319 us, min = 21.563 us, total = 122.432 us
	ray::rpc::NodeInfoGcsService.grpc_client.GetAllNodeInfo - 1 total (0 active), Execution time: mean = 875.241 us, total = 875.241 us, Queueing time: mean = 0.000 s, max = -0.000 s, min = 9223372036.855 s, total = 0.000 s
	ray::rpc::InternalPubSubGcsService.grpc_client.GcsSubscriberCommandBatch.OnReplyReceived - 1 total (0 active), Execution time: mean = 98.627 us, total = 98.627 us, Queueing time: mean = 6.238 us, max = 6.238 us, min = 6.238 us, total = 6.238 us
	ray::rpc::WorkerInfoGcsService.grpc_client.AddWorkerInfo - 1 total (0 active), Execution time: mean = 427.971 us, total = 427.971 us, Queueing time: mean = 0.000 s, max = -0.000 s, min = 9223372036.855 s, total = 0.000 s
	ray::rpc::InternalPubSubGcsService.grpc_client.GcsSubscriberCommandBatch - 1 total (0 active), Execution time: mean = 638.685 us, total = 638.685 us, Queueing time: mean = 0.000 s, max = -0.000 s, min = 9223372036.855 s, total = 0.000 s
	ray::rpc::WorkerInfoGcsService.grpc_client.AddWorkerInfo.OnReplyReceived - 1 total (0 active), Execution time: mean = 25.580 us, total = 25.580 us, Queueing time: mean = 9.068 us, max = 9.068 us, min = 9.068 us, total = 9.068 us
	ray::rpc::NodeInfoGcsService.grpc_client.GetAllNodeInfo.OnReplyReceived - 1 total (0 active), Execution time: mean = 44.429 us, total = 44.429 us, Queueing time: mean = 5.396 us, max = 5.396 us, min = 5.396 us, total = 5.396 us

-----------------
Task Event stats:

IO Service Stats:

Global stats: 5215 total (1 active)
Queueing time: mean = 520.261 us, max = 62.313 ms, min = -0.017 s, total = 2.713 s
Execution time:  mean = 250.699 us, total = 1.307 s
Event stats:
	ray::rpc::TaskInfoGcsService.grpc_client.AddTaskEventData - 1738 total (0 active), Execution time: mean = 598.453 us, total = 1.040 s, Queueing time: mean = 0.000 s, max = -0.000 s, min = 9223372036.855 s, total = 0.000 s
	CoreWorker.deadline_timer.flush_task_events - 1738 total (1 active), Execution time: mean = 132.321 us, total = 229.975 ms, Queueing time: mean = 1.520 ms, max = 62.313 ms, min = -0.017 s, total = 2.642 s
	ray::rpc::TaskInfoGcsService.grpc_client.AddTaskEventData.OnReplyReceived - 1738 total (0 active), Execution time: mean = 21.322 us, total = 37.058 ms, Queueing time: mean = 40.647 us, max = 9.332 ms, min = 7.643 us, total = 70.644 ms
	PeriodicalRunner.RunFnPeriodically - 1 total (0 active), Execution time: mean = 248.703 us, total = 248.703 us, Queueing time: mean = 765.601 us, max = 765.601 us, min = 765.601 us, total = 765.601 us
Other Stats:
	grpc_in_progress:0
	current number of task status events in buffer: 0
	current number of profile events in buffer: 0
	current number of dropped task attempts tracked: 0
	total task events sent: 0 MiB
	total number of task attempts sent: 0
	total number of task attempts dropped reported: 0
	total number of sent failure: 0
	num status task events dropped: 0
	num profile task events dropped: 0


[2025-02-16 16:48:37,658 I 573 1286] core_worker.cc:642: Event stats:


Global stats: 25758 total (8 active)
Queueing time: mean = 300.888 us, max = 74.754 ms, min = -0.069 s, total = 7.750 s
Execution time:  mean = 58.296 ms, total = 1501.590 s
Event stats:
	CoreWorker.RecoverObjects - 17967 total (1 active), Execution time: mean = 5.534 us, total = 99.424 ms, Queueing time: mean = 182.391 us, max = 12.988 ms, min = -0.046 s, total = 3.277 s
	NodeManagerService.grpc_client.ReportWorkerBacklog.OnReplyReceived - 1798 total (0 active), Execution time: mean = 16.623 us, total = 29.887 ms, Queueing time: mean = 33.153 us, max = 2.933 ms, min = 2.868 us, total = 59.610 ms
	CoreWorker.ExitIfParentRayletDies - 1798 total (1 active), Execution time: mean = 7.599 us, total = 13.663 ms, Queueing time: mean = 1.296 ms, max = 61.099 ms, min = -0.053 s, total = 2.330 s
	CoreWorker.InternalHeartbeat - 1798 total (1 active), Execution time: mean = 104.446 us, total = 187.794 ms, Queueing time: mean = 1.196 ms, max = 61.087 ms, min = -0.053 s, total = 2.150 s
	NodeManagerService.grpc_client.ReportWorkerBacklog - 1798 total (0 active), Execution time: mean = 567.546 us, total = 1.020 s, Queueing time: mean = 0.000 s, max = -0.000 s, min = 9223372036.855 s, total = 0.000 s
	CoreWorker.RecordMetrics - 360 total (1 active), Execution time: mean = 18.015 us, total = 6.485 ms, Queueing time: mean = 50.606 us, max = 74.754 ms, min = -0.068 s, total = 18.218 ms
	CoreWorker.GCStreamingGeneratorMetadata - 180 total (1 active), Execution time: mean = 4.169 us, total = 750.490 us, Queueing time: mean = 67.082 us, max = 71.260 ms, min = -0.069 s, total = 12.075 ms
	CoreWorker.PrintEventStats - 30 total (1 active, 1 running), Execution time: mean = 266.913 us, total = 8.007 ms, Queueing time: mean = -0.002 s, max = 57.124 ms, min = -0.053 s, total = -0.048 s
	PeriodicalRunner.RunFnPeriodically - 7 total (0 active), Execution time: mean = 63.522 us, total = 444.655 us, Queueing time: mean = 173.356 us, max = 397.709 us, min = 6.528 us, total = 1.213 ms
	Publisher.CheckDeadSubscribers - 7 total (1 active), Execution time: mean = 4.924 us, total = 34.470 us, Queueing time: mean = -0.007 s, max = 17.471 ms, min = -0.037 s, total = -0.051 s
	ray::rpc::InternalPubSubGcsService.grpc_client.GcsSubscriberPoll - 5 total (1 active), Execution time: mean = 300.044 s, total = 1500.221 s, Queueing time: mean = 0.000 s, max = -0.000 s, min = 9223372036.855 s, total = 0.000 s
	ray::rpc::InternalPubSubGcsService.grpc_client.GcsSubscriberPoll.OnReplyReceived - 4 total (0 active), Execution time: mean = 143.188 us, total = 572.750 us, Queueing time: mean = 30.608 us, max = 42.319 us, min = 21.563 us, total = 122.432 us
	ray::rpc::NodeInfoGcsService.grpc_client.GetAllNodeInfo - 1 total (0 active), Execution time: mean = 875.241 us, total = 875.241 us, Queueing time: mean = 0.000 s, max = -0.000 s, min = 9223372036.855 s, total = 0.000 s
	ray::rpc::InternalPubSubGcsService.grpc_client.GcsSubscriberCommandBatch.OnReplyReceived - 1 total (0 active), Execution time: mean = 98.627 us, total = 98.627 us, Queueing time: mean = 6.238 us, max = 6.238 us, min = 6.238 us, total = 6.238 us
	ray::rpc::WorkerInfoGcsService.grpc_client.AddWorkerInfo - 1 total (0 active), Execution time: mean = 427.971 us, total = 427.971 us, Queueing time: mean = 0.000 s, max = -0.000 s, min = 9223372036.855 s, total = 0.000 s
	ray::rpc::InternalPubSubGcsService.grpc_client.GcsSubscriberCommandBatch - 1 total (0 active), Execution time: mean = 638.685 us, total = 638.685 us, Queueing time: mean = 0.000 s, max = -0.000 s, min = 9223372036.855 s, total = 0.000 s
	ray::rpc::WorkerInfoGcsService.grpc_client.AddWorkerInfo.OnReplyReceived - 1 total (0 active), Execution time: mean = 25.580 us, total = 25.580 us, Queueing time: mean = 9.068 us, max = 9.068 us, min = 9.068 us, total = 9.068 us
	ray::rpc::NodeInfoGcsService.grpc_client.GetAllNodeInfo.OnReplyReceived - 1 total (0 active), Execution time: mean = 44.429 us, total = 44.429 us, Queueing time: mean = 5.396 us, max = 5.396 us, min = 5.396 us, total = 5.396 us

-----------------
Task Event stats:

IO Service Stats:

Global stats: 5392 total (1 active)
Queueing time: mean = 522.179 us, max = 62.313 ms, min = -0.017 s, total = 2.816 s
Execution time:  mean = 248.748 us, total = 1.341 s
Event stats:
	ray::rpc::TaskInfoGcsService.grpc_client.AddTaskEventData - 1797 total (0 active), Execution time: mean = 593.523 us, total = 1.067 s, Queueing time: mean = 0.000 s, max = -0.000 s, min = 9223372036.855 s, total = 0.000 s
	CoreWorker.deadline_timer.flush_task_events - 1797 total (1 active), Execution time: mean = 131.609 us, total = 236.502 ms, Queueing time: mean = 1.526 ms, max = 62.313 ms, min = -0.017 s, total = 2.743 s
	ray::rpc::TaskInfoGcsService.grpc_client.AddTaskEventData.OnReplyReceived - 1797 total (0 active), Execution time: mean = 21.112 us, total = 37.938 ms, Queueing time: mean = 40.229 us, max = 9.332 ms, min = 7.643 us, total = 72.292 ms
	PeriodicalRunner.RunFnPeriodically - 1 total (0 active), Execution time: mean = 248.703 us, total = 248.703 us, Queueing time: mean = 765.601 us, max = 765.601 us, min = 765.601 us, total = 765.601 us
Other Stats:
	grpc_in_progress:0
	current number of task status events in buffer: 0
	current number of profile events in buffer: 0
	current number of dropped task attempts tracked: 0
	total task events sent: 0 MiB
	total number of task attempts sent: 0
	total number of task attempts dropped reported: 0
	total number of sent failure: 0
	num status task events dropped: 0
	num profile task events dropped: 0


[2025-02-16 16:49:37,658 I 573 1286] core_worker.cc:642: Event stats:


Global stats: 26618 total (8 active)
Queueing time: mean = 302.836 us, max = 74.754 ms, min = -0.069 s, total = 8.061 s
Execution time:  mean = 67.704 ms, total = 1802.137 s
Event stats:
	CoreWorker.RecoverObjects - 18566 total (1 active), Execution time: mean = 5.494 us, total = 101.999 ms, Queueing time: mean = 182.607 us, max = 12.988 ms, min = -0.046 s, total = 3.390 s
	NodeManagerService.grpc_client.ReportWorkerBacklog.OnReplyReceived - 1858 total (0 active), Execution time: mean = 16.498 us, total = 30.653 ms, Queueing time: mean = 32.967 us, max = 2.933 ms, min = 2.868 us, total = 61.253 ms
	CoreWorker.ExitIfParentRayletDies - 1858 total (1 active), Execution time: mean = 7.568 us, total = 14.061 ms, Queueing time: mean = 1.308 ms, max = 61.099 ms, min = -0.053 s, total = 2.430 s
	CoreWorker.InternalHeartbeat - 1858 total (1 active), Execution time: mean = 103.947 us, total = 193.134 ms, Queueing time: mean = 1.209 ms, max = 61.087 ms, min = -0.053 s, total = 2.246 s
	NodeManagerService.grpc_client.ReportWorkerBacklog - 1858 total (0 active), Execution time: mean = 562.735 us, total = 1.046 s, Queueing time: mean = 0.000 s, max = -0.000 s, min = 9223372036.855 s, total = 0.000 s
	CoreWorker.RecordMetrics - 372 total (1 active), Execution time: mean = 17.916 us, total = 6.665 ms, Queueing time: mean = 49.791 us, max = 74.754 ms, min = -0.068 s, total = 18.522 ms
	CoreWorker.GCStreamingGeneratorMetadata - 186 total (1 active), Execution time: mean = 4.122 us, total = 766.614 us, Queueing time: mean = 65.779 us, max = 71.260 ms, min = -0.069 s, total = 12.235 ms
	CoreWorker.PrintEventStats - 31 total (1 active, 1 running), Execution time: mean = 263.014 us, total = 8.153 ms, Queueing time: mean = -0.002 s, max = 57.124 ms, min = -0.053 s, total = -0.049 s
	PeriodicalRunner.RunFnPeriodically - 7 total (0 active), Execution time: mean = 63.522 us, total = 444.655 us, Queueing time: mean = 173.356 us, max = 397.709 us, min = 6.528 us, total = 1.213 ms
	Publisher.CheckDeadSubscribers - 7 total (1 active), Execution time: mean = 4.924 us, total = 34.470 us, Queueing time: mean = -0.007 s, max = 17.471 ms, min = -0.037 s, total = -0.051 s
	ray::rpc::InternalPubSubGcsService.grpc_client.GcsSubscriberPoll - 6 total (1 active), Execution time: mean = 300.122 s, total = 1800.732 s, Queueing time: mean = 0.000 s, max = -0.000 s, min = 9223372036.855 s, total = 0.000 s
	ray::rpc::InternalPubSubGcsService.grpc_client.GcsSubscriberPoll.OnReplyReceived - 5 total (0 active), Execution time: mean = 144.006 us, total = 720.029 us, Queueing time: mean = 40.446 us, max = 79.799 us, min = 21.563 us, total = 202.231 us
	ray::rpc::NodeInfoGcsService.grpc_client.GetAllNodeInfo - 1 total (0 active), Execution time: mean = 875.241 us, total = 875.241 us, Queueing time: mean = 0.000 s, max = -0.000 s, min = 9223372036.855 s, total = 0.000 s
	ray::rpc::InternalPubSubGcsService.grpc_client.GcsSubscriberCommandBatch.OnReplyReceived - 1 total (0 active), Execution time: mean = 98.627 us, total = 98.627 us, Queueing time: mean = 6.238 us, max = 6.238 us, min = 6.238 us, total = 6.238 us
	ray::rpc::WorkerInfoGcsService.grpc_client.AddWorkerInfo - 1 total (0 active), Execution time: mean = 427.971 us, total = 427.971 us, Queueing time: mean = 0.000 s, max = -0.000 s, min = 9223372036.855 s, total = 0.000 s
	ray::rpc::InternalPubSubGcsService.grpc_client.GcsSubscriberCommandBatch - 1 total (0 active), Execution time: mean = 638.685 us, total = 638.685 us, Queueing time: mean = 0.000 s, max = -0.000 s, min = 9223372036.855 s, total = 0.000 s
	ray::rpc::WorkerInfoGcsService.grpc_client.AddWorkerInfo.OnReplyReceived - 1 total (0 active), Execution time: mean = 25.580 us, total = 25.580 us, Queueing time: mean = 9.068 us, max = 9.068 us, min = 9.068 us, total = 9.068 us
	ray::rpc::NodeInfoGcsService.grpc_client.GetAllNodeInfo.OnReplyReceived - 1 total (0 active), Execution time: mean = 44.429 us, total = 44.429 us, Queueing time: mean = 5.396 us, max = 5.396 us, min = 5.396 us, total = 5.396 us

-----------------
Task Event stats:

IO Service Stats:

Global stats: 5572 total (1 active)
Queueing time: mean = 522.368 us, max = 62.313 ms, min = -0.017 s, total = 2.911 s
Execution time:  mean = 246.394 us, total = 1.373 s
Event stats:
	ray::rpc::TaskInfoGcsService.grpc_client.AddTaskEventData - 1857 total (0 active), Execution time: mean = 587.823 us, total = 1.092 s, Queueing time: mean = 0.000 s, max = -0.000 s, min = 9223372036.855 s, total = 0.000 s
	CoreWorker.deadline_timer.flush_task_events - 1857 total (1 active), Execution time: mean = 130.479 us, total = 242.300 ms, Queueing time: mean = 1.527 ms, max = 62.313 ms, min = -0.017 s, total = 2.836 s
	ray::rpc::TaskInfoGcsService.grpc_client.AddTaskEventData.OnReplyReceived - 1857 total (0 active), Execution time: mean = 20.878 us, total = 38.771 ms, Queueing time: mean = 39.629 us, max = 9.332 ms, min = 7.643 us, total = 73.591 ms
	PeriodicalRunner.RunFnPeriodically - 1 total (0 active), Execution time: mean = 248.703 us, total = 248.703 us, Queueing time: mean = 765.601 us, max = 765.601 us, min = 765.601 us, total = 765.601 us
Other Stats:
	grpc_in_progress:0
	current number of task status events in buffer: 0
	current number of profile events in buffer: 0
	current number of dropped task attempts tracked: 0
	total task events sent: 0 MiB
	total number of task attempts sent: 0
	total number of task attempts dropped reported: 0
	total number of sent failure: 0
	num status task events dropped: 0
	num profile task events dropped: 0


[2025-02-16 16:50:37,658 I 573 1286] core_worker.cc:642: Event stats:


Global stats: 27476 total (8 active)
Queueing time: mean = 304.200 us, max = 74.754 ms, min = -0.069 s, total = 8.358 s
Execution time:  mean = 65.591 ms, total = 1802.174 s
Event stats:
	CoreWorker.RecoverObjects - 19165 total (1 active), Execution time: mean = 5.454 us, total = 104.524 ms, Queueing time: mean = 181.334 us, max = 12.988 ms, min = -0.046 s, total = 3.475 s
	NodeManagerService.grpc_client.ReportWorkerBacklog.OnReplyReceived - 1918 total (0 active), Execution time: mean = 16.801 us, total = 32.224 ms, Queueing time: mean = 32.834 us, max = 2.933 ms, min = 2.868 us, total = 62.975 ms
	CoreWorker.ExitIfParentRayletDies - 1918 total (1 active), Execution time: mean = 7.516 us, total = 14.415 ms, Queueing time: mean = 1.320 ms, max = 61.099 ms, min = -0.053 s, total = 2.531 s
	CoreWorker.InternalHeartbeat - 1918 total (1 active), Execution time: mean = 103.714 us, total = 198.924 ms, Queueing time: mean = 1.221 ms, max = 61.087 ms, min = -0.053 s, total = 2.341 s
	NodeManagerService.grpc_client.ReportWorkerBacklog - 1918 total (0 active), Execution time: mean = 559.085 us, total = 1.072 s, Queueing time: mean = 0.000 s, max = -0.000 s, min = 9223372036.855 s, total = 0.000 s
	CoreWorker.RecordMetrics - 384 total (1 active), Execution time: mean = 17.870 us, total = 6.862 ms, Queueing time: mean = 50.572 us, max = 74.754 ms, min = -0.068 s, total = 19.420 ms
	CoreWorker.GCStreamingGeneratorMetadata - 192 total (1 active), Execution time: mean = 4.075 us, total = 782.404 us, Queueing time: mean = 63.022 us, max = 71.260 ms, min = -0.069 s, total = 12.100 ms
	CoreWorker.PrintEventStats - 32 total (1 active, 1 running), Execution time: mean = 269.390 us, total = 8.620 ms, Queueing time: mean = -0.001 s, max = 57.124 ms, min = -0.053 s, total = -0.034 s
	PeriodicalRunner.RunFnPeriodically - 7 total (0 active), Execution time: mean = 63.522 us, total = 444.655 us, Queueing time: mean = 173.356 us, max = 397.709 us, min = 6.528 us, total = 1.213 ms
	Publisher.CheckDeadSubscribers - 7 total (1 active), Execution time: mean = 4.924 us, total = 34.470 us, Queueing time: mean = -0.007 s, max = 17.471 ms, min = -0.037 s, total = -0.051 s
	ray::rpc::InternalPubSubGcsService.grpc_client.GcsSubscriberPoll - 6 total (1 active), Execution time: mean = 300.122 s, total = 1800.732 s, Queueing time: mean = 0.000 s, max = -0.000 s, min = 9223372036.855 s, total = 0.000 s
	ray::rpc::InternalPubSubGcsService.grpc_client.GcsSubscriberPoll.OnReplyReceived - 5 total (0 active), Execution time: mean = 144.006 us, total = 720.029 us, Queueing time: mean = 40.446 us, max = 79.799 us, min = 21.563 us, total = 202.231 us
	ray::rpc::NodeInfoGcsService.grpc_client.GetAllNodeInfo - 1 total (0 active), Execution time: mean = 875.241 us, total = 875.241 us, Queueing time: mean = 0.000 s, max = -0.000 s, min = 9223372036.855 s, total = 0.000 s
	ray::rpc::InternalPubSubGcsService.grpc_client.GcsSubscriberCommandBatch.OnReplyReceived - 1 total (0 active), Execution time: mean = 98.627 us, total = 98.627 us, Queueing time: mean = 6.238 us, max = 6.238 us, min = 6.238 us, total = 6.238 us
	ray::rpc::WorkerInfoGcsService.grpc_client.AddWorkerInfo - 1 total (0 active), Execution time: mean = 427.971 us, total = 427.971 us, Queueing time: mean = 0.000 s, max = -0.000 s, min = 9223372036.855 s, total = 0.000 s
	ray::rpc::InternalPubSubGcsService.grpc_client.GcsSubscriberCommandBatch - 1 total (0 active), Execution time: mean = 638.685 us, total = 638.685 us, Queueing time: mean = 0.000 s, max = -0.000 s, min = 9223372036.855 s, total = 0.000 s
	ray::rpc::WorkerInfoGcsService.grpc_client.AddWorkerInfo.OnReplyReceived - 1 total (0 active), Execution time: mean = 25.580 us, total = 25.580 us, Queueing time: mean = 9.068 us, max = 9.068 us, min = 9.068 us, total = 9.068 us
	ray::rpc::NodeInfoGcsService.grpc_client.GetAllNodeInfo.OnReplyReceived - 1 total (0 active), Execution time: mean = 44.429 us, total = 44.429 us, Queueing time: mean = 5.396 us, max = 5.396 us, min = 5.396 us, total = 5.396 us

-----------------
Task Event stats:

IO Service Stats:

Global stats: 5752 total (1 active)
Queueing time: mean = 522.706 us, max = 62.313 ms, min = -0.017 s, total = 3.007 s
Execution time:  mean = 244.865 us, total = 1.408 s
Event stats:
	ray::rpc::TaskInfoGcsService.grpc_client.AddTaskEventData - 1917 total (0 active), Execution time: mean = 584.008 us, total = 1.120 s, Queueing time: mean = 0.000 s, max = -0.000 s, min = 9223372036.855 s, total = 0.000 s
	CoreWorker.deadline_timer.flush_task_events - 1917 total (1 active), Execution time: mean = 129.831 us, total = 248.886 ms, Queueing time: mean = 1.529 ms, max = 62.313 ms, min = -0.017 s, total = 2.931 s
	ray::rpc::TaskInfoGcsService.grpc_client.AddTaskEventData.OnReplyReceived - 1917 total (0 active), Execution time: mean = 20.754 us, total = 39.786 ms, Queueing time: mean = 39.099 us, max = 9.332 ms, min = 7.643 us, total = 74.952 ms
	PeriodicalRunner.RunFnPeriodically - 1 total (0 active), Execution time: mean = 248.703 us, total = 248.703 us, Queueing time: mean = 765.601 us, max = 765.601 us, min = 765.601 us, total = 765.601 us
Other Stats:
	grpc_in_progress:0
	current number of task status events in buffer: 0
	current number of profile events in buffer: 0
	current number of dropped task attempts tracked: 0
	total task events sent: 0 MiB
	total number of task attempts sent: 0
	total number of task attempts dropped reported: 0
	total number of sent failure: 0
	num status task events dropped: 0
	num profile task events dropped: 0


[2025-02-16 16:51:37,659 I 573 1286] core_worker.cc:642: Event stats:


Global stats: 28334 total (8 active)
Queueing time: mean = 305.339 us, max = 74.754 ms, min = -0.069 s, total = 8.651 s
Execution time:  mean = 63.606 ms, total = 1802.222 s
Event stats:
	CoreWorker.RecoverObjects - 19764 total (1 active), Execution time: mean = 5.410 us, total = 106.914 ms, Queueing time: mean = 181.085 us, max = 12.988 ms, min = -0.046 s, total = 3.579 s
	NodeManagerService.grpc_client.ReportWorkerBacklog.OnReplyReceived - 1978 total (0 active), Execution time: mean = 16.827 us, total = 33.283 ms, Queueing time: mean = 32.869 us, max = 2.933 ms, min = 2.868 us, total = 65.015 ms
	CoreWorker.ExitIfParentRayletDies - 1978 total (1 active), Execution time: mean = 7.529 us, total = 14.892 ms, Queueing time: mean = 1.333 ms, max = 61.099 ms, min = -0.053 s, total = 2.636 s
	CoreWorker.InternalHeartbeat - 1978 total (1 active), Execution time: mean = 103.849 us, total = 205.414 ms, Queueing time: mean = 1.233 ms, max = 61.087 ms, min = -0.053 s, total = 2.440 s
	NodeManagerService.grpc_client.ReportWorkerBacklog - 1978 total (0 active), Execution time: mean = 560.686 us, total = 1.109 s, Queueing time: mean = 0.000 s, max = -0.000 s, min = 9223372036.855 s, total = 0.000 s
	CoreWorker.RecordMetrics - 396 total (1 active), Execution time: mean = 17.809 us, total = 7.052 ms, Queueing time: mean = 49.148 us, max = 74.754 ms, min = -0.068 s, total = 19.463 ms
	CoreWorker.GCStreamingGeneratorMetadata - 198 total (1 active), Execution time: mean = 4.051 us, total = 802.060 us, Queueing time: mean = 64.253 us, max = 71.260 ms, min = -0.069 s, total = 12.722 ms
	CoreWorker.PrintEventStats - 33 total (1 active, 1 running), Execution time: mean = 267.379 us, total = 8.824 ms, Queueing time: mean = -0.002 s, max = 57.124 ms, min = -0.053 s, total = -0.051 s
	PeriodicalRunner.RunFnPeriodically - 7 total (0 active), Execution time: mean = 63.522 us, total = 444.655 us, Queueing time: mean = 173.356 us, max = 397.709 us, min = 6.528 us, total = 1.213 ms
	Publisher.CheckDeadSubscribers - 7 total (1 active), Execution time: mean = 4.924 us, total = 34.470 us, Queueing time: mean = -0.007 s, max = 17.471 ms, min = -0.037 s, total = -0.051 s
	ray::rpc::InternalPubSubGcsService.grpc_client.GcsSubscriberPoll - 6 total (1 active), Execution time: mean = 300.122 s, total = 1800.732 s, Queueing time: mean = 0.000 s, max = -0.000 s, min = 9223372036.855 s, total = 0.000 s
	ray::rpc::InternalPubSubGcsService.grpc_client.GcsSubscriberPoll.OnReplyReceived - 5 total (0 active), Execution time: mean = 144.006 us, total = 720.029 us, Queueing time: mean = 40.446 us, max = 79.799 us, min = 21.563 us, total = 202.231 us
	ray::rpc::NodeInfoGcsService.grpc_client.GetAllNodeInfo - 1 total (0 active), Execution time: mean = 875.241 us, total = 875.241 us, Queueing time: mean = 0.000 s, max = -0.000 s, min = 9223372036.855 s, total = 0.000 s
	ray::rpc::InternalPubSubGcsService.grpc_client.GcsSubscriberCommandBatch.OnReplyReceived - 1 total (0 active), Execution time: mean = 98.627 us, total = 98.627 us, Queueing time: mean = 6.238 us, max = 6.238 us, min = 6.238 us, total = 6.238 us
	ray::rpc::WorkerInfoGcsService.grpc_client.AddWorkerInfo - 1 total (0 active), Execution time: mean = 427.971 us, total = 427.971 us, Queueing time: mean = 0.000 s, max = -0.000 s, min = 9223372036.855 s, total = 0.000 s
	ray::rpc::InternalPubSubGcsService.grpc_client.GcsSubscriberCommandBatch - 1 total (0 active), Execution time: mean = 638.685 us, total = 638.685 us, Queueing time: mean = 0.000 s, max = -0.000 s, min = 9223372036.855 s, total = 0.000 s
	ray::rpc::WorkerInfoGcsService.grpc_client.AddWorkerInfo.OnReplyReceived - 1 total (0 active), Execution time: mean = 25.580 us, total = 25.580 us, Queueing time: mean = 9.068 us, max = 9.068 us, min = 9.068 us, total = 9.068 us
	ray::rpc::NodeInfoGcsService.grpc_client.GetAllNodeInfo.OnReplyReceived - 1 total (0 active), Execution time: mean = 44.429 us, total = 44.429 us, Queueing time: mean = 5.396 us, max = 5.396 us, min = 5.396 us, total = 5.396 us

-----------------
Task Event stats:

IO Service Stats:

Global stats: 5932 total (1 active)
Queueing time: mean = 523.462 us, max = 62.313 ms, min = -0.017 s, total = 3.105 s
Execution time:  mean = 243.640 us, total = 1.445 s
Event stats:
	ray::rpc::TaskInfoGcsService.grpc_client.AddTaskEventData - 1977 total (0 active), Execution time: mean = 581.273 us, total = 1.149 s, Queueing time: mean = 0.000 s, max = -0.000 s, min = 9223372036.855 s, total = 0.000 s
	CoreWorker.deadline_timer.flush_task_events - 1977 total (1 active), Execution time: mean = 129.014 us, total = 255.061 ms, Queueing time: mean = 1.531 ms, max = 62.313 ms, min = -0.017 s, total = 3.028 s
	ray::rpc::TaskInfoGcsService.grpc_client.AddTaskEventData.OnReplyReceived - 1977 total (0 active), Execution time: mean = 20.631 us, total = 40.787 ms, Queueing time: mean = 38.778 us, max = 9.332 ms, min = 7.643 us, total = 76.664 ms
	PeriodicalRunner.RunFnPeriodically - 1 total (0 active), Execution time: mean = 248.703 us, total = 248.703 us, Queueing time: mean = 765.601 us, max = 765.601 us, min = 765.601 us, total = 765.601 us
Other Stats:
	grpc_in_progress:0
	current number of task status events in buffer: 0
	current number of profile events in buffer: 0
	current number of dropped task attempts tracked: 0
	total task events sent: 0 MiB
	total number of task attempts sent: 0
	total number of task attempts dropped reported: 0
	total number of sent failure: 0
	num status task events dropped: 0
	num profile task events dropped: 0


[2025-02-16 16:52:37,659 I 573 1286] core_worker.cc:642: Event stats:


Global stats: 29192 total (8 active)
Queueing time: mean = 307.123 us, max = 74.754 ms, min = -0.069 s, total = 8.966 s
Execution time:  mean = 61.738 ms, total = 1802.264 s
Event stats:
	CoreWorker.RecoverObjects - 20363 total (1 active), Execution time: mean = 5.367 us, total = 109.283 ms, Queueing time: mean = 180.830 us, max = 12.988 ms, min = -0.046 s, total = 3.682 s
	NodeManagerService.grpc_client.ReportWorkerBacklog.OnReplyReceived - 2038 total (0 active), Execution time: mean = 16.724 us, total = 34.083 ms, Queueing time: mean = 32.754 us, max = 2.933 ms, min = 2.868 us, total = 66.753 ms
	CoreWorker.ExitIfParentRayletDies - 2038 total (1 active), Execution time: mean = 7.493 us, total = 15.270 ms, Queueing time: mean = 1.345 ms, max = 61.099 ms, min = -0.053 s, total = 2.740 s
	CoreWorker.InternalHeartbeat - 2038 total (1 active), Execution time: mean = 103.804 us, total = 211.553 ms, Queueing time: mean = 1.246 ms, max = 61.087 ms, min = -0.053 s, total = 2.539 s
	NodeManagerService.grpc_client.ReportWorkerBacklog - 2038 total (0 active), Execution time: mean = 559.889 us, total = 1.141 s, Queueing time: mean = 0.000 s, max = -0.000 s, min = 9223372036.855 s, total = 0.000 s
	CoreWorker.RecordMetrics - 408 total (1 active), Execution time: mean = 17.676 us, total = 7.212 ms, Queueing time: mean = 50.830 us, max = 74.754 ms, min = -0.068 s, total = 20.738 ms
	CoreWorker.GCStreamingGeneratorMetadata - 204 total (1 active), Execution time: mean = 3.991 us, total = 814.262 us, Queueing time: mean = 62.525 us, max = 71.260 ms, min = -0.069 s, total = 12.755 ms
	CoreWorker.PrintEventStats - 34 total (1 active, 1 running), Execution time: mean = 269.813 us, total = 9.174 ms, Queueing time: mean = -0.001 s, max = 57.124 ms, min = -0.053 s, total = -0.047 s
	PeriodicalRunner.RunFnPeriodically - 7 total (0 active), Execution time: mean = 63.522 us, total = 444.655 us, Queueing time: mean = 173.356 us, max = 397.709 us, min = 6.528 us, total = 1.213 ms
	Publisher.CheckDeadSubscribers - 7 total (1 active), Execution time: mean = 4.924 us, total = 34.470 us, Queueing time: mean = -0.007 s, max = 17.471 ms, min = -0.037 s, total = -0.051 s
	ray::rpc::InternalPubSubGcsService.grpc_client.GcsSubscriberPoll - 6 total (1 active), Execution time: mean = 300.122 s, total = 1800.732 s, Queueing time: mean = 0.000 s, max = -0.000 s, min = 9223372036.855 s, total = 0.000 s
	ray::rpc::InternalPubSubGcsService.grpc_client.GcsSubscriberPoll.OnReplyReceived - 5 total (0 active), Execution time: mean = 144.006 us, total = 720.029 us, Queueing time: mean = 40.446 us, max = 79.799 us, min = 21.563 us, total = 202.231 us
	ray::rpc::NodeInfoGcsService.grpc_client.GetAllNodeInfo - 1 total (0 active), Execution time: mean = 875.241 us, total = 875.241 us, Queueing time: mean = 0.000 s, max = -0.000 s, min = 9223372036.855 s, total = 0.000 s
	ray::rpc::InternalPubSubGcsService.grpc_client.GcsSubscriberCommandBatch.OnReplyReceived - 1 total (0 active), Execution time: mean = 98.627 us, total = 98.627 us, Queueing time: mean = 6.238 us, max = 6.238 us, min = 6.238 us, total = 6.238 us
	ray::rpc::WorkerInfoGcsService.grpc_client.AddWorkerInfo - 1 total (0 active), Execution time: mean = 427.971 us, total = 427.971 us, Queueing time: mean = 0.000 s, max = -0.000 s, min = 9223372036.855 s, total = 0.000 s
	ray::rpc::InternalPubSubGcsService.grpc_client.GcsSubscriberCommandBatch - 1 total (0 active), Execution time: mean = 638.685 us, total = 638.685 us, Queueing time: mean = 0.000 s, max = -0.000 s, min = 9223372036.855 s, total = 0.000 s
	ray::rpc::WorkerInfoGcsService.grpc_client.AddWorkerInfo.OnReplyReceived - 1 total (0 active), Execution time: mean = 25.580 us, total = 25.580 us, Queueing time: mean = 9.068 us, max = 9.068 us, min = 9.068 us, total = 9.068 us
	ray::rpc::NodeInfoGcsService.grpc_client.GetAllNodeInfo.OnReplyReceived - 1 total (0 active), Execution time: mean = 44.429 us, total = 44.429 us, Queueing time: mean = 5.396 us, max = 5.396 us, min = 5.396 us, total = 5.396 us

-----------------
Task Event stats:

IO Service Stats:

Global stats: 6112 total (1 active)
Queueing time: mean = 524.095 us, max = 62.313 ms, min = -0.017 s, total = 3.203 s
Execution time:  mean = 242.245 us, total = 1.481 s
Event stats:
	ray::rpc::TaskInfoGcsService.grpc_client.AddTaskEventData - 2037 total (0 active), Execution time: mean = 577.841 us, total = 1.177 s, Queueing time: mean = 0.000 s, max = -0.000 s, min = 9223372036.855 s, total = 0.000 s
	CoreWorker.deadline_timer.flush_task_events - 2037 total (1 active), Execution time: mean = 128.380 us, total = 261.510 ms, Queueing time: mean = 1.534 ms, max = 62.313 ms, min = -0.017 s, total = 3.124 s
	ray::rpc::TaskInfoGcsService.grpc_client.AddTaskEventData.OnReplyReceived - 2037 total (0 active), Execution time: mean = 20.511 us, total = 41.782 ms, Queueing time: mean = 38.424 us, max = 9.332 ms, min = 7.643 us, total = 78.271 ms
	PeriodicalRunner.RunFnPeriodically - 1 total (0 active), Execution time: mean = 248.703 us, total = 248.703 us, Queueing time: mean = 765.601 us, max = 765.601 us, min = 765.601 us, total = 765.601 us
Other Stats:
	grpc_in_progress:0
	current number of task status events in buffer: 0
	current number of profile events in buffer: 0
	current number of dropped task attempts tracked: 0
	total task events sent: 0 MiB
	total number of task attempts sent: 0
	total number of task attempts dropped reported: 0
	total number of sent failure: 0
	num status task events dropped: 0
	num profile task events dropped: 0


[2025-02-16 16:53:37,660 I 573 1286] core_worker.cc:642: Event stats:


Global stats: 30051 total (8 active)
Queueing time: mean = 308.718 us, max = 74.754 ms, min = -0.069 s, total = 9.277 s
Execution time:  mean = 59.975 ms, total = 1802.316 s
Event stats:
	CoreWorker.RecoverObjects - 20962 total (1 active), Execution time: mean = 5.337 us, total = 111.882 ms, Queueing time: mean = 180.710 us, max = 12.988 ms, min = -0.046 s, total = 3.788 s
	NodeManagerService.grpc_client.ReportWorkerBacklog.OnReplyReceived - 2098 total (0 active), Execution time: mean = 16.667 us, total = 34.968 ms, Queueing time: mean = 32.812 us, max = 2.933 ms, min = 2.868 us, total = 68.840 ms
	CoreWorker.ExitIfParentRayletDies - 2098 total (1 active), Execution time: mean = 7.440 us, total = 15.609 ms, Queueing time: mean = 1.357 ms, max = 61.099 ms, min = -0.053 s, total = 2.847 s
	CoreWorker.InternalHeartbeat - 2098 total (1 active), Execution time: mean = 104.464 us, total = 219.165 ms, Queueing time: mean = 1.258 ms, max = 61.087 ms, min = -0.053 s, total = 2.639 s
	NodeManagerService.grpc_client.ReportWorkerBacklog - 2098 total (0 active), Execution time: mean = 562.945 us, total = 1.181 s, Queueing time: mean = 0.000 s, max = -0.000 s, min = 9223372036.855 s, total = 0.000 s
	CoreWorker.RecordMetrics - 420 total (1 active), Execution time: mean = 17.626 us, total = 7.403 ms, Queueing time: mean = 49.789 us, max = 74.754 ms, min = -0.068 s, total = 20.911 ms
	CoreWorker.GCStreamingGeneratorMetadata - 210 total (1 active), Execution time: mean = 4.002 us, total = 840.383 us, Queueing time: mean = 64.157 us, max = 71.260 ms, min = -0.069 s, total = 13.473 ms
	CoreWorker.PrintEventStats - 35 total (1 active, 1 running), Execution time: mean = 273.967 us, total = 9.589 ms, Queueing time: mean = -0.001 s, max = 57.124 ms, min = -0.053 s, total = -0.052 s
	Publisher.CheckDeadSubscribers - 8 total (1 active), Execution time: mean = 4.920 us, total = 39.362 us, Queueing time: mean = -0.006 s, max = 17.471 ms, min = -0.037 s, total = -0.050 s
	PeriodicalRunner.RunFnPeriodically - 7 total (0 active), Execution time: mean = 63.522 us, total = 444.655 us, Queueing time: mean = 173.356 us, max = 397.709 us, min = 6.528 us, total = 1.213 ms
	ray::rpc::InternalPubSubGcsService.grpc_client.GcsSubscriberPoll - 6 total (1 active), Execution time: mean = 300.122 s, total = 1800.732 s, Queueing time: mean = 0.000 s, max = -0.000 s, min = 9223372036.855 s, total = 0.000 s
	ray::rpc::InternalPubSubGcsService.grpc_client.GcsSubscriberPoll.OnReplyReceived - 5 total (0 active), Execution time: mean = 144.006 us, total = 720.029 us, Queueing time: mean = 40.446 us, max = 79.799 us, min = 21.563 us, total = 202.231 us
	ray::rpc::NodeInfoGcsService.grpc_client.GetAllNodeInfo - 1 total (0 active), Execution time: mean = 875.241 us, total = 875.241 us, Queueing time: mean = 0.000 s, max = -0.000 s, min = 9223372036.855 s, total = 0.000 s
	ray::rpc::InternalPubSubGcsService.grpc_client.GcsSubscriberCommandBatch.OnReplyReceived - 1 total (0 active), Execution time: mean = 98.627 us, total = 98.627 us, Queueing time: mean = 6.238 us, max = 6.238 us, min = 6.238 us, total = 6.238 us
	ray::rpc::WorkerInfoGcsService.grpc_client.AddWorkerInfo - 1 total (0 active), Execution time: mean = 427.971 us, total = 427.971 us, Queueing time: mean = 0.000 s, max = -0.000 s, min = 9223372036.855 s, total = 0.000 s
	ray::rpc::InternalPubSubGcsService.grpc_client.GcsSubscriberCommandBatch - 1 total (0 active), Execution time: mean = 638.685 us, total = 638.685 us, Queueing time: mean = 0.000 s, max = -0.000 s, min = 9223372036.855 s, total = 0.000 s
	ray::rpc::WorkerInfoGcsService.grpc_client.AddWorkerInfo.OnReplyReceived - 1 total (0 active), Execution time: mean = 25.580 us, total = 25.580 us, Queueing time: mean = 9.068 us, max = 9.068 us, min = 9.068 us, total = 9.068 us
	ray::rpc::NodeInfoGcsService.grpc_client.GetAllNodeInfo.OnReplyReceived - 1 total (0 active), Execution time: mean = 44.429 us, total = 44.429 us, Queueing time: mean = 5.396 us, max = 5.396 us, min = 5.396 us, total = 5.396 us

-----------------
Task Event stats:

IO Service Stats:

Global stats: 6292 total (1 active)
Queueing time: mean = 525.297 us, max = 62.313 ms, min = -0.018 s, total = 3.305 s
Execution time:  mean = 240.876 us, total = 1.516 s
Event stats:
	ray::rpc::TaskInfoGcsService.grpc_client.AddTaskEventData - 2097 total (0 active), Execution time: mean = 574.620 us, total = 1.205 s, Queueing time: mean = 0.000 s, max = -0.000 s, min = 9223372036.855 s, total = 0.000 s
	CoreWorker.deadline_timer.flush_task_events - 2097 total (1 active), Execution time: mean = 127.655 us, total = 267.693 ms, Queueing time: mean = 1.538 ms, max = 62.313 ms, min = -0.018 s, total = 3.225 s
	ray::rpc::TaskInfoGcsService.grpc_client.AddTaskEventData.OnReplyReceived - 2097 total (0 active), Execution time: mean = 20.348 us, total = 42.670 ms, Queueing time: mean = 38.014 us, max = 9.332 ms, min = 7.643 us, total = 79.714 ms
	PeriodicalRunner.RunFnPeriodically - 1 total (0 active), Execution time: mean = 248.703 us, total = 248.703 us, Queueing time: mean = 765.601 us, max = 765.601 us, min = 765.601 us, total = 765.601 us
Other Stats:
	grpc_in_progress:0
	current number of task status events in buffer: 0
	current number of profile events in buffer: 0
	current number of dropped task attempts tracked: 0
	total task events sent: 0 MiB
	total number of task attempts sent: 0
	total number of task attempts dropped reported: 0
	total number of sent failure: 0
	num status task events dropped: 0
	num profile task events dropped: 0


[2025-02-16 16:54:37,680 I 573 1286] core_worker.cc:642: Event stats:


Global stats: 30910 total (9 active)
Queueing time: mean = 309.199 us, max = 74.754 ms, min = -0.069 s, total = 9.557 s
Execution time:  mean = 68.032 ms, total = 2102.859 s
Event stats:
	CoreWorker.RecoverObjects - 21561 total (1 active), Execution time: mean = 5.364 us, total = 115.652 ms, Queueing time: mean = 180.908 us, max = 12.988 ms, min = -0.046 s, total = 3.901 s
	CoreWorker.ExitIfParentRayletDies - 2158 total (1 active), Execution time: mean = 7.517 us, total = 16.221 ms, Queueing time: mean = 1.344 ms, max = 61.099 ms, min = -0.053 s, total = 2.900 s
	CoreWorker.InternalHeartbeat - 2158 total (1 active), Execution time: mean = 105.471 us, total = 227.606 ms, Queueing time: mean = 1.272 ms, max = 61.087 ms, min = -0.053 s, total = 2.745 s
	NodeManagerService.grpc_client.ReportWorkerBacklog - 2158 total (1 active), Execution time: mean = 563.304 us, total = 1.216 s, Queueing time: mean = 0.000 s, max = -0.000 s, min = 9223372036.855 s, total = 0.000 s
	NodeManagerService.grpc_client.ReportWorkerBacklog.OnReplyReceived - 2157 total (0 active), Execution time: mean = 16.646 us, total = 35.905 ms, Queueing time: mean = 32.818 us, max = 2.933 ms, min = 2.868 us, total = 70.788 ms
	CoreWorker.RecordMetrics - 432 total (1 active), Execution time: mean = 17.595 us, total = 7.601 ms, Queueing time: mean = 53.663 us, max = 74.754 ms, min = -0.068 s, total = 23.182 ms
	CoreWorker.GCStreamingGeneratorMetadata - 216 total (1 active), Execution time: mean = 3.990 us, total = 861.734 us, Queueing time: mean = 62.346 us, max = 71.260 ms, min = -0.069 s, total = 13.467 ms
	CoreWorker.PrintEventStats - 36 total (1 active, 1 running), Execution time: mean = 271.723 us, total = 9.782 ms, Queueing time: mean = -0.001 s, max = 57.124 ms, min = -0.053 s, total = -0.048 s
	Publisher.CheckDeadSubscribers - 8 total (1 active), Execution time: mean = 4.920 us, total = 39.362 us, Queueing time: mean = -0.006 s, max = 17.471 ms, min = -0.037 s, total = -0.050 s
	ray::rpc::InternalPubSubGcsService.grpc_client.GcsSubscriberPoll - 7 total (1 active), Execution time: mean = 300.175 s, total = 2101.226 s, Queueing time: mean = 0.000 s, max = -0.000 s, min = 9223372036.855 s, total = 0.000 s
	PeriodicalRunner.RunFnPeriodically - 7 total (0 active), Execution time: mean = 63.522 us, total = 444.655 us, Queueing time: mean = 173.356 us, max = 397.709 us, min = 6.528 us, total = 1.213 ms
	ray::rpc::InternalPubSubGcsService.grpc_client.GcsSubscriberPoll.OnReplyReceived - 6 total (0 active), Execution time: mean = 138.907 us, total = 833.441 us, Queueing time: mean = 45.314 us, max = 79.799 us, min = 21.563 us, total = 271.882 us
	ray::rpc::NodeInfoGcsService.grpc_client.GetAllNodeInfo - 1 total (0 active), Execution time: mean = 875.241 us, total = 875.241 us, Queueing time: mean = 0.000 s, max = -0.000 s, min = 9223372036.855 s, total = 0.000 s
	ray::rpc::InternalPubSubGcsService.grpc_client.GcsSubscriberCommandBatch.OnReplyReceived - 1 total (0 active), Execution time: mean = 98.627 us, total = 98.627 us, Queueing time: mean = 6.238 us, max = 6.238 us, min = 6.238 us, total = 6.238 us
	ray::rpc::WorkerInfoGcsService.grpc_client.AddWorkerInfo - 1 total (0 active), Execution time: mean = 427.971 us, total = 427.971 us, Queueing time: mean = 0.000 s, max = -0.000 s, min = 9223372036.855 s, total = 0.000 s
	ray::rpc::InternalPubSubGcsService.grpc_client.GcsSubscriberCommandBatch - 1 total (0 active), Execution time: mean = 638.685 us, total = 638.685 us, Queueing time: mean = 0.000 s, max = -0.000 s, min = 9223372036.855 s, total = 0.000 s
	ray::rpc::WorkerInfoGcsService.grpc_client.AddWorkerInfo.OnReplyReceived - 1 total (0 active), Execution time: mean = 25.580 us, total = 25.580 us, Queueing time: mean = 9.068 us, max = 9.068 us, min = 9.068 us, total = 9.068 us
	ray::rpc::NodeInfoGcsService.grpc_client.GetAllNodeInfo.OnReplyReceived - 1 total (0 active), Execution time: mean = 44.429 us, total = 44.429 us, Queueing time: mean = 5.396 us, max = 5.396 us, min = 5.396 us, total = 5.396 us

-----------------
Task Event stats:

IO Service Stats:

Global stats: 6472 total (1 active)
Queueing time: mean = 526.323 us, max = 62.313 ms, min = -0.018 s, total = 3.406 s
Execution time:  mean = 240.405 us, total = 1.556 s
Event stats:
	ray::rpc::TaskInfoGcsService.grpc_client.AddTaskEventData - 2157 total (0 active), Execution time: mean = 573.336 us, total = 1.237 s, Queueing time: mean = 0.000 s, max = -0.000 s, min = 9223372036.855 s, total = 0.000 s
	CoreWorker.deadline_timer.flush_task_events - 2157 total (1 active), Execution time: mean = 127.547 us, total = 275.119 ms, Queueing time: mean = 1.541 ms, max = 62.313 ms, min = -0.018 s, total = 3.324 s
	ray::rpc::TaskInfoGcsService.grpc_client.AddTaskEventData.OnReplyReceived - 2157 total (0 active), Execution time: mean = 20.329 us, total = 43.849 ms, Queueing time: mean = 37.737 us, max = 9.332 ms, min = 7.643 us, total = 81.399 ms
	PeriodicalRunner.RunFnPeriodically - 1 total (0 active), Execution time: mean = 248.703 us, total = 248.703 us, Queueing time: mean = 765.601 us, max = 765.601 us, min = 765.601 us, total = 765.601 us
Other Stats:
	grpc_in_progress:0
	current number of task status events in buffer: 0
	current number of profile events in buffer: 0
	current number of dropped task attempts tracked: 0
	total task events sent: 0 MiB
	total number of task attempts sent: 0
	total number of task attempts dropped reported: 0
	total number of sent failure: 0
	num status task events dropped: 0
	num profile task events dropped: 0


[2025-02-16 16:55:37,680 I 573 1286] core_worker.cc:642: Event stats:


Global stats: 31766 total (8 active)
Queueing time: mean = 312.635 us, max = 74.754 ms, min = -0.069 s, total = 9.931 s
Execution time:  mean = 66.200 ms, total = 2102.915 s
Event stats:
	CoreWorker.RecoverObjects - 22160 total (1 active), Execution time: mean = 5.415 us, total = 120.004 ms, Queueing time: mean = 181.712 us, max = 12.988 ms, min = -0.046 s, total = 4.027 s
	CoreWorker.ExitIfParentRayletDies - 2218 total (1 active), Execution time: mean = 7.599 us, total = 16.854 ms, Queueing time: mean = 1.310 ms, max = 61.099 ms, min = -0.060 s, total = 2.905 s
	NodeManagerService.grpc_client.ReportWorkerBacklog.OnReplyReceived - 2217 total (0 active), Execution time: mean = 16.762 us, total = 37.162 ms, Queueing time: mean = 32.864 us, max = 2.933 ms, min = 2.868 us, total = 72.859 ms
	CoreWorker.InternalHeartbeat - 2217 total (1 active), Execution time: mean = 107.336 us, total = 237.964 ms, Queueing time: mean = 1.288 ms, max = 61.087 ms, min = -0.053 s, total = 2.855 s
	NodeManagerService.grpc_client.ReportWorkerBacklog - 2217 total (0 active), Execution time: mean = 565.776 us, total = 1.254 s, Queueing time: mean = 0.000 s, max = -0.000 s, min = 9223372036.855 s, total = 0.000 s
	CoreWorker.RecordMetrics - 444 total (1 active), Execution time: mean = 17.913 us, total = 7.953 ms, Queueing time: mean = 168.364 us, max = 74.754 ms, min = -0.068 s, total = 74.754 ms
	CoreWorker.GCStreamingGeneratorMetadata - 222 total (1 active), Execution time: mean = 4.018 us, total = 892.093 us, Queueing time: mean = 379.288 us, max = 71.260 ms, min = -0.069 s, total = 84.202 ms
	CoreWorker.PrintEventStats - 37 total (1 active, 1 running), Execution time: mean = 269.870 us, total = 9.985 ms, Queueing time: mean = -0.001 s, max = 57.124 ms, min = -0.053 s, total = -0.039 s
	Publisher.CheckDeadSubscribers - 8 total (1 active), Execution time: mean = 4.920 us, total = 39.362 us, Queueing time: mean = -0.006 s, max = 17.471 ms, min = -0.037 s, total = -0.050 s
	ray::rpc::InternalPubSubGcsService.grpc_client.GcsSubscriberPoll - 7 total (1 active), Execution time: mean = 300.175 s, total = 2101.226 s, Queueing time: mean = 0.000 s, max = -0.000 s, min = 9223372036.855 s, total = 0.000 s
	PeriodicalRunner.RunFnPeriodically - 7 total (0 active), Execution time: mean = 63.522 us, total = 444.655 us, Queueing time: mean = 173.356 us, max = 397.709 us, min = 6.528 us, total = 1.213 ms
	ray::rpc::InternalPubSubGcsService.grpc_client.GcsSubscriberPoll.OnReplyReceived - 6 total (0 active), Execution time: mean = 138.907 us, total = 833.441 us, Queueing time: mean = 45.314 us, max = 79.799 us, min = 21.563 us, total = 271.882 us
	ray::rpc::NodeInfoGcsService.grpc_client.GetAllNodeInfo - 1 total (0 active), Execution time: mean = 875.241 us, total = 875.241 us, Queueing time: mean = 0.000 s, max = -0.000 s, min = 9223372036.855 s, total = 0.000 s
	ray::rpc::InternalPubSubGcsService.grpc_client.GcsSubscriberCommandBatch.OnReplyReceived - 1 total (0 active), Execution time: mean = 98.627 us, total = 98.627 us, Queueing time: mean = 6.238 us, max = 6.238 us, min = 6.238 us, total = 6.238 us
	ray::rpc::WorkerInfoGcsService.grpc_client.AddWorkerInfo - 1 total (0 active), Execution time: mean = 427.971 us, total = 427.971 us, Queueing time: mean = 0.000 s, max = -0.000 s, min = 9223372036.855 s, total = 0.000 s
	ray::rpc::InternalPubSubGcsService.grpc_client.GcsSubscriberCommandBatch - 1 total (0 active), Execution time: mean = 638.685 us, total = 638.685 us, Queueing time: mean = 0.000 s, max = -0.000 s, min = 9223372036.855 s, total = 0.000 s
	ray::rpc::WorkerInfoGcsService.grpc_client.AddWorkerInfo.OnReplyReceived - 1 total (0 active), Execution time: mean = 25.580 us, total = 25.580 us, Queueing time: mean = 9.068 us, max = 9.068 us, min = 9.068 us, total = 9.068 us
	ray::rpc::NodeInfoGcsService.grpc_client.GetAllNodeInfo.OnReplyReceived - 1 total (0 active), Execution time: mean = 44.429 us, total = 44.429 us, Queueing time: mean = 5.396 us, max = 5.396 us, min = 5.396 us, total = 5.396 us

-----------------
Task Event stats:

IO Service Stats:

Global stats: 6652 total (1 active)
Queueing time: mean = 528.342 us, max = 62.313 ms, min = -0.018 s, total = 3.515 s
Execution time:  mean = 241.840 us, total = 1.609 s
Event stats:
	ray::rpc::TaskInfoGcsService.grpc_client.AddTaskEventData - 2217 total (0 active), Execution time: mean = 576.141 us, total = 1.277 s, Queueing time: mean = 0.000 s, max = -0.000 s, min = 9223372036.855 s, total = 0.000 s
	CoreWorker.deadline_timer.flush_task_events - 2217 total (1 active), Execution time: mean = 128.941 us, total = 285.861 ms, Queueing time: mean = 1.547 ms, max = 62.313 ms, min = -0.018 s, total = 3.430 s
	ray::rpc::TaskInfoGcsService.grpc_client.AddTaskEventData.OnReplyReceived - 2217 total (0 active), Execution time: mean = 20.436 us, total = 45.306 ms, Queueing time: mean = 37.674 us, max = 9.332 ms, min = 7.643 us, total = 83.524 ms
	PeriodicalRunner.RunFnPeriodically - 1 total (0 active), Execution time: mean = 248.703 us, total = 248.703 us, Queueing time: mean = 765.601 us, max = 765.601 us, min = 765.601 us, total = 765.601 us
Other Stats:
	grpc_in_progress:0
	current number of task status events in buffer: 0
	current number of profile events in buffer: 0
	current number of dropped task attempts tracked: 0
	total task events sent: 0 MiB
	total number of task attempts sent: 0
	total number of task attempts dropped reported: 0
	total number of sent failure: 0
	num status task events dropped: 0
	num profile task events dropped: 0


[2025-02-16 16:56:37,680 I 573 1286] core_worker.cc:642: Event stats:


Global stats: 32624 total (8 active)
Queueing time: mean = 320.701 us, max = 74.754 ms, min = -0.072 s, total = 10.463 s
Execution time:  mean = 64.460 ms, total = 2102.948 s
Event stats:
	CoreWorker.RecoverObjects - 22759 total (1 active), Execution time: mean = 5.390 us, total = 122.667 ms, Queueing time: mean = 182.015 us, max = 12.988 ms, min = -0.046 s, total = 4.142 s
	CoreWorker.ExitIfParentRayletDies - 2278 total (1 active), Execution time: mean = 7.633 us, total = 17.387 ms, Queueing time: mean = 1.276 ms, max = 61.099 ms, min = -0.072 s, total = 2.907 s
	NodeManagerService.grpc_client.ReportWorkerBacklog.OnReplyReceived - 2277 total (0 active), Execution time: mean = 16.626 us, total = 37.858 ms, Queueing time: mean = 32.633 us, max = 2.933 ms, min = 2.868 us, total = 74.306 ms
	CoreWorker.InternalHeartbeat - 2277 total (1 active), Execution time: mean = 106.926 us, total = 243.470 ms, Queueing time: mean = 1.302 ms, max = 61.087 ms, min = -0.053 s, total = 2.965 s
	NodeManagerService.grpc_client.ReportWorkerBacklog - 2277 total (0 active), Execution time: mean = 561.003 us, total = 1.277 s, Queueing time: mean = 0.000 s, max = -0.000 s, min = 9223372036.855 s, total = 0.000 s
	CoreWorker.RecordMetrics - 456 total (1 active), Execution time: mean = 17.898 us, total = 8.162 ms, Queueing time: mean = 428.148 us, max = 74.754 ms, min = -0.068 s, total = 195.236 ms
	CoreWorker.GCStreamingGeneratorMetadata - 228 total (1 active), Execution time: mean = 4.021 us, total = 916.741 us, Queueing time: mean = 889.413 us, max = 71.260 ms, min = -0.069 s, total = 202.786 ms
	CoreWorker.PrintEventStats - 38 total (1 active, 1 running), Execution time: mean = 269.563 us, total = 10.243 ms, Queueing time: mean = 609.044 us, max = 62.091 ms, min = -0.053 s, total = 23.144 ms
	Publisher.CheckDeadSubscribers - 8 total (1 active), Execution time: mean = 4.920 us, total = 39.362 us, Queueing time: mean = -0.006 s, max = 17.471 ms, min = -0.037 s, total = -0.050 s
	ray::rpc::InternalPubSubGcsService.grpc_client.GcsSubscriberPoll - 7 total (1 active), Execution time: mean = 300.175 s, total = 2101.226 s, Queueing time: mean = 0.000 s, max = -0.000 s, min = 9223372036.855 s, total = 0.000 s
	PeriodicalRunner.RunFnPeriodically - 7 total (0 active), Execution time: mean = 63.522 us, total = 444.655 us, Queueing time: mean = 173.356 us, max = 397.709 us, min = 6.528 us, total = 1.213 ms
	ray::rpc::InternalPubSubGcsService.grpc_client.GcsSubscriberPoll.OnReplyReceived - 6 total (0 active), Execution time: mean = 138.907 us, total = 833.441 us, Queueing time: mean = 45.314 us, max = 79.799 us, min = 21.563 us, total = 271.882 us
	ray::rpc::NodeInfoGcsService.grpc_client.GetAllNodeInfo - 1 total (0 active), Execution time: mean = 875.241 us, total = 875.241 us, Queueing time: mean = 0.000 s, max = -0.000 s, min = 9223372036.855 s, total = 0.000 s
	ray::rpc::InternalPubSubGcsService.grpc_client.GcsSubscriberCommandBatch.OnReplyReceived - 1 total (0 active), Execution time: mean = 98.627 us, total = 98.627 us, Queueing time: mean = 6.238 us, max = 6.238 us, min = 6.238 us, total = 6.238 us
	ray::rpc::WorkerInfoGcsService.grpc_client.AddWorkerInfo - 1 total (0 active), Execution time: mean = 427.971 us, total = 427.971 us, Queueing time: mean = 0.000 s, max = -0.000 s, min = 9223372036.855 s, total = 0.000 s
	ray::rpc::InternalPubSubGcsService.grpc_client.GcsSubscriberCommandBatch - 1 total (0 active), Execution time: mean = 638.685 us, total = 638.685 us, Queueing time: mean = 0.000 s, max = -0.000 s, min = 9223372036.855 s, total = 0.000 s
	ray::rpc::WorkerInfoGcsService.grpc_client.AddWorkerInfo.OnReplyReceived - 1 total (0 active), Execution time: mean = 25.580 us, total = 25.580 us, Queueing time: mean = 9.068 us, max = 9.068 us, min = 9.068 us, total = 9.068 us
	ray::rpc::NodeInfoGcsService.grpc_client.GetAllNodeInfo.OnReplyReceived - 1 total (0 active), Execution time: mean = 44.429 us, total = 44.429 us, Queueing time: mean = 5.396 us, max = 5.396 us, min = 5.396 us, total = 5.396 us

-----------------
Task Event stats:

IO Service Stats:

Global stats: 6832 total (1 active)
Queueing time: mean = 531.335 us, max = 62.313 ms, min = -0.019 s, total = 3.630 s
Execution time:  mean = 240.970 us, total = 1.646 s
Event stats:
	ray::rpc::TaskInfoGcsService.grpc_client.AddTaskEventData - 2277 total (0 active), Execution time: mean = 573.726 us, total = 1.306 s, Queueing time: mean = 0.000 s, max = -0.000 s, min = 9223372036.855 s, total = 0.000 s
	CoreWorker.deadline_timer.flush_task_events - 2277 total (1 active), Execution time: mean = 128.607 us, total = 292.838 ms, Queueing time: mean = 1.557 ms, max = 62.313 ms, min = -0.019 s, total = 3.544 s
	ray::rpc::TaskInfoGcsService.grpc_client.AddTaskEventData.OnReplyReceived - 2277 total (0 active), Execution time: mean = 20.574 us, total = 46.848 ms, Queueing time: mean = 37.386 us, max = 9.332 ms, min = 7.643 us, total = 85.129 ms
	PeriodicalRunner.RunFnPeriodically - 1 total (0 active), Execution time: mean = 248.703 us, total = 248.703 us, Queueing time: mean = 765.601 us, max = 765.601 us, min = 765.601 us, total = 765.601 us
Other Stats:
	grpc_in_progress:0
	current number of task status events in buffer: 0
	current number of profile events in buffer: 0
	current number of dropped task attempts tracked: 0
	total task events sent: 0 MiB
	total number of task attempts sent: 0
	total number of task attempts dropped reported: 0
	total number of sent failure: 0
	num status task events dropped: 0
	num profile task events dropped: 0


[2025-02-16 16:57:37,681 I 573 1286] core_worker.cc:642: Event stats:


Global stats: 33482 total (8 active)
Queueing time: mean = 321.838 us, max = 74.754 ms, min = -0.072 s, total = 10.776 s
Execution time:  mean = 62.810 ms, total = 2103.012 s
Event stats:
	CoreWorker.RecoverObjects - 23358 total (1 active), Execution time: mean = 5.391 us, total = 125.929 ms, Queueing time: mean = 181.851 us, max = 12.988 ms, min = -0.046 s, total = 4.248 s
	CoreWorker.ExitIfParentRayletDies - 2338 total (1 active), Execution time: mean = 7.679 us, total = 17.954 ms, Queueing time: mean = 1.245 ms, max = 61.099 ms, min = -0.072 s, total = 2.911 s
	NodeManagerService.grpc_client.ReportWorkerBacklog.OnReplyReceived - 2337 total (0 active), Execution time: mean = 16.624 us, total = 38.850 ms, Queueing time: mean = 32.562 us, max = 2.933 ms, min = 2.868 us, total = 76.097 ms
	CoreWorker.InternalHeartbeat - 2337 total (1 active), Execution time: mean = 108.059 us, total = 252.534 ms, Queueing time: mean = 1.311 ms, max = 61.087 ms, min = -0.053 s, total = 3.065 s
	NodeManagerService.grpc_client.ReportWorkerBacklog - 2337 total (0 active), Execution time: mean = 568.017 us, total = 1.327 s, Queueing time: mean = 0.000 s, max = -0.000 s, min = 9223372036.855 s, total = 0.000 s
	CoreWorker.RecordMetrics - 468 total (1 active), Execution time: mean = 18.038 us, total = 8.442 ms, Queueing time: mean = 524.729 us, max = 74.754 ms, min = -0.068 s, total = 245.573 ms
	CoreWorker.GCStreamingGeneratorMetadata - 234 total (1 active), Execution time: mean = 4.020 us, total = 940.783 us, Queueing time: mean = 1.095 ms, max = 71.260 ms, min = -0.069 s, total = 256.233 ms
	CoreWorker.PrintEventStats - 39 total (1 active, 1 running), Execution time: mean = 267.476 us, total = 10.432 ms, Queueing time: mean = 595.228 us, max = 62.091 ms, min = -0.053 s, total = 23.214 ms
	Publisher.CheckDeadSubscribers - 8 total (1 active), Execution time: mean = 4.920 us, total = 39.362 us, Queueing time: mean = -0.006 s, max = 17.471 ms, min = -0.037 s, total = -0.050 s
	ray::rpc::InternalPubSubGcsService.grpc_client.GcsSubscriberPoll - 7 total (1 active), Execution time: mean = 300.175 s, total = 2101.226 s, Queueing time: mean = 0.000 s, max = -0.000 s, min = 9223372036.855 s, total = 0.000 s
	PeriodicalRunner.RunFnPeriodically - 7 total (0 active), Execution time: mean = 63.522 us, total = 444.655 us, Queueing time: mean = 173.356 us, max = 397.709 us, min = 6.528 us, total = 1.213 ms
	ray::rpc::InternalPubSubGcsService.grpc_client.GcsSubscriberPoll.OnReplyReceived - 6 total (0 active), Execution time: mean = 138.907 us, total = 833.441 us, Queueing time: mean = 45.314 us, max = 79.799 us, min = 21.563 us, total = 271.882 us
	ray::rpc::NodeInfoGcsService.grpc_client.GetAllNodeInfo - 1 total (0 active), Execution time: mean = 875.241 us, total = 875.241 us, Queueing time: mean = 0.000 s, max = -0.000 s, min = 9223372036.855 s, total = 0.000 s
	ray::rpc::InternalPubSubGcsService.grpc_client.GcsSubscriberCommandBatch.OnReplyReceived - 1 total (0 active), Execution time: mean = 98.627 us, total = 98.627 us, Queueing time: mean = 6.238 us, max = 6.238 us, min = 6.238 us, total = 6.238 us
	ray::rpc::WorkerInfoGcsService.grpc_client.AddWorkerInfo - 1 total (0 active), Execution time: mean = 427.971 us, total = 427.971 us, Queueing time: mean = 0.000 s, max = -0.000 s, min = 9223372036.855 s, total = 0.000 s
	ray::rpc::InternalPubSubGcsService.grpc_client.GcsSubscriberCommandBatch - 1 total (0 active), Execution time: mean = 638.685 us, total = 638.685 us, Queueing time: mean = 0.000 s, max = -0.000 s, min = 9223372036.855 s, total = 0.000 s
	ray::rpc::WorkerInfoGcsService.grpc_client.AddWorkerInfo.OnReplyReceived - 1 total (0 active), Execution time: mean = 25.580 us, total = 25.580 us, Queueing time: mean = 9.068 us, max = 9.068 us, min = 9.068 us, total = 9.068 us
	ray::rpc::NodeInfoGcsService.grpc_client.GetAllNodeInfo.OnReplyReceived - 1 total (0 active), Execution time: mean = 44.429 us, total = 44.429 us, Queueing time: mean = 5.396 us, max = 5.396 us, min = 5.396 us, total = 5.396 us

-----------------
Task Event stats:

IO Service Stats:

Global stats: 7012 total (1 active)
Queueing time: mean = 531.531 us, max = 62.313 ms, min = -0.019 s, total = 3.727 s
Execution time:  mean = 240.093 us, total = 1.684 s
Event stats:
	ray::rpc::TaskInfoGcsService.grpc_client.AddTaskEventData - 2337 total (0 active), Execution time: mean = 571.257 us, total = 1.335 s, Queueing time: mean = 0.000 s, max = -0.000 s, min = 9223372036.855 s, total = 0.000 s
	CoreWorker.deadline_timer.flush_task_events - 2337 total (1 active), Execution time: mean = 128.546 us, total = 300.412 ms, Queueing time: mean = 1.557 ms, max = 62.313 ms, min = -0.019 s, total = 3.640 s
	ray::rpc::TaskInfoGcsService.grpc_client.AddTaskEventData.OnReplyReceived - 2337 total (0 active), Execution time: mean = 20.473 us, total = 47.846 ms, Queueing time: mean = 37.020 us, max = 9.332 ms, min = 7.643 us, total = 86.515 ms
	PeriodicalRunner.RunFnPeriodically - 1 total (0 active), Execution time: mean = 248.703 us, total = 248.703 us, Queueing time: mean = 765.601 us, max = 765.601 us, min = 765.601 us, total = 765.601 us
Other Stats:
	grpc_in_progress:0
	current number of task status events in buffer: 0
	current number of profile events in buffer: 0
	current number of dropped task attempts tracked: 0
	total task events sent: 0 MiB
	total number of task attempts sent: 0
	total number of task attempts dropped reported: 0
	total number of sent failure: 0
	num status task events dropped: 0
	num profile task events dropped: 0


[2025-02-16 16:58:37,681 I 573 1286] core_worker.cc:642: Event stats:


Global stats: 34340 total (8 active)
Queueing time: mean = 322.626 us, max = 74.754 ms, min = -0.072 s, total = 11.079 s
Execution time:  mean = 61.242 ms, total = 2103.047 s
Event stats:
	CoreWorker.RecoverObjects - 23956 total (1 active), Execution time: mean = 5.368 us, total = 128.605 ms, Queueing time: mean = 182.533 us, max = 12.988 ms, min = -0.046 s, total = 4.373 s
	CoreWorker.ExitIfParentRayletDies - 2398 total (1 active), Execution time: mean = 7.727 us, total = 18.530 ms, Queueing time: mean = 1.215 ms, max = 61.099 ms, min = -0.072 s, total = 2.914 s
	NodeManagerService.grpc_client.ReportWorkerBacklog.OnReplyReceived - 2397 total (0 active), Execution time: mean = 16.572 us, total = 39.724 ms, Queueing time: mean = 32.910 us, max = 2.933 ms, min = 2.868 us, total = 78.885 ms
	CoreWorker.InternalHeartbeat - 2397 total (1 active), Execution time: mean = 107.465 us, total = 257.593 ms, Queueing time: mean = 1.329 ms, max = 61.087 ms, min = -0.053 s, total = 3.184 s
	NodeManagerService.grpc_client.ReportWorkerBacklog - 2397 total (0 active), Execution time: mean = 564.259 us, total = 1.353 s, Queueing time: mean = 0.000 s, max = -0.000 s, min = 9223372036.855 s, total = 0.000 s
	CoreWorker.RecordMetrics - 480 total (1 active), Execution time: mean = 18.179 us, total = 8.726 ms, Queueing time: mean = 516.607 us, max = 74.754 ms, min = -0.068 s, total = 247.971 ms
	CoreWorker.GCStreamingGeneratorMetadata - 240 total (1 active), Execution time: mean = 3.995 us, total = 958.828 us, Queueing time: mean = 1.063 ms, max = 71.260 ms, min = -0.069 s, total = 255.217 ms
	CoreWorker.PrintEventStats - 40 total (1 active, 1 running), Execution time: mean = 265.596 us, total = 10.624 ms, Queueing time: mean = 581.564 us, max = 62.091 ms, min = -0.053 s, total = 23.263 ms
	Publisher.CheckDeadSubscribers - 9 total (1 active), Execution time: mean = 4.833 us, total = 43.494 us, Queueing time: mean = 108.050 us, max = 50.753 ms, min = -0.037 s, total = 972.446 us
	ray::rpc::InternalPubSubGcsService.grpc_client.GcsSubscriberPoll - 7 total (1 active), Execution time: mean = 300.175 s, total = 2101.226 s, Queueing time: mean = 0.000 s, max = -0.000 s, min = 9223372036.855 s, total = 0.000 s
	PeriodicalRunner.RunFnPeriodically - 7 total (0 active), Execution time: mean = 63.522 us, total = 444.655 us, Queueing time: mean = 173.356 us, max = 397.709 us, min = 6.528 us, total = 1.213 ms
	ray::rpc::InternalPubSubGcsService.grpc_client.GcsSubscriberPoll.OnReplyReceived - 6 total (0 active), Execution time: mean = 138.907 us, total = 833.441 us, Queueing time: mean = 45.314 us, max = 79.799 us, min = 21.563 us, total = 271.882 us
	ray::rpc::NodeInfoGcsService.grpc_client.GetAllNodeInfo - 1 total (0 active), Execution time: mean = 875.241 us, total = 875.241 us, Queueing time: mean = 0.000 s, max = -0.000 s, min = 9223372036.855 s, total = 0.000 s
	ray::rpc::InternalPubSubGcsService.grpc_client.GcsSubscriberCommandBatch.OnReplyReceived - 1 total (0 active), Execution time: mean = 98.627 us, total = 98.627 us, Queueing time: mean = 6.238 us, max = 6.238 us, min = 6.238 us, total = 6.238 us
	ray::rpc::WorkerInfoGcsService.grpc_client.AddWorkerInfo - 1 total (0 active), Execution time: mean = 427.971 us, total = 427.971 us, Queueing time: mean = 0.000 s, max = -0.000 s, min = 9223372036.855 s, total = 0.000 s
	ray::rpc::InternalPubSubGcsService.grpc_client.GcsSubscriberCommandBatch - 1 total (0 active), Execution time: mean = 638.685 us, total = 638.685 us, Queueing time: mean = 0.000 s, max = -0.000 s, min = 9223372036.855 s, total = 0.000 s
	ray::rpc::WorkerInfoGcsService.grpc_client.AddWorkerInfo.OnReplyReceived - 1 total (0 active), Execution time: mean = 25.580 us, total = 25.580 us, Queueing time: mean = 9.068 us, max = 9.068 us, min = 9.068 us, total = 9.068 us
	ray::rpc::NodeInfoGcsService.grpc_client.GetAllNodeInfo.OnReplyReceived - 1 total (0 active), Execution time: mean = 44.429 us, total = 44.429 us, Queueing time: mean = 5.396 us, max = 5.396 us, min = 5.396 us, total = 5.396 us

-----------------
Task Event stats:

IO Service Stats:

Global stats: 7189 total (1 active)
Queueing time: mean = 534.369 us, max = 62.313 ms, min = -0.019 s, total = 3.842 s
Execution time:  mean = 239.070 us, total = 1.719 s
Event stats:
	ray::rpc::TaskInfoGcsService.grpc_client.AddTaskEventData - 2396 total (0 active), Execution time: mean = 568.534 us, total = 1.362 s, Queueing time: mean = 0.000 s, max = -0.000 s, min = 9223372036.855 s, total = 0.000 s
	CoreWorker.deadline_timer.flush_task_events - 2396 total (1 active), Execution time: mean = 128.278 us, total = 307.355 ms, Queueing time: mean = 1.566 ms, max = 62.313 ms, min = -0.019 s, total = 3.753 s
	ray::rpc::TaskInfoGcsService.grpc_client.AddTaskEventData.OnReplyReceived - 2396 total (0 active), Execution time: mean = 20.393 us, total = 48.863 ms, Queueing time: mean = 36.702 us, max = 9.332 ms, min = 7.643 us, total = 87.937 ms
	PeriodicalRunner.RunFnPeriodically - 1 total (0 active), Execution time: mean = 248.703 us, total = 248.703 us, Queueing time: mean = 765.601 us, max = 765.601 us, min = 765.601 us, total = 765.601 us
Other Stats:
	grpc_in_progress:0
	current number of task status events in buffer: 0
	current number of profile events in buffer: 0
	current number of dropped task attempts tracked: 0
	total task events sent: 0 MiB
	total number of task attempts sent: 0
	total number of task attempts dropped reported: 0
	total number of sent failure: 0
	num status task events dropped: 0
	num profile task events dropped: 0


[2025-02-16 16:59:27,204 I 573 1286] raylet_client.cc:369: Error reporting task backlog information: RpcError: RPC Error message: failed to connect to all addresses; last error: UNKNOWN: ipv4:172.19.0.2:41617: Failed to connect to remote host: Connection refused; RPC Error details: 
[2025-02-16 16:59:27,816 W 573 1314] task_event_buffer.cc:475: [1] GCS hasn't replied to the previous flush events call (likely overloaded). Skipping reporting task state events and retry later.[cur_status_events_size=0][cur_profile_events_size=0]
[2025-02-16 16:59:28,204 I 573 1286] raylet_client.cc:369: Error reporting task backlog information: RpcError: RPC Error message: failed to connect to all addresses; last error: UNKNOWN: ipv4:172.19.0.2:41617: Failed to connect to remote host: Connection refused; RPC Error details: 
[2025-02-16 16:59:29,204 I 573 1286] raylet_client.cc:369: Error reporting task backlog information: RpcError: RPC Error message: failed to connect to all addresses; last error: UNKNOWN: ipv4:172.19.0.2:41617: Failed to connect to remote host: Connection refused; RPC Error details: 
[2025-02-16 16:59:30,205 I 573 1286] raylet_client.cc:369: Error reporting task backlog information: RpcError: RPC Error message: failed to connect to all addresses; last error: UNKNOWN: ipv4:172.19.0.2:41617: Failed to connect to remote host: Connection refused; RPC Error details: 
[2025-02-16 16:59:31,205 I 573 1286] raylet_client.cc:369: Error reporting task backlog information: RpcError: RPC Error message: failed to connect to all addresses; last error: UNKNOWN: ipv4:172.19.0.2:41617: Failed to connect to remote host: Connection refused; RPC Error details: 
[2025-02-16 16:59:32,205 I 573 1286] raylet_client.cc:369: Error reporting task backlog information: RpcError: RPC Error message: failed to connect to all addresses; last error: UNKNOWN: ipv4:172.19.0.2:41617: Failed to connect to remote host: Connection refused; RPC Error details: 
[2025-02-16 16:59:33,205 I 573 1286] raylet_client.cc:369: Error reporting task backlog information: RpcError: RPC Error message: failed to connect to all addresses; last error: UNKNOWN: ipv4:172.19.0.2:41617: Failed to connect to remote host: Connection refused; RPC Error details: 
[2025-02-16 16:59:34,205 I 573 1286] raylet_client.cc:369: Error reporting task backlog information: RpcError: RPC Error message: failed to connect to all addresses; last error: UNKNOWN: ipv4:172.19.0.2:41617: Failed to connect to remote host: Connection refused; RPC Error details: 
[2025-02-16 16:59:35,205 I 573 1286] raylet_client.cc:369: Error reporting task backlog information: RpcError: RPC Error message: failed to connect to all addresses; last error: UNKNOWN: ipv4:172.19.0.2:41617: Failed to connect to remote host: Connection refused; RPC Error details: 
[2025-02-16 16:59:36,205 I 573 1286] raylet_client.cc:369: Error reporting task backlog information: RpcError: RPC Error message: failed to connect to all addresses; last error: UNKNOWN: ipv4:172.19.0.2:41617: Failed to connect to remote host: Connection refused; RPC Error details: 
