[2025-02-16 16:18:37,621 I 584 584] core_worker_process.cc:107: Constructing CoreWorkerProcess. pid: 584
[2025-02-16 16:18:37,627 I 584 584] io_service_pool.cc:35: IOServicePool is running with 1 io_service.
[2025-02-16 16:18:37,629 I 584 584] grpc_server.cc:134: worker server started, listening on port 39075.
[2025-02-16 16:18:37,630 I 584 584] core_worker.cc:275: Initializing worker at address: 172.19.0.2:39075 worker_id=adce899fde4b6074cdf0fe74ef7d00962664b04a8275c349380691da node_id=e2a8235b1a5d9a56d69221182f2a84dad1790ce590062e454e5fef5d
[2025-02-16 16:18:37,632 I 584 584] task_event_buffer.cc:257: Reporting task events to GCS every 1000ms.
[2025-02-16 16:18:37,633 I 584 584] core_worker.cc:703: Adjusted worker niceness to 15
[2025-02-16 16:18:37,633 I 584 1170] core_worker.cc:642: Event stats:


Global stats: 11 total (5 active)
Queueing time: mean = 11.304 us, max = 81.383 us, min = 9.442 us, total = 124.347 us
Execution time:  mean = 133.280 us, total = 1.466 ms
Event stats:
	PeriodicalRunner.RunFnPeriodically - 3 total (1 active, 1 running), Execution time: mean = 9.417 us, total = 28.251 us, Queueing time: mean = 33.668 us, max = 81.383 us, min = 19.621 us, total = 101.004 us
	ray::rpc::WorkerInfoGcsService.grpc_client.AddWorkerInfo - 1 total (0 active), Execution time: mean = 543.528 us, total = 543.528 us, Queueing time: mean = 0.000 s, max = -0.000 s, min = 9223372036.855 s, total = 0.000 s
	ray::rpc::InternalPubSubGcsService.grpc_client.GcsSubscriberCommandBatch - 1 total (0 active), Execution time: mean = 659.331 us, total = 659.331 us, Queueing time: mean = 0.000 s, max = -0.000 s, min = 9223372036.855 s, total = 0.000 s
	ray::rpc::InternalPubSubGcsService.grpc_client.GcsSubscriberCommandBatch.OnReplyReceived - 1 total (0 active), Execution time: mean = 216.771 us, total = 216.771 us, Queueing time: mean = 13.901 us, max = 13.901 us, min = 13.901 us, total = 13.901 us
	ray::rpc::NodeInfoGcsService.grpc_client.GetAllNodeInfo - 1 total (1 active), Execution time: mean = 0.000 s, total = 0.000 s, Queueing time: mean = 0.000 s, max = -0.000 s, min = 9223372036.855 s, total = 0.000 s
	Publisher.CheckDeadSubscribers - 1 total (1 active), Execution time: mean = 0.000 s, total = 0.000 s, Queueing time: mean = 0.000 s, max = -0.000 s, min = 9223372036.855 s, total = 0.000 s
	CoreWorker.ExitIfParentRayletDies - 1 total (1 active), Execution time: mean = 0.000 s, total = 0.000 s, Queueing time: mean = 0.000 s, max = -0.000 s, min = 9223372036.855 s, total = 0.000 s
	ray::rpc::InternalPubSubGcsService.grpc_client.GcsSubscriberPoll - 1 total (1 active), Execution time: mean = 0.000 s, total = 0.000 s, Queueing time: mean = 0.000 s, max = -0.000 s, min = 9223372036.855 s, total = 0.000 s
	ray::rpc::WorkerInfoGcsService.grpc_client.AddWorkerInfo.OnReplyReceived - 1 total (0 active), Execution time: mean = 18.203 us, total = 18.203 us, Queueing time: mean = 9.442 us, max = 9.442 us, min = 9.442 us, total = 9.442 us

-----------------
Task Event stats:

IO Service Stats:

Global stats: 4 total (1 active)
Queueing time: mean = 8.018 us, max = 24.812 us, min = 7.259 us, total = 32.071 us
Execution time:  mean = 222.398 us, total = 889.590 us
Event stats:
	ray::rpc::TaskInfoGcsService.grpc_client.AddTaskEventData - 1 total (0 active), Execution time: mean = 780.592 us, total = 780.592 us, Queueing time: mean = 0.000 s, max = -0.000 s, min = 9223372036.855 s, total = 0.000 s
	PeriodicalRunner.RunFnPeriodically - 1 total (0 active), Execution time: mean = 95.270 us, total = 95.270 us, Queueing time: mean = 24.812 us, max = 24.812 us, min = 24.812 us, total = 24.812 us
	CoreWorker.deadline_timer.flush_task_events - 1 total (1 active), Execution time: mean = 0.000 s, total = 0.000 s, Queueing time: mean = 0.000 s, max = -0.000 s, min = 9223372036.855 s, total = 0.000 s
	ray::rpc::TaskInfoGcsService.grpc_client.AddTaskEventData.OnReplyReceived - 1 total (0 active), Execution time: mean = 13.728 us, total = 13.728 us, Queueing time: mean = 7.259 us, max = 7.259 us, min = 7.259 us, total = 7.259 us
Other Stats:
	grpc_in_progress:0
	current number of task status events in buffer: 0
	current number of profile events in buffer: 0
	current number of dropped task attempts tracked: 0
	total task events sent: 0 MiB
	total number of task attempts sent: 0
	total number of task attempts dropped reported: 0
	total number of sent failure: 0
	num status task events dropped: 0
	num profile task events dropped: 0


[2025-02-16 16:18:37,633 I 584 584] event.cc:491: Ray Event initialized for CORE_WORKER
[2025-02-16 16:18:37,633 I 584 584] event.cc:491: Ray Event initialized for EXPORT_TASK
[2025-02-16 16:18:37,633 I 584 584] event.cc:322: Set ray event level to warning
[2025-02-16 16:18:37,633 I 584 1170] accessor.cc:762: Received notification for node, IsAlive = 1 node_id=e2a8235b1a5d9a56d69221182f2a84dad1790ce590062e454e5fef5d
[2025-02-16 16:18:37,633 I 584 1170] core_worker.cc:4754: Number of alive nodes:1
[2025-02-16 16:18:47,637 W 584 1164] metric_exporter.cc:105: [1] Export metrics to agent failed: RpcError: RPC Error message: failed to connect to all addresses; last error: UNKNOWN: ipv4:127.0.0.1:62634: Failed to connect to remote host: Connection refused; RPC Error details: . This won't affect Ray, but you can lose metrics from the cluster.
[2025-02-16 16:19:37,633 I 584 1170] core_worker.cc:642: Event stats:


Global stats: 874 total (8 active)
Queueing time: mean = 162.013 us, max = 27.495 ms, min = -0.044 s, total = 141.599 ms
Execution time:  mean = 47.092 us, total = 41.159 ms
Event stats:
	CoreWorker.RecoverObjects - 599 total (1 active), Execution time: mean = 6.269 us, total = 3.755 ms, Queueing time: mean = 202.271 us, max = 5.235 ms, min = -0.001 s, total = 121.160 ms
	CoreWorker.ExitIfParentRayletDies - 61 total (1 active), Execution time: mean = 7.208 us, total = 439.686 us, Queueing time: mean = 173.015 us, max = 27.458 ms, min = -0.044 s, total = 10.554 ms
	CoreWorker.InternalHeartbeat - 60 total (1 active), Execution time: mean = 93.965 us, total = 5.638 ms, Queueing time: mean = 74.720 us, max = 27.495 ms, min = -0.044 s, total = 4.483 ms
	NodeManagerService.grpc_client.ReportWorkerBacklog - 60 total (0 active), Execution time: mean = 456.562 us, total = 27.394 ms, Queueing time: mean = 0.000 s, max = -0.000 s, min = 9223372036.855 s, total = 0.000 s
	NodeManagerService.grpc_client.ReportWorkerBacklog.OnReplyReceived - 60 total (0 active), Execution time: mean = 13.198 us, total = 791.902 us, Queueing time: mean = 27.680 us, max = 159.171 us, min = 16.977 us, total = 1.661 ms
	CoreWorker.RecordMetrics - 12 total (1 active), Execution time: mean = 15.838 us, total = 190.062 us, Queueing time: mean = 56.307 us, max = 11.823 ms, min = -0.007 s, total = 675.683 us
	PeriodicalRunner.RunFnPeriodically - 7 total (0 active), Execution time: mean = 101.351 us, total = 709.460 us, Queueing time: mean = 294.711 us, max = 669.983 us, min = 8.046 us, total = 2.063 ms
	CoreWorker.GCStreamingGeneratorMetadata - 6 total (1 active), Execution time: mean = 1.990 us, total = 11.942 us, Queueing time: mean = 133.219 us, max = 11.494 ms, min = -0.010 s, total = 799.316 us
	ray::rpc::InternalPubSubGcsService.grpc_client.GcsSubscriberCommandBatch - 1 total (0 active), Execution time: mean = 659.331 us, total = 659.331 us, Queueing time: mean = 0.000 s, max = -0.000 s, min = 9223372036.855 s, total = 0.000 s
	ray::rpc::NodeInfoGcsService.grpc_client.GetAllNodeInfo - 1 total (0 active), Execution time: mean = 709.953 us, total = 709.953 us, Queueing time: mean = 0.000 s, max = -0.000 s, min = 9223372036.855 s, total = 0.000 s
	ray::rpc::InternalPubSubGcsService.grpc_client.GcsSubscriberCommandBatch.OnReplyReceived - 1 total (0 active), Execution time: mean = 216.771 us, total = 216.771 us, Queueing time: mean = 13.901 us, max = 13.901 us, min = 13.901 us, total = 13.901 us
	Publisher.CheckDeadSubscribers - 1 total (1 active), Execution time: mean = 0.000 s, total = 0.000 s, Queueing time: mean = 0.000 s, max = -0.000 s, min = 9223372036.855 s, total = 0.000 s
	ray::rpc::WorkerInfoGcsService.grpc_client.AddWorkerInfo - 1 total (0 active), Execution time: mean = 543.528 us, total = 543.528 us, Queueing time: mean = 0.000 s, max = -0.000 s, min = 9223372036.855 s, total = 0.000 s
	CoreWorker.PrintEventStats - 1 total (1 active, 1 running), Execution time: mean = 0.000 s, total = 0.000 s, Queueing time: mean = 0.000 s, max = -0.000 s, min = 9223372036.855 s, total = 0.000 s
	ray::rpc::InternalPubSubGcsService.grpc_client.GcsSubscriberPoll - 1 total (1 active), Execution time: mean = 0.000 s, total = 0.000 s, Queueing time: mean = 0.000 s, max = -0.000 s, min = 9223372036.855 s, total = 0.000 s
	ray::rpc::WorkerInfoGcsService.grpc_client.AddWorkerInfo.OnReplyReceived - 1 total (0 active), Execution time: mean = 18.203 us, total = 18.203 us, Queueing time: mean = 9.442 us, max = 9.442 us, min = 9.442 us, total = 9.442 us
	ray::rpc::NodeInfoGcsService.grpc_client.GetAllNodeInfo.OnReplyReceived - 1 total (0 active), Execution time: mean = 80.726 us, total = 80.726 us, Queueing time: mean = 179.849 us, max = 179.849 us, min = 179.849 us, total = 179.849 us

-----------------
Task Event stats:

IO Service Stats:

Global stats: 181 total (1 active)
Queueing time: mean = 468.426 us, max = 27.514 ms, min = -0.003 s, total = 84.785 ms
Execution time:  mean = 187.365 us, total = 33.913 ms
Event stats:
	ray::rpc::TaskInfoGcsService.grpc_client.AddTaskEventData - 60 total (0 active), Execution time: mean = 438.996 us, total = 26.340 ms, Queueing time: mean = 0.000 s, max = -0.000 s, min = 9223372036.855 s, total = 0.000 s
	CoreWorker.deadline_timer.flush_task_events - 60 total (1 active), Execution time: mean = 106.994 us, total = 6.420 ms, Queueing time: mean = 1.386 ms, max = 27.514 ms, min = -0.003 s, total = 83.178 ms
	ray::rpc::TaskInfoGcsService.grpc_client.AddTaskEventData.OnReplyReceived - 60 total (0 active), Execution time: mean = 17.641 us, total = 1.058 ms, Queueing time: mean = 26.376 us, max = 150.949 us, min = 7.259 us, total = 1.583 ms
	PeriodicalRunner.RunFnPeriodically - 1 total (0 active), Execution time: mean = 95.270 us, total = 95.270 us, Queueing time: mean = 24.812 us, max = 24.812 us, min = 24.812 us, total = 24.812 us
Other Stats:
	grpc_in_progress:0
	current number of task status events in buffer: 0
	current number of profile events in buffer: 0
	current number of dropped task attempts tracked: 0
	total task events sent: 0 MiB
	total number of task attempts sent: 0
	total number of task attempts dropped reported: 0
	total number of sent failure: 0
	num status task events dropped: 0
	num profile task events dropped: 0


[2025-02-16 16:20:37,633 I 584 1170] core_worker.cc:642: Event stats:


Global stats: 1731 total (8 active)
Queueing time: mean = 146.458 us, max = 31.104 ms, min = -0.044 s, total = 253.518 ms
Execution time:  mean = 53.642 us, total = 92.854 ms
Event stats:
	CoreWorker.RecoverObjects - 1198 total (1 active), Execution time: mean = 6.468 us, total = 7.749 ms, Queueing time: mean = 228.397 us, max = 5.448 ms, min = -0.001 s, total = 273.619 ms
	CoreWorker.InternalHeartbeat - 120 total (1 active), Execution time: mean = 117.873 us, total = 14.145 ms, Queueing time: mean = -0.000 s, max = 30.828 ms, min = -0.044 s, total = -0.016 s
	CoreWorker.ExitIfParentRayletDies - 120 total (1 active), Execution time: mean = 8.694 us, total = 1.043 ms, Queueing time: mean = -0.000 s, max = 31.104 ms, min = -0.044 s, total = -0.020 s
	NodeManagerService.grpc_client.ReportWorkerBacklog - 120 total (0 active), Execution time: mean = 534.699 us, total = 64.164 ms, Queueing time: mean = 0.000 s, max = -0.000 s, min = 9223372036.855 s, total = 0.000 s
	NodeManagerService.grpc_client.ReportWorkerBacklog.OnReplyReceived - 120 total (0 active), Execution time: mean = 17.779 us, total = 2.133 ms, Queueing time: mean = 30.551 us, max = 159.171 us, min = 16.977 us, total = 3.666 ms
	CoreWorker.RecordMetrics - 24 total (1 active), Execution time: mean = 17.205 us, total = 412.915 us, Queueing time: mean = 41.033 us, max = 11.823 ms, min = -0.007 s, total = 984.792 us
	CoreWorker.GCStreamingGeneratorMetadata - 12 total (1 active), Execution time: mean = 2.312 us, total = 27.748 us, Queueing time: mean = 84.809 us, max = 11.494 ms, min = -0.010 s, total = 1.018 ms
	PeriodicalRunner.RunFnPeriodically - 7 total (0 active), Execution time: mean = 101.351 us, total = 709.460 us, Queueing time: mean = 294.711 us, max = 669.983 us, min = 8.046 us, total = 2.063 ms
	CoreWorker.PrintEventStats - 2 total (1 active, 1 running), Execution time: mean = 120.407 us, total = 240.815 us, Queueing time: mean = 4.018 ms, max = 8.036 ms, min = 8.036 ms, total = 8.036 ms
	ray::rpc::InternalPubSubGcsService.grpc_client.GcsSubscriberCommandBatch - 1 total (0 active), Execution time: mean = 659.331 us, total = 659.331 us, Queueing time: mean = 0.000 s, max = -0.000 s, min = 9223372036.855 s, total = 0.000 s
	ray::rpc::NodeInfoGcsService.grpc_client.GetAllNodeInfo - 1 total (0 active), Execution time: mean = 709.953 us, total = 709.953 us, Queueing time: mean = 0.000 s, max = -0.000 s, min = 9223372036.855 s, total = 0.000 s
	ray::rpc::InternalPubSubGcsService.grpc_client.GcsSubscriberCommandBatch.OnReplyReceived - 1 total (0 active), Execution time: mean = 216.771 us, total = 216.771 us, Queueing time: mean = 13.901 us, max = 13.901 us, min = 13.901 us, total = 13.901 us
	Publisher.CheckDeadSubscribers - 1 total (1 active), Execution time: mean = 0.000 s, total = 0.000 s, Queueing time: mean = 0.000 s, max = -0.000 s, min = 9223372036.855 s, total = 0.000 s
	ray::rpc::WorkerInfoGcsService.grpc_client.AddWorkerInfo - 1 total (0 active), Execution time: mean = 543.528 us, total = 543.528 us, Queueing time: mean = 0.000 s, max = -0.000 s, min = 9223372036.855 s, total = 0.000 s
	ray::rpc::InternalPubSubGcsService.grpc_client.GcsSubscriberPoll - 1 total (1 active), Execution time: mean = 0.000 s, total = 0.000 s, Queueing time: mean = 0.000 s, max = -0.000 s, min = 9223372036.855 s, total = 0.000 s
	ray::rpc::WorkerInfoGcsService.grpc_client.AddWorkerInfo.OnReplyReceived - 1 total (0 active), Execution time: mean = 18.203 us, total = 18.203 us, Queueing time: mean = 9.442 us, max = 9.442 us, min = 9.442 us, total = 9.442 us
	ray::rpc::NodeInfoGcsService.grpc_client.GetAllNodeInfo.OnReplyReceived - 1 total (0 active), Execution time: mean = 80.726 us, total = 80.726 us, Queueing time: mean = 179.849 us, max = 179.849 us, min = 179.849 us, total = 179.849 us

-----------------
Task Event stats:

IO Service Stats:

Global stats: 361 total (1 active)
Queueing time: mean = 416.629 us, max = 32.729 ms, min = -0.012 s, total = 150.403 ms
Execution time:  mean = 259.332 us, total = 93.619 ms
Event stats:
	ray::rpc::TaskInfoGcsService.grpc_client.AddTaskEventData - 120 total (0 active), Execution time: mean = 642.257 us, total = 77.071 ms, Queueing time: mean = 0.000 s, max = -0.000 s, min = 9223372036.855 s, total = 0.000 s
	CoreWorker.deadline_timer.flush_task_events - 120 total (1 active), Execution time: mean = 117.802 us, total = 14.136 ms, Queueing time: mean = 1.226 ms, max = 32.729 ms, min = -0.012 s, total = 147.110 ms
	ray::rpc::TaskInfoGcsService.grpc_client.AddTaskEventData.OnReplyReceived - 120 total (0 active), Execution time: mean = 19.305 us, total = 2.317 ms, Queueing time: mean = 27.233 us, max = 150.949 us, min = 7.259 us, total = 3.268 ms
	PeriodicalRunner.RunFnPeriodically - 1 total (0 active), Execution time: mean = 95.270 us, total = 95.270 us, Queueing time: mean = 24.812 us, max = 24.812 us, min = 24.812 us, total = 24.812 us
Other Stats:
	grpc_in_progress:0
	current number of task status events in buffer: 0
	current number of profile events in buffer: 0
	current number of dropped task attempts tracked: 0
	total task events sent: 0 MiB
	total number of task attempts sent: 0
	total number of task attempts dropped reported: 0
	total number of sent failure: 0
	num status task events dropped: 0
	num profile task events dropped: 0


[2025-02-16 16:21:37,634 I 584 1170] core_worker.cc:642: Event stats:


Global stats: 2589 total (8 active)
Queueing time: mean = 182.062 us, max = 36.972 ms, min = -0.049 s, total = 471.360 ms
Execution time:  mean = 56.434 us, total = 146.108 ms
Event stats:
	CoreWorker.RecoverObjects - 1797 total (1 active), Execution time: mean = 6.666 us, total = 11.979 ms, Queueing time: mean = 221.612 us, max = 5.448 ms, min = -0.001 s, total = 398.236 ms
	CoreWorker.InternalHeartbeat - 180 total (1 active), Execution time: mean = 131.024 us, total = 23.584 ms, Queueing time: mean = 156.268 us, max = 36.972 ms, min = -0.049 s, total = 28.128 ms
	CoreWorker.ExitIfParentRayletDies - 180 total (1 active), Execution time: mean = 8.333 us, total = 1.500 ms, Queueing time: mean = 130.320 us, max = 36.896 ms, min = -0.049 s, total = 23.458 ms
	NodeManagerService.grpc_client.ReportWorkerBacklog - 180 total (0 active), Execution time: mean = 564.062 us, total = 101.531 ms, Queueing time: mean = 0.000 s, max = -0.000 s, min = 9223372036.855 s, total = 0.000 s
	NodeManagerService.grpc_client.ReportWorkerBacklog.OnReplyReceived - 180 total (0 active), Execution time: mean = 18.648 us, total = 3.357 ms, Queueing time: mean = 31.175 us, max = 159.171 us, min = 16.977 us, total = 5.612 ms
	CoreWorker.RecordMetrics - 36 total (1 active), Execution time: mean = 19.752 us, total = 711.078 us, Queueing time: mean = 44.150 us, max = 12.379 ms, min = -0.008 s, total = 1.589 ms
	CoreWorker.GCStreamingGeneratorMetadata - 18 total (1 active), Execution time: mean = 2.864 us, total = 51.544 us, Queueing time: mean = 69.407 us, max = 12.004 ms, min = -0.010 s, total = 1.249 ms
	PeriodicalRunner.RunFnPeriodically - 7 total (0 active), Execution time: mean = 101.351 us, total = 709.460 us, Queueing time: mean = 294.711 us, max = 669.983 us, min = 8.046 us, total = 2.063 ms
	CoreWorker.PrintEventStats - 3 total (1 active, 1 running), Execution time: mean = 152.237 us, total = 456.712 us, Queueing time: mean = 3.607 ms, max = 8.036 ms, min = 2.785 ms, total = 10.821 ms
	ray::rpc::InternalPubSubGcsService.grpc_client.GcsSubscriberCommandBatch - 1 total (0 active), Execution time: mean = 659.331 us, total = 659.331 us, Queueing time: mean = 0.000 s, max = -0.000 s, min = 9223372036.855 s, total = 0.000 s
	ray::rpc::NodeInfoGcsService.grpc_client.GetAllNodeInfo - 1 total (0 active), Execution time: mean = 709.953 us, total = 709.953 us, Queueing time: mean = 0.000 s, max = -0.000 s, min = 9223372036.855 s, total = 0.000 s
	ray::rpc::InternalPubSubGcsService.grpc_client.GcsSubscriberCommandBatch.OnReplyReceived - 1 total (0 active), Execution time: mean = 216.771 us, total = 216.771 us, Queueing time: mean = 13.901 us, max = 13.901 us, min = 13.901 us, total = 13.901 us
	Publisher.CheckDeadSubscribers - 1 total (1 active), Execution time: mean = 0.000 s, total = 0.000 s, Queueing time: mean = 0.000 s, max = -0.000 s, min = 9223372036.855 s, total = 0.000 s
	ray::rpc::WorkerInfoGcsService.grpc_client.AddWorkerInfo - 1 total (0 active), Execution time: mean = 543.528 us, total = 543.528 us, Queueing time: mean = 0.000 s, max = -0.000 s, min = 9223372036.855 s, total = 0.000 s
	ray::rpc::InternalPubSubGcsService.grpc_client.GcsSubscriberPoll - 1 total (1 active), Execution time: mean = 0.000 s, total = 0.000 s, Queueing time: mean = 0.000 s, max = -0.000 s, min = 9223372036.855 s, total = 0.000 s
	ray::rpc::WorkerInfoGcsService.grpc_client.AddWorkerInfo.OnReplyReceived - 1 total (0 active), Execution time: mean = 18.203 us, total = 18.203 us, Queueing time: mean = 9.442 us, max = 9.442 us, min = 9.442 us, total = 9.442 us
	ray::rpc::NodeInfoGcsService.grpc_client.GetAllNodeInfo.OnReplyReceived - 1 total (0 active), Execution time: mean = 80.726 us, total = 80.726 us, Queueing time: mean = 179.849 us, max = 179.849 us, min = 179.849 us, total = 179.849 us

-----------------
Task Event stats:

IO Service Stats:

Global stats: 541 total (1 active)
Queueing time: mean = 504.123 us, max = 37.205 ms, min = -0.012 s, total = 272.731 ms
Execution time:  mean = 266.298 us, total = 144.067 ms
Event stats:
	ray::rpc::TaskInfoGcsService.grpc_client.AddTaskEventData - 180 total (0 active), Execution time: mean = 642.164 us, total = 115.590 ms, Queueing time: mean = 0.000 s, max = -0.000 s, min = 9223372036.855 s, total = 0.000 s
	CoreWorker.deadline_timer.flush_task_events - 180 total (1 active), Execution time: mean = 136.010 us, total = 24.482 ms, Queueing time: mean = 1.487 ms, max = 37.205 ms, min = -0.012 s, total = 267.741 ms
	ray::rpc::TaskInfoGcsService.grpc_client.AddTaskEventData.OnReplyReceived - 180 total (0 active), Execution time: mean = 21.670 us, total = 3.901 ms, Queueing time: mean = 27.580 us, max = 150.949 us, min = 7.259 us, total = 4.964 ms
	PeriodicalRunner.RunFnPeriodically - 1 total (0 active), Execution time: mean = 95.270 us, total = 95.270 us, Queueing time: mean = 24.812 us, max = 24.812 us, min = 24.812 us, total = 24.812 us
Other Stats:
	grpc_in_progress:0
	current number of task status events in buffer: 0
	current number of profile events in buffer: 0
	current number of dropped task attempts tracked: 0
	total task events sent: 0 MiB
	total number of task attempts sent: 0
	total number of task attempts dropped reported: 0
	total number of sent failure: 0
	num status task events dropped: 0
	num profile task events dropped: 0


[2025-02-16 16:22:37,634 I 584 1170] core_worker.cc:642: Event stats:


Global stats: 3446 total (8 active)
Queueing time: mean = 162.604 us, max = 47.232 ms, min = -0.049 s, total = 560.333 ms
Execution time:  mean = 67.737 us, total = 233.422 ms
Event stats:
	CoreWorker.RecoverObjects - 2395 total (1 active), Execution time: mean = 6.684 us, total = 16.009 ms, Queueing time: mean = 226.872 us, max = 5.448 ms, min = -0.002 s, total = 543.359 ms
	CoreWorker.InternalHeartbeat - 240 total (1 active), Execution time: mean = 178.853 us, total = 42.925 ms, Queueing time: mean = -0.000 s, max = 47.232 ms, min = -0.049 s, total = -0.001 s
	CoreWorker.ExitIfParentRayletDies - 240 total (1 active), Execution time: mean = 8.009 us, total = 1.922 ms, Queueing time: mean = -0.000 s, max = 47.156 ms, min = -0.049 s, total = -0.007 s
	NodeManagerService.grpc_client.ReportWorkerBacklog - 240 total (0 active), Execution time: mean = 681.121 us, total = 163.469 ms, Queueing time: mean = 0.000 s, max = -0.000 s, min = 9223372036.855 s, total = 0.000 s
	NodeManagerService.grpc_client.ReportWorkerBacklog.OnReplyReceived - 240 total (0 active), Execution time: mean = 18.868 us, total = 4.528 ms, Queueing time: mean = 32.452 us, max = 159.171 us, min = 16.977 us, total = 7.788 ms
	CoreWorker.RecordMetrics - 48 total (1 active), Execution time: mean = 19.123 us, total = 917.919 us, Queueing time: mean = 46.030 us, max = 12.379 ms, min = -0.008 s, total = 2.209 ms
	CoreWorker.GCStreamingGeneratorMetadata - 24 total (1 active), Execution time: mean = 3.162 us, total = 75.880 us, Queueing time: mean = 78.791 us, max = 12.004 ms, min = -0.010 s, total = 1.891 ms
	PeriodicalRunner.RunFnPeriodically - 7 total (0 active), Execution time: mean = 101.351 us, total = 709.460 us, Queueing time: mean = 294.711 us, max = 669.983 us, min = 8.046 us, total = 2.063 ms
	CoreWorker.PrintEventStats - 4 total (1 active, 1 running), Execution time: mean = 159.269 us, total = 637.075 us, Queueing time: mean = 2.655 ms, max = 8.036 ms, min = -0.000 s, total = 10.619 ms
	ray::rpc::InternalPubSubGcsService.grpc_client.GcsSubscriberCommandBatch - 1 total (0 active), Execution time: mean = 659.331 us, total = 659.331 us, Queueing time: mean = 0.000 s, max = -0.000 s, min = 9223372036.855 s, total = 0.000 s
	ray::rpc::NodeInfoGcsService.grpc_client.GetAllNodeInfo - 1 total (0 active), Execution time: mean = 709.953 us, total = 709.953 us, Queueing time: mean = 0.000 s, max = -0.000 s, min = 9223372036.855 s, total = 0.000 s
	ray::rpc::InternalPubSubGcsService.grpc_client.GcsSubscriberCommandBatch.OnReplyReceived - 1 total (0 active), Execution time: mean = 216.771 us, total = 216.771 us, Queueing time: mean = 13.901 us, max = 13.901 us, min = 13.901 us, total = 13.901 us
	Publisher.CheckDeadSubscribers - 1 total (1 active), Execution time: mean = 0.000 s, total = 0.000 s, Queueing time: mean = 0.000 s, max = -0.000 s, min = 9223372036.855 s, total = 0.000 s
	ray::rpc::WorkerInfoGcsService.grpc_client.AddWorkerInfo - 1 total (0 active), Execution time: mean = 543.528 us, total = 543.528 us, Queueing time: mean = 0.000 s, max = -0.000 s, min = 9223372036.855 s, total = 0.000 s
	ray::rpc::InternalPubSubGcsService.grpc_client.GcsSubscriberPoll - 1 total (1 active), Execution time: mean = 0.000 s, total = 0.000 s, Queueing time: mean = 0.000 s, max = -0.000 s, min = 9223372036.855 s, total = 0.000 s
	ray::rpc::WorkerInfoGcsService.grpc_client.AddWorkerInfo.OnReplyReceived - 1 total (0 active), Execution time: mean = 18.203 us, total = 18.203 us, Queueing time: mean = 9.442 us, max = 9.442 us, min = 9.442 us, total = 9.442 us
	ray::rpc::NodeInfoGcsService.grpc_client.GetAllNodeInfo.OnReplyReceived - 1 total (0 active), Execution time: mean = 80.726 us, total = 80.726 us, Queueing time: mean = 179.849 us, max = 179.849 us, min = 179.849 us, total = 179.849 us

-----------------
Task Event stats:

IO Service Stats:

Global stats: 721 total (1 active)
Queueing time: mean = 469.581 us, max = 47.678 ms, min = -0.014 s, total = 338.568 ms
Execution time:  mean = 290.486 us, total = 209.440 ms
Event stats:
	ray::rpc::TaskInfoGcsService.grpc_client.AddTaskEventData - 240 total (0 active), Execution time: mean = 704.713 us, total = 169.131 ms, Queueing time: mean = 0.000 s, max = -0.000 s, min = 9223372036.855 s, total = 0.000 s
	CoreWorker.deadline_timer.flush_task_events - 240 total (1 active), Execution time: mean = 145.347 us, total = 34.883 ms, Queueing time: mean = 1.382 ms, max = 47.678 ms, min = -0.014 s, total = 331.615 ms
	ray::rpc::TaskInfoGcsService.grpc_client.AddTaskEventData.OnReplyReceived - 240 total (0 active), Execution time: mean = 22.210 us, total = 5.330 ms, Queueing time: mean = 28.870 us, max = 150.949 us, min = 7.259 us, total = 6.929 ms
	PeriodicalRunner.RunFnPeriodically - 1 total (0 active), Execution time: mean = 95.270 us, total = 95.270 us, Queueing time: mean = 24.812 us, max = 24.812 us, min = 24.812 us, total = 24.812 us
Other Stats:
	grpc_in_progress:0
	current number of task status events in buffer: 0
	current number of profile events in buffer: 0
	current number of dropped task attempts tracked: 0
	total task events sent: 0 MiB
	total number of task attempts sent: 0
	total number of task attempts dropped reported: 0
	total number of sent failure: 0
	num status task events dropped: 0
	num profile task events dropped: 0


[2025-02-16 16:23:37,634 I 584 1170] core_worker.cc:642: Event stats:


Global stats: 4305 total (8 active)
Queueing time: mean = 182.155 us, max = 47.232 ms, min = -0.049 s, total = 784.179 ms
Execution time:  mean = 67.473 us, total = 290.473 ms
Event stats:
	CoreWorker.RecoverObjects - 2994 total (1 active), Execution time: mean = 6.641 us, total = 19.884 ms, Queueing time: mean = 227.301 us, max = 6.957 ms, min = -0.002 s, total = 680.539 ms
	CoreWorker.InternalHeartbeat - 300 total (1 active), Execution time: mean = 171.551 us, total = 51.465 ms, Queueing time: mean = 110.807 us, max = 47.232 ms, min = -0.049 s, total = 33.242 ms
	CoreWorker.ExitIfParentRayletDies - 300 total (1 active), Execution time: mean = 8.493 us, total = 2.548 ms, Queueing time: mean = 94.999 us, max = 47.156 ms, min = -0.049 s, total = 28.500 ms
	NodeManagerService.grpc_client.ReportWorkerBacklog - 300 total (0 active), Execution time: mean = 686.775 us, total = 206.032 ms, Queueing time: mean = 0.000 s, max = -0.000 s, min = 9223372036.855 s, total = 0.000 s
	NodeManagerService.grpc_client.ReportWorkerBacklog.OnReplyReceived - 300 total (0 active), Execution time: mean = 18.413 us, total = 5.524 ms, Queueing time: mean = 33.002 us, max = 159.171 us, min = 16.977 us, total = 9.901 ms
	CoreWorker.RecordMetrics - 60 total (1 active), Execution time: mean = 18.959 us, total = 1.138 ms, Queueing time: mean = 47.303 us, max = 19.128 ms, min = -0.014 s, total = 2.838 ms
	CoreWorker.GCStreamingGeneratorMetadata - 30 total (1 active), Execution time: mean = 3.246 us, total = 97.386 us, Queueing time: mean = 73.416 us, max = 18.711 ms, min = -0.017 s, total = 2.202 ms
	PeriodicalRunner.RunFnPeriodically - 7 total (0 active), Execution time: mean = 101.351 us, total = 709.460 us, Queueing time: mean = 294.711 us, max = 669.983 us, min = 8.046 us, total = 2.063 ms
	CoreWorker.PrintEventStats - 5 total (1 active, 1 running), Execution time: mean = 168.241 us, total = 841.206 us, Queueing time: mean = 3.923 ms, max = 8.997 ms, min = -0.000 s, total = 19.616 ms
	Publisher.CheckDeadSubscribers - 2 total (1 active), Execution time: mean = 2.623 us, total = 5.246 us, Queueing time: mean = 2.537 ms, max = 5.075 ms, min = 5.075 ms, total = 5.075 ms
	ray::rpc::InternalPubSubGcsService.grpc_client.GcsSubscriberCommandBatch - 1 total (0 active), Execution time: mean = 659.331 us, total = 659.331 us, Queueing time: mean = 0.000 s, max = -0.000 s, min = 9223372036.855 s, total = 0.000 s
	ray::rpc::NodeInfoGcsService.grpc_client.GetAllNodeInfo - 1 total (0 active), Execution time: mean = 709.953 us, total = 709.953 us, Queueing time: mean = 0.000 s, max = -0.000 s, min = 9223372036.855 s, total = 0.000 s
	ray::rpc::InternalPubSubGcsService.grpc_client.GcsSubscriberCommandBatch.OnReplyReceived - 1 total (0 active), Execution time: mean = 216.771 us, total = 216.771 us, Queueing time: mean = 13.901 us, max = 13.901 us, min = 13.901 us, total = 13.901 us
	ray::rpc::WorkerInfoGcsService.grpc_client.AddWorkerInfo - 1 total (0 active), Execution time: mean = 543.528 us, total = 543.528 us, Queueing time: mean = 0.000 s, max = -0.000 s, min = 9223372036.855 s, total = 0.000 s
	ray::rpc::InternalPubSubGcsService.grpc_client.GcsSubscriberPoll - 1 total (1 active), Execution time: mean = 0.000 s, total = 0.000 s, Queueing time: mean = 0.000 s, max = -0.000 s, min = 9223372036.855 s, total = 0.000 s
	ray::rpc::WorkerInfoGcsService.grpc_client.AddWorkerInfo.OnReplyReceived - 1 total (0 active), Execution time: mean = 18.203 us, total = 18.203 us, Queueing time: mean = 9.442 us, max = 9.442 us, min = 9.442 us, total = 9.442 us
	ray::rpc::NodeInfoGcsService.grpc_client.GetAllNodeInfo.OnReplyReceived - 1 total (0 active), Execution time: mean = 80.726 us, total = 80.726 us, Queueing time: mean = 179.849 us, max = 179.849 us, min = 179.849 us, total = 179.849 us

-----------------
Task Event stats:

IO Service Stats:

Global stats: 901 total (1 active)
Queueing time: mean = 478.431 us, max = 47.678 ms, min = -0.014 s, total = 431.067 ms
Execution time:  mean = 289.264 us, total = 260.627 ms
Event stats:
	ray::rpc::TaskInfoGcsService.grpc_client.AddTaskEventData - 300 total (0 active), Execution time: mean = 697.579 us, total = 209.274 ms, Queueing time: mean = 0.000 s, max = -0.000 s, min = 9223372036.855 s, total = 0.000 s
	CoreWorker.deadline_timer.flush_task_events - 300 total (1 active), Execution time: mean = 148.319 us, total = 44.496 ms, Queueing time: mean = 1.408 ms, max = 47.678 ms, min = -0.014 s, total = 422.271 ms
	ray::rpc::TaskInfoGcsService.grpc_client.AddTaskEventData.OnReplyReceived - 300 total (0 active), Execution time: mean = 22.542 us, total = 6.763 ms, Queueing time: mean = 29.235 us, max = 150.949 us, min = 7.259 us, total = 8.770 ms
	PeriodicalRunner.RunFnPeriodically - 1 total (0 active), Execution time: mean = 95.270 us, total = 95.270 us, Queueing time: mean = 24.812 us, max = 24.812 us, min = 24.812 us, total = 24.812 us
Other Stats:
	grpc_in_progress:0
	current number of task status events in buffer: 0
	current number of profile events in buffer: 0
	current number of dropped task attempts tracked: 0
	total task events sent: 0 MiB
	total number of task attempts sent: 0
	total number of task attempts dropped reported: 0
	total number of sent failure: 0
	num status task events dropped: 0
	num profile task events dropped: 0


[2025-02-16 16:24:37,635 I 584 1170] core_worker.cc:642: Event stats:


Global stats: 5162 total (8 active)
Queueing time: mean = 169.508 us, max = 50.959 ms, min = -0.053 s, total = 875.000 ms
Execution time:  mean = 68.320 us, total = 352.670 ms
Event stats:
	CoreWorker.RecoverObjects - 3592 total (1 active), Execution time: mean = 6.705 us, total = 24.083 ms, Queueing time: mean = 228.608 us, max = 6.957 ms, min = -0.002 s, total = 821.161 ms
	CoreWorker.InternalHeartbeat - 360 total (1 active), Execution time: mean = 169.736 us, total = 61.105 ms, Queueing time: mean = 43.377 us, max = 50.959 ms, min = -0.053 s, total = 15.616 ms
	CoreWorker.ExitIfParentRayletDies - 360 total (1 active), Execution time: mean = 8.289 us, total = 2.984 ms, Queueing time: mean = 21.223 us, max = 50.828 ms, min = -0.053 s, total = 7.640 ms
	NodeManagerService.grpc_client.ReportWorkerBacklog - 360 total (0 active), Execution time: mean = 700.672 us, total = 252.242 ms, Queueing time: mean = 0.000 s, max = -0.000 s, min = 9223372036.855 s, total = 0.000 s
	NodeManagerService.grpc_client.ReportWorkerBacklog.OnReplyReceived - 360 total (0 active), Execution time: mean = 18.603 us, total = 6.697 ms, Queueing time: mean = 33.991 us, max = 159.171 us, min = 8.390 us, total = 12.237 ms
	CoreWorker.RecordMetrics - 72 total (1 active), Execution time: mean = 18.709 us, total = 1.347 ms, Queueing time: mean = 44.391 us, max = 19.128 ms, min = -0.014 s, total = 3.196 ms
	CoreWorker.GCStreamingGeneratorMetadata - 36 total (1 active), Execution time: mean = 5.293 us, total = 190.539 us, Queueing time: mean = 67.138 us, max = 18.711 ms, min = -0.017 s, total = 2.417 ms
	PeriodicalRunner.RunFnPeriodically - 7 total (0 active), Execution time: mean = 101.351 us, total = 709.460 us, Queueing time: mean = 294.711 us, max = 669.983 us, min = 8.046 us, total = 2.063 ms
	CoreWorker.PrintEventStats - 6 total (1 active, 1 running), Execution time: mean = 179.668 us, total = 1.078 ms, Queueing time: mean = 898.675 us, max = 8.997 ms, min = -0.014 s, total = 5.392 ms
	Publisher.CheckDeadSubscribers - 2 total (1 active), Execution time: mean = 2.623 us, total = 5.246 us, Queueing time: mean = 2.537 ms, max = 5.075 ms, min = 5.075 ms, total = 5.075 ms
	ray::rpc::InternalPubSubGcsService.grpc_client.GcsSubscriberCommandBatch - 1 total (0 active), Execution time: mean = 659.331 us, total = 659.331 us, Queueing time: mean = 0.000 s, max = -0.000 s, min = 9223372036.855 s, total = 0.000 s
	ray::rpc::NodeInfoGcsService.grpc_client.GetAllNodeInfo - 1 total (0 active), Execution time: mean = 709.953 us, total = 709.953 us, Queueing time: mean = 0.000 s, max = -0.000 s, min = 9223372036.855 s, total = 0.000 s
	ray::rpc::InternalPubSubGcsService.grpc_client.GcsSubscriberCommandBatch.OnReplyReceived - 1 total (0 active), Execution time: mean = 216.771 us, total = 216.771 us, Queueing time: mean = 13.901 us, max = 13.901 us, min = 13.901 us, total = 13.901 us
	ray::rpc::WorkerInfoGcsService.grpc_client.AddWorkerInfo - 1 total (0 active), Execution time: mean = 543.528 us, total = 543.528 us, Queueing time: mean = 0.000 s, max = -0.000 s, min = 9223372036.855 s, total = 0.000 s
	ray::rpc::InternalPubSubGcsService.grpc_client.GcsSubscriberPoll - 1 total (1 active), Execution time: mean = 0.000 s, total = 0.000 s, Queueing time: mean = 0.000 s, max = -0.000 s, min = 9223372036.855 s, total = 0.000 s
	ray::rpc::WorkerInfoGcsService.grpc_client.AddWorkerInfo.OnReplyReceived - 1 total (0 active), Execution time: mean = 18.203 us, total = 18.203 us, Queueing time: mean = 9.442 us, max = 9.442 us, min = 9.442 us, total = 9.442 us
	ray::rpc::NodeInfoGcsService.grpc_client.GetAllNodeInfo.OnReplyReceived - 1 total (0 active), Execution time: mean = 80.726 us, total = 80.726 us, Queueing time: mean = 179.849 us, max = 179.849 us, min = 179.849 us, total = 179.849 us

-----------------
Task Event stats:

IO Service Stats:

Global stats: 1081 total (1 active)
Queueing time: mean = 484.542 us, max = 49.967 ms, min = -0.014 s, total = 523.790 ms
Execution time:  mean = 294.778 us, total = 318.655 ms
Event stats:
	ray::rpc::TaskInfoGcsService.grpc_client.AddTaskEventData - 360 total (0 active), Execution time: mean = 711.583 us, total = 256.170 ms, Queueing time: mean = 0.000 s, max = -0.000 s, min = 9223372036.855 s, total = 0.000 s
	CoreWorker.deadline_timer.flush_task_events - 360 total (1 active), Execution time: mean = 150.096 us, total = 54.034 ms, Queueing time: mean = 1.425 ms, max = 49.967 ms, min = -0.014 s, total = 512.865 ms
	ray::rpc::TaskInfoGcsService.grpc_client.AddTaskEventData.OnReplyReceived - 360 total (0 active), Execution time: mean = 23.210 us, total = 8.355 ms, Queueing time: mean = 30.279 us, max = 160.542 us, min = 7.259 us, total = 10.900 ms
	PeriodicalRunner.RunFnPeriodically - 1 total (0 active), Execution time: mean = 95.270 us, total = 95.270 us, Queueing time: mean = 24.812 us, max = 24.812 us, min = 24.812 us, total = 24.812 us
Other Stats:
	grpc_in_progress:0
	current number of task status events in buffer: 0
	current number of profile events in buffer: 0
	current number of dropped task attempts tracked: 0
	total task events sent: 0 MiB
	total number of task attempts sent: 0
	total number of task attempts dropped reported: 0
	total number of sent failure: 0
	num status task events dropped: 0
	num profile task events dropped: 0


[2025-02-16 16:25:37,635 I 584 1170] core_worker.cc:642: Event stats:


Global stats: 6020 total (8 active)
Queueing time: mean = 161.067 us, max = 50.959 ms, min = -0.053 s, total = 969.624 ms
Execution time:  mean = 69.567 us, total = 418.795 ms
Event stats:
	CoreWorker.RecoverObjects - 4191 total (1 active), Execution time: mean = 6.793 us, total = 28.470 ms, Queueing time: mean = 221.951 us, max = 6.957 ms, min = -0.002 s, total = 930.196 ms
	CoreWorker.InternalHeartbeat - 420 total (1 active), Execution time: mean = 169.014 us, total = 70.986 ms, Queueing time: mean = -0.000 s, max = 50.959 ms, min = -0.053 s, total = -0.014 s
	CoreWorker.ExitIfParentRayletDies - 420 total (1 active), Execution time: mean = 8.094 us, total = 3.400 ms, Queueing time: mean = 20.186 us, max = 50.828 ms, min = -0.053 s, total = 8.478 ms
	NodeManagerService.grpc_client.ReportWorkerBacklog - 420 total (0 active), Execution time: mean = 718.765 us, total = 301.881 ms, Queueing time: mean = 0.000 s, max = -0.000 s, min = 9223372036.855 s, total = 0.000 s
	NodeManagerService.grpc_client.ReportWorkerBacklog.OnReplyReceived - 420 total (0 active), Execution time: mean = 19.009 us, total = 7.984 ms, Queueing time: mean = 35.218 us, max = 190.303 us, min = 8.390 us, total = 14.791 ms
	CoreWorker.RecordMetrics - 84 total (1 active), Execution time: mean = 18.837 us, total = 1.582 ms, Queueing time: mean = 47.014 us, max = 19.128 ms, min = -0.014 s, total = 3.949 ms
	CoreWorker.GCStreamingGeneratorMetadata - 42 total (1 active), Execution time: mean = 5.062 us, total = 212.595 us, Queueing time: mean = 67.032 us, max = 18.711 ms, min = -0.017 s, total = 2.815 ms
	CoreWorker.PrintEventStats - 7 total (1 active, 1 running), Execution time: mean = 190.981 us, total = 1.337 ms, Queueing time: mean = 2.277 ms, max = 10.550 ms, min = -0.014 s, total = 15.942 ms
	PeriodicalRunner.RunFnPeriodically - 7 total (0 active), Execution time: mean = 101.351 us, total = 709.460 us, Queueing time: mean = 294.711 us, max = 669.983 us, min = 8.046 us, total = 2.063 ms
	Publisher.CheckDeadSubscribers - 2 total (1 active), Execution time: mean = 2.623 us, total = 5.246 us, Queueing time: mean = 2.537 ms, max = 5.075 ms, min = 5.075 ms, total = 5.075 ms
	ray::rpc::InternalPubSubGcsService.grpc_client.GcsSubscriberCommandBatch - 1 total (0 active), Execution time: mean = 659.331 us, total = 659.331 us, Queueing time: mean = 0.000 s, max = -0.000 s, min = 9223372036.855 s, total = 0.000 s
	ray::rpc::NodeInfoGcsService.grpc_client.GetAllNodeInfo - 1 total (0 active), Execution time: mean = 709.953 us, total = 709.953 us, Queueing time: mean = 0.000 s, max = -0.000 s, min = 9223372036.855 s, total = 0.000 s
	ray::rpc::InternalPubSubGcsService.grpc_client.GcsSubscriberCommandBatch.OnReplyReceived - 1 total (0 active), Execution time: mean = 216.771 us, total = 216.771 us, Queueing time: mean = 13.901 us, max = 13.901 us, min = 13.901 us, total = 13.901 us
	ray::rpc::WorkerInfoGcsService.grpc_client.AddWorkerInfo - 1 total (0 active), Execution time: mean = 543.528 us, total = 543.528 us, Queueing time: mean = 0.000 s, max = -0.000 s, min = 9223372036.855 s, total = 0.000 s
	ray::rpc::InternalPubSubGcsService.grpc_client.GcsSubscriberPoll - 1 total (1 active), Execution time: mean = 0.000 s, total = 0.000 s, Queueing time: mean = 0.000 s, max = -0.000 s, min = 9223372036.855 s, total = 0.000 s
	ray::rpc::WorkerInfoGcsService.grpc_client.AddWorkerInfo.OnReplyReceived - 1 total (0 active), Execution time: mean = 18.203 us, total = 18.203 us, Queueing time: mean = 9.442 us, max = 9.442 us, min = 9.442 us, total = 9.442 us
	ray::rpc::NodeInfoGcsService.grpc_client.GetAllNodeInfo.OnReplyReceived - 1 total (0 active), Execution time: mean = 80.726 us, total = 80.726 us, Queueing time: mean = 179.849 us, max = 179.849 us, min = 179.849 us, total = 179.849 us

-----------------
Task Event stats:

IO Service Stats:

Global stats: 1261 total (1 active)
Queueing time: mean = 462.463 us, max = 49.967 ms, min = -0.015 s, total = 583.166 ms
Execution time:  mean = 321.166 us, total = 404.990 ms
Event stats:
	ray::rpc::TaskInfoGcsService.grpc_client.AddTaskEventData - 420 total (0 active), Execution time: mean = 786.138 us, total = 330.178 ms, Queueing time: mean = 0.000 s, max = -0.000 s, min = 9223372036.855 s, total = 0.000 s
	CoreWorker.deadline_timer.flush_task_events - 420 total (1 active), Execution time: mean = 153.993 us, total = 64.677 ms, Queueing time: mean = 1.357 ms, max = 49.967 ms, min = -0.015 s, total = 570.134 ms
	ray::rpc::TaskInfoGcsService.grpc_client.AddTaskEventData.OnReplyReceived - 420 total (0 active), Execution time: mean = 23.904 us, total = 10.040 ms, Queueing time: mean = 30.970 us, max = 160.542 us, min = 7.259 us, total = 13.007 ms
	PeriodicalRunner.RunFnPeriodically - 1 total (0 active), Execution time: mean = 95.270 us, total = 95.270 us, Queueing time: mean = 24.812 us, max = 24.812 us, min = 24.812 us, total = 24.812 us
Other Stats:
	grpc_in_progress:0
	current number of task status events in buffer: 0
	current number of profile events in buffer: 0
	current number of dropped task attempts tracked: 0
	total task events sent: 0 MiB
	total number of task attempts sent: 0
	total number of task attempts dropped reported: 0
	total number of sent failure: 0
	num status task events dropped: 0
	num profile task events dropped: 0


[2025-02-16 16:26:37,635 I 584 1170] core_worker.cc:642: Event stats:


Global stats: 6878 total (8 active)
Queueing time: mean = 190.790 us, max = 50.959 ms, min = -0.053 s, total = 1.312 s
Execution time:  mean = 70.822 us, total = 487.114 ms
Event stats:
	CoreWorker.RecoverObjects - 4790 total (1 active), Execution time: mean = 6.747 us, total = 32.318 ms, Queueing time: mean = 219.577 us, max = 6.957 ms, min = -0.022 s, total = 1.052 s
	CoreWorker.InternalHeartbeat - 480 total (1 active), Execution time: mean = 161.941 us, total = 77.732 ms, Queueing time: mean = 160.254 us, max = 50.959 ms, min = -0.053 s, total = 76.922 ms
	CoreWorker.ExitIfParentRayletDies - 480 total (1 active), Execution time: mean = 8.120 us, total = 3.898 ms, Queueing time: mean = 325.926 us, max = 50.828 ms, min = -0.053 s, total = 156.445 ms
	NodeManagerService.grpc_client.ReportWorkerBacklog - 480 total (0 active), Execution time: mean = 744.694 us, total = 357.453 ms, Queueing time: mean = 0.000 s, max = -0.000 s, min = 9223372036.855 s, total = 0.000 s
	NodeManagerService.grpc_client.ReportWorkerBacklog.OnReplyReceived - 480 total (0 active), Execution time: mean = 19.191 us, total = 9.212 ms, Queueing time: mean = 36.331 us, max = 231.738 us, min = 8.390 us, total = 17.439 ms
	CoreWorker.RecordMetrics - 96 total (1 active), Execution time: mean = 18.613 us, total = 1.787 ms, Queueing time: mean = 37.160 us, max = 19.128 ms, min = -0.014 s, total = 3.567 ms
	CoreWorker.GCStreamingGeneratorMetadata - 48 total (1 active), Execution time: mean = 4.890 us, total = 234.730 us, Queueing time: mean = 67.410 us, max = 18.711 ms, min = -0.017 s, total = 3.236 ms
	CoreWorker.PrintEventStats - 8 total (1 active, 1 running), Execution time: mean = 192.154 us, total = 1.537 ms, Queueing time: mean = -0.001 s, max = 10.550 ms, min = -0.020 s, total = -0.004 s
	PeriodicalRunner.RunFnPeriodically - 7 total (0 active), Execution time: mean = 101.351 us, total = 709.460 us, Queueing time: mean = 294.711 us, max = 669.983 us, min = 8.046 us, total = 2.063 ms
	Publisher.CheckDeadSubscribers - 2 total (1 active), Execution time: mean = 2.623 us, total = 5.246 us, Queueing time: mean = 2.537 ms, max = 5.075 ms, min = 5.075 ms, total = 5.075 ms
	ray::rpc::InternalPubSubGcsService.grpc_client.GcsSubscriberCommandBatch - 1 total (0 active), Execution time: mean = 659.331 us, total = 659.331 us, Queueing time: mean = 0.000 s, max = -0.000 s, min = 9223372036.855 s, total = 0.000 s
	ray::rpc::NodeInfoGcsService.grpc_client.GetAllNodeInfo - 1 total (0 active), Execution time: mean = 709.953 us, total = 709.953 us, Queueing time: mean = 0.000 s, max = -0.000 s, min = 9223372036.855 s, total = 0.000 s
	ray::rpc::InternalPubSubGcsService.grpc_client.GcsSubscriberCommandBatch.OnReplyReceived - 1 total (0 active), Execution time: mean = 216.771 us, total = 216.771 us, Queueing time: mean = 13.901 us, max = 13.901 us, min = 13.901 us, total = 13.901 us
	ray::rpc::WorkerInfoGcsService.grpc_client.AddWorkerInfo - 1 total (0 active), Execution time: mean = 543.528 us, total = 543.528 us, Queueing time: mean = 0.000 s, max = -0.000 s, min = 9223372036.855 s, total = 0.000 s
	ray::rpc::InternalPubSubGcsService.grpc_client.GcsSubscriberPoll - 1 total (1 active), Execution time: mean = 0.000 s, total = 0.000 s, Queueing time: mean = 0.000 s, max = -0.000 s, min = 9223372036.855 s, total = 0.000 s
	ray::rpc::WorkerInfoGcsService.grpc_client.AddWorkerInfo.OnReplyReceived - 1 total (0 active), Execution time: mean = 18.203 us, total = 18.203 us, Queueing time: mean = 9.442 us, max = 9.442 us, min = 9.442 us, total = 9.442 us
	ray::rpc::NodeInfoGcsService.grpc_client.GetAllNodeInfo.OnReplyReceived - 1 total (0 active), Execution time: mean = 80.726 us, total = 80.726 us, Queueing time: mean = 179.849 us, max = 179.849 us, min = 179.849 us, total = 179.849 us

-----------------
Task Event stats:

IO Service Stats:

Global stats: 1441 total (1 active)
Queueing time: mean = 490.159 us, max = 49.967 ms, min = -0.015 s, total = 706.319 ms
Execution time:  mean = 322.703 us, total = 465.014 ms
Event stats:
	ray::rpc::TaskInfoGcsService.grpc_client.AddTaskEventData - 480 total (0 active), Execution time: mean = 787.441 us, total = 377.971 ms, Queueing time: mean = 0.000 s, max = -0.000 s, min = 9223372036.855 s, total = 0.000 s
	CoreWorker.deadline_timer.flush_task_events - 480 total (1 active), Execution time: mean = 156.571 us, total = 75.154 ms, Queueing time: mean = 1.440 ms, max = 49.967 ms, min = -0.015 s, total = 691.144 ms
	ray::rpc::TaskInfoGcsService.grpc_client.AddTaskEventData.OnReplyReceived - 480 total (0 active), Execution time: mean = 24.571 us, total = 11.794 ms, Queueing time: mean = 31.563 us, max = 160.542 us, min = 7.259 us, total = 15.150 ms
	PeriodicalRunner.RunFnPeriodically - 1 total (0 active), Execution time: mean = 95.270 us, total = 95.270 us, Queueing time: mean = 24.812 us, max = 24.812 us, min = 24.812 us, total = 24.812 us
Other Stats:
	grpc_in_progress:0
	current number of task status events in buffer: 0
	current number of profile events in buffer: 0
	current number of dropped task attempts tracked: 0
	total task events sent: 0 MiB
	total number of task attempts sent: 0
	total number of task attempts dropped reported: 0
	total number of sent failure: 0
	num status task events dropped: 0
	num profile task events dropped: 0


[2025-02-16 16:27:37,635 I 584 1170] core_worker.cc:642: Event stats:


Global stats: 7736 total (8 active)
Queueing time: mean = 199.793 us, max = 52.077 ms, min = -0.053 s, total = 1.546 s
Execution time:  mean = 70.084 us, total = 542.166 ms
Event stats:
	CoreWorker.RecoverObjects - 5389 total (1 active), Execution time: mean = 6.715 us, total = 36.184 ms, Queueing time: mean = 209.161 us, max = 6.957 ms, min = -0.033 s, total = 1.127 s
	CoreWorker.InternalHeartbeat - 540 total (1 active), Execution time: mean = 157.897 us, total = 85.265 ms, Queueing time: mean = 264.985 us, max = 52.040 ms, min = -0.053 s, total = 143.092 ms
	CoreWorker.ExitIfParentRayletDies - 540 total (1 active), Execution time: mean = 9.155 us, total = 4.944 ms, Queueing time: mean = 424.556 us, max = 52.077 ms, min = -0.053 s, total = 229.260 ms
	NodeManagerService.grpc_client.ReportWorkerBacklog - 540 total (0 active), Execution time: mean = 737.996 us, total = 398.518 ms, Queueing time: mean = 0.000 s, max = -0.000 s, min = 9223372036.855 s, total = 0.000 s
	NodeManagerService.grpc_client.ReportWorkerBacklog.OnReplyReceived - 540 total (0 active), Execution time: mean = 19.051 us, total = 10.288 ms, Queueing time: mean = 36.515 us, max = 231.738 us, min = 8.390 us, total = 19.718 ms
	CoreWorker.RecordMetrics - 108 total (1 active), Execution time: mean = 18.525 us, total = 2.001 ms, Queueing time: mean = 46.732 us, max = 27.788 ms, min = -0.023 s, total = 5.047 ms
	CoreWorker.GCStreamingGeneratorMetadata - 54 total (1 active), Execution time: mean = 4.809 us, total = 259.686 us, Queueing time: mean = 61.188 us, max = 25.147 ms, min = -0.023 s, total = 3.304 ms
	CoreWorker.PrintEventStats - 9 total (1 active, 1 running), Execution time: mean = 196.012 us, total = 1.764 ms, Queueing time: mean = 1.186 ms, max = 15.142 ms, min = -0.020 s, total = 10.670 ms
	PeriodicalRunner.RunFnPeriodically - 7 total (0 active), Execution time: mean = 101.351 us, total = 709.460 us, Queueing time: mean = 294.711 us, max = 669.983 us, min = 8.046 us, total = 2.063 ms
	Publisher.CheckDeadSubscribers - 2 total (1 active), Execution time: mean = 2.623 us, total = 5.246 us, Queueing time: mean = 2.537 ms, max = 5.075 ms, min = 5.075 ms, total = 5.075 ms
	ray::rpc::InternalPubSubGcsService.grpc_client.GcsSubscriberCommandBatch - 1 total (0 active), Execution time: mean = 659.331 us, total = 659.331 us, Queueing time: mean = 0.000 s, max = -0.000 s, min = 9223372036.855 s, total = 0.000 s
	ray::rpc::NodeInfoGcsService.grpc_client.GetAllNodeInfo - 1 total (0 active), Execution time: mean = 709.953 us, total = 709.953 us, Queueing time: mean = 0.000 s, max = -0.000 s, min = 9223372036.855 s, total = 0.000 s
	ray::rpc::InternalPubSubGcsService.grpc_client.GcsSubscriberCommandBatch.OnReplyReceived - 1 total (0 active), Execution time: mean = 216.771 us, total = 216.771 us, Queueing time: mean = 13.901 us, max = 13.901 us, min = 13.901 us, total = 13.901 us
	ray::rpc::WorkerInfoGcsService.grpc_client.AddWorkerInfo - 1 total (0 active), Execution time: mean = 543.528 us, total = 543.528 us, Queueing time: mean = 0.000 s, max = -0.000 s, min = 9223372036.855 s, total = 0.000 s
	ray::rpc::InternalPubSubGcsService.grpc_client.GcsSubscriberPoll - 1 total (1 active), Execution time: mean = 0.000 s, total = 0.000 s, Queueing time: mean = 0.000 s, max = -0.000 s, min = 9223372036.855 s, total = 0.000 s
	ray::rpc::WorkerInfoGcsService.grpc_client.AddWorkerInfo.OnReplyReceived - 1 total (0 active), Execution time: mean = 18.203 us, total = 18.203 us, Queueing time: mean = 9.442 us, max = 9.442 us, min = 9.442 us, total = 9.442 us
	ray::rpc::NodeInfoGcsService.grpc_client.GetAllNodeInfo.OnReplyReceived - 1 total (0 active), Execution time: mean = 80.726 us, total = 80.726 us, Queueing time: mean = 179.849 us, max = 179.849 us, min = 179.849 us, total = 179.849 us

-----------------
Task Event stats:

IO Service Stats:

Global stats: 1621 total (1 active)
Queueing time: mean = 478.410 us, max = 53.049 ms, min = -0.015 s, total = 775.503 ms
Execution time:  mean = 320.887 us, total = 520.158 ms
Event stats:
	ray::rpc::TaskInfoGcsService.grpc_client.AddTaskEventData - 540 total (0 active), Execution time: mean = 780.823 us, total = 421.644 ms, Queueing time: mean = 0.000 s, max = -0.000 s, min = 9223372036.855 s, total = 0.000 s
	CoreWorker.deadline_timer.flush_task_events - 540 total (1 active), Execution time: mean = 157.242 us, total = 84.911 ms, Queueing time: mean = 1.404 ms, max = 53.049 ms, min = -0.015 s, total = 758.069 ms
	ray::rpc::TaskInfoGcsService.grpc_client.AddTaskEventData.OnReplyReceived - 540 total (0 active), Execution time: mean = 25.015 us, total = 13.508 ms, Queueing time: mean = 32.239 us, max = 160.542 us, min = 7.259 us, total = 17.409 ms
	PeriodicalRunner.RunFnPeriodically - 1 total (0 active), Execution time: mean = 95.270 us, total = 95.270 us, Queueing time: mean = 24.812 us, max = 24.812 us, min = 24.812 us, total = 24.812 us
Other Stats:
	grpc_in_progress:0
	current number of task status events in buffer: 0
	current number of profile events in buffer: 0
	current number of dropped task attempts tracked: 0
	total task events sent: 0 MiB
	total number of task attempts sent: 0
	total number of task attempts dropped reported: 0
	total number of sent failure: 0
	num status task events dropped: 0
	num profile task events dropped: 0


[2025-02-16 16:28:37,636 I 584 1170] core_worker.cc:642: Event stats:


Global stats: 8597 total (8 active)
Queueing time: mean = 226.926 us, max = 52.077 ms, min = -0.053 s, total = 1.951 s
Execution time:  mean = 69.723 ms, total = 599.406 s
Event stats:
	CoreWorker.RecoverObjects - 5988 total (1 active), Execution time: mean = 6.724 us, total = 40.264 ms, Queueing time: mean = 207.607 us, max = 6.957 ms, min = -0.033 s, total = 1.243 s
	CoreWorker.InternalHeartbeat - 600 total (1 active), Execution time: mean = 153.857 us, total = 92.314 ms, Queueing time: mean = 476.382 us, max = 52.040 ms, min = -0.053 s, total = 285.829 ms
	CoreWorker.ExitIfParentRayletDies - 600 total (1 active), Execution time: mean = 9.231 us, total = 5.539 ms, Queueing time: mean = 630.417 us, max = 52.077 ms, min = -0.053 s, total = 378.250 ms
	NodeManagerService.grpc_client.ReportWorkerBacklog - 600 total (0 active), Execution time: mean = 731.582 us, total = 438.949 ms, Queueing time: mean = 0.000 s, max = -0.000 s, min = 9223372036.855 s, total = 0.000 s
	NodeManagerService.grpc_client.ReportWorkerBacklog.OnReplyReceived - 600 total (0 active), Execution time: mean = 19.018 us, total = 11.411 ms, Queueing time: mean = 36.636 us, max = 231.738 us, min = 8.390 us, total = 21.981 ms
	CoreWorker.RecordMetrics - 120 total (1 active), Execution time: mean = 18.484 us, total = 2.218 ms, Queueing time: mean = 47.638 us, max = 27.788 ms, min = -0.023 s, total = 5.717 ms
	CoreWorker.GCStreamingGeneratorMetadata - 60 total (1 active), Execution time: mean = 4.815 us, total = 288.920 us, Queueing time: mean = 64.580 us, max = 25.147 ms, min = -0.023 s, total = 3.875 ms
	CoreWorker.PrintEventStats - 10 total (1 active, 1 running), Execution time: mean = 196.166 us, total = 1.962 ms, Queueing time: mean = -0.000 s, max = 15.142 ms, min = -0.020 s, total = -0.003 s
	PeriodicalRunner.RunFnPeriodically - 7 total (0 active), Execution time: mean = 101.351 us, total = 709.460 us, Queueing time: mean = 294.711 us, max = 669.983 us, min = 8.046 us, total = 2.063 ms
	Publisher.CheckDeadSubscribers - 3 total (1 active), Execution time: mean = 4.152 us, total = 12.457 us, Queueing time: mean = 4.187 ms, max = 7.487 ms, min = 5.075 ms, total = 12.562 ms
	ray::rpc::InternalPubSubGcsService.grpc_client.GcsSubscriberPoll - 2 total (1 active), Execution time: mean = 299.405 s, total = 598.810 s, Queueing time: mean = 0.000 s, max = -0.000 s, min = 9223372036.855 s, total = 0.000 s
	ray::rpc::InternalPubSubGcsService.grpc_client.GcsSubscriberCommandBatch - 1 total (0 active), Execution time: mean = 659.331 us, total = 659.331 us, Queueing time: mean = 0.000 s, max = -0.000 s, min = 9223372036.855 s, total = 0.000 s
	ray::rpc::NodeInfoGcsService.grpc_client.GetAllNodeInfo - 1 total (0 active), Execution time: mean = 709.953 us, total = 709.953 us, Queueing time: mean = 0.000 s, max = -0.000 s, min = 9223372036.855 s, total = 0.000 s
	ray::rpc::InternalPubSubGcsService.grpc_client.GcsSubscriberCommandBatch.OnReplyReceived - 1 total (0 active), Execution time: mean = 216.771 us, total = 216.771 us, Queueing time: mean = 13.901 us, max = 13.901 us, min = 13.901 us, total = 13.901 us
	ray::rpc::WorkerInfoGcsService.grpc_client.AddWorkerInfo - 1 total (0 active), Execution time: mean = 543.528 us, total = 543.528 us, Queueing time: mean = 0.000 s, max = -0.000 s, min = 9223372036.855 s, total = 0.000 s
	ray::rpc::InternalPubSubGcsService.grpc_client.GcsSubscriberPoll.OnReplyReceived - 1 total (0 active), Execution time: mean = 124.370 us, total = 124.370 us, Queueing time: mean = 50.688 us, max = 50.688 us, min = 50.688 us, total = 50.688 us
	ray::rpc::WorkerInfoGcsService.grpc_client.AddWorkerInfo.OnReplyReceived - 1 total (0 active), Execution time: mean = 18.203 us, total = 18.203 us, Queueing time: mean = 9.442 us, max = 9.442 us, min = 9.442 us, total = 9.442 us
	ray::rpc::NodeInfoGcsService.grpc_client.GetAllNodeInfo.OnReplyReceived - 1 total (0 active), Execution time: mean = 80.726 us, total = 80.726 us, Queueing time: mean = 179.849 us, max = 179.849 us, min = 179.849 us, total = 179.849 us

-----------------
Task Event stats:

IO Service Stats:

Global stats: 1801 total (1 active)
Queueing time: mean = 490.446 us, max = 53.049 ms, min = -0.015 s, total = 883.294 ms
Execution time:  mean = 327.344 us, total = 589.547 ms
Event stats:
	ray::rpc::TaskInfoGcsService.grpc_client.AddTaskEventData - 600 total (0 active), Execution time: mean = 797.520 us, total = 478.512 ms, Queueing time: mean = 0.000 s, max = -0.000 s, min = 9223372036.855 s, total = 0.000 s
	CoreWorker.deadline_timer.flush_task_events - 600 total (1 active), Execution time: mean = 159.537 us, total = 95.722 ms, Queueing time: mean = 1.439 ms, max = 53.049 ms, min = -0.015 s, total = 863.572 ms
	ray::rpc::TaskInfoGcsService.grpc_client.AddTaskEventData.OnReplyReceived - 600 total (0 active), Execution time: mean = 25.362 us, total = 15.217 ms, Queueing time: mean = 32.829 us, max = 160.542 us, min = 7.259 us, total = 19.697 ms
	PeriodicalRunner.RunFnPeriodically - 1 total (0 active), Execution time: mean = 95.270 us, total = 95.270 us, Queueing time: mean = 24.812 us, max = 24.812 us, min = 24.812 us, total = 24.812 us
Other Stats:
	grpc_in_progress:0
	current number of task status events in buffer: 0
	current number of profile events in buffer: 0
	current number of dropped task attempts tracked: 0
	total task events sent: 0 MiB
	total number of task attempts sent: 0
	total number of task attempts dropped reported: 0
	total number of sent failure: 0
	num status task events dropped: 0
	num profile task events dropped: 0


[2025-02-16 16:29:37,636 I 584 1170] core_worker.cc:642: Event stats:


Global stats: 9455 total (8 active)
Queueing time: mean = 234.341 us, max = 52.077 ms, min = -0.053 s, total = 2.216 s
Execution time:  mean = 63.400 ms, total = 599.449 s
Event stats:
	CoreWorker.RecoverObjects - 6587 total (1 active), Execution time: mean = 6.706 us, total = 44.171 ms, Queueing time: mean = 204.217 us, max = 6.957 ms, min = -0.033 s, total = 1.345 s
	CoreWorker.InternalHeartbeat - 660 total (1 active), Execution time: mean = 150.501 us, total = 99.331 ms, Queueing time: mean = 536.994 us, max = 52.040 ms, min = -0.053 s, total = 354.416 ms
	CoreWorker.ExitIfParentRayletDies - 660 total (1 active), Execution time: mean = 9.084 us, total = 5.995 ms, Queueing time: mean = 687.127 us, max = 52.077 ms, min = -0.053 s, total = 453.504 ms
	NodeManagerService.grpc_client.ReportWorkerBacklog - 660 total (0 active), Execution time: mean = 709.278 us, total = 468.124 ms, Queueing time: mean = 0.000 s, max = -0.000 s, min = 9223372036.855 s, total = 0.000 s
	NodeManagerService.grpc_client.ReportWorkerBacklog.OnReplyReceived - 660 total (0 active), Execution time: mean = 18.765 us, total = 12.385 ms, Queueing time: mean = 35.910 us, max = 231.738 us, min = 1.847 us, total = 23.700 ms
	CoreWorker.RecordMetrics - 132 total (1 active), Execution time: mean = 18.606 us, total = 2.456 ms, Queueing time: mean = 48.751 us, max = 27.788 ms, min = -0.023 s, total = 6.435 ms
	CoreWorker.GCStreamingGeneratorMetadata - 66 total (1 active), Execution time: mean = 4.740 us, total = 312.822 us, Queueing time: mean = 68.530 us, max = 25.147 ms, min = -0.023 s, total = 4.523 ms
	CoreWorker.PrintEventStats - 11 total (1 active, 1 running), Execution time: mean = 219.730 us, total = 2.417 ms, Queueing time: mean = 1.187 ms, max = 15.852 ms, min = -0.020 s, total = 13.055 ms
	PeriodicalRunner.RunFnPeriodically - 7 total (0 active), Execution time: mean = 101.351 us, total = 709.460 us, Queueing time: mean = 294.711 us, max = 669.983 us, min = 8.046 us, total = 2.063 ms
	Publisher.CheckDeadSubscribers - 3 total (1 active), Execution time: mean = 4.152 us, total = 12.457 us, Queueing time: mean = 4.187 ms, max = 7.487 ms, min = 5.075 ms, total = 12.562 ms
	ray::rpc::InternalPubSubGcsService.grpc_client.GcsSubscriberPoll - 2 total (1 active), Execution time: mean = 299.405 s, total = 598.810 s, Queueing time: mean = 0.000 s, max = -0.000 s, min = 9223372036.855 s, total = 0.000 s
	ray::rpc::InternalPubSubGcsService.grpc_client.GcsSubscriberCommandBatch - 1 total (0 active), Execution time: mean = 659.331 us, total = 659.331 us, Queueing time: mean = 0.000 s, max = -0.000 s, min = 9223372036.855 s, total = 0.000 s
	ray::rpc::NodeInfoGcsService.grpc_client.GetAllNodeInfo - 1 total (0 active), Execution time: mean = 709.953 us, total = 709.953 us, Queueing time: mean = 0.000 s, max = -0.000 s, min = 9223372036.855 s, total = 0.000 s
	ray::rpc::InternalPubSubGcsService.grpc_client.GcsSubscriberCommandBatch.OnReplyReceived - 1 total (0 active), Execution time: mean = 216.771 us, total = 216.771 us, Queueing time: mean = 13.901 us, max = 13.901 us, min = 13.901 us, total = 13.901 us
	ray::rpc::WorkerInfoGcsService.grpc_client.AddWorkerInfo - 1 total (0 active), Execution time: mean = 543.528 us, total = 543.528 us, Queueing time: mean = 0.000 s, max = -0.000 s, min = 9223372036.855 s, total = 0.000 s
	ray::rpc::InternalPubSubGcsService.grpc_client.GcsSubscriberPoll.OnReplyReceived - 1 total (0 active), Execution time: mean = 124.370 us, total = 124.370 us, Queueing time: mean = 50.688 us, max = 50.688 us, min = 50.688 us, total = 50.688 us
	ray::rpc::WorkerInfoGcsService.grpc_client.AddWorkerInfo.OnReplyReceived - 1 total (0 active), Execution time: mean = 18.203 us, total = 18.203 us, Queueing time: mean = 9.442 us, max = 9.442 us, min = 9.442 us, total = 9.442 us
	ray::rpc::NodeInfoGcsService.grpc_client.GetAllNodeInfo.OnReplyReceived - 1 total (0 active), Execution time: mean = 80.726 us, total = 80.726 us, Queueing time: mean = 179.849 us, max = 179.849 us, min = 179.849 us, total = 179.849 us

-----------------
Task Event stats:

IO Service Stats:

Global stats: 1978 total (1 active)
Queueing time: mean = 477.002 us, max = 53.049 ms, min = -0.015 s, total = 943.510 ms
Execution time:  mean = 327.544 us, total = 647.881 ms
Event stats:
	ray::rpc::TaskInfoGcsService.grpc_client.AddTaskEventData - 659 total (0 active), Execution time: mean = 796.510 us, total = 524.900 ms, Queueing time: mean = 0.000 s, max = -0.000 s, min = 9223372036.855 s, total = 0.000 s
	CoreWorker.deadline_timer.flush_task_events - 659 total (1 active), Execution time: mean = 160.727 us, total = 105.919 ms, Queueing time: mean = 1.399 ms, max = 53.049 ms, min = -0.015 s, total = 921.613 ms
	ray::rpc::TaskInfoGcsService.grpc_client.AddTaskEventData.OnReplyReceived - 659 total (0 active), Execution time: mean = 25.746 us, total = 16.967 ms, Queueing time: mean = 33.190 us, max = 198.370 us, min = 7.259 us, total = 21.872 ms
	PeriodicalRunner.RunFnPeriodically - 1 total (0 active), Execution time: mean = 95.270 us, total = 95.270 us, Queueing time: mean = 24.812 us, max = 24.812 us, min = 24.812 us, total = 24.812 us
Other Stats:
	grpc_in_progress:0
	current number of task status events in buffer: 0
	current number of profile events in buffer: 0
	current number of dropped task attempts tracked: 0
	total task events sent: 0 MiB
	total number of task attempts sent: 0
	total number of task attempts dropped reported: 0
	total number of sent failure: 0
	num status task events dropped: 0
	num profile task events dropped: 0


[2025-02-16 16:30:37,636 I 584 1170] core_worker.cc:642: Event stats:


Global stats: 10313 total (8 active)
Queueing time: mean = 232.901 us, max = 52.077 ms, min = -0.053 s, total = 2.402 s
Execution time:  mean = 58.130 ms, total = 599.494 s
Event stats:
	CoreWorker.RecoverObjects - 7186 total (1 active), Execution time: mean = 6.705 us, total = 48.185 ms, Queueing time: mean = 195.504 us, max = 6.957 ms, min = -0.033 s, total = 1.405 s
	CoreWorker.InternalHeartbeat - 720 total (1 active), Execution time: mean = 147.419 us, total = 106.142 ms, Queueing time: mean = 573.700 us, max = 52.040 ms, min = -0.053 s, total = 413.064 ms
	CoreWorker.ExitIfParentRayletDies - 720 total (1 active), Execution time: mean = 8.969 us, total = 6.458 ms, Queueing time: mean = 720.277 us, max = 52.077 ms, min = -0.053 s, total = 518.599 ms
	NodeManagerService.grpc_client.ReportWorkerBacklog - 720 total (0 active), Execution time: mean = 695.749 us, total = 500.939 ms, Queueing time: mean = 0.000 s, max = -0.000 s, min = 9223372036.855 s, total = 0.000 s
	NodeManagerService.grpc_client.ReportWorkerBacklog.OnReplyReceived - 720 total (0 active), Execution time: mean = 18.731 us, total = 13.487 ms, Queueing time: mean = 35.954 us, max = 231.738 us, min = 1.847 us, total = 25.887 ms
	CoreWorker.RecordMetrics - 144 total (1 active), Execution time: mean = 18.665 us, total = 2.688 ms, Queueing time: mean = 48.658 us, max = 27.788 ms, min = -0.023 s, total = 7.007 ms
	CoreWorker.GCStreamingGeneratorMetadata - 72 total (1 active), Execution time: mean = 4.691 us, total = 337.769 us, Queueing time: mean = 107.544 us, max = 25.147 ms, min = -0.023 s, total = 7.743 ms
	CoreWorker.PrintEventStats - 12 total (1 active, 1 running), Execution time: mean = 220.408 us, total = 2.645 ms, Queueing time: mean = 819.364 us, max = 15.852 ms, min = -0.020 s, total = 9.832 ms
	PeriodicalRunner.RunFnPeriodically - 7 total (0 active), Execution time: mean = 101.351 us, total = 709.460 us, Queueing time: mean = 294.711 us, max = 669.983 us, min = 8.046 us, total = 2.063 ms
	Publisher.CheckDeadSubscribers - 3 total (1 active), Execution time: mean = 4.152 us, total = 12.457 us, Queueing time: mean = 4.187 ms, max = 7.487 ms, min = 5.075 ms, total = 12.562 ms
	ray::rpc::InternalPubSubGcsService.grpc_client.GcsSubscriberPoll - 2 total (1 active), Execution time: mean = 299.405 s, total = 598.810 s, Queueing time: mean = 0.000 s, max = -0.000 s, min = 9223372036.855 s, total = 0.000 s
	ray::rpc::InternalPubSubGcsService.grpc_client.GcsSubscriberCommandBatch - 1 total (0 active), Execution time: mean = 659.331 us, total = 659.331 us, Queueing time: mean = 0.000 s, max = -0.000 s, min = 9223372036.855 s, total = 0.000 s
	ray::rpc::NodeInfoGcsService.grpc_client.GetAllNodeInfo - 1 total (0 active), Execution time: mean = 709.953 us, total = 709.953 us, Queueing time: mean = 0.000 s, max = -0.000 s, min = 9223372036.855 s, total = 0.000 s
	ray::rpc::InternalPubSubGcsService.grpc_client.GcsSubscriberCommandBatch.OnReplyReceived - 1 total (0 active), Execution time: mean = 216.771 us, total = 216.771 us, Queueing time: mean = 13.901 us, max = 13.901 us, min = 13.901 us, total = 13.901 us
	ray::rpc::WorkerInfoGcsService.grpc_client.AddWorkerInfo - 1 total (0 active), Execution time: mean = 543.528 us, total = 543.528 us, Queueing time: mean = 0.000 s, max = -0.000 s, min = 9223372036.855 s, total = 0.000 s
	ray::rpc::InternalPubSubGcsService.grpc_client.GcsSubscriberPoll.OnReplyReceived - 1 total (0 active), Execution time: mean = 124.370 us, total = 124.370 us, Queueing time: mean = 50.688 us, max = 50.688 us, min = 50.688 us, total = 50.688 us
	ray::rpc::WorkerInfoGcsService.grpc_client.AddWorkerInfo.OnReplyReceived - 1 total (0 active), Execution time: mean = 18.203 us, total = 18.203 us, Queueing time: mean = 9.442 us, max = 9.442 us, min = 9.442 us, total = 9.442 us
	ray::rpc::NodeInfoGcsService.grpc_client.GetAllNodeInfo.OnReplyReceived - 1 total (0 active), Execution time: mean = 80.726 us, total = 80.726 us, Queueing time: mean = 179.849 us, max = 179.849 us, min = 179.849 us, total = 179.849 us

-----------------
Task Event stats:

IO Service Stats:

Global stats: 2158 total (1 active)
Queueing time: mean = 465.122 us, max = 53.049 ms, min = -0.015 s, total = 1.004 s
Execution time:  mean = 325.339 us, total = 702.081 ms
Event stats:
	ray::rpc::TaskInfoGcsService.grpc_client.AddTaskEventData - 719 total (0 active), Execution time: mean = 789.222 us, total = 567.451 ms, Queueing time: mean = 0.000 s, max = -0.000 s, min = 9223372036.855 s, total = 0.000 s
	CoreWorker.deadline_timer.flush_task_events - 719 total (1 active), Execution time: mean = 161.362 us, total = 116.019 ms, Queueing time: mean = 1.362 ms, max = 53.049 ms, min = -0.015 s, total = 979.582 ms
	ray::rpc::TaskInfoGcsService.grpc_client.AddTaskEventData.OnReplyReceived - 719 total (0 active), Execution time: mean = 25.752 us, total = 18.516 ms, Queueing time: mean = 33.555 us, max = 198.370 us, min = 7.259 us, total = 24.126 ms
	PeriodicalRunner.RunFnPeriodically - 1 total (0 active), Execution time: mean = 95.270 us, total = 95.270 us, Queueing time: mean = 24.812 us, max = 24.812 us, min = 24.812 us, total = 24.812 us
Other Stats:
	grpc_in_progress:0
	current number of task status events in buffer: 0
	current number of profile events in buffer: 0
	current number of dropped task attempts tracked: 0
	total task events sent: 0 MiB
	total number of task attempts sent: 0
	total number of task attempts dropped reported: 0
	total number of sent failure: 0
	num status task events dropped: 0
	num profile task events dropped: 0


[2025-02-16 16:31:37,637 I 584 1170] core_worker.cc:642: Event stats:


Global stats: 11171 total (8 active)
Queueing time: mean = 252.541 us, max = 52.077 ms, min = -0.053 s, total = 2.821 s
Execution time:  mean = 53.669 ms, total = 599.541 s
Event stats:
	CoreWorker.RecoverObjects - 7785 total (1 active), Execution time: mean = 6.746 us, total = 52.515 ms, Queueing time: mean = 199.410 us, max = 7.604 ms, min = -0.033 s, total = 1.552 s
	CoreWorker.InternalHeartbeat - 780 total (1 active), Execution time: mean = 145.570 us, total = 113.545 ms, Queueing time: mean = 721.034 us, max = 52.040 ms, min = -0.053 s, total = 562.406 ms
	CoreWorker.ExitIfParentRayletDies - 780 total (1 active), Execution time: mean = 9.197 us, total = 7.174 ms, Queueing time: mean = 864.689 us, max = 52.077 ms, min = -0.053 s, total = 674.457 ms
	NodeManagerService.grpc_client.ReportWorkerBacklog - 780 total (0 active), Execution time: mean = 683.377 us, total = 533.034 ms, Queueing time: mean = 0.000 s, max = -0.000 s, min = 9223372036.855 s, total = 0.000 s
	NodeManagerService.grpc_client.ReportWorkerBacklog.OnReplyReceived - 780 total (0 active), Execution time: mean = 18.664 us, total = 14.558 ms, Queueing time: mean = 36.240 us, max = 263.369 us, min = 1.847 us, total = 28.267 ms
	CoreWorker.RecordMetrics - 156 total (1 active), Execution time: mean = 18.843 us, total = 2.940 ms, Queueing time: mean = 48.862 us, max = 33.547 ms, min = -0.028 s, total = 7.623 ms
	CoreWorker.GCStreamingGeneratorMetadata - 78 total (1 active), Execution time: mean = 4.616 us, total = 360.016 us, Queueing time: mean = 102.971 us, max = 30.573 ms, min = -0.028 s, total = 8.032 ms
	CoreWorker.PrintEventStats - 13 total (1 active, 1 running), Execution time: mean = 220.641 us, total = 2.868 ms, Queueing time: mean = -0.002 s, max = 15.852 ms, min = -0.037 s, total = -0.027 s
	PeriodicalRunner.RunFnPeriodically - 7 total (0 active), Execution time: mean = 101.351 us, total = 709.460 us, Queueing time: mean = 294.711 us, max = 669.983 us, min = 8.046 us, total = 2.063 ms
	Publisher.CheckDeadSubscribers - 3 total (1 active), Execution time: mean = 4.152 us, total = 12.457 us, Queueing time: mean = 4.187 ms, max = 7.487 ms, min = 5.075 ms, total = 12.562 ms
	ray::rpc::InternalPubSubGcsService.grpc_client.GcsSubscriberPoll - 2 total (1 active), Execution time: mean = 299.405 s, total = 598.810 s, Queueing time: mean = 0.000 s, max = -0.000 s, min = 9223372036.855 s, total = 0.000 s
	ray::rpc::InternalPubSubGcsService.grpc_client.GcsSubscriberCommandBatch - 1 total (0 active), Execution time: mean = 659.331 us, total = 659.331 us, Queueing time: mean = 0.000 s, max = -0.000 s, min = 9223372036.855 s, total = 0.000 s
	ray::rpc::NodeInfoGcsService.grpc_client.GetAllNodeInfo - 1 total (0 active), Execution time: mean = 709.953 us, total = 709.953 us, Queueing time: mean = 0.000 s, max = -0.000 s, min = 9223372036.855 s, total = 0.000 s
	ray::rpc::InternalPubSubGcsService.grpc_client.GcsSubscriberCommandBatch.OnReplyReceived - 1 total (0 active), Execution time: mean = 216.771 us, total = 216.771 us, Queueing time: mean = 13.901 us, max = 13.901 us, min = 13.901 us, total = 13.901 us
	ray::rpc::WorkerInfoGcsService.grpc_client.AddWorkerInfo - 1 total (0 active), Execution time: mean = 543.528 us, total = 543.528 us, Queueing time: mean = 0.000 s, max = -0.000 s, min = 9223372036.855 s, total = 0.000 s
	ray::rpc::InternalPubSubGcsService.grpc_client.GcsSubscriberPoll.OnReplyReceived - 1 total (0 active), Execution time: mean = 124.370 us, total = 124.370 us, Queueing time: mean = 50.688 us, max = 50.688 us, min = 50.688 us, total = 50.688 us
	ray::rpc::WorkerInfoGcsService.grpc_client.AddWorkerInfo.OnReplyReceived - 1 total (0 active), Execution time: mean = 18.203 us, total = 18.203 us, Queueing time: mean = 9.442 us, max = 9.442 us, min = 9.442 us, total = 9.442 us
	ray::rpc::NodeInfoGcsService.grpc_client.GetAllNodeInfo.OnReplyReceived - 1 total (0 active), Execution time: mean = 80.726 us, total = 80.726 us, Queueing time: mean = 179.849 us, max = 179.849 us, min = 179.849 us, total = 179.849 us

-----------------
Task Event stats:

IO Service Stats:

Global stats: 2338 total (1 active)
Queueing time: mean = 491.347 us, max = 53.049 ms, min = -0.015 s, total = 1.149 s
Execution time:  mean = 328.545 us, total = 768.138 ms
Event stats:
	ray::rpc::TaskInfoGcsService.grpc_client.AddTaskEventData - 779 total (0 active), Execution time: mean = 796.522 us, total = 620.491 ms, Queueing time: mean = 0.000 s, max = -0.000 s, min = 9223372036.855 s, total = 0.000 s
	CoreWorker.deadline_timer.flush_task_events - 779 total (1 active), Execution time: mean = 163.596 us, total = 127.442 ms, Queueing time: mean = 1.441 ms, max = 53.049 ms, min = -0.015 s, total = 1.122 s
	ray::rpc::TaskInfoGcsService.grpc_client.AddTaskEventData.OnReplyReceived - 779 total (0 active), Execution time: mean = 25.816 us, total = 20.111 ms, Queueing time: mean = 33.707 us, max = 198.370 us, min = 7.259 us, total = 26.257 ms
	PeriodicalRunner.RunFnPeriodically - 1 total (0 active), Execution time: mean = 95.270 us, total = 95.270 us, Queueing time: mean = 24.812 us, max = 24.812 us, min = 24.812 us, total = 24.812 us
Other Stats:
	grpc_in_progress:0
	current number of task status events in buffer: 0
	current number of profile events in buffer: 0
	current number of dropped task attempts tracked: 0
	total task events sent: 0 MiB
	total number of task attempts sent: 0
	total number of task attempts dropped reported: 0
	total number of sent failure: 0
	num status task events dropped: 0
	num profile task events dropped: 0


[2025-02-16 16:32:37,637 I 584 1170] core_worker.cc:642: Event stats:


Global stats: 12028 total (8 active)
Queueing time: mean = 253.887 us, max = 63.873 ms, min = -0.058 s, total = 3.054 s
Execution time:  mean = 49.850 ms, total = 599.601 s
Event stats:
	CoreWorker.RecoverObjects - 8383 total (1 active), Execution time: mean = 6.839 us, total = 57.335 ms, Queueing time: mean = 199.743 us, max = 9.370 ms, min = -0.033 s, total = 1.674 s
	CoreWorker.InternalHeartbeat - 840 total (1 active), Execution time: mean = 146.750 us, total = 123.270 ms, Queueing time: mean = 704.900 us, max = 62.585 ms, min = -0.053 s, total = 592.116 ms
	CoreWorker.ExitIfParentRayletDies - 840 total (1 active), Execution time: mean = 9.263 us, total = 7.781 ms, Queueing time: mean = 843.422 us, max = 62.594 ms, min = -0.053 s, total = 708.474 ms
	NodeManagerService.grpc_client.ReportWorkerBacklog - 840 total (0 active), Execution time: mean = 685.359 us, total = 575.702 ms, Queueing time: mean = 0.000 s, max = -0.000 s, min = 9223372036.855 s, total = 0.000 s
	NodeManagerService.grpc_client.ReportWorkerBacklog.OnReplyReceived - 840 total (0 active), Execution time: mean = 19.881 us, total = 16.700 ms, Queueing time: mean = 36.865 us, max = 263.369 us, min = 1.847 us, total = 30.967 ms
	CoreWorker.RecordMetrics - 168 total (1 active), Execution time: mean = 19.263 us, total = 3.236 ms, Queueing time: mean = 49.885 us, max = 63.873 ms, min = -0.057 s, total = 8.381 ms
	CoreWorker.GCStreamingGeneratorMetadata - 84 total (1 active), Execution time: mean = 4.642 us, total = 389.908 us, Queueing time: mean = 99.993 us, max = 61.043 ms, min = -0.058 s, total = 8.399 ms
	CoreWorker.PrintEventStats - 14 total (1 active, 1 running), Execution time: mean = 222.964 us, total = 3.121 ms, Queueing time: mean = 1.149 ms, max = 43.017 ms, min = -0.037 s, total = 16.085 ms
	PeriodicalRunner.RunFnPeriodically - 7 total (0 active), Execution time: mean = 101.351 us, total = 709.460 us, Queueing time: mean = 294.711 us, max = 669.983 us, min = 8.046 us, total = 2.063 ms
	Publisher.CheckDeadSubscribers - 3 total (1 active), Execution time: mean = 4.152 us, total = 12.457 us, Queueing time: mean = 4.187 ms, max = 7.487 ms, min = 5.075 ms, total = 12.562 ms
	ray::rpc::InternalPubSubGcsService.grpc_client.GcsSubscriberPoll - 2 total (1 active), Execution time: mean = 299.405 s, total = 598.810 s, Queueing time: mean = 0.000 s, max = -0.000 s, min = 9223372036.855 s, total = 0.000 s
	ray::rpc::InternalPubSubGcsService.grpc_client.GcsSubscriberCommandBatch - 1 total (0 active), Execution time: mean = 659.331 us, total = 659.331 us, Queueing time: mean = 0.000 s, max = -0.000 s, min = 9223372036.855 s, total = 0.000 s
	ray::rpc::NodeInfoGcsService.grpc_client.GetAllNodeInfo - 1 total (0 active), Execution time: mean = 709.953 us, total = 709.953 us, Queueing time: mean = 0.000 s, max = -0.000 s, min = 9223372036.855 s, total = 0.000 s
	ray::rpc::InternalPubSubGcsService.grpc_client.GcsSubscriberCommandBatch.OnReplyReceived - 1 total (0 active), Execution time: mean = 216.771 us, total = 216.771 us, Queueing time: mean = 13.901 us, max = 13.901 us, min = 13.901 us, total = 13.901 us
	ray::rpc::WorkerInfoGcsService.grpc_client.AddWorkerInfo - 1 total (0 active), Execution time: mean = 543.528 us, total = 543.528 us, Queueing time: mean = 0.000 s, max = -0.000 s, min = 9223372036.855 s, total = 0.000 s
	ray::rpc::InternalPubSubGcsService.grpc_client.GcsSubscriberPoll.OnReplyReceived - 1 total (0 active), Execution time: mean = 124.370 us, total = 124.370 us, Queueing time: mean = 50.688 us, max = 50.688 us, min = 50.688 us, total = 50.688 us
	ray::rpc::WorkerInfoGcsService.grpc_client.AddWorkerInfo.OnReplyReceived - 1 total (0 active), Execution time: mean = 18.203 us, total = 18.203 us, Queueing time: mean = 9.442 us, max = 9.442 us, min = 9.442 us, total = 9.442 us
	ray::rpc::NodeInfoGcsService.grpc_client.GetAllNodeInfo.OnReplyReceived - 1 total (0 active), Execution time: mean = 80.726 us, total = 80.726 us, Queueing time: mean = 179.849 us, max = 179.849 us, min = 179.849 us, total = 179.849 us

-----------------
Task Event stats:

IO Service Stats:

Global stats: 2518 total (1 active)
Queueing time: mean = 485.886 us, max = 63.678 ms, min = -0.016 s, total = 1.223 s
Execution time:  mean = 328.742 us, total = 827.773 ms
Event stats:
	ray::rpc::TaskInfoGcsService.grpc_client.AddTaskEventData - 839 total (0 active), Execution time: mean = 796.878 us, total = 668.581 ms, Queueing time: mean = 0.000 s, max = -0.000 s, min = 9223372036.855 s, total = 0.000 s
	CoreWorker.deadline_timer.flush_task_events - 839 total (1 active), Execution time: mean = 163.795 us, total = 137.424 ms, Queueing time: mean = 1.424 ms, max = 63.678 ms, min = -0.016 s, total = 1.195 s
	ray::rpc::TaskInfoGcsService.grpc_client.AddTaskEventData.OnReplyReceived - 839 total (0 active), Execution time: mean = 25.831 us, total = 21.672 ms, Queueing time: mean = 34.395 us, max = 234.769 us, min = 7.259 us, total = 28.857 ms
	PeriodicalRunner.RunFnPeriodically - 1 total (0 active), Execution time: mean = 95.270 us, total = 95.270 us, Queueing time: mean = 24.812 us, max = 24.812 us, min = 24.812 us, total = 24.812 us
Other Stats:
	grpc_in_progress:0
	current number of task status events in buffer: 0
	current number of profile events in buffer: 0
	current number of dropped task attempts tracked: 0
	total task events sent: 0 MiB
	total number of task attempts sent: 0
	total number of task attempts dropped reported: 0
	total number of sent failure: 0
	num status task events dropped: 0
	num profile task events dropped: 0


[2025-02-16 16:33:37,638 I 584 1170] core_worker.cc:642: Event stats:


Global stats: 12889 total (8 active)
Queueing time: mean = 271.243 us, max = 63.873 ms, min = -0.058 s, total = 3.496 s
Execution time:  mean = 69.840 ms, total = 900.169 s
Event stats:
	CoreWorker.RecoverObjects - 8982 total (1 active), Execution time: mean = 6.877 us, total = 61.766 ms, Queueing time: mean = 203.900 us, max = 9.370 ms, min = -0.035 s, total = 1.831 s
	CoreWorker.InternalHeartbeat - 900 total (1 active), Execution time: mean = 147.835 us, total = 133.052 ms, Queueing time: mean = 819.534 us, max = 62.585 ms, min = -0.053 s, total = 737.581 ms
	CoreWorker.ExitIfParentRayletDies - 900 total (1 active), Execution time: mean = 9.423 us, total = 8.480 ms, Queueing time: mean = 964.371 us, max = 62.594 ms, min = -0.053 s, total = 867.934 ms
	NodeManagerService.grpc_client.ReportWorkerBacklog - 900 total (0 active), Execution time: mean = 690.698 us, total = 621.628 ms, Queueing time: mean = 0.000 s, max = -0.000 s, min = 9223372036.855 s, total = 0.000 s
	NodeManagerService.grpc_client.ReportWorkerBacklog.OnReplyReceived - 900 total (0 active), Execution time: mean = 19.871 us, total = 17.884 ms, Queueing time: mean = 37.103 us, max = 263.369 us, min = 1.847 us, total = 33.393 ms
	CoreWorker.RecordMetrics - 180 total (1 active), Execution time: mean = 19.218 us, total = 3.459 ms, Queueing time: mean = 59.753 us, max = 63.873 ms, min = -0.057 s, total = 10.756 ms
	CoreWorker.GCStreamingGeneratorMetadata - 90 total (1 active), Execution time: mean = 5.201 us, total = 468.077 us, Queueing time: mean = 100.896 us, max = 61.043 ms, min = -0.058 s, total = 9.081 ms
	CoreWorker.PrintEventStats - 15 total (1 active, 1 running), Execution time: mean = 247.755 us, total = 3.716 ms, Queueing time: mean = -0.001 s, max = 43.017 ms, min = -0.037 s, total = -0.019 s
	PeriodicalRunner.RunFnPeriodically - 7 total (0 active), Execution time: mean = 101.351 us, total = 709.460 us, Queueing time: mean = 294.711 us, max = 669.983 us, min = 8.046 us, total = 2.063 ms
	Publisher.CheckDeadSubscribers - 4 total (1 active), Execution time: mean = 4.614 us, total = 18.456 us, Queueing time: mean = 5.602 ms, max = 9.845 ms, min = 5.075 ms, total = 22.406 ms
	ray::rpc::InternalPubSubGcsService.grpc_client.GcsSubscriberPoll - 3 total (1 active), Execution time: mean = 299.772 s, total = 899.316 s, Queueing time: mean = 0.000 s, max = -0.000 s, min = 9223372036.855 s, total = 0.000 s
	ray::rpc::InternalPubSubGcsService.grpc_client.GcsSubscriberPoll.OnReplyReceived - 2 total (0 active), Execution time: mean = 117.044 us, total = 234.089 us, Queueing time: mean = 34.314 us, max = 50.688 us, min = 17.940 us, total = 68.628 us
	ray::rpc::InternalPubSubGcsService.grpc_client.GcsSubscriberCommandBatch - 1 total (0 active), Execution time: mean = 659.331 us, total = 659.331 us, Queueing time: mean = 0.000 s, max = -0.000 s, min = 9223372036.855 s, total = 0.000 s
	ray::rpc::NodeInfoGcsService.grpc_client.GetAllNodeInfo - 1 total (0 active), Execution time: mean = 709.953 us, total = 709.953 us, Queueing time: mean = 0.000 s, max = -0.000 s, min = 9223372036.855 s, total = 0.000 s
	ray::rpc::InternalPubSubGcsService.grpc_client.GcsSubscriberCommandBatch.OnReplyReceived - 1 total (0 active), Execution time: mean = 216.771 us, total = 216.771 us, Queueing time: mean = 13.901 us, max = 13.901 us, min = 13.901 us, total = 13.901 us
	ray::rpc::WorkerInfoGcsService.grpc_client.AddWorkerInfo - 1 total (0 active), Execution time: mean = 543.528 us, total = 543.528 us, Queueing time: mean = 0.000 s, max = -0.000 s, min = 9223372036.855 s, total = 0.000 s
	ray::rpc::WorkerInfoGcsService.grpc_client.AddWorkerInfo.OnReplyReceived - 1 total (0 active), Execution time: mean = 18.203 us, total = 18.203 us, Queueing time: mean = 9.442 us, max = 9.442 us, min = 9.442 us, total = 9.442 us
	ray::rpc::NodeInfoGcsService.grpc_client.GetAllNodeInfo.OnReplyReceived - 1 total (0 active), Execution time: mean = 80.726 us, total = 80.726 us, Queueing time: mean = 179.849 us, max = 179.849 us, min = 179.849 us, total = 179.849 us

-----------------
Task Event stats:

IO Service Stats:

Global stats: 2698 total (1 active)
Queueing time: mean = 508.402 us, max = 63.678 ms, min = -0.016 s, total = 1.372 s
Execution time:  mean = 326.472 us, total = 880.821 ms
Event stats:
	ray::rpc::TaskInfoGcsService.grpc_client.AddTaskEventData - 899 total (0 active), Execution time: mean = 789.822 us, total = 710.050 ms, Queueing time: mean = 0.000 s, max = -0.000 s, min = 9223372036.855 s, total = 0.000 s
	CoreWorker.deadline_timer.flush_task_events - 899 total (1 active), Execution time: mean = 163.959 us, total = 147.399 ms, Queueing time: mean = 1.491 ms, max = 63.678 ms, min = -0.016 s, total = 1.341 s
	ray::rpc::TaskInfoGcsService.grpc_client.AddTaskEventData.OnReplyReceived - 899 total (0 active), Execution time: mean = 25.891 us, total = 23.276 ms, Queueing time: mean = 34.397 us, max = 234.769 us, min = 7.259 us, total = 30.923 ms
	PeriodicalRunner.RunFnPeriodically - 1 total (0 active), Execution time: mean = 95.270 us, total = 95.270 us, Queueing time: mean = 24.812 us, max = 24.812 us, min = 24.812 us, total = 24.812 us
Other Stats:
	grpc_in_progress:0
	current number of task status events in buffer: 0
	current number of profile events in buffer: 0
	current number of dropped task attempts tracked: 0
	total task events sent: 0 MiB
	total number of task attempts sent: 0
	total number of task attempts dropped reported: 0
	total number of sent failure: 0
	num status task events dropped: 0
	num profile task events dropped: 0


[2025-02-16 16:34:37,638 I 584 1170] core_worker.cc:642: Event stats:


Global stats: 13747 total (8 active)
Queueing time: mean = 270.900 us, max = 63.873 ms, min = -0.058 s, total = 3.724 s
Execution time:  mean = 65.484 ms, total = 900.213 s
Event stats:
	CoreWorker.RecoverObjects - 9581 total (1 active), Execution time: mean = 6.859 us, total = 65.718 ms, Queueing time: mean = 197.593 us, max = 9.370 ms, min = -0.035 s, total = 1.893 s
	CoreWorker.InternalHeartbeat - 960 total (1 active), Execution time: mean = 145.514 us, total = 139.694 ms, Queueing time: mean = 828.303 us, max = 62.585 ms, min = -0.053 s, total = 795.171 ms
	CoreWorker.ExitIfParentRayletDies - 960 total (1 active), Execution time: mean = 9.308 us, total = 8.935 ms, Queueing time: mean = 970.571 us, max = 62.594 ms, min = -0.053 s, total = 931.748 ms
	NodeManagerService.grpc_client.ReportWorkerBacklog - 960 total (0 active), Execution time: mean = 679.543 us, total = 652.361 ms, Queueing time: mean = 0.000 s, max = -0.000 s, min = 9223372036.855 s, total = 0.000 s
	NodeManagerService.grpc_client.ReportWorkerBacklog.OnReplyReceived - 960 total (0 active), Execution time: mean = 19.554 us, total = 18.772 ms, Queueing time: mean = 36.613 us, max = 263.369 us, min = 1.847 us, total = 35.149 ms
	CoreWorker.RecordMetrics - 192 total (1 active), Execution time: mean = 19.308 us, total = 3.707 ms, Queueing time: mean = 59.708 us, max = 63.873 ms, min = -0.057 s, total = 11.464 ms
	CoreWorker.GCStreamingGeneratorMetadata - 96 total (1 active), Execution time: mean = 5.195 us, total = 498.741 us, Queueing time: mean = 99.045 us, max = 61.043 ms, min = -0.058 s, total = 9.508 ms
	CoreWorker.PrintEventStats - 16 total (1 active, 1 running), Execution time: mean = 247.502 us, total = 3.960 ms, Queueing time: mean = 1.446 ms, max = 43.017 ms, min = -0.037 s, total = 23.142 ms
	PeriodicalRunner.RunFnPeriodically - 7 total (0 active), Execution time: mean = 101.351 us, total = 709.460 us, Queueing time: mean = 294.711 us, max = 669.983 us, min = 8.046 us, total = 2.063 ms
	Publisher.CheckDeadSubscribers - 4 total (1 active), Execution time: mean = 4.614 us, total = 18.456 us, Queueing time: mean = 5.602 ms, max = 9.845 ms, min = 5.075 ms, total = 22.406 ms
	ray::rpc::InternalPubSubGcsService.grpc_client.GcsSubscriberPoll - 3 total (1 active), Execution time: mean = 299.772 s, total = 899.316 s, Queueing time: mean = 0.000 s, max = -0.000 s, min = 9223372036.855 s, total = 0.000 s
	ray::rpc::InternalPubSubGcsService.grpc_client.GcsSubscriberPoll.OnReplyReceived - 2 total (0 active), Execution time: mean = 117.044 us, total = 234.089 us, Queueing time: mean = 34.314 us, max = 50.688 us, min = 17.940 us, total = 68.628 us
	ray::rpc::InternalPubSubGcsService.grpc_client.GcsSubscriberCommandBatch - 1 total (0 active), Execution time: mean = 659.331 us, total = 659.331 us, Queueing time: mean = 0.000 s, max = -0.000 s, min = 9223372036.855 s, total = 0.000 s
	ray::rpc::NodeInfoGcsService.grpc_client.GetAllNodeInfo - 1 total (0 active), Execution time: mean = 709.953 us, total = 709.953 us, Queueing time: mean = 0.000 s, max = -0.000 s, min = 9223372036.855 s, total = 0.000 s
	ray::rpc::InternalPubSubGcsService.grpc_client.GcsSubscriberCommandBatch.OnReplyReceived - 1 total (0 active), Execution time: mean = 216.771 us, total = 216.771 us, Queueing time: mean = 13.901 us, max = 13.901 us, min = 13.901 us, total = 13.901 us
	ray::rpc::WorkerInfoGcsService.grpc_client.AddWorkerInfo - 1 total (0 active), Execution time: mean = 543.528 us, total = 543.528 us, Queueing time: mean = 0.000 s, max = -0.000 s, min = 9223372036.855 s, total = 0.000 s
	ray::rpc::WorkerInfoGcsService.grpc_client.AddWorkerInfo.OnReplyReceived - 1 total (0 active), Execution time: mean = 18.203 us, total = 18.203 us, Queueing time: mean = 9.442 us, max = 9.442 us, min = 9.442 us, total = 9.442 us
	ray::rpc::NodeInfoGcsService.grpc_client.GetAllNodeInfo.OnReplyReceived - 1 total (0 active), Execution time: mean = 80.726 us, total = 80.726 us, Queueing time: mean = 179.849 us, max = 179.849 us, min = 179.849 us, total = 179.849 us

-----------------
Task Event stats:

IO Service Stats:

Global stats: 2878 total (1 active)
Queueing time: mean = 497.379 us, max = 63.678 ms, min = -0.016 s, total = 1.431 s
Execution time:  mean = 321.448 us, total = 925.126 ms
Event stats:
	ray::rpc::TaskInfoGcsService.grpc_client.AddTaskEventData - 959 total (0 active), Execution time: mean = 775.682 us, total = 743.879 ms, Queueing time: mean = 0.000 s, max = -0.000 s, min = 9223372036.855 s, total = 0.000 s
	CoreWorker.deadline_timer.flush_task_events - 959 total (1 active), Execution time: mean = 163.126 us, total = 156.438 ms, Queueing time: mean = 1.459 ms, max = 63.678 ms, min = -0.016 s, total = 1.399 s
	ray::rpc::TaskInfoGcsService.grpc_client.AddTaskEventData.OnReplyReceived - 959 total (0 active), Execution time: mean = 25.771 us, total = 24.714 ms, Queueing time: mean = 34.093 us, max = 234.769 us, min = 7.259 us, total = 32.695 ms
	PeriodicalRunner.RunFnPeriodically - 1 total (0 active), Execution time: mean = 95.270 us, total = 95.270 us, Queueing time: mean = 24.812 us, max = 24.812 us, min = 24.812 us, total = 24.812 us
Other Stats:
	grpc_in_progress:0
	current number of task status events in buffer: 0
	current number of profile events in buffer: 0
	current number of dropped task attempts tracked: 0
	total task events sent: 0 MiB
	total number of task attempts sent: 0
	total number of task attempts dropped reported: 0
	total number of sent failure: 0
	num status task events dropped: 0
	num profile task events dropped: 0


[2025-02-16 16:35:37,638 I 584 1170] core_worker.cc:642: Event stats:


Global stats: 14601 total (8 active)
Queueing time: mean = 262.537 us, max = 63.873 ms, min = -0.058 s, total = 3.833 s
Execution time:  mean = 61.657 ms, total = 900.248 s
Event stats:
	CoreWorker.RecoverObjects - 10180 total (1 active), Execution time: mean = 6.792 us, total = 69.142 ms, Queueing time: mean = 190.621 us, max = 9.370 ms, min = -0.035 s, total = 1.941 s
	CoreWorker.InternalHeartbeat - 1019 total (1 active), Execution time: mean = 142.716 us, total = 145.428 ms, Queueing time: mean = 823.880 us, max = 62.585 ms, min = -0.053 s, total = 839.534 ms
	CoreWorker.ExitIfParentRayletDies - 1019 total (1 active), Execution time: mean = 9.168 us, total = 9.343 ms, Queueing time: mean = 963.351 us, max = 62.594 ms, min = -0.053 s, total = 981.654 ms
	NodeManagerService.grpc_client.ReportWorkerBacklog - 1019 total (0 active), Execution time: mean = 664.066 us, total = 676.683 ms, Queueing time: mean = 0.000 s, max = -0.000 s, min = 9223372036.855 s, total = 0.000 s
	NodeManagerService.grpc_client.ReportWorkerBacklog.OnReplyReceived - 1019 total (0 active), Execution time: mean = 19.199 us, total = 19.564 ms, Queueing time: mean = 35.836 us, max = 263.369 us, min = 1.847 us, total = 36.517 ms
	CoreWorker.RecordMetrics - 204 total (1 active), Execution time: mean = 19.258 us, total = 3.929 ms, Queueing time: mean = 62.763 us, max = 63.873 ms, min = -0.057 s, total = 12.804 ms
	CoreWorker.GCStreamingGeneratorMetadata - 102 total (1 active), Execution time: mean = 5.067 us, total = 516.792 us, Queueing time: mean = 94.442 us, max = 61.043 ms, min = -0.058 s, total = 9.633 ms
	CoreWorker.PrintEventStats - 17 total (1 active, 1 running), Execution time: mean = 245.779 us, total = 4.178 ms, Queueing time: mean = -0.001 s, max = 43.017 ms, min = -0.037 s, total = -0.012 s
	PeriodicalRunner.RunFnPeriodically - 7 total (0 active), Execution time: mean = 101.351 us, total = 709.460 us, Queueing time: mean = 294.711 us, max = 669.983 us, min = 8.046 us, total = 2.063 ms
	Publisher.CheckDeadSubscribers - 4 total (1 active), Execution time: mean = 4.614 us, total = 18.456 us, Queueing time: mean = 5.602 ms, max = 9.845 ms, min = 5.075 ms, total = 22.406 ms
	ray::rpc::InternalPubSubGcsService.grpc_client.GcsSubscriberPoll - 3 total (1 active), Execution time: mean = 299.772 s, total = 899.316 s, Queueing time: mean = 0.000 s, max = -0.000 s, min = 9223372036.855 s, total = 0.000 s
	ray::rpc::InternalPubSubGcsService.grpc_client.GcsSubscriberPoll.OnReplyReceived - 2 total (0 active), Execution time: mean = 117.044 us, total = 234.089 us, Queueing time: mean = 34.314 us, max = 50.688 us, min = 17.940 us, total = 68.628 us
	ray::rpc::InternalPubSubGcsService.grpc_client.GcsSubscriberCommandBatch - 1 total (0 active), Execution time: mean = 659.331 us, total = 659.331 us, Queueing time: mean = 0.000 s, max = -0.000 s, min = 9223372036.855 s, total = 0.000 s
	ray::rpc::NodeInfoGcsService.grpc_client.GetAllNodeInfo - 1 total (0 active), Execution time: mean = 709.953 us, total = 709.953 us, Queueing time: mean = 0.000 s, max = -0.000 s, min = 9223372036.855 s, total = 0.000 s
	ray::rpc::InternalPubSubGcsService.grpc_client.GcsSubscriberCommandBatch.OnReplyReceived - 1 total (0 active), Execution time: mean = 216.771 us, total = 216.771 us, Queueing time: mean = 13.901 us, max = 13.901 us, min = 13.901 us, total = 13.901 us
	ray::rpc::WorkerInfoGcsService.grpc_client.AddWorkerInfo - 1 total (0 active), Execution time: mean = 543.528 us, total = 543.528 us, Queueing time: mean = 0.000 s, max = -0.000 s, min = 9223372036.855 s, total = 0.000 s
	ray::rpc::WorkerInfoGcsService.grpc_client.AddWorkerInfo.OnReplyReceived - 1 total (0 active), Execution time: mean = 18.203 us, total = 18.203 us, Queueing time: mean = 9.442 us, max = 9.442 us, min = 9.442 us, total = 9.442 us
	ray::rpc::NodeInfoGcsService.grpc_client.GetAllNodeInfo.OnReplyReceived - 1 total (0 active), Execution time: mean = 80.726 us, total = 80.726 us, Queueing time: mean = 179.849 us, max = 179.849 us, min = 179.849 us, total = 179.849 us

-----------------
Task Event stats:

IO Service Stats:

Global stats: 3058 total (1 active)
Queueing time: mean = 482.213 us, max = 63.678 ms, min = -0.017 s, total = 1.475 s
Execution time:  mean = 315.702 us, total = 965.417 ms
Event stats:
	ray::rpc::TaskInfoGcsService.grpc_client.AddTaskEventData - 1019 total (0 active), Execution time: mean = 760.078 us, total = 774.520 ms, Queueing time: mean = 0.000 s, max = -0.000 s, min = 9223372036.855 s, total = 0.000 s
	CoreWorker.deadline_timer.flush_task_events - 1019 total (1 active), Execution time: mean = 161.873 us, total = 164.948 ms, Queueing time: mean = 1.413 ms, max = 63.678 ms, min = -0.017 s, total = 1.440 s
	ray::rpc::TaskInfoGcsService.grpc_client.AddTaskEventData.OnReplyReceived - 1019 total (0 active), Execution time: mean = 25.371 us, total = 25.853 ms, Queueing time: mean = 33.735 us, max = 256.679 us, min = 7.259 us, total = 34.376 ms
	PeriodicalRunner.RunFnPeriodically - 1 total (0 active), Execution time: mean = 95.270 us, total = 95.270 us, Queueing time: mean = 24.812 us, max = 24.812 us, min = 24.812 us, total = 24.812 us
Other Stats:
	grpc_in_progress:0
	current number of task status events in buffer: 0
	current number of profile events in buffer: 0
	current number of dropped task attempts tracked: 0
	total task events sent: 0 MiB
	total number of task attempts sent: 0
	total number of task attempts dropped reported: 0
	total number of sent failure: 0
	num status task events dropped: 0
	num profile task events dropped: 0


[2025-02-16 16:36:37,638 I 584 1170] core_worker.cc:642: Event stats:


Global stats: 15459 total (8 active)
Queueing time: mean = 272.054 us, max = 63.873 ms, min = -0.058 s, total = 4.206 s
Execution time:  mean = 58.237 ms, total = 900.283 s
Event stats:
	CoreWorker.RecoverObjects - 10779 total (1 active), Execution time: mean = 6.711 us, total = 72.336 ms, Queueing time: mean = 194.320 us, max = 9.370 ms, min = -0.035 s, total = 2.095 s
	CoreWorker.InternalHeartbeat - 1079 total (1 active), Execution time: mean = 139.691 us, total = 150.726 ms, Queueing time: mean = 895.505 us, max = 62.585 ms, min = -0.053 s, total = 966.250 ms
	CoreWorker.ExitIfParentRayletDies - 1079 total (1 active), Execution time: mean = 9.016 us, total = 9.728 ms, Queueing time: mean = 1.032 ms, max = 62.594 ms, min = -0.053 s, total = 1.113 s
	NodeManagerService.grpc_client.ReportWorkerBacklog - 1079 total (0 active), Execution time: mean = 650.604 us, total = 702.002 ms, Queueing time: mean = 0.000 s, max = -0.000 s, min = 9223372036.855 s, total = 0.000 s
	NodeManagerService.grpc_client.ReportWorkerBacklog.OnReplyReceived - 1079 total (0 active), Execution time: mean = 18.807 us, total = 20.293 ms, Queueing time: mean = 35.216 us, max = 263.369 us, min = 1.847 us, total = 37.998 ms
	CoreWorker.RecordMetrics - 216 total (1 active), Execution time: mean = 18.994 us, total = 4.103 ms, Queueing time: mean = 61.261 us, max = 63.873 ms, min = -0.057 s, total = 13.232 ms
	CoreWorker.GCStreamingGeneratorMetadata - 108 total (1 active), Execution time: mean = 4.970 us, total = 536.775 us, Queueing time: mean = 92.181 us, max = 61.043 ms, min = -0.058 s, total = 9.956 ms
	CoreWorker.PrintEventStats - 18 total (1 active, 1 running), Execution time: mean = 242.393 us, total = 4.363 ms, Queueing time: mean = -0.003 s, max = 43.017 ms, min = -0.042 s, total = -0.054 s
	PeriodicalRunner.RunFnPeriodically - 7 total (0 active), Execution time: mean = 101.351 us, total = 709.460 us, Queueing time: mean = 294.711 us, max = 669.983 us, min = 8.046 us, total = 2.063 ms
	Publisher.CheckDeadSubscribers - 4 total (1 active), Execution time: mean = 4.614 us, total = 18.456 us, Queueing time: mean = 5.602 ms, max = 9.845 ms, min = 5.075 ms, total = 22.406 ms
	ray::rpc::InternalPubSubGcsService.grpc_client.GcsSubscriberPoll - 3 total (1 active), Execution time: mean = 299.772 s, total = 899.316 s, Queueing time: mean = 0.000 s, max = -0.000 s, min = 9223372036.855 s, total = 0.000 s
	ray::rpc::InternalPubSubGcsService.grpc_client.GcsSubscriberPoll.OnReplyReceived - 2 total (0 active), Execution time: mean = 117.044 us, total = 234.089 us, Queueing time: mean = 34.314 us, max = 50.688 us, min = 17.940 us, total = 68.628 us
	ray::rpc::InternalPubSubGcsService.grpc_client.GcsSubscriberCommandBatch - 1 total (0 active), Execution time: mean = 659.331 us, total = 659.331 us, Queueing time: mean = 0.000 s, max = -0.000 s, min = 9223372036.855 s, total = 0.000 s
	ray::rpc::NodeInfoGcsService.grpc_client.GetAllNodeInfo - 1 total (0 active), Execution time: mean = 709.953 us, total = 709.953 us, Queueing time: mean = 0.000 s, max = -0.000 s, min = 9223372036.855 s, total = 0.000 s
	ray::rpc::InternalPubSubGcsService.grpc_client.GcsSubscriberCommandBatch.OnReplyReceived - 1 total (0 active), Execution time: mean = 216.771 us, total = 216.771 us, Queueing time: mean = 13.901 us, max = 13.901 us, min = 13.901 us, total = 13.901 us
	ray::rpc::WorkerInfoGcsService.grpc_client.AddWorkerInfo - 1 total (0 active), Execution time: mean = 543.528 us, total = 543.528 us, Queueing time: mean = 0.000 s, max = -0.000 s, min = 9223372036.855 s, total = 0.000 s
	ray::rpc::WorkerInfoGcsService.grpc_client.AddWorkerInfo.OnReplyReceived - 1 total (0 active), Execution time: mean = 18.203 us, total = 18.203 us, Queueing time: mean = 9.442 us, max = 9.442 us, min = 9.442 us, total = 9.442 us
	ray::rpc::NodeInfoGcsService.grpc_client.GetAllNodeInfo.OnReplyReceived - 1 total (0 active), Execution time: mean = 80.726 us, total = 80.726 us, Queueing time: mean = 179.849 us, max = 179.849 us, min = 179.849 us, total = 179.849 us

-----------------
Task Event stats:

IO Service Stats:

Global stats: 3238 total (1 active)
Queueing time: mean = 503.302 us, max = 63.678 ms, min = -0.017 s, total = 1.630 s
Execution time:  mean = 309.940 us, total = 1.004 s
Event stats:
	ray::rpc::TaskInfoGcsService.grpc_client.AddTaskEventData - 1079 total (0 active), Execution time: mean = 744.948 us, total = 803.799 ms, Queueing time: mean = 0.000 s, max = -0.000 s, min = 9223372036.855 s, total = 0.000 s
	CoreWorker.deadline_timer.flush_task_events - 1079 total (1 active), Execution time: mean = 159.994 us, total = 172.633 ms, Queueing time: mean = 1.477 ms, max = 63.678 ms, min = -0.017 s, total = 1.594 s
	ray::rpc::TaskInfoGcsService.grpc_client.AddTaskEventData.OnReplyReceived - 1079 total (0 active), Execution time: mean = 25.076 us, total = 27.057 ms, Queueing time: mean = 33.308 us, max = 256.679 us, min = 7.259 us, total = 35.939 ms
	PeriodicalRunner.RunFnPeriodically - 1 total (0 active), Execution time: mean = 95.270 us, total = 95.270 us, Queueing time: mean = 24.812 us, max = 24.812 us, min = 24.812 us, total = 24.812 us
Other Stats:
	grpc_in_progress:0
	current number of task status events in buffer: 0
	current number of profile events in buffer: 0
	current number of dropped task attempts tracked: 0
	total task events sent: 0 MiB
	total number of task attempts sent: 0
	total number of task attempts dropped reported: 0
	total number of sent failure: 0
	num status task events dropped: 0
	num profile task events dropped: 0


[2025-02-16 16:37:37,639 I 584 1170] core_worker.cc:642: Event stats:


Global stats: 16317 total (8 active)
Queueing time: mean = 274.987 us, max = 63.873 ms, min = -0.058 s, total = 4.487 s
Execution time:  mean = 55.177 ms, total = 900.318 s
Event stats:
	CoreWorker.RecoverObjects - 11378 total (1 active), Execution time: mean = 6.618 us, total = 75.297 ms, Queueing time: mean = 190.340 us, max = 9.370 ms, min = -0.035 s, total = 2.166 s
	CoreWorker.InternalHeartbeat - 1139 total (1 active), Execution time: mean = 137.160 us, total = 156.225 ms, Queueing time: mean = 915.148 us, max = 62.585 ms, min = -0.053 s, total = 1.042 s
	CoreWorker.ExitIfParentRayletDies - 1139 total (1 active), Execution time: mean = 8.906 us, total = 10.144 ms, Queueing time: mean = 1.049 ms, max = 62.594 ms, min = -0.053 s, total = 1.194 s
	NodeManagerService.grpc_client.ReportWorkerBacklog - 1139 total (0 active), Execution time: mean = 638.577 us, total = 727.340 ms, Queueing time: mean = 0.000 s, max = -0.000 s, min = 9223372036.855 s, total = 0.000 s
	NodeManagerService.grpc_client.ReportWorkerBacklog.OnReplyReceived - 1139 total (0 active), Execution time: mean = 18.457 us, total = 21.023 ms, Queueing time: mean = 34.741 us, max = 263.369 us, min = 1.847 us, total = 39.570 ms
	CoreWorker.RecordMetrics - 228 total (1 active), Execution time: mean = 18.824 us, total = 4.292 ms, Queueing time: mean = 61.096 us, max = 63.873 ms, min = -0.057 s, total = 13.930 ms
	CoreWorker.GCStreamingGeneratorMetadata - 114 total (1 active), Execution time: mean = 4.941 us, total = 563.245 us, Queueing time: mean = 93.202 us, max = 61.043 ms, min = -0.058 s, total = 10.625 ms
	CoreWorker.PrintEventStats - 19 total (1 active, 1 running), Execution time: mean = 238.206 us, total = 4.526 ms, Queueing time: mean = -0.000 s, max = 49.975 ms, min = -0.042 s, total = -0.004 s
	PeriodicalRunner.RunFnPeriodically - 7 total (0 active), Execution time: mean = 101.351 us, total = 709.460 us, Queueing time: mean = 294.711 us, max = 669.983 us, min = 8.046 us, total = 2.063 ms
	Publisher.CheckDeadSubscribers - 4 total (1 active), Execution time: mean = 4.614 us, total = 18.456 us, Queueing time: mean = 5.602 ms, max = 9.845 ms, min = 5.075 ms, total = 22.406 ms
	ray::rpc::InternalPubSubGcsService.grpc_client.GcsSubscriberPoll - 3 total (1 active), Execution time: mean = 299.772 s, total = 899.316 s, Queueing time: mean = 0.000 s, max = -0.000 s, min = 9223372036.855 s, total = 0.000 s
	ray::rpc::InternalPubSubGcsService.grpc_client.GcsSubscriberPoll.OnReplyReceived - 2 total (0 active), Execution time: mean = 117.044 us, total = 234.089 us, Queueing time: mean = 34.314 us, max = 50.688 us, min = 17.940 us, total = 68.628 us
	ray::rpc::InternalPubSubGcsService.grpc_client.GcsSubscriberCommandBatch - 1 total (0 active), Execution time: mean = 659.331 us, total = 659.331 us, Queueing time: mean = 0.000 s, max = -0.000 s, min = 9223372036.855 s, total = 0.000 s
	ray::rpc::NodeInfoGcsService.grpc_client.GetAllNodeInfo - 1 total (0 active), Execution time: mean = 709.953 us, total = 709.953 us, Queueing time: mean = 0.000 s, max = -0.000 s, min = 9223372036.855 s, total = 0.000 s
	ray::rpc::InternalPubSubGcsService.grpc_client.GcsSubscriberCommandBatch.OnReplyReceived - 1 total (0 active), Execution time: mean = 216.771 us, total = 216.771 us, Queueing time: mean = 13.901 us, max = 13.901 us, min = 13.901 us, total = 13.901 us
	ray::rpc::WorkerInfoGcsService.grpc_client.AddWorkerInfo - 1 total (0 active), Execution time: mean = 543.528 us, total = 543.528 us, Queueing time: mean = 0.000 s, max = -0.000 s, min = 9223372036.855 s, total = 0.000 s
	ray::rpc::WorkerInfoGcsService.grpc_client.AddWorkerInfo.OnReplyReceived - 1 total (0 active), Execution time: mean = 18.203 us, total = 18.203 us, Queueing time: mean = 9.442 us, max = 9.442 us, min = 9.442 us, total = 9.442 us
	ray::rpc::NodeInfoGcsService.grpc_client.GetAllNodeInfo.OnReplyReceived - 1 total (0 active), Execution time: mean = 80.726 us, total = 80.726 us, Queueing time: mean = 179.849 us, max = 179.849 us, min = 179.849 us, total = 179.849 us

-----------------
Task Event stats:

IO Service Stats:

Global stats: 3418 total (1 active)
Queueing time: mean = 496.917 us, max = 63.678 ms, min = -0.017 s, total = 1.698 s
Execution time:  mean = 306.199 us, total = 1.047 s
Event stats:
	ray::rpc::TaskInfoGcsService.grpc_client.AddTaskEventData - 1139 total (0 active), Execution time: mean = 734.942 us, total = 837.099 ms, Queueing time: mean = 0.000 s, max = -0.000 s, min = 9223372036.855 s, total = 0.000 s
	CoreWorker.deadline_timer.flush_task_events - 1139 total (1 active), Execution time: mean = 159.068 us, total = 181.179 ms, Queueing time: mean = 1.458 ms, max = 63.678 ms, min = -0.017 s, total = 1.661 s
	ray::rpc::TaskInfoGcsService.grpc_client.AddTaskEventData.OnReplyReceived - 1139 total (0 active), Execution time: mean = 24.771 us, total = 28.214 ms, Queueing time: mean = 33.000 us, max = 256.679 us, min = 7.259 us, total = 37.587 ms
	PeriodicalRunner.RunFnPeriodically - 1 total (0 active), Execution time: mean = 95.270 us, total = 95.270 us, Queueing time: mean = 24.812 us, max = 24.812 us, min = 24.812 us, total = 24.812 us
Other Stats:
	grpc_in_progress:0
	current number of task status events in buffer: 0
	current number of profile events in buffer: 0
	current number of dropped task attempts tracked: 0
	total task events sent: 0 MiB
	total number of task attempts sent: 0
	total number of task attempts dropped reported: 0
	total number of sent failure: 0
	num status task events dropped: 0
	num profile task events dropped: 0


[2025-02-16 16:38:37,639 I 584 1170] core_worker.cc:642: Event stats:


Global stats: 17178 total (8 active)
Queueing time: mean = 272.367 us, max = 63.873 ms, min = -0.073 s, total = 4.679 s
Execution time:  mean = 69.902 ms, total = 1200.782 s
Event stats:
	CoreWorker.RecoverObjects - 11977 total (1 active), Execution time: mean = 6.534 us, total = 78.257 ms, Queueing time: mean = 187.538 us, max = 9.370 ms, min = -0.035 s, total = 2.246 s
	CoreWorker.InternalHeartbeat - 1199 total (1 active), Execution time: mean = 134.792 us, total = 161.615 ms, Queueing time: mean = 954.440 us, max = 62.585 ms, min = -0.053 s, total = 1.144 s
	CoreWorker.ExitIfParentRayletDies - 1199 total (1 active), Execution time: mean = 8.865 us, total = 10.629 ms, Queueing time: mean = 1.085 ms, max = 62.594 ms, min = -0.053 s, total = 1.301 s
	NodeManagerService.grpc_client.ReportWorkerBacklog - 1199 total (0 active), Execution time: mean = 627.210 us, total = 752.025 ms, Queueing time: mean = 0.000 s, max = -0.000 s, min = 9223372036.855 s, total = 0.000 s
	NodeManagerService.grpc_client.ReportWorkerBacklog.OnReplyReceived - 1199 total (0 active), Execution time: mean = 18.151 us, total = 21.763 ms, Queueing time: mean = 34.226 us, max = 263.369 us, min = 1.847 us, total = 41.037 ms
	CoreWorker.RecordMetrics - 240 total (1 active), Execution time: mean = 18.845 us, total = 4.523 ms, Queueing time: mean = 60.825 us, max = 63.873 ms, min = -0.057 s, total = 14.598 ms
	CoreWorker.GCStreamingGeneratorMetadata - 120 total (1 active), Execution time: mean = 4.967 us, total = 596.047 us, Queueing time: mean = 93.225 us, max = 61.043 ms, min = -0.058 s, total = 11.187 ms
	CoreWorker.PrintEventStats - 20 total (1 active, 1 running), Execution time: mean = 241.182 us, total = 4.824 ms, Queueing time: mean = -0.002 s, max = 49.975 ms, min = -0.042 s, total = -0.032 s
	PeriodicalRunner.RunFnPeriodically - 7 total (0 active), Execution time: mean = 101.351 us, total = 709.460 us, Queueing time: mean = 294.711 us, max = 669.983 us, min = 8.046 us, total = 2.063 ms
	Publisher.CheckDeadSubscribers - 5 total (1 active), Execution time: mean = 4.833 us, total = 24.166 us, Queueing time: mean = -0.010 s, max = 9.845 ms, min = -0.073 s, total = -0.050 s
	ray::rpc::InternalPubSubGcsService.grpc_client.GcsSubscriberPoll - 4 total (1 active), Execution time: mean = 299.936 s, total = 1199.744 s, Queueing time: mean = 0.000 s, max = -0.000 s, min = 9223372036.855 s, total = 0.000 s
	ray::rpc::InternalPubSubGcsService.grpc_client.GcsSubscriberPoll.OnReplyReceived - 3 total (0 active), Execution time: mean = 106.147 us, total = 318.442 us, Queueing time: mean = 36.101 us, max = 50.688 us, min = 17.940 us, total = 108.303 us
	ray::rpc::InternalPubSubGcsService.grpc_client.GcsSubscriberCommandBatch - 1 total (0 active), Execution time: mean = 659.331 us, total = 659.331 us, Queueing time: mean = 0.000 s, max = -0.000 s, min = 9223372036.855 s, total = 0.000 s
	ray::rpc::NodeInfoGcsService.grpc_client.GetAllNodeInfo - 1 total (0 active), Execution time: mean = 709.953 us, total = 709.953 us, Queueing time: mean = 0.000 s, max = -0.000 s, min = 9223372036.855 s, total = 0.000 s
	ray::rpc::InternalPubSubGcsService.grpc_client.GcsSubscriberCommandBatch.OnReplyReceived - 1 total (0 active), Execution time: mean = 216.771 us, total = 216.771 us, Queueing time: mean = 13.901 us, max = 13.901 us, min = 13.901 us, total = 13.901 us
	ray::rpc::WorkerInfoGcsService.grpc_client.AddWorkerInfo - 1 total (0 active), Execution time: mean = 543.528 us, total = 543.528 us, Queueing time: mean = 0.000 s, max = -0.000 s, min = 9223372036.855 s, total = 0.000 s
	ray::rpc::WorkerInfoGcsService.grpc_client.AddWorkerInfo.OnReplyReceived - 1 total (0 active), Execution time: mean = 18.203 us, total = 18.203 us, Queueing time: mean = 9.442 us, max = 9.442 us, min = 9.442 us, total = 9.442 us
	ray::rpc::NodeInfoGcsService.grpc_client.GetAllNodeInfo.OnReplyReceived - 1 total (0 active), Execution time: mean = 80.726 us, total = 80.726 us, Queueing time: mean = 179.849 us, max = 179.849 us, min = 179.849 us, total = 179.849 us

-----------------
Task Event stats:

IO Service Stats:

Global stats: 3598 total (1 active)
Queueing time: mean = 493.556 us, max = 63.678 ms, min = -0.017 s, total = 1.776 s
Execution time:  mean = 301.894 us, total = 1.086 s
Event stats:
	ray::rpc::TaskInfoGcsService.grpc_client.AddTaskEventData - 1199 total (0 active), Execution time: mean = 723.683 us, total = 867.696 ms, Queueing time: mean = 0.000 s, max = -0.000 s, min = 9223372036.855 s, total = 0.000 s
	CoreWorker.deadline_timer.flush_task_events - 1199 total (1 active), Execution time: mean = 157.735 us, total = 189.125 ms, Queueing time: mean = 1.448 ms, max = 63.678 ms, min = -0.017 s, total = 1.737 s
	ray::rpc::TaskInfoGcsService.grpc_client.AddTaskEventData.OnReplyReceived - 1199 total (0 active), Execution time: mean = 24.436 us, total = 29.298 ms, Queueing time: mean = 32.606 us, max = 256.679 us, min = 7.259 us, total = 39.095 ms
	PeriodicalRunner.RunFnPeriodically - 1 total (0 active), Execution time: mean = 95.270 us, total = 95.270 us, Queueing time: mean = 24.812 us, max = 24.812 us, min = 24.812 us, total = 24.812 us
Other Stats:
	grpc_in_progress:0
	current number of task status events in buffer: 0
	current number of profile events in buffer: 0
	current number of dropped task attempts tracked: 0
	total task events sent: 0 MiB
	total number of task attempts sent: 0
	total number of task attempts dropped reported: 0
	total number of sent failure: 0
	num status task events dropped: 0
	num profile task events dropped: 0


[2025-02-16 16:39:37,639 I 584 1170] core_worker.cc:642: Event stats:


Global stats: 18036 total (8 active)
Queueing time: mean = 278.400 us, max = 63.873 ms, min = -0.073 s, total = 5.021 s
Execution time:  mean = 66.579 ms, total = 1200.817 s
Event stats:
	CoreWorker.RecoverObjects - 12576 total (1 active), Execution time: mean = 6.470 us, total = 81.370 ms, Queueing time: mean = 189.543 us, max = 9.370 ms, min = -0.035 s, total = 2.384 s
	CoreWorker.InternalHeartbeat - 1259 total (1 active), Execution time: mean = 132.908 us, total = 167.331 ms, Queueing time: mean = 994.292 us, max = 62.585 ms, min = -0.053 s, total = 1.252 s
	CoreWorker.ExitIfParentRayletDies - 1259 total (1 active), Execution time: mean = 8.822 us, total = 11.107 ms, Queueing time: mean = 1.123 ms, max = 62.594 ms, min = -0.053 s, total = 1.414 s
	NodeManagerService.grpc_client.ReportWorkerBacklog - 1259 total (0 active), Execution time: mean = 616.842 us, total = 776.604 ms, Queueing time: mean = 0.000 s, max = -0.000 s, min = 9223372036.855 s, total = 0.000 s
	NodeManagerService.grpc_client.ReportWorkerBacklog.OnReplyReceived - 1259 total (0 active), Execution time: mean = 17.865 us, total = 22.493 ms, Queueing time: mean = 33.858 us, max = 263.369 us, min = 1.847 us, total = 42.627 ms
	CoreWorker.RecordMetrics - 252 total (1 active), Execution time: mean = 18.766 us, total = 4.729 ms, Queueing time: mean = 59.395 us, max = 63.873 ms, min = -0.057 s, total = 14.967 ms
	CoreWorker.GCStreamingGeneratorMetadata - 126 total (1 active), Execution time: mean = 5.055 us, total = 636.942 us, Queueing time: mean = 91.470 us, max = 61.043 ms, min = -0.058 s, total = 11.525 ms
	CoreWorker.PrintEventStats - 21 total (1 active, 1 running), Execution time: mean = 239.051 us, total = 5.020 ms, Queueing time: mean = -0.002 s, max = 49.975 ms, min = -0.042 s, total = -0.049 s
	PeriodicalRunner.RunFnPeriodically - 7 total (0 active), Execution time: mean = 101.351 us, total = 709.460 us, Queueing time: mean = 294.711 us, max = 669.983 us, min = 8.046 us, total = 2.063 ms
	Publisher.CheckDeadSubscribers - 5 total (1 active), Execution time: mean = 4.833 us, total = 24.166 us, Queueing time: mean = -0.010 s, max = 9.845 ms, min = -0.073 s, total = -0.050 s
	ray::rpc::InternalPubSubGcsService.grpc_client.GcsSubscriberPoll - 4 total (1 active), Execution time: mean = 299.936 s, total = 1199.744 s, Queueing time: mean = 0.000 s, max = -0.000 s, min = 9223372036.855 s, total = 0.000 s
	ray::rpc::InternalPubSubGcsService.grpc_client.GcsSubscriberPoll.OnReplyReceived - 3 total (0 active), Execution time: mean = 106.147 us, total = 318.442 us, Queueing time: mean = 36.101 us, max = 50.688 us, min = 17.940 us, total = 108.303 us
	ray::rpc::InternalPubSubGcsService.grpc_client.GcsSubscriberCommandBatch - 1 total (0 active), Execution time: mean = 659.331 us, total = 659.331 us, Queueing time: mean = 0.000 s, max = -0.000 s, min = 9223372036.855 s, total = 0.000 s
	ray::rpc::NodeInfoGcsService.grpc_client.GetAllNodeInfo - 1 total (0 active), Execution time: mean = 709.953 us, total = 709.953 us, Queueing time: mean = 0.000 s, max = -0.000 s, min = 9223372036.855 s, total = 0.000 s
	ray::rpc::InternalPubSubGcsService.grpc_client.GcsSubscriberCommandBatch.OnReplyReceived - 1 total (0 active), Execution time: mean = 216.771 us, total = 216.771 us, Queueing time: mean = 13.901 us, max = 13.901 us, min = 13.901 us, total = 13.901 us
	ray::rpc::WorkerInfoGcsService.grpc_client.AddWorkerInfo - 1 total (0 active), Execution time: mean = 543.528 us, total = 543.528 us, Queueing time: mean = 0.000 s, max = -0.000 s, min = 9223372036.855 s, total = 0.000 s
	ray::rpc::WorkerInfoGcsService.grpc_client.AddWorkerInfo.OnReplyReceived - 1 total (0 active), Execution time: mean = 18.203 us, total = 18.203 us, Queueing time: mean = 9.442 us, max = 9.442 us, min = 9.442 us, total = 9.442 us
	ray::rpc::NodeInfoGcsService.grpc_client.GetAllNodeInfo.OnReplyReceived - 1 total (0 active), Execution time: mean = 80.726 us, total = 80.726 us, Queueing time: mean = 179.849 us, max = 179.849 us, min = 179.849 us, total = 179.849 us

-----------------
Task Event stats:

IO Service Stats:

Global stats: 3775 total (1 active)
Queueing time: mean = 497.249 us, max = 63.678 ms, min = -0.017 s, total = 1.877 s
Execution time:  mean = 297.363 us, total = 1.123 s
Event stats:
	ray::rpc::TaskInfoGcsService.grpc_client.AddTaskEventData - 1258 total (0 active), Execution time: mean = 711.962 us, total = 895.649 ms, Queueing time: mean = 0.000 s, max = -0.000 s, min = 9223372036.855 s, total = 0.000 s
	CoreWorker.deadline_timer.flush_task_events - 1258 total (1 active), Execution time: mean = 156.148 us, total = 196.434 ms, Queueing time: mean = 1.460 ms, max = 63.678 ms, min = -0.017 s, total = 1.837 s
	ray::rpc::TaskInfoGcsService.grpc_client.AddTaskEventData.OnReplyReceived - 1258 total (0 active), Execution time: mean = 24.138 us, total = 30.366 ms, Queueing time: mean = 32.083 us, max = 256.679 us, min = 7.259 us, total = 40.361 ms
	PeriodicalRunner.RunFnPeriodically - 1 total (0 active), Execution time: mean = 95.270 us, total = 95.270 us, Queueing time: mean = 24.812 us, max = 24.812 us, min = 24.812 us, total = 24.812 us
Other Stats:
	grpc_in_progress:0
	current number of task status events in buffer: 0
	current number of profile events in buffer: 0
	current number of dropped task attempts tracked: 0
	total task events sent: 0 MiB
	total number of task attempts sent: 0
	total number of task attempts dropped reported: 0
	total number of sent failure: 0
	num status task events dropped: 0
	num profile task events dropped: 0


[2025-02-16 16:40:37,640 I 584 1170] core_worker.cc:642: Event stats:


Global stats: 18894 total (8 active)
Queueing time: mean = 280.444 us, max = 63.873 ms, min = -0.073 s, total = 5.299 s
Execution time:  mean = 63.557 ms, total = 1200.852 s
Event stats:
	CoreWorker.RecoverObjects - 13175 total (1 active), Execution time: mean = 6.411 us, total = 84.460 ms, Queueing time: mean = 185.942 us, max = 9.370 ms, min = -0.035 s, total = 2.450 s
	CoreWorker.InternalHeartbeat - 1319 total (1 active), Execution time: mean = 130.927 us, total = 172.693 ms, Queueing time: mean = 1.015 ms, max = 62.585 ms, min = -0.053 s, total = 1.339 s
	CoreWorker.ExitIfParentRayletDies - 1319 total (1 active), Execution time: mean = 8.756 us, total = 11.549 ms, Queueing time: mean = 1.142 ms, max = 62.594 ms, min = -0.053 s, total = 1.506 s
	NodeManagerService.grpc_client.ReportWorkerBacklog - 1319 total (0 active), Execution time: mean = 607.954 us, total = 801.891 ms, Queueing time: mean = 0.000 s, max = -0.000 s, min = 9223372036.855 s, total = 0.000 s
	NodeManagerService.grpc_client.ReportWorkerBacklog.OnReplyReceived - 1319 total (0 active), Execution time: mean = 17.602 us, total = 23.216 ms, Queueing time: mean = 33.410 us, max = 263.369 us, min = 1.847 us, total = 44.067 ms
	CoreWorker.RecordMetrics - 264 total (1 active), Execution time: mean = 18.687 us, total = 4.933 ms, Queueing time: mean = 59.451 us, max = 63.873 ms, min = -0.057 s, total = 15.695 ms
	CoreWorker.GCStreamingGeneratorMetadata - 132 total (1 active), Execution time: mean = 4.987 us, total = 658.247 us, Queueing time: mean = 93.463 us, max = 61.043 ms, min = -0.058 s, total = 12.337 ms
	CoreWorker.PrintEventStats - 22 total (1 active, 1 running), Execution time: mean = 239.741 us, total = 5.274 ms, Queueing time: mean = -0.001 s, max = 49.975 ms, min = -0.042 s, total = -0.020 s
	PeriodicalRunner.RunFnPeriodically - 7 total (0 active), Execution time: mean = 101.351 us, total = 709.460 us, Queueing time: mean = 294.711 us, max = 669.983 us, min = 8.046 us, total = 2.063 ms
	Publisher.CheckDeadSubscribers - 5 total (1 active), Execution time: mean = 4.833 us, total = 24.166 us, Queueing time: mean = -0.010 s, max = 9.845 ms, min = -0.073 s, total = -0.050 s
	ray::rpc::InternalPubSubGcsService.grpc_client.GcsSubscriberPoll - 4 total (1 active), Execution time: mean = 299.936 s, total = 1199.744 s, Queueing time: mean = 0.000 s, max = -0.000 s, min = 9223372036.855 s, total = 0.000 s
	ray::rpc::InternalPubSubGcsService.grpc_client.GcsSubscriberPoll.OnReplyReceived - 3 total (0 active), Execution time: mean = 106.147 us, total = 318.442 us, Queueing time: mean = 36.101 us, max = 50.688 us, min = 17.940 us, total = 108.303 us
	ray::rpc::InternalPubSubGcsService.grpc_client.GcsSubscriberCommandBatch - 1 total (0 active), Execution time: mean = 659.331 us, total = 659.331 us, Queueing time: mean = 0.000 s, max = -0.000 s, min = 9223372036.855 s, total = 0.000 s
	ray::rpc::NodeInfoGcsService.grpc_client.GetAllNodeInfo - 1 total (0 active), Execution time: mean = 709.953 us, total = 709.953 us, Queueing time: mean = 0.000 s, max = -0.000 s, min = 9223372036.855 s, total = 0.000 s
	ray::rpc::InternalPubSubGcsService.grpc_client.GcsSubscriberCommandBatch.OnReplyReceived - 1 total (0 active), Execution time: mean = 216.771 us, total = 216.771 us, Queueing time: mean = 13.901 us, max = 13.901 us, min = 13.901 us, total = 13.901 us
	ray::rpc::WorkerInfoGcsService.grpc_client.AddWorkerInfo - 1 total (0 active), Execution time: mean = 543.528 us, total = 543.528 us, Queueing time: mean = 0.000 s, max = -0.000 s, min = 9223372036.855 s, total = 0.000 s
	ray::rpc::WorkerInfoGcsService.grpc_client.AddWorkerInfo.OnReplyReceived - 1 total (0 active), Execution time: mean = 18.203 us, total = 18.203 us, Queueing time: mean = 9.442 us, max = 9.442 us, min = 9.442 us, total = 9.442 us
	ray::rpc::NodeInfoGcsService.grpc_client.GetAllNodeInfo.OnReplyReceived - 1 total (0 active), Execution time: mean = 80.726 us, total = 80.726 us, Queueing time: mean = 179.849 us, max = 179.849 us, min = 179.849 us, total = 179.849 us

-----------------
Task Event stats:

IO Service Stats:

Global stats: 3955 total (1 active)
Queueing time: mean = 501.185 us, max = 63.678 ms, min = -0.017 s, total = 1.982 s
Execution time:  mean = 292.957 us, total = 1.159 s
Event stats:
	ray::rpc::TaskInfoGcsService.grpc_client.AddTaskEventData - 1318 total (0 active), Execution time: mean = 700.953 us, total = 923.855 ms, Queueing time: mean = 0.000 s, max = -0.000 s, min = 9223372036.855 s, total = 0.000 s
	CoreWorker.deadline_timer.flush_task_events - 1318 total (1 active), Execution time: mean = 154.248 us, total = 203.299 ms, Queueing time: mean = 1.472 ms, max = 63.678 ms, min = -0.017 s, total = 1.940 s
	ray::rpc::TaskInfoGcsService.grpc_client.AddTaskEventData.OnReplyReceived - 1318 total (0 active), Execution time: mean = 23.820 us, total = 31.395 ms, Queueing time: mean = 31.639 us, max = 256.679 us, min = 7.259 us, total = 41.700 ms
	PeriodicalRunner.RunFnPeriodically - 1 total (0 active), Execution time: mean = 95.270 us, total = 95.270 us, Queueing time: mean = 24.812 us, max = 24.812 us, min = 24.812 us, total = 24.812 us
Other Stats:
	grpc_in_progress:0
	current number of task status events in buffer: 0
	current number of profile events in buffer: 0
	current number of dropped task attempts tracked: 0
	total task events sent: 0 MiB
	total number of task attempts sent: 0
	total number of task attempts dropped reported: 0
	total number of sent failure: 0
	num status task events dropped: 0
	num profile task events dropped: 0


[2025-02-16 16:41:37,640 I 584 1170] core_worker.cc:642: Event stats:


Global stats: 19752 total (8 active)
Queueing time: mean = 288.605 us, max = 64.616 ms, min = -0.073 s, total = 5.701 s
Execution time:  mean = 60.798 ms, total = 1200.889 s
Event stats:
	CoreWorker.RecoverObjects - 13774 total (1 active), Execution time: mean = 6.376 us, total = 87.819 ms, Queueing time: mean = 189.269 us, max = 9.370 ms, min = -0.035 s, total = 2.607 s
	CoreWorker.InternalHeartbeat - 1379 total (1 active), Execution time: mean = 129.580 us, total = 178.691 ms, Queueing time: mean = 1.070 ms, max = 62.585 ms, min = -0.053 s, total = 1.475 s
	CoreWorker.ExitIfParentRayletDies - 1379 total (1 active), Execution time: mean = 8.717 us, total = 12.021 ms, Queueing time: mean = 1.195 ms, max = 62.594 ms, min = -0.053 s, total = 1.648 s
	NodeManagerService.grpc_client.ReportWorkerBacklog - 1379 total (0 active), Execution time: mean = 600.268 us, total = 827.770 ms, Queueing time: mean = 0.000 s, max = -0.000 s, min = 9223372036.855 s, total = 0.000 s
	NodeManagerService.grpc_client.ReportWorkerBacklog.OnReplyReceived - 1379 total (0 active), Execution time: mean = 17.365 us, total = 23.946 ms, Queueing time: mean = 33.058 us, max = 263.369 us, min = 1.847 us, total = 45.587 ms
	CoreWorker.RecordMetrics - 276 total (1 active), Execution time: mean = 18.827 us, total = 5.196 ms, Queueing time: mean = 58.946 us, max = 64.616 ms, min = -0.058 s, total = 16.269 ms
	CoreWorker.GCStreamingGeneratorMetadata - 138 total (1 active), Execution time: mean = 4.984 us, total = 687.776 us, Queueing time: mean = 89.002 us, max = 61.109 ms, min = -0.059 s, total = 12.282 ms
	CoreWorker.PrintEventStats - 23 total (1 active, 1 running), Execution time: mean = 238.556 us, total = 5.487 ms, Queueing time: mean = -0.002 s, max = 49.975 ms, min = -0.042 s, total = -0.056 s
	PeriodicalRunner.RunFnPeriodically - 7 total (0 active), Execution time: mean = 101.351 us, total = 709.460 us, Queueing time: mean = 294.711 us, max = 669.983 us, min = 8.046 us, total = 2.063 ms
	Publisher.CheckDeadSubscribers - 5 total (1 active), Execution time: mean = 4.833 us, total = 24.166 us, Queueing time: mean = -0.010 s, max = 9.845 ms, min = -0.073 s, total = -0.050 s
	ray::rpc::InternalPubSubGcsService.grpc_client.GcsSubscriberPoll - 4 total (1 active), Execution time: mean = 299.936 s, total = 1199.744 s, Queueing time: mean = 0.000 s, max = -0.000 s, min = 9223372036.855 s, total = 0.000 s
	ray::rpc::InternalPubSubGcsService.grpc_client.GcsSubscriberPoll.OnReplyReceived - 3 total (0 active), Execution time: mean = 106.147 us, total = 318.442 us, Queueing time: mean = 36.101 us, max = 50.688 us, min = 17.940 us, total = 108.303 us
	ray::rpc::InternalPubSubGcsService.grpc_client.GcsSubscriberCommandBatch - 1 total (0 active), Execution time: mean = 659.331 us, total = 659.331 us, Queueing time: mean = 0.000 s, max = -0.000 s, min = 9223372036.855 s, total = 0.000 s
	ray::rpc::NodeInfoGcsService.grpc_client.GetAllNodeInfo - 1 total (0 active), Execution time: mean = 709.953 us, total = 709.953 us, Queueing time: mean = 0.000 s, max = -0.000 s, min = 9223372036.855 s, total = 0.000 s
	ray::rpc::InternalPubSubGcsService.grpc_client.GcsSubscriberCommandBatch.OnReplyReceived - 1 total (0 active), Execution time: mean = 216.771 us, total = 216.771 us, Queueing time: mean = 13.901 us, max = 13.901 us, min = 13.901 us, total = 13.901 us
	ray::rpc::WorkerInfoGcsService.grpc_client.AddWorkerInfo - 1 total (0 active), Execution time: mean = 543.528 us, total = 543.528 us, Queueing time: mean = 0.000 s, max = -0.000 s, min = 9223372036.855 s, total = 0.000 s
	ray::rpc::WorkerInfoGcsService.grpc_client.AddWorkerInfo.OnReplyReceived - 1 total (0 active), Execution time: mean = 18.203 us, total = 18.203 us, Queueing time: mean = 9.442 us, max = 9.442 us, min = 9.442 us, total = 9.442 us
	ray::rpc::NodeInfoGcsService.grpc_client.GetAllNodeInfo.OnReplyReceived - 1 total (0 active), Execution time: mean = 80.726 us, total = 80.726 us, Queueing time: mean = 179.849 us, max = 179.849 us, min = 179.849 us, total = 179.849 us

-----------------
Task Event stats:

IO Service Stats:

Global stats: 4135 total (1 active)
Queueing time: mean = 508.309 us, max = 63.678 ms, min = -0.017 s, total = 2.102 s
Execution time:  mean = 288.785 us, total = 1.194 s
Event stats:
	ray::rpc::TaskInfoGcsService.grpc_client.AddTaskEventData - 1378 total (0 active), Execution time: mean = 690.300 us, total = 951.234 ms, Queueing time: mean = 0.000 s, max = -0.000 s, min = 9223372036.855 s, total = 0.000 s
	CoreWorker.deadline_timer.flush_task_events - 1378 total (1 active), Execution time: mean = 152.698 us, total = 210.417 ms, Queueing time: mean = 1.494 ms, max = 63.678 ms, min = -0.017 s, total = 2.059 s
	ray::rpc::TaskInfoGcsService.grpc_client.AddTaskEventData.OnReplyReceived - 1378 total (0 active), Execution time: mean = 23.497 us, total = 32.379 ms, Queueing time: mean = 31.377 us, max = 256.679 us, min = 7.259 us, total = 43.237 ms
	PeriodicalRunner.RunFnPeriodically - 1 total (0 active), Execution time: mean = 95.270 us, total = 95.270 us, Queueing time: mean = 24.812 us, max = 24.812 us, min = 24.812 us, total = 24.812 us
Other Stats:
	grpc_in_progress:0
	current number of task status events in buffer: 0
	current number of profile events in buffer: 0
	current number of dropped task attempts tracked: 0
	total task events sent: 0 MiB
	total number of task attempts sent: 0
	total number of task attempts dropped reported: 0
	total number of sent failure: 0
	num status task events dropped: 0
	num profile task events dropped: 0


[2025-02-16 16:42:37,640 I 584 1170] core_worker.cc:642: Event stats:


Global stats: 20610 total (8 active)
Queueing time: mean = 288.246 us, max = 71.244 ms, min = -0.073 s, total = 5.941 s
Execution time:  mean = 58.270 ms, total = 1200.945 s
Event stats:
	CoreWorker.RecoverObjects - 14373 total (1 active), Execution time: mean = 6.355 us, total = 91.347 ms, Queueing time: mean = 185.623 us, max = 9.370 ms, min = -0.035 s, total = 2.668 s
	CoreWorker.InternalHeartbeat - 1439 total (1 active), Execution time: mean = 131.231 us, total = 188.841 ms, Queueing time: mean = 1.065 ms, max = 62.585 ms, min = -0.053 s, total = 1.533 s
	CoreWorker.ExitIfParentRayletDies - 1439 total (1 active), Execution time: mean = 8.761 us, total = 12.607 ms, Queueing time: mean = 1.192 ms, max = 62.594 ms, min = -0.053 s, total = 1.715 s
	NodeManagerService.grpc_client.ReportWorkerBacklog - 1439 total (0 active), Execution time: mean = 602.609 us, total = 867.155 ms, Queueing time: mean = 0.000 s, max = -0.000 s, min = 9223372036.855 s, total = 0.000 s
	NodeManagerService.grpc_client.ReportWorkerBacklog.OnReplyReceived - 1439 total (0 active), Execution time: mean = 17.379 us, total = 25.008 ms, Queueing time: mean = 32.798 us, max = 263.369 us, min = 1.847 us, total = 47.197 ms
	CoreWorker.RecordMetrics - 288 total (1 active), Execution time: mean = 18.821 us, total = 5.420 ms, Queueing time: mean = 59.435 us, max = 71.244 ms, min = -0.063 s, total = 17.117 ms
	CoreWorker.GCStreamingGeneratorMetadata - 144 total (1 active), Execution time: mean = 4.988 us, total = 718.321 us, Queueing time: mean = 88.671 us, max = 66.996 ms, min = -0.064 s, total = 12.769 ms
	CoreWorker.PrintEventStats - 24 total (1 active, 1 running), Execution time: mean = 239.324 us, total = 5.744 ms, Queueing time: mean = -0.000 s, max = 51.688 ms, min = -0.042 s, total = -0.004 s
	PeriodicalRunner.RunFnPeriodically - 7 total (0 active), Execution time: mean = 101.351 us, total = 709.460 us, Queueing time: mean = 294.711 us, max = 669.983 us, min = 8.046 us, total = 2.063 ms
	Publisher.CheckDeadSubscribers - 5 total (1 active), Execution time: mean = 4.833 us, total = 24.166 us, Queueing time: mean = -0.010 s, max = 9.845 ms, min = -0.073 s, total = -0.050 s
	ray::rpc::InternalPubSubGcsService.grpc_client.GcsSubscriberPoll - 4 total (1 active), Execution time: mean = 299.936 s, total = 1199.744 s, Queueing time: mean = 0.000 s, max = -0.000 s, min = 9223372036.855 s, total = 0.000 s
	ray::rpc::InternalPubSubGcsService.grpc_client.GcsSubscriberPoll.OnReplyReceived - 3 total (0 active), Execution time: mean = 106.147 us, total = 318.442 us, Queueing time: mean = 36.101 us, max = 50.688 us, min = 17.940 us, total = 108.303 us
	ray::rpc::InternalPubSubGcsService.grpc_client.GcsSubscriberCommandBatch - 1 total (0 active), Execution time: mean = 659.331 us, total = 659.331 us, Queueing time: mean = 0.000 s, max = -0.000 s, min = 9223372036.855 s, total = 0.000 s
	ray::rpc::NodeInfoGcsService.grpc_client.GetAllNodeInfo - 1 total (0 active), Execution time: mean = 709.953 us, total = 709.953 us, Queueing time: mean = 0.000 s, max = -0.000 s, min = 9223372036.855 s, total = 0.000 s
	ray::rpc::InternalPubSubGcsService.grpc_client.GcsSubscriberCommandBatch.OnReplyReceived - 1 total (0 active), Execution time: mean = 216.771 us, total = 216.771 us, Queueing time: mean = 13.901 us, max = 13.901 us, min = 13.901 us, total = 13.901 us
	ray::rpc::WorkerInfoGcsService.grpc_client.AddWorkerInfo - 1 total (0 active), Execution time: mean = 543.528 us, total = 543.528 us, Queueing time: mean = 0.000 s, max = -0.000 s, min = 9223372036.855 s, total = 0.000 s
	ray::rpc::WorkerInfoGcsService.grpc_client.AddWorkerInfo.OnReplyReceived - 1 total (0 active), Execution time: mean = 18.203 us, total = 18.203 us, Queueing time: mean = 9.442 us, max = 9.442 us, min = 9.442 us, total = 9.442 us
	ray::rpc::NodeInfoGcsService.grpc_client.GetAllNodeInfo.OnReplyReceived - 1 total (0 active), Execution time: mean = 80.726 us, total = 80.726 us, Queueing time: mean = 179.849 us, max = 179.849 us, min = 179.849 us, total = 179.849 us

-----------------
Task Event stats:

IO Service Stats:

Global stats: 4315 total (1 active)
Queueing time: mean = 506.126 us, max = 63.678 ms, min = -0.017 s, total = 2.184 s
Execution time:  mean = 285.546 us, total = 1.232 s
Event stats:
	ray::rpc::TaskInfoGcsService.grpc_client.AddTaskEventData - 1438 total (0 active), Execution time: mean = 682.164 us, total = 980.952 ms, Queueing time: mean = 0.000 s, max = -0.000 s, min = 9223372036.855 s, total = 0.000 s
	CoreWorker.deadline_timer.flush_task_events - 1438 total (1 active), Execution time: mean = 151.350 us, total = 217.641 ms, Queueing time: mean = 1.488 ms, max = 63.678 ms, min = -0.017 s, total = 2.139 s
	ray::rpc::TaskInfoGcsService.grpc_client.AddTaskEventData.OnReplyReceived - 1438 total (0 active), Execution time: mean = 23.256 us, total = 33.442 ms, Queueing time: mean = 31.118 us, max = 256.679 us, min = 7.259 us, total = 44.747 ms
	PeriodicalRunner.RunFnPeriodically - 1 total (0 active), Execution time: mean = 95.270 us, total = 95.270 us, Queueing time: mean = 24.812 us, max = 24.812 us, min = 24.812 us, total = 24.812 us
Other Stats:
	grpc_in_progress:0
	current number of task status events in buffer: 0
	current number of profile events in buffer: 0
	current number of dropped task attempts tracked: 0
	total task events sent: 0 MiB
	total number of task attempts sent: 0
	total number of task attempts dropped reported: 0
	total number of sent failure: 0
	num status task events dropped: 0
	num profile task events dropped: 0


[2025-02-16 16:43:37,641 I 584 1170] core_worker.cc:642: Event stats:


Global stats: 21469 total (8 active)
Queueing time: mean = 286.618 us, max = 71.244 ms, min = -0.073 s, total = 6.153 s
Execution time:  mean = 55.941 ms, total = 1201.001 s
Event stats:
	CoreWorker.RecoverObjects - 14972 total (1 active), Execution time: mean = 6.329 us, total = 94.762 ms, Queueing time: mean = 183.703 us, max = 9.370 ms, min = -0.035 s, total = 2.750 s
	CoreWorker.InternalHeartbeat - 1499 total (1 active), Execution time: mean = 132.801 us, total = 199.069 ms, Queueing time: mean = 1.078 ms, max = 62.585 ms, min = -0.053 s, total = 1.616 s
	CoreWorker.ExitIfParentRayletDies - 1499 total (1 active), Execution time: mean = 8.842 us, total = 13.254 ms, Queueing time: mean = 1.206 ms, max = 62.594 ms, min = -0.053 s, total = 1.807 s
	NodeManagerService.grpc_client.ReportWorkerBacklog - 1499 total (0 active), Execution time: mean = 605.741 us, total = 908.005 ms, Queueing time: mean = 0.000 s, max = -0.000 s, min = 9223372036.855 s, total = 0.000 s
	NodeManagerService.grpc_client.ReportWorkerBacklog.OnReplyReceived - 1499 total (0 active), Execution time: mean = 17.466 us, total = 26.181 ms, Queueing time: mean = 32.869 us, max = 263.369 us, min = 1.847 us, total = 49.270 ms
	CoreWorker.RecordMetrics - 300 total (1 active), Execution time: mean = 18.778 us, total = 5.633 ms, Queueing time: mean = 58.075 us, max = 71.244 ms, min = -0.063 s, total = 17.422 ms
	CoreWorker.GCStreamingGeneratorMetadata - 150 total (1 active), Execution time: mean = 4.973 us, total = 745.883 us, Queueing time: mean = 87.498 us, max = 66.996 ms, min = -0.064 s, total = 13.125 ms
	CoreWorker.PrintEventStats - 25 total (1 active, 1 running), Execution time: mean = 239.701 us, total = 5.993 ms, Queueing time: mean = -0.002 s, max = 51.688 ms, min = -0.042 s, total = -0.043 s
	PeriodicalRunner.RunFnPeriodically - 7 total (0 active), Execution time: mean = 101.351 us, total = 709.460 us, Queueing time: mean = 294.711 us, max = 669.983 us, min = 8.046 us, total = 2.063 ms
	Publisher.CheckDeadSubscribers - 6 total (1 active), Execution time: mean = 4.955 us, total = 29.731 us, Queueing time: mean = -0.010 s, max = 9.845 ms, min = -0.073 s, total = -0.059 s
	ray::rpc::InternalPubSubGcsService.grpc_client.GcsSubscriberPoll - 4 total (1 active), Execution time: mean = 299.936 s, total = 1199.744 s, Queueing time: mean = 0.000 s, max = -0.000 s, min = 9223372036.855 s, total = 0.000 s
	ray::rpc::InternalPubSubGcsService.grpc_client.GcsSubscriberPoll.OnReplyReceived - 3 total (0 active), Execution time: mean = 106.147 us, total = 318.442 us, Queueing time: mean = 36.101 us, max = 50.688 us, min = 17.940 us, total = 108.303 us
	ray::rpc::InternalPubSubGcsService.grpc_client.GcsSubscriberCommandBatch - 1 total (0 active), Execution time: mean = 659.331 us, total = 659.331 us, Queueing time: mean = 0.000 s, max = -0.000 s, min = 9223372036.855 s, total = 0.000 s
	ray::rpc::NodeInfoGcsService.grpc_client.GetAllNodeInfo - 1 total (0 active), Execution time: mean = 709.953 us, total = 709.953 us, Queueing time: mean = 0.000 s, max = -0.000 s, min = 9223372036.855 s, total = 0.000 s
	ray::rpc::InternalPubSubGcsService.grpc_client.GcsSubscriberCommandBatch.OnReplyReceived - 1 total (0 active), Execution time: mean = 216.771 us, total = 216.771 us, Queueing time: mean = 13.901 us, max = 13.901 us, min = 13.901 us, total = 13.901 us
	ray::rpc::WorkerInfoGcsService.grpc_client.AddWorkerInfo - 1 total (0 active), Execution time: mean = 543.528 us, total = 543.528 us, Queueing time: mean = 0.000 s, max = -0.000 s, min = 9223372036.855 s, total = 0.000 s
	ray::rpc::WorkerInfoGcsService.grpc_client.AddWorkerInfo.OnReplyReceived - 1 total (0 active), Execution time: mean = 18.203 us, total = 18.203 us, Queueing time: mean = 9.442 us, max = 9.442 us, min = 9.442 us, total = 9.442 us
	ray::rpc::NodeInfoGcsService.grpc_client.GetAllNodeInfo.OnReplyReceived - 1 total (0 active), Execution time: mean = 80.726 us, total = 80.726 us, Queueing time: mean = 179.849 us, max = 179.849 us, min = 179.849 us, total = 179.849 us

-----------------
Task Event stats:

IO Service Stats:

Global stats: 4495 total (1 active)
Queueing time: mean = 505.211 us, max = 63.678 ms, min = -0.017 s, total = 2.271 s
Execution time:  mean = 281.732 us, total = 1.266 s
Event stats:
	ray::rpc::TaskInfoGcsService.grpc_client.AddTaskEventData - 1498 total (0 active), Execution time: mean = 672.515 us, total = 1.007 s, Queueing time: mean = 0.000 s, max = -0.000 s, min = 9223372036.855 s, total = 0.000 s
	CoreWorker.deadline_timer.flush_task_events - 1498 total (1 active), Execution time: mean = 149.846 us, total = 224.469 ms, Queueing time: mean = 1.485 ms, max = 63.678 ms, min = -0.017 s, total = 2.225 s
	ray::rpc::TaskInfoGcsService.grpc_client.AddTaskEventData.OnReplyReceived - 1498 total (0 active), Execution time: mean = 22.959 us, total = 34.393 ms, Queueing time: mean = 30.910 us, max = 256.679 us, min = 7.259 us, total = 46.303 ms
	PeriodicalRunner.RunFnPeriodically - 1 total (0 active), Execution time: mean = 95.270 us, total = 95.270 us, Queueing time: mean = 24.812 us, max = 24.812 us, min = 24.812 us, total = 24.812 us
Other Stats:
	grpc_in_progress:0
	current number of task status events in buffer: 0
	current number of profile events in buffer: 0
	current number of dropped task attempts tracked: 0
	total task events sent: 0 MiB
	total number of task attempts sent: 0
	total number of task attempts dropped reported: 0
	total number of sent failure: 0
	num status task events dropped: 0
	num profile task events dropped: 0


[2025-02-16 16:44:37,641 I 584 1170] core_worker.cc:642: Event stats:


Global stats: 22329 total (8 active)
Queueing time: mean = 291.891 us, max = 71.244 ms, min = -0.073 s, total = 6.518 s
Execution time:  mean = 67.247 ms, total = 1501.551 s
Event stats:
	CoreWorker.RecoverObjects - 15571 total (1 active), Execution time: mean = 6.316 us, total = 98.340 ms, Queueing time: mean = 184.886 us, max = 9.370 ms, min = -0.035 s, total = 2.879 s
	CoreWorker.InternalHeartbeat - 1559 total (1 active), Execution time: mean = 133.816 us, total = 208.619 ms, Queueing time: mean = 1.113 ms, max = 62.585 ms, min = -0.053 s, total = 1.735 s
	CoreWorker.ExitIfParentRayletDies - 1559 total (1 active), Execution time: mean = 8.913 us, total = 13.896 ms, Queueing time: mean = 1.242 ms, max = 62.594 ms, min = -0.053 s, total = 1.936 s
	NodeManagerService.grpc_client.ReportWorkerBacklog - 1559 total (0 active), Execution time: mean = 610.403 us, total = 951.618 ms, Queueing time: mean = 0.000 s, max = -0.000 s, min = 9223372036.855 s, total = 0.000 s
	NodeManagerService.grpc_client.ReportWorkerBacklog.OnReplyReceived - 1559 total (0 active), Execution time: mean = 17.419 us, total = 27.156 ms, Queueing time: mean = 32.799 us, max = 263.369 us, min = 1.847 us, total = 51.133 ms
	CoreWorker.RecordMetrics - 312 total (1 active), Execution time: mean = 18.723 us, total = 5.842 ms, Queueing time: mean = 59.024 us, max = 71.244 ms, min = -0.063 s, total = 18.416 ms
	CoreWorker.GCStreamingGeneratorMetadata - 156 total (1 active), Execution time: mean = 4.969 us, total = 775.230 us, Queueing time: mean = 86.280 us, max = 67.276 ms, min = -0.066 s, total = 13.460 ms
	CoreWorker.PrintEventStats - 26 total (1 active, 1 running), Execution time: mean = 238.159 us, total = 6.192 ms, Queueing time: mean = -0.002 s, max = 51.688 ms, min = -0.042 s, total = -0.058 s
	PeriodicalRunner.RunFnPeriodically - 7 total (0 active), Execution time: mean = 101.351 us, total = 709.460 us, Queueing time: mean = 294.711 us, max = 669.983 us, min = 8.046 us, total = 2.063 ms
	Publisher.CheckDeadSubscribers - 6 total (1 active), Execution time: mean = 4.955 us, total = 29.731 us, Queueing time: mean = -0.010 s, max = 9.845 ms, min = -0.073 s, total = -0.059 s
	ray::rpc::InternalPubSubGcsService.grpc_client.GcsSubscriberPoll - 5 total (1 active), Execution time: mean = 300.047 s, total = 1500.235 s, Queueing time: mean = 0.000 s, max = -0.000 s, min = 9223372036.855 s, total = 0.000 s
	ray::rpc::InternalPubSubGcsService.grpc_client.GcsSubscriberPoll.OnReplyReceived - 4 total (0 active), Execution time: mean = 104.423 us, total = 417.692 us, Queueing time: mean = 36.800 us, max = 50.688 us, min = 17.940 us, total = 147.199 us
	ray::rpc::InternalPubSubGcsService.grpc_client.GcsSubscriberCommandBatch - 1 total (0 active), Execution time: mean = 659.331 us, total = 659.331 us, Queueing time: mean = 0.000 s, max = -0.000 s, min = 9223372036.855 s, total = 0.000 s
	ray::rpc::NodeInfoGcsService.grpc_client.GetAllNodeInfo - 1 total (0 active), Execution time: mean = 709.953 us, total = 709.953 us, Queueing time: mean = 0.000 s, max = -0.000 s, min = 9223372036.855 s, total = 0.000 s
	ray::rpc::InternalPubSubGcsService.grpc_client.GcsSubscriberCommandBatch.OnReplyReceived - 1 total (0 active), Execution time: mean = 216.771 us, total = 216.771 us, Queueing time: mean = 13.901 us, max = 13.901 us, min = 13.901 us, total = 13.901 us
	ray::rpc::WorkerInfoGcsService.grpc_client.AddWorkerInfo - 1 total (0 active), Execution time: mean = 543.528 us, total = 543.528 us, Queueing time: mean = 0.000 s, max = -0.000 s, min = 9223372036.855 s, total = 0.000 s
	ray::rpc::WorkerInfoGcsService.grpc_client.AddWorkerInfo.OnReplyReceived - 1 total (0 active), Execution time: mean = 18.203 us, total = 18.203 us, Queueing time: mean = 9.442 us, max = 9.442 us, min = 9.442 us, total = 9.442 us
	ray::rpc::NodeInfoGcsService.grpc_client.GetAllNodeInfo.OnReplyReceived - 1 total (0 active), Execution time: mean = 80.726 us, total = 80.726 us, Queueing time: mean = 179.849 us, max = 179.849 us, min = 179.849 us, total = 179.849 us

-----------------
Task Event stats:

IO Service Stats:

Global stats: 4675 total (1 active)
Queueing time: mean = 508.235 us, max = 63.678 ms, min = -0.017 s, total = 2.376 s
Execution time:  mean = 278.557 us, total = 1.302 s
Event stats:
	ray::rpc::TaskInfoGcsService.grpc_client.AddTaskEventData - 1558 total (0 active), Execution time: mean = 664.496 us, total = 1.035 s, Queueing time: mean = 0.000 s, max = -0.000 s, min = 9223372036.855 s, total = 0.000 s
	CoreWorker.deadline_timer.flush_task_events - 1558 total (1 active), Execution time: mean = 148.577 us, total = 231.482 ms, Queueing time: mean = 1.494 ms, max = 63.678 ms, min = -0.017 s, total = 2.328 s
	ray::rpc::TaskInfoGcsService.grpc_client.AddTaskEventData.OnReplyReceived - 1558 total (0 active), Execution time: mean = 22.717 us, total = 35.393 ms, Queueing time: mean = 30.674 us, max = 256.679 us, min = 7.259 us, total = 47.790 ms
	PeriodicalRunner.RunFnPeriodically - 1 total (0 active), Execution time: mean = 95.270 us, total = 95.270 us, Queueing time: mean = 24.812 us, max = 24.812 us, min = 24.812 us, total = 24.812 us
Other Stats:
	grpc_in_progress:0
	current number of task status events in buffer: 0
	current number of profile events in buffer: 0
	current number of dropped task attempts tracked: 0
	total task events sent: 0 MiB
	total number of task attempts sent: 0
	total number of task attempts dropped reported: 0
	total number of sent failure: 0
	num status task events dropped: 0
	num profile task events dropped: 0


[2025-02-16 16:45:37,641 I 584 1170] core_worker.cc:642: Event stats:


Global stats: 23183 total (8 active)
Queueing time: mean = 293.096 us, max = 71.244 ms, min = -0.073 s, total = 6.795 s
Execution time:  mean = 64.772 ms, total = 1501.606 s
Event stats:
	CoreWorker.RecoverObjects - 16170 total (1 active), Execution time: mean = 6.287 us, total = 101.657 ms, Queueing time: mean = 182.924 us, max = 9.370 ms, min = -0.035 s, total = 2.958 s
	CoreWorker.InternalHeartbeat - 1618 total (1 active), Execution time: mean = 134.223 us, total = 217.172 ms, Queueing time: mean = 1.124 ms, max = 62.585 ms, min = -0.053 s, total = 1.818 s
	CoreWorker.ExitIfParentRayletDies - 1618 total (1 active), Execution time: mean = 8.960 us, total = 14.498 ms, Queueing time: mean = 1.250 ms, max = 62.594 ms, min = -0.053 s, total = 2.023 s
	NodeManagerService.grpc_client.ReportWorkerBacklog - 1618 total (0 active), Execution time: mean = 613.593 us, total = 992.793 ms, Queueing time: mean = 0.000 s, max = -0.000 s, min = 9223372036.855 s, total = 0.000 s
	NodeManagerService.grpc_client.ReportWorkerBacklog.OnReplyReceived - 1618 total (0 active), Execution time: mean = 17.389 us, total = 28.136 ms, Queueing time: mean = 32.710 us, max = 263.369 us, min = 1.847 us, total = 52.925 ms
	CoreWorker.RecordMetrics - 324 total (1 active), Execution time: mean = 18.641 us, total = 6.040 ms, Queueing time: mean = 55.671 us, max = 71.244 ms, min = -0.063 s, total = 18.038 ms
	CoreWorker.GCStreamingGeneratorMetadata - 162 total (1 active), Execution time: mean = 4.901 us, total = 793.970 us, Queueing time: mean = 86.218 us, max = 67.276 ms, min = -0.066 s, total = 13.967 ms
	CoreWorker.PrintEventStats - 27 total (1 active, 1 running), Execution time: mean = 238.148 us, total = 6.430 ms, Queueing time: mean = -0.001 s, max = 51.688 ms, min = -0.042 s, total = -0.032 s
	PeriodicalRunner.RunFnPeriodically - 7 total (0 active), Execution time: mean = 101.351 us, total = 709.460 us, Queueing time: mean = 294.711 us, max = 669.983 us, min = 8.046 us, total = 2.063 ms
	Publisher.CheckDeadSubscribers - 6 total (1 active), Execution time: mean = 4.955 us, total = 29.731 us, Queueing time: mean = -0.010 s, max = 9.845 ms, min = -0.073 s, total = -0.059 s
	ray::rpc::InternalPubSubGcsService.grpc_client.GcsSubscriberPoll - 5 total (1 active), Execution time: mean = 300.047 s, total = 1500.235 s, Queueing time: mean = 0.000 s, max = -0.000 s, min = 9223372036.855 s, total = 0.000 s
	ray::rpc::InternalPubSubGcsService.grpc_client.GcsSubscriberPoll.OnReplyReceived - 4 total (0 active), Execution time: mean = 104.423 us, total = 417.692 us, Queueing time: mean = 36.800 us, max = 50.688 us, min = 17.940 us, total = 147.199 us
	ray::rpc::InternalPubSubGcsService.grpc_client.GcsSubscriberCommandBatch - 1 total (0 active), Execution time: mean = 659.331 us, total = 659.331 us, Queueing time: mean = 0.000 s, max = -0.000 s, min = 9223372036.855 s, total = 0.000 s
	ray::rpc::NodeInfoGcsService.grpc_client.GetAllNodeInfo - 1 total (0 active), Execution time: mean = 709.953 us, total = 709.953 us, Queueing time: mean = 0.000 s, max = -0.000 s, min = 9223372036.855 s, total = 0.000 s
	ray::rpc::InternalPubSubGcsService.grpc_client.GcsSubscriberCommandBatch.OnReplyReceived - 1 total (0 active), Execution time: mean = 216.771 us, total = 216.771 us, Queueing time: mean = 13.901 us, max = 13.901 us, min = 13.901 us, total = 13.901 us
	ray::rpc::WorkerInfoGcsService.grpc_client.AddWorkerInfo - 1 total (0 active), Execution time: mean = 543.528 us, total = 543.528 us, Queueing time: mean = 0.000 s, max = -0.000 s, min = 9223372036.855 s, total = 0.000 s
	ray::rpc::WorkerInfoGcsService.grpc_client.AddWorkerInfo.OnReplyReceived - 1 total (0 active), Execution time: mean = 18.203 us, total = 18.203 us, Queueing time: mean = 9.442 us, max = 9.442 us, min = 9.442 us, total = 9.442 us
	ray::rpc::NodeInfoGcsService.grpc_client.GetAllNodeInfo.OnReplyReceived - 1 total (0 active), Execution time: mean = 80.726 us, total = 80.726 us, Queueing time: mean = 179.849 us, max = 179.849 us, min = 179.849 us, total = 179.849 us

-----------------
Task Event stats:

IO Service Stats:

Global stats: 4855 total (1 active)
Queueing time: mean = 507.504 us, max = 63.678 ms, min = -0.017 s, total = 2.464 s
Execution time:  mean = 275.875 us, total = 1.339 s
Event stats:
	ray::rpc::TaskInfoGcsService.grpc_client.AddTaskEventData - 1618 total (0 active), Execution time: mean = 657.533 us, total = 1.064 s, Queueing time: mean = 0.000 s, max = -0.000 s, min = 9223372036.855 s, total = 0.000 s
	CoreWorker.deadline_timer.flush_task_events - 1618 total (1 active), Execution time: mean = 147.636 us, total = 238.874 ms, Queueing time: mean = 1.492 ms, max = 63.678 ms, min = -0.017 s, total = 2.414 s
	ray::rpc::TaskInfoGcsService.grpc_client.AddTaskEventData.OnReplyReceived - 1618 total (0 active), Execution time: mean = 22.568 us, total = 36.514 ms, Queueing time: mean = 30.587 us, max = 256.679 us, min = 7.259 us, total = 49.489 ms
	PeriodicalRunner.RunFnPeriodically - 1 total (0 active), Execution time: mean = 95.270 us, total = 95.270 us, Queueing time: mean = 24.812 us, max = 24.812 us, min = 24.812 us, total = 24.812 us
Other Stats:
	grpc_in_progress:0
	current number of task status events in buffer: 0
	current number of profile events in buffer: 0
	current number of dropped task attempts tracked: 0
	total task events sent: 0 MiB
	total number of task attempts sent: 0
	total number of task attempts dropped reported: 0
	total number of sent failure: 0
	num status task events dropped: 0
	num profile task events dropped: 0


[2025-02-16 16:46:37,642 I 584 1170] core_worker.cc:642: Event stats:


Global stats: 24041 total (8 active)
Queueing time: mean = 291.445 us, max = 74.691 ms, min = -0.073 s, total = 7.007 s
Execution time:  mean = 62.462 ms, total = 1501.642 s
Event stats:
	CoreWorker.RecoverObjects - 16769 total (1 active), Execution time: mean = 6.250 us, total = 104.810 ms, Queueing time: mean = 183.873 us, max = 9.370 ms, min = -0.035 s, total = 3.083 s
	CoreWorker.InternalHeartbeat - 1678 total (1 active), Execution time: mean = 132.559 us, total = 222.433 ms, Queueing time: mean = 1.150 ms, max = 62.585 ms, min = -0.053 s, total = 1.930 s
	CoreWorker.ExitIfParentRayletDies - 1678 total (1 active), Execution time: mean = 8.992 us, total = 15.089 ms, Queueing time: mean = 1.208 ms, max = 62.594 ms, min = -0.067 s, total = 2.026 s
	NodeManagerService.grpc_client.ReportWorkerBacklog - 1678 total (0 active), Execution time: mean = 606.697 us, total = 1.018 s, Queueing time: mean = 0.000 s, max = -0.000 s, min = 9223372036.855 s, total = 0.000 s
	NodeManagerService.grpc_client.ReportWorkerBacklog.OnReplyReceived - 1678 total (0 active), Execution time: mean = 17.234 us, total = 28.918 ms, Queueing time: mean = 32.587 us, max = 263.369 us, min = 1.847 us, total = 54.681 ms
	CoreWorker.RecordMetrics - 336 total (1 active), Execution time: mean = 18.635 us, total = 6.261 ms, Queueing time: mean = 58.427 us, max = 74.691 ms, min = -0.066 s, total = 19.632 ms
	CoreWorker.GCStreamingGeneratorMetadata - 168 total (1 active), Execution time: mean = 4.880 us, total = 819.850 us, Queueing time: mean = 84.776 us, max = 70.646 ms, min = -0.068 s, total = 14.242 ms
	CoreWorker.PrintEventStats - 28 total (1 active, 1 running), Execution time: mean = 237.219 us, total = 6.642 ms, Queueing time: mean = -0.002 s, max = 51.688 ms, min = -0.042 s, total = -0.065 s
	PeriodicalRunner.RunFnPeriodically - 7 total (0 active), Execution time: mean = 101.351 us, total = 709.460 us, Queueing time: mean = 294.711 us, max = 669.983 us, min = 8.046 us, total = 2.063 ms
	Publisher.CheckDeadSubscribers - 6 total (1 active), Execution time: mean = 4.955 us, total = 29.731 us, Queueing time: mean = -0.010 s, max = 9.845 ms, min = -0.073 s, total = -0.059 s
	ray::rpc::InternalPubSubGcsService.grpc_client.GcsSubscriberPoll - 5 total (1 active), Execution time: mean = 300.047 s, total = 1500.235 s, Queueing time: mean = 0.000 s, max = -0.000 s, min = 9223372036.855 s, total = 0.000 s
	ray::rpc::InternalPubSubGcsService.grpc_client.GcsSubscriberPoll.OnReplyReceived - 4 total (0 active), Execution time: mean = 104.423 us, total = 417.692 us, Queueing time: mean = 36.800 us, max = 50.688 us, min = 17.940 us, total = 147.199 us
	ray::rpc::InternalPubSubGcsService.grpc_client.GcsSubscriberCommandBatch - 1 total (0 active), Execution time: mean = 659.331 us, total = 659.331 us, Queueing time: mean = 0.000 s, max = -0.000 s, min = 9223372036.855 s, total = 0.000 s
	ray::rpc::NodeInfoGcsService.grpc_client.GetAllNodeInfo - 1 total (0 active), Execution time: mean = 709.953 us, total = 709.953 us, Queueing time: mean = 0.000 s, max = -0.000 s, min = 9223372036.855 s, total = 0.000 s
	ray::rpc::InternalPubSubGcsService.grpc_client.GcsSubscriberCommandBatch.OnReplyReceived - 1 total (0 active), Execution time: mean = 216.771 us, total = 216.771 us, Queueing time: mean = 13.901 us, max = 13.901 us, min = 13.901 us, total = 13.901 us
	ray::rpc::WorkerInfoGcsService.grpc_client.AddWorkerInfo - 1 total (0 active), Execution time: mean = 543.528 us, total = 543.528 us, Queueing time: mean = 0.000 s, max = -0.000 s, min = 9223372036.855 s, total = 0.000 s
	ray::rpc::WorkerInfoGcsService.grpc_client.AddWorkerInfo.OnReplyReceived - 1 total (0 active), Execution time: mean = 18.203 us, total = 18.203 us, Queueing time: mean = 9.442 us, max = 9.442 us, min = 9.442 us, total = 9.442 us
	ray::rpc::NodeInfoGcsService.grpc_client.GetAllNodeInfo.OnReplyReceived - 1 total (0 active), Execution time: mean = 80.726 us, total = 80.726 us, Queueing time: mean = 179.849 us, max = 179.849 us, min = 179.849 us, total = 179.849 us

-----------------
Task Event stats:

IO Service Stats:

Global stats: 5035 total (1 active)
Queueing time: mean = 511.388 us, max = 63.678 ms, min = -0.017 s, total = 2.575 s
Execution time:  mean = 272.939 us, total = 1.374 s
Event stats:
	ray::rpc::TaskInfoGcsService.grpc_client.AddTaskEventData - 1678 total (0 active), Execution time: mean = 650.247 us, total = 1.091 s, Queueing time: mean = 0.000 s, max = -0.000 s, min = 9223372036.855 s, total = 0.000 s
	CoreWorker.deadline_timer.flush_task_events - 1678 total (1 active), Execution time: mean = 146.327 us, total = 245.536 ms, Queueing time: mean = 1.504 ms, max = 63.678 ms, min = -0.017 s, total = 2.524 s
	ray::rpc::TaskInfoGcsService.grpc_client.AddTaskEventData.OnReplyReceived - 1678 total (0 active), Execution time: mean = 22.349 us, total = 37.502 ms, Queueing time: mean = 30.296 us, max = 256.679 us, min = 7.259 us, total = 50.836 ms
	PeriodicalRunner.RunFnPeriodically - 1 total (0 active), Execution time: mean = 95.270 us, total = 95.270 us, Queueing time: mean = 24.812 us, max = 24.812 us, min = 24.812 us, total = 24.812 us
Other Stats:
	grpc_in_progress:0
	current number of task status events in buffer: 0
	current number of profile events in buffer: 0
	current number of dropped task attempts tracked: 0
	total task events sent: 0 MiB
	total number of task attempts sent: 0
	total number of task attempts dropped reported: 0
	total number of sent failure: 0
	num status task events dropped: 0
	num profile task events dropped: 0


[2025-02-16 16:47:37,642 I 584 1170] core_worker.cc:642: Event stats:


Global stats: 24899 total (8 active)
Queueing time: mean = 290.180 us, max = 74.691 ms, min = -0.073 s, total = 7.225 s
Execution time:  mean = 60.311 ms, total = 1501.675 s
Event stats:
	CoreWorker.RecoverObjects - 17368 total (1 active), Execution time: mean = 6.212 us, total = 107.892 ms, Queueing time: mean = 183.221 us, max = 9.370 ms, min = -0.035 s, total = 3.182 s
	CoreWorker.InternalHeartbeat - 1738 total (1 active), Execution time: mean = 131.169 us, total = 227.971 ms, Queueing time: mean = 1.165 ms, max = 62.585 ms, min = -0.053 s, total = 2.026 s
	CoreWorker.ExitIfParentRayletDies - 1738 total (1 active), Execution time: mean = 9.024 us, total = 15.684 ms, Queueing time: mean = 1.167 ms, max = 62.594 ms, min = -0.067 s, total = 2.029 s
	NodeManagerService.grpc_client.ReportWorkerBacklog - 1738 total (0 active), Execution time: mean = 599.015 us, total = 1.041 s, Queueing time: mean = 0.000 s, max = -0.000 s, min = 9223372036.855 s, total = 0.000 s
	NodeManagerService.grpc_client.ReportWorkerBacklog.OnReplyReceived - 1738 total (0 active), Execution time: mean = 17.020 us, total = 29.581 ms, Queueing time: mean = 32.279 us, max = 263.369 us, min = 1.847 us, total = 56.101 ms
	CoreWorker.RecordMetrics - 348 total (1 active), Execution time: mean = 18.703 us, total = 6.509 ms, Queueing time: mean = 57.722 us, max = 74.691 ms, min = -0.066 s, total = 20.087 ms
	CoreWorker.GCStreamingGeneratorMetadata - 174 total (1 active), Execution time: mean = 4.911 us, total = 854.530 us, Queueing time: mean = 84.859 us, max = 70.646 ms, min = -0.068 s, total = 14.765 ms
	CoreWorker.PrintEventStats - 29 total (1 active, 1 running), Execution time: mean = 237.441 us, total = 6.886 ms, Queueing time: mean = -0.002 s, max = 51.688 ms, min = -0.042 s, total = -0.046 s
	PeriodicalRunner.RunFnPeriodically - 7 total (0 active), Execution time: mean = 101.351 us, total = 709.460 us, Queueing time: mean = 294.711 us, max = 669.983 us, min = 8.046 us, total = 2.063 ms
	Publisher.CheckDeadSubscribers - 6 total (1 active), Execution time: mean = 4.955 us, total = 29.731 us, Queueing time: mean = -0.010 s, max = 9.845 ms, min = -0.073 s, total = -0.059 s
	ray::rpc::InternalPubSubGcsService.grpc_client.GcsSubscriberPoll - 5 total (1 active), Execution time: mean = 300.047 s, total = 1500.235 s, Queueing time: mean = 0.000 s, max = -0.000 s, min = 9223372036.855 s, total = 0.000 s
	ray::rpc::InternalPubSubGcsService.grpc_client.GcsSubscriberPoll.OnReplyReceived - 4 total (0 active), Execution time: mean = 104.423 us, total = 417.692 us, Queueing time: mean = 36.800 us, max = 50.688 us, min = 17.940 us, total = 147.199 us
	ray::rpc::InternalPubSubGcsService.grpc_client.GcsSubscriberCommandBatch - 1 total (0 active), Execution time: mean = 659.331 us, total = 659.331 us, Queueing time: mean = 0.000 s, max = -0.000 s, min = 9223372036.855 s, total = 0.000 s
	ray::rpc::NodeInfoGcsService.grpc_client.GetAllNodeInfo - 1 total (0 active), Execution time: mean = 709.953 us, total = 709.953 us, Queueing time: mean = 0.000 s, max = -0.000 s, min = 9223372036.855 s, total = 0.000 s
	ray::rpc::InternalPubSubGcsService.grpc_client.GcsSubscriberCommandBatch.OnReplyReceived - 1 total (0 active), Execution time: mean = 216.771 us, total = 216.771 us, Queueing time: mean = 13.901 us, max = 13.901 us, min = 13.901 us, total = 13.901 us
	ray::rpc::WorkerInfoGcsService.grpc_client.AddWorkerInfo - 1 total (0 active), Execution time: mean = 543.528 us, total = 543.528 us, Queueing time: mean = 0.000 s, max = -0.000 s, min = 9223372036.855 s, total = 0.000 s
	ray::rpc::WorkerInfoGcsService.grpc_client.AddWorkerInfo.OnReplyReceived - 1 total (0 active), Execution time: mean = 18.203 us, total = 18.203 us, Queueing time: mean = 9.442 us, max = 9.442 us, min = 9.442 us, total = 9.442 us
	ray::rpc::NodeInfoGcsService.grpc_client.GetAllNodeInfo.OnReplyReceived - 1 total (0 active), Execution time: mean = 80.726 us, total = 80.726 us, Queueing time: mean = 179.849 us, max = 179.849 us, min = 179.849 us, total = 179.849 us

-----------------
Task Event stats:

IO Service Stats:

Global stats: 5215 total (1 active)
Queueing time: mean = 511.108 us, max = 63.678 ms, min = -0.017 s, total = 2.665 s
Execution time:  mean = 269.905 us, total = 1.408 s
Event stats:
	ray::rpc::TaskInfoGcsService.grpc_client.AddTaskEventData - 1738 total (0 active), Execution time: mean = 642.650 us, total = 1.117 s, Queueing time: mean = 0.000 s, max = -0.000 s, min = 9223372036.855 s, total = 0.000 s
	CoreWorker.deadline_timer.flush_task_events - 1738 total (1 active), Execution time: mean = 145.048 us, total = 252.093 ms, Queueing time: mean = 1.504 ms, max = 63.678 ms, min = -0.017 s, total = 2.613 s
	ray::rpc::TaskInfoGcsService.grpc_client.AddTaskEventData.OnReplyReceived - 1738 total (0 active), Execution time: mean = 22.118 us, total = 38.440 ms, Queueing time: mean = 30.039 us, max = 256.679 us, min = 7.259 us, total = 52.207 ms
	PeriodicalRunner.RunFnPeriodically - 1 total (0 active), Execution time: mean = 95.270 us, total = 95.270 us, Queueing time: mean = 24.812 us, max = 24.812 us, min = 24.812 us, total = 24.812 us
Other Stats:
	grpc_in_progress:0
	current number of task status events in buffer: 0
	current number of profile events in buffer: 0
	current number of dropped task attempts tracked: 0
	total task events sent: 0 MiB
	total number of task attempts sent: 0
	total number of task attempts dropped reported: 0
	total number of sent failure: 0
	num status task events dropped: 0
	num profile task events dropped: 0


[2025-02-16 16:48:37,642 I 584 1170] core_worker.cc:642: Event stats:


Global stats: 25757 total (8 active)
Queueing time: mean = 289.095 us, max = 74.691 ms, min = -0.073 s, total = 7.446 s
Execution time:  mean = 58.303 ms, total = 1501.708 s
Event stats:
	CoreWorker.RecoverObjects - 17966 total (1 active), Execution time: mean = 6.166 us, total = 110.774 ms, Queueing time: mean = 183.062 us, max = 9.370 ms, min = -0.035 s, total = 3.289 s
	CoreWorker.InternalHeartbeat - 1798 total (1 active), Execution time: mean = 129.742 us, total = 233.275 ms, Queueing time: mean = 1.184 ms, max = 62.585 ms, min = -0.053 s, total = 2.129 s
	CoreWorker.ExitIfParentRayletDies - 1798 total (1 active), Execution time: mean = 9.025 us, total = 16.228 ms, Queueing time: mean = 1.130 ms, max = 62.594 ms, min = -0.067 s, total = 2.032 s
	NodeManagerService.grpc_client.ReportWorkerBacklog - 1798 total (0 active), Execution time: mean = 591.663 us, total = 1.064 s, Queueing time: mean = 0.000 s, max = -0.000 s, min = 9223372036.855 s, total = 0.000 s
	NodeManagerService.grpc_client.ReportWorkerBacklog.OnReplyReceived - 1798 total (0 active), Execution time: mean = 16.800 us, total = 30.207 ms, Queueing time: mean = 31.916 us, max = 263.369 us, min = 1.847 us, total = 57.384 ms
	CoreWorker.RecordMetrics - 360 total (1 active), Execution time: mean = 18.594 us, total = 6.694 ms, Queueing time: mean = 57.360 us, max = 74.691 ms, min = -0.066 s, total = 20.650 ms
	CoreWorker.GCStreamingGeneratorMetadata - 180 total (1 active), Execution time: mean = 4.846 us, total = 872.368 us, Queueing time: mean = 83.015 us, max = 70.646 ms, min = -0.068 s, total = 14.943 ms
	CoreWorker.PrintEventStats - 30 total (1 active, 1 running), Execution time: mean = 235.996 us, total = 7.080 ms, Queueing time: mean = -0.002 s, max = 51.688 ms, min = -0.042 s, total = -0.048 s
	Publisher.CheckDeadSubscribers - 7 total (1 active), Execution time: mean = 4.703 us, total = 32.918 us, Queueing time: mean = -0.007 s, max = 9.845 ms, min = -0.073 s, total = -0.051 s
	PeriodicalRunner.RunFnPeriodically - 7 total (0 active), Execution time: mean = 101.351 us, total = 709.460 us, Queueing time: mean = 294.711 us, max = 669.983 us, min = 8.046 us, total = 2.063 ms
	ray::rpc::InternalPubSubGcsService.grpc_client.GcsSubscriberPoll - 5 total (1 active), Execution time: mean = 300.047 s, total = 1500.235 s, Queueing time: mean = 0.000 s, max = -0.000 s, min = 9223372036.855 s, total = 0.000 s
	ray::rpc::InternalPubSubGcsService.grpc_client.GcsSubscriberPoll.OnReplyReceived - 4 total (0 active), Execution time: mean = 104.423 us, total = 417.692 us, Queueing time: mean = 36.800 us, max = 50.688 us, min = 17.940 us, total = 147.199 us
	ray::rpc::InternalPubSubGcsService.grpc_client.GcsSubscriberCommandBatch - 1 total (0 active), Execution time: mean = 659.331 us, total = 659.331 us, Queueing time: mean = 0.000 s, max = -0.000 s, min = 9223372036.855 s, total = 0.000 s
	ray::rpc::NodeInfoGcsService.grpc_client.GetAllNodeInfo - 1 total (0 active), Execution time: mean = 709.953 us, total = 709.953 us, Queueing time: mean = 0.000 s, max = -0.000 s, min = 9223372036.855 s, total = 0.000 s
	ray::rpc::InternalPubSubGcsService.grpc_client.GcsSubscriberCommandBatch.OnReplyReceived - 1 total (0 active), Execution time: mean = 216.771 us, total = 216.771 us, Queueing time: mean = 13.901 us, max = 13.901 us, min = 13.901 us, total = 13.901 us
	ray::rpc::WorkerInfoGcsService.grpc_client.AddWorkerInfo - 1 total (0 active), Execution time: mean = 543.528 us, total = 543.528 us, Queueing time: mean = 0.000 s, max = -0.000 s, min = 9223372036.855 s, total = 0.000 s
	ray::rpc::WorkerInfoGcsService.grpc_client.AddWorkerInfo.OnReplyReceived - 1 total (0 active), Execution time: mean = 18.203 us, total = 18.203 us, Queueing time: mean = 9.442 us, max = 9.442 us, min = 9.442 us, total = 9.442 us
	ray::rpc::NodeInfoGcsService.grpc_client.GetAllNodeInfo.OnReplyReceived - 1 total (0 active), Execution time: mean = 80.726 us, total = 80.726 us, Queueing time: mean = 179.849 us, max = 179.849 us, min = 179.849 us, total = 179.849 us

-----------------
Task Event stats:

IO Service Stats:

Global stats: 5392 total (1 active)
Queueing time: mean = 513.108 us, max = 63.678 ms, min = -0.017 s, total = 2.767 s
Execution time:  mean = 267.160 us, total = 1.441 s
Event stats:
	ray::rpc::TaskInfoGcsService.grpc_client.AddTaskEventData - 1797 total (0 active), Execution time: mean = 635.868 us, total = 1.143 s, Queueing time: mean = 0.000 s, max = -0.000 s, min = 9223372036.855 s, total = 0.000 s
	CoreWorker.deadline_timer.flush_task_events - 1797 total (1 active), Execution time: mean = 143.795 us, total = 258.400 ms, Queueing time: mean = 1.510 ms, max = 63.678 ms, min = -0.017 s, total = 2.713 s
	ray::rpc::TaskInfoGcsService.grpc_client.AddTaskEventData.OnReplyReceived - 1797 total (0 active), Execution time: mean = 21.912 us, total = 39.377 ms, Queueing time: mean = 29.773 us, max = 256.679 us, min = 7.259 us, total = 53.502 ms
	PeriodicalRunner.RunFnPeriodically - 1 total (0 active), Execution time: mean = 95.270 us, total = 95.270 us, Queueing time: mean = 24.812 us, max = 24.812 us, min = 24.812 us, total = 24.812 us
Other Stats:
	grpc_in_progress:0
	current number of task status events in buffer: 0
	current number of profile events in buffer: 0
	current number of dropped task attempts tracked: 0
	total task events sent: 0 MiB
	total number of task attempts sent: 0
	total number of task attempts dropped reported: 0
	total number of sent failure: 0
	num status task events dropped: 0
	num profile task events dropped: 0


[2025-02-16 16:49:37,642 I 584 1170] core_worker.cc:642: Event stats:


Global stats: 26617 total (8 active)
Queueing time: mean = 287.880 us, max = 74.691 ms, min = -0.073 s, total = 7.662 s
Execution time:  mean = 67.711 ms, total = 1802.258 s
Event stats:
	CoreWorker.RecoverObjects - 18565 total (1 active), Execution time: mean = 6.138 us, total = 113.948 ms, Queueing time: mean = 183.164 us, max = 9.370 ms, min = -0.035 s, total = 3.400 s
	CoreWorker.InternalHeartbeat - 1858 total (1 active), Execution time: mean = 129.107 us, total = 239.880 ms, Queueing time: mean = 1.200 ms, max = 62.585 ms, min = -0.053 s, total = 2.230 s
	CoreWorker.ExitIfParentRayletDies - 1858 total (1 active), Execution time: mean = 9.055 us, total = 16.823 ms, Queueing time: mean = 1.095 ms, max = 62.594 ms, min = -0.067 s, total = 2.035 s
	NodeManagerService.grpc_client.ReportWorkerBacklog - 1858 total (0 active), Execution time: mean = 586.301 us, total = 1.089 s, Queueing time: mean = 0.000 s, max = -0.000 s, min = 9223372036.855 s, total = 0.000 s
	NodeManagerService.grpc_client.ReportWorkerBacklog.OnReplyReceived - 1858 total (0 active), Execution time: mean = 16.703 us, total = 31.033 ms, Queueing time: mean = 31.605 us, max = 263.369 us, min = 1.847 us, total = 58.722 ms
	CoreWorker.RecordMetrics - 372 total (1 active), Execution time: mean = 18.552 us, total = 6.901 ms, Queueing time: mean = 56.073 us, max = 74.691 ms, min = -0.066 s, total = 20.859 ms
	CoreWorker.GCStreamingGeneratorMetadata - 186 total (1 active), Execution time: mean = 4.762 us, total = 885.693 us, Queueing time: mean = 81.036 us, max = 70.646 ms, min = -0.068 s, total = 15.073 ms
	CoreWorker.PrintEventStats - 31 total (1 active, 1 running), Execution time: mean = 233.208 us, total = 7.229 ms, Queueing time: mean = -0.002 s, max = 51.688 ms, min = -0.042 s, total = -0.049 s
	Publisher.CheckDeadSubscribers - 7 total (1 active), Execution time: mean = 4.703 us, total = 32.918 us, Queueing time: mean = -0.007 s, max = 9.845 ms, min = -0.073 s, total = -0.051 s
	PeriodicalRunner.RunFnPeriodically - 7 total (0 active), Execution time: mean = 101.351 us, total = 709.460 us, Queueing time: mean = 294.711 us, max = 669.983 us, min = 8.046 us, total = 2.063 ms
	ray::rpc::InternalPubSubGcsService.grpc_client.GcsSubscriberPoll - 6 total (1 active), Execution time: mean = 300.125 s, total = 1800.748 s, Queueing time: mean = 0.000 s, max = -0.000 s, min = 9223372036.855 s, total = 0.000 s
	ray::rpc::InternalPubSubGcsService.grpc_client.GcsSubscriberPoll.OnReplyReceived - 5 total (0 active), Execution time: mean = 98.212 us, total = 491.062 us, Queueing time: mean = 39.700 us, max = 51.299 us, min = 17.940 us, total = 198.498 us
	ray::rpc::InternalPubSubGcsService.grpc_client.GcsSubscriberCommandBatch - 1 total (0 active), Execution time: mean = 659.331 us, total = 659.331 us, Queueing time: mean = 0.000 s, max = -0.000 s, min = 9223372036.855 s, total = 0.000 s
	ray::rpc::NodeInfoGcsService.grpc_client.GetAllNodeInfo - 1 total (0 active), Execution time: mean = 709.953 us, total = 709.953 us, Queueing time: mean = 0.000 s, max = -0.000 s, min = 9223372036.855 s, total = 0.000 s
	ray::rpc::InternalPubSubGcsService.grpc_client.GcsSubscriberCommandBatch.OnReplyReceived - 1 total (0 active), Execution time: mean = 216.771 us, total = 216.771 us, Queueing time: mean = 13.901 us, max = 13.901 us, min = 13.901 us, total = 13.901 us
	ray::rpc::WorkerInfoGcsService.grpc_client.AddWorkerInfo - 1 total (0 active), Execution time: mean = 543.528 us, total = 543.528 us, Queueing time: mean = 0.000 s, max = -0.000 s, min = 9223372036.855 s, total = 0.000 s
	ray::rpc::WorkerInfoGcsService.grpc_client.AddWorkerInfo.OnReplyReceived - 1 total (0 active), Execution time: mean = 18.203 us, total = 18.203 us, Queueing time: mean = 9.442 us, max = 9.442 us, min = 9.442 us, total = 9.442 us
	ray::rpc::NodeInfoGcsService.grpc_client.GetAllNodeInfo.OnReplyReceived - 1 total (0 active), Execution time: mean = 80.726 us, total = 80.726 us, Queueing time: mean = 179.849 us, max = 179.849 us, min = 179.849 us, total = 179.849 us

-----------------
Task Event stats:

IO Service Stats:

Global stats: 5572 total (1 active)
Queueing time: mean = 513.662 us, max = 63.678 ms, min = -0.017 s, total = 2.862 s
Execution time:  mean = 264.550 us, total = 1.474 s
Event stats:
	ray::rpc::TaskInfoGcsService.grpc_client.AddTaskEventData - 1857 total (0 active), Execution time: mean = 629.297 us, total = 1.169 s, Queueing time: mean = 0.000 s, max = -0.000 s, min = 9223372036.855 s, total = 0.000 s
	CoreWorker.deadline_timer.flush_task_events - 1857 total (1 active), Execution time: mean = 142.696 us, total = 264.986 ms, Queueing time: mean = 1.512 ms, max = 63.678 ms, min = -0.017 s, total = 2.807 s
	ray::rpc::TaskInfoGcsService.grpc_client.AddTaskEventData.OnReplyReceived - 1857 total (0 active), Execution time: mean = 21.748 us, total = 40.386 ms, Queueing time: mean = 29.697 us, max = 256.679 us, min = 7.259 us, total = 55.148 ms
	PeriodicalRunner.RunFnPeriodically - 1 total (0 active), Execution time: mean = 95.270 us, total = 95.270 us, Queueing time: mean = 24.812 us, max = 24.812 us, min = 24.812 us, total = 24.812 us
Other Stats:
	grpc_in_progress:0
	current number of task status events in buffer: 0
	current number of profile events in buffer: 0
	current number of dropped task attempts tracked: 0
	total task events sent: 0 MiB
	total number of task attempts sent: 0
	total number of task attempts dropped reported: 0
	total number of sent failure: 0
	num status task events dropped: 0
	num profile task events dropped: 0


[2025-02-16 16:50:37,643 I 584 1170] core_worker.cc:642: Event stats:


Global stats: 27475 total (8 active)
Queueing time: mean = 286.594 us, max = 74.691 ms, min = -0.073 s, total = 7.874 s
Execution time:  mean = 65.598 ms, total = 1802.296 s
Event stats:
	CoreWorker.RecoverObjects - 19164 total (1 active), Execution time: mean = 6.106 us, total = 117.007 ms, Queueing time: mean = 182.489 us, max = 9.370 ms, min = -0.035 s, total = 3.497 s
	CoreWorker.InternalHeartbeat - 1918 total (1 active), Execution time: mean = 128.448 us, total = 246.363 ms, Queueing time: mean = 1.214 ms, max = 62.585 ms, min = -0.053 s, total = 2.329 s
	CoreWorker.ExitIfParentRayletDies - 1918 total (1 active), Execution time: mean = 9.040 us, total = 17.338 ms, Queueing time: mean = 1.063 ms, max = 62.594 ms, min = -0.067 s, total = 2.039 s
	NodeManagerService.grpc_client.ReportWorkerBacklog - 1918 total (0 active), Execution time: mean = 581.715 us, total = 1.116 s, Queueing time: mean = 0.000 s, max = -0.000 s, min = 9223372036.855 s, total = 0.000 s
	NodeManagerService.grpc_client.ReportWorkerBacklog.OnReplyReceived - 1918 total (0 active), Execution time: mean = 16.892 us, total = 32.398 ms, Queueing time: mean = 31.364 us, max = 263.369 us, min = 1.847 us, total = 60.157 ms
	CoreWorker.RecordMetrics - 384 total (1 active), Execution time: mean = 18.537 us, total = 7.118 ms, Queueing time: mean = 56.074 us, max = 74.691 ms, min = -0.066 s, total = 21.532 ms
	CoreWorker.GCStreamingGeneratorMetadata - 192 total (1 active), Execution time: mean = 4.726 us, total = 907.414 us, Queueing time: mean = 78.269 us, max = 70.646 ms, min = -0.068 s, total = 15.028 ms
	CoreWorker.PrintEventStats - 32 total (1 active, 1 running), Execution time: mean = 239.296 us, total = 7.657 ms, Queueing time: mean = -0.001 s, max = 51.688 ms, min = -0.042 s, total = -0.039 s
	Publisher.CheckDeadSubscribers - 7 total (1 active), Execution time: mean = 4.703 us, total = 32.918 us, Queueing time: mean = -0.007 s, max = 9.845 ms, min = -0.073 s, total = -0.051 s
	PeriodicalRunner.RunFnPeriodically - 7 total (0 active), Execution time: mean = 101.351 us, total = 709.460 us, Queueing time: mean = 294.711 us, max = 669.983 us, min = 8.046 us, total = 2.063 ms
	ray::rpc::InternalPubSubGcsService.grpc_client.GcsSubscriberPoll - 6 total (1 active), Execution time: mean = 300.125 s, total = 1800.748 s, Queueing time: mean = 0.000 s, max = -0.000 s, min = 9223372036.855 s, total = 0.000 s
	ray::rpc::InternalPubSubGcsService.grpc_client.GcsSubscriberPoll.OnReplyReceived - 5 total (0 active), Execution time: mean = 98.212 us, total = 491.062 us, Queueing time: mean = 39.700 us, max = 51.299 us, min = 17.940 us, total = 198.498 us
	ray::rpc::InternalPubSubGcsService.grpc_client.GcsSubscriberCommandBatch - 1 total (0 active), Execution time: mean = 659.331 us, total = 659.331 us, Queueing time: mean = 0.000 s, max = -0.000 s, min = 9223372036.855 s, total = 0.000 s
	ray::rpc::NodeInfoGcsService.grpc_client.GetAllNodeInfo - 1 total (0 active), Execution time: mean = 709.953 us, total = 709.953 us, Queueing time: mean = 0.000 s, max = -0.000 s, min = 9223372036.855 s, total = 0.000 s
	ray::rpc::InternalPubSubGcsService.grpc_client.GcsSubscriberCommandBatch.OnReplyReceived - 1 total (0 active), Execution time: mean = 216.771 us, total = 216.771 us, Queueing time: mean = 13.901 us, max = 13.901 us, min = 13.901 us, total = 13.901 us
	ray::rpc::WorkerInfoGcsService.grpc_client.AddWorkerInfo - 1 total (0 active), Execution time: mean = 543.528 us, total = 543.528 us, Queueing time: mean = 0.000 s, max = -0.000 s, min = 9223372036.855 s, total = 0.000 s
	ray::rpc::WorkerInfoGcsService.grpc_client.AddWorkerInfo.OnReplyReceived - 1 total (0 active), Execution time: mean = 18.203 us, total = 18.203 us, Queueing time: mean = 9.442 us, max = 9.442 us, min = 9.442 us, total = 9.442 us
	ray::rpc::NodeInfoGcsService.grpc_client.GetAllNodeInfo.OnReplyReceived - 1 total (0 active), Execution time: mean = 80.726 us, total = 80.726 us, Queueing time: mean = 179.849 us, max = 179.849 us, min = 179.849 us, total = 179.849 us

-----------------
Task Event stats:

IO Service Stats:

Global stats: 5752 total (1 active)
Queueing time: mean = 513.984 us, max = 63.678 ms, min = -0.017 s, total = 2.956 s
Execution time:  mean = 261.932 us, total = 1.507 s
Event stats:
	ray::rpc::TaskInfoGcsService.grpc_client.AddTaskEventData - 1917 total (0 active), Execution time: mean = 622.957 us, total = 1.194 s, Queueing time: mean = 0.000 s, max = -0.000 s, min = 9223372036.855 s, total = 0.000 s
	CoreWorker.deadline_timer.flush_task_events - 1917 total (1 active), Execution time: mean = 141.320 us, total = 270.911 ms, Queueing time: mean = 1.513 ms, max = 63.678 ms, min = -0.017 s, total = 2.900 s
	ray::rpc::TaskInfoGcsService.grpc_client.AddTaskEventData.OnReplyReceived - 1917 total (0 active), Execution time: mean = 21.605 us, total = 41.417 ms, Queueing time: mean = 29.520 us, max = 256.679 us, min = 7.259 us, total = 56.590 ms
	PeriodicalRunner.RunFnPeriodically - 1 total (0 active), Execution time: mean = 95.270 us, total = 95.270 us, Queueing time: mean = 24.812 us, max = 24.812 us, min = 24.812 us, total = 24.812 us
Other Stats:
	grpc_in_progress:0
	current number of task status events in buffer: 0
	current number of profile events in buffer: 0
	current number of dropped task attempts tracked: 0
	total task events sent: 0 MiB
	total number of task attempts sent: 0
	total number of task attempts dropped reported: 0
	total number of sent failure: 0
	num status task events dropped: 0
	num profile task events dropped: 0


[2025-02-16 16:51:37,643 I 584 1170] core_worker.cc:642: Event stats:


Global stats: 28333 total (8 active)
Queueing time: mean = 285.229 us, max = 74.691 ms, min = -0.073 s, total = 8.081 s
Execution time:  mean = 63.612 ms, total = 1802.332 s
Event stats:
	CoreWorker.RecoverObjects - 19763 total (1 active), Execution time: mean = 6.068 us, total = 119.918 ms, Queueing time: mean = 182.486 us, max = 9.370 ms, min = -0.035 s, total = 3.606 s
	CoreWorker.InternalHeartbeat - 1978 total (1 active), Execution time: mean = 127.492 us, total = 252.178 ms, Queueing time: mean = 1.231 ms, max = 62.585 ms, min = -0.053 s, total = 2.434 s
	CoreWorker.ExitIfParentRayletDies - 1978 total (1 active), Execution time: mean = 9.021 us, total = 17.843 ms, Queueing time: mean = 1.032 ms, max = 62.594 ms, min = -0.067 s, total = 2.042 s
	NodeManagerService.grpc_client.ReportWorkerBacklog - 1978 total (0 active), Execution time: mean = 576.683 us, total = 1.141 s, Queueing time: mean = 0.000 s, max = -0.000 s, min = 9223372036.855 s, total = 0.000 s
	NodeManagerService.grpc_client.ReportWorkerBacklog.OnReplyReceived - 1978 total (0 active), Execution time: mean = 16.728 us, total = 33.088 ms, Queueing time: mean = 31.146 us, max = 263.369 us, min = 1.847 us, total = 61.607 ms
	CoreWorker.RecordMetrics - 396 total (1 active), Execution time: mean = 18.414 us, total = 7.292 ms, Queueing time: mean = 54.513 us, max = 74.691 ms, min = -0.066 s, total = 21.587 ms
	CoreWorker.GCStreamingGeneratorMetadata - 198 total (1 active), Execution time: mean = 4.685 us, total = 927.692 us, Queueing time: mean = 79.156 us, max = 70.646 ms, min = -0.068 s, total = 15.673 ms
	CoreWorker.PrintEventStats - 33 total (1 active, 1 running), Execution time: mean = 241.592 us, total = 7.973 ms, Queueing time: mean = -0.002 s, max = 51.688 ms, min = -0.042 s, total = -0.051 s
	Publisher.CheckDeadSubscribers - 7 total (1 active), Execution time: mean = 4.703 us, total = 32.918 us, Queueing time: mean = -0.007 s, max = 9.845 ms, min = -0.073 s, total = -0.051 s
	PeriodicalRunner.RunFnPeriodically - 7 total (0 active), Execution time: mean = 101.351 us, total = 709.460 us, Queueing time: mean = 294.711 us, max = 669.983 us, min = 8.046 us, total = 2.063 ms
	ray::rpc::InternalPubSubGcsService.grpc_client.GcsSubscriberPoll - 6 total (1 active), Execution time: mean = 300.125 s, total = 1800.748 s, Queueing time: mean = 0.000 s, max = -0.000 s, min = 9223372036.855 s, total = 0.000 s
	ray::rpc::InternalPubSubGcsService.grpc_client.GcsSubscriberPoll.OnReplyReceived - 5 total (0 active), Execution time: mean = 98.212 us, total = 491.062 us, Queueing time: mean = 39.700 us, max = 51.299 us, min = 17.940 us, total = 198.498 us
	ray::rpc::InternalPubSubGcsService.grpc_client.GcsSubscriberCommandBatch - 1 total (0 active), Execution time: mean = 659.331 us, total = 659.331 us, Queueing time: mean = 0.000 s, max = -0.000 s, min = 9223372036.855 s, total = 0.000 s
	ray::rpc::NodeInfoGcsService.grpc_client.GetAllNodeInfo - 1 total (0 active), Execution time: mean = 709.953 us, total = 709.953 us, Queueing time: mean = 0.000 s, max = -0.000 s, min = 9223372036.855 s, total = 0.000 s
	ray::rpc::InternalPubSubGcsService.grpc_client.GcsSubscriberCommandBatch.OnReplyReceived - 1 total (0 active), Execution time: mean = 216.771 us, total = 216.771 us, Queueing time: mean = 13.901 us, max = 13.901 us, min = 13.901 us, total = 13.901 us
	ray::rpc::WorkerInfoGcsService.grpc_client.AddWorkerInfo - 1 total (0 active), Execution time: mean = 543.528 us, total = 543.528 us, Queueing time: mean = 0.000 s, max = -0.000 s, min = 9223372036.855 s, total = 0.000 s
	ray::rpc::WorkerInfoGcsService.grpc_client.AddWorkerInfo.OnReplyReceived - 1 total (0 active), Execution time: mean = 18.203 us, total = 18.203 us, Queueing time: mean = 9.442 us, max = 9.442 us, min = 9.442 us, total = 9.442 us
	ray::rpc::NodeInfoGcsService.grpc_client.GetAllNodeInfo.OnReplyReceived - 1 total (0 active), Execution time: mean = 80.726 us, total = 80.726 us, Queueing time: mean = 179.849 us, max = 179.849 us, min = 179.849 us, total = 179.849 us

-----------------
Task Event stats:

IO Service Stats:

Global stats: 5932 total (1 active)
Queueing time: mean = 515.126 us, max = 63.678 ms, min = -0.017 s, total = 3.056 s
Execution time:  mean = 259.406 us, total = 1.539 s
Event stats:
	ray::rpc::TaskInfoGcsService.grpc_client.AddTaskEventData - 1977 total (0 active), Execution time: mean = 616.804 us, total = 1.219 s, Queueing time: mean = 0.000 s, max = -0.000 s, min = 9223372036.855 s, total = 0.000 s
	CoreWorker.deadline_timer.flush_task_events - 1977 total (1 active), Execution time: mean = 140.067 us, total = 276.913 ms, Queueing time: mean = 1.516 ms, max = 63.678 ms, min = -0.017 s, total = 2.998 s
	ray::rpc::TaskInfoGcsService.grpc_client.AddTaskEventData.OnReplyReceived - 1977 total (0 active), Execution time: mean = 21.430 us, total = 42.367 ms, Queueing time: mean = 29.394 us, max = 256.679 us, min = 7.259 us, total = 58.111 ms
	PeriodicalRunner.RunFnPeriodically - 1 total (0 active), Execution time: mean = 95.270 us, total = 95.270 us, Queueing time: mean = 24.812 us, max = 24.812 us, min = 24.812 us, total = 24.812 us
Other Stats:
	grpc_in_progress:0
	current number of task status events in buffer: 0
	current number of profile events in buffer: 0
	current number of dropped task attempts tracked: 0
	total task events sent: 0 MiB
	total number of task attempts sent: 0
	total number of task attempts dropped reported: 0
	total number of sent failure: 0
	num status task events dropped: 0
	num profile task events dropped: 0


[2025-02-16 16:52:37,643 I 584 1170] core_worker.cc:642: Event stats:


Global stats: 29191 total (8 active)
Queueing time: mean = 284.438 us, max = 74.691 ms, min = -0.073 s, total = 8.303 s
Execution time:  mean = 61.744 ms, total = 1802.374 s
Event stats:
	CoreWorker.RecoverObjects - 20362 total (1 active), Execution time: mean = 6.029 us, total = 122.753 ms, Queueing time: mean = 182.449 us, max = 9.370 ms, min = -0.035 s, total = 3.715 s
	CoreWorker.InternalHeartbeat - 2038 total (1 active), Execution time: mean = 127.588 us, total = 260.024 ms, Queueing time: mean = 1.245 ms, max = 62.585 ms, min = -0.053 s, total = 2.537 s
	CoreWorker.ExitIfParentRayletDies - 2038 total (1 active), Execution time: mean = 9.020 us, total = 18.382 ms, Queueing time: mean = 1.003 ms, max = 62.594 ms, min = -0.067 s, total = 2.045 s
	NodeManagerService.grpc_client.ReportWorkerBacklog - 2038 total (0 active), Execution time: mean = 574.540 us, total = 1.171 s, Queueing time: mean = 0.000 s, max = -0.000 s, min = 9223372036.855 s, total = 0.000 s
	NodeManagerService.grpc_client.ReportWorkerBacklog.OnReplyReceived - 2038 total (0 active), Execution time: mean = 16.645 us, total = 33.923 ms, Queueing time: mean = 30.997 us, max = 263.369 us, min = 1.847 us, total = 63.172 ms
	CoreWorker.RecordMetrics - 408 total (1 active), Execution time: mean = 18.325 us, total = 7.477 ms, Queueing time: mean = 55.338 us, max = 74.691 ms, min = -0.066 s, total = 22.578 ms
	CoreWorker.GCStreamingGeneratorMetadata - 204 total (1 active), Execution time: mean = 4.635 us, total = 945.484 us, Queueing time: mean = 75.911 us, max = 70.646 ms, min = -0.068 s, total = 15.486 ms
	CoreWorker.PrintEventStats - 34 total (1 active, 1 running), Execution time: mean = 243.868 us, total = 8.292 ms, Queueing time: mean = -0.001 s, max = 51.688 ms, min = -0.042 s, total = -0.047 s
	Publisher.CheckDeadSubscribers - 7 total (1 active), Execution time: mean = 4.703 us, total = 32.918 us, Queueing time: mean = -0.007 s, max = 9.845 ms, min = -0.073 s, total = -0.051 s
	PeriodicalRunner.RunFnPeriodically - 7 total (0 active), Execution time: mean = 101.351 us, total = 709.460 us, Queueing time: mean = 294.711 us, max = 669.983 us, min = 8.046 us, total = 2.063 ms
	ray::rpc::InternalPubSubGcsService.grpc_client.GcsSubscriberPoll - 6 total (1 active), Execution time: mean = 300.125 s, total = 1800.748 s, Queueing time: mean = 0.000 s, max = -0.000 s, min = 9223372036.855 s, total = 0.000 s
	ray::rpc::InternalPubSubGcsService.grpc_client.GcsSubscriberPoll.OnReplyReceived - 5 total (0 active), Execution time: mean = 98.212 us, total = 491.062 us, Queueing time: mean = 39.700 us, max = 51.299 us, min = 17.940 us, total = 198.498 us
	ray::rpc::InternalPubSubGcsService.grpc_client.GcsSubscriberCommandBatch - 1 total (0 active), Execution time: mean = 659.331 us, total = 659.331 us, Queueing time: mean = 0.000 s, max = -0.000 s, min = 9223372036.855 s, total = 0.000 s
	ray::rpc::NodeInfoGcsService.grpc_client.GetAllNodeInfo - 1 total (0 active), Execution time: mean = 709.953 us, total = 709.953 us, Queueing time: mean = 0.000 s, max = -0.000 s, min = 9223372036.855 s, total = 0.000 s
	ray::rpc::InternalPubSubGcsService.grpc_client.GcsSubscriberCommandBatch.OnReplyReceived - 1 total (0 active), Execution time: mean = 216.771 us, total = 216.771 us, Queueing time: mean = 13.901 us, max = 13.901 us, min = 13.901 us, total = 13.901 us
	ray::rpc::WorkerInfoGcsService.grpc_client.AddWorkerInfo - 1 total (0 active), Execution time: mean = 543.528 us, total = 543.528 us, Queueing time: mean = 0.000 s, max = -0.000 s, min = 9223372036.855 s, total = 0.000 s
	ray::rpc::WorkerInfoGcsService.grpc_client.AddWorkerInfo.OnReplyReceived - 1 total (0 active), Execution time: mean = 18.203 us, total = 18.203 us, Queueing time: mean = 9.442 us, max = 9.442 us, min = 9.442 us, total = 9.442 us
	ray::rpc::NodeInfoGcsService.grpc_client.GetAllNodeInfo.OnReplyReceived - 1 total (0 active), Execution time: mean = 80.726 us, total = 80.726 us, Queueing time: mean = 179.849 us, max = 179.849 us, min = 179.849 us, total = 179.849 us

-----------------
Task Event stats:

IO Service Stats:

Global stats: 6112 total (1 active)
Queueing time: mean = 516.369 us, max = 63.678 ms, min = -0.017 s, total = 3.156 s
Execution time:  mean = 257.144 us, total = 1.572 s
Event stats:
	ray::rpc::TaskInfoGcsService.grpc_client.AddTaskEventData - 2037 total (0 active), Execution time: mean = 611.276 us, total = 1.245 s, Queueing time: mean = 0.000 s, max = -0.000 s, min = 9223372036.855 s, total = 0.000 s
	CoreWorker.deadline_timer.flush_task_events - 2037 total (1 active), Execution time: mean = 138.969 us, total = 283.079 ms, Queueing time: mean = 1.520 ms, max = 63.678 ms, min = -0.017 s, total = 3.097 s
	ray::rpc::TaskInfoGcsService.grpc_client.AddTaskEventData.OnReplyReceived - 2037 total (0 active), Execution time: mean = 21.267 us, total = 43.320 ms, Queueing time: mean = 29.186 us, max = 256.679 us, min = 7.259 us, total = 59.452 ms
	PeriodicalRunner.RunFnPeriodically - 1 total (0 active), Execution time: mean = 95.270 us, total = 95.270 us, Queueing time: mean = 24.812 us, max = 24.812 us, min = 24.812 us, total = 24.812 us
Other Stats:
	grpc_in_progress:0
	current number of task status events in buffer: 0
	current number of profile events in buffer: 0
	current number of dropped task attempts tracked: 0
	total task events sent: 0 MiB
	total number of task attempts sent: 0
	total number of task attempts dropped reported: 0
	total number of sent failure: 0
	num status task events dropped: 0
	num profile task events dropped: 0


[2025-02-16 16:53:37,644 I 584 1170] core_worker.cc:642: Event stats:


Global stats: 30050 total (8 active)
Queueing time: mean = 283.677 us, max = 74.691 ms, min = -0.073 s, total = 8.524 s
Execution time:  mean = 59.981 ms, total = 1802.418 s
Event stats:
	CoreWorker.RecoverObjects - 20961 total (1 active), Execution time: mean = 6.003 us, total = 125.829 ms, Queueing time: mean = 182.626 us, max = 9.370 ms, min = -0.035 s, total = 3.828 s
	CoreWorker.InternalHeartbeat - 2098 total (1 active), Execution time: mean = 127.651 us, total = 267.813 ms, Queueing time: mean = 1.261 ms, max = 62.585 ms, min = -0.053 s, total = 2.645 s
	CoreWorker.ExitIfParentRayletDies - 2098 total (1 active), Execution time: mean = 9.014 us, total = 18.912 ms, Queueing time: mean = 976.143 us, max = 62.594 ms, min = -0.067 s, total = 2.048 s
	NodeManagerService.grpc_client.ReportWorkerBacklog - 2098 total (0 active), Execution time: mean = 572.648 us, total = 1.201 s, Queueing time: mean = 0.000 s, max = -0.000 s, min = 9223372036.855 s, total = 0.000 s
	NodeManagerService.grpc_client.ReportWorkerBacklog.OnReplyReceived - 2098 total (0 active), Execution time: mean = 16.550 us, total = 34.721 ms, Queueing time: mean = 30.836 us, max = 263.369 us, min = 1.847 us, total = 64.695 ms
	CoreWorker.RecordMetrics - 420 total (1 active), Execution time: mean = 18.236 us, total = 7.659 ms, Queueing time: mean = 53.567 us, max = 74.691 ms, min = -0.066 s, total = 22.498 ms
	CoreWorker.GCStreamingGeneratorMetadata - 210 total (1 active), Execution time: mean = 4.605 us, total = 967.003 us, Queueing time: mean = 77.168 us, max = 70.646 ms, min = -0.068 s, total = 16.205 ms
	CoreWorker.PrintEventStats - 35 total (1 active, 1 running), Execution time: mean = 246.606 us, total = 8.631 ms, Queueing time: mean = -0.001 s, max = 51.688 ms, min = -0.042 s, total = -0.052 s
	Publisher.CheckDeadSubscribers - 8 total (1 active), Execution time: mean = 4.713 us, total = 37.708 us, Queueing time: mean = -0.006 s, max = 9.845 ms, min = -0.073 s, total = -0.050 s
	PeriodicalRunner.RunFnPeriodically - 7 total (0 active), Execution time: mean = 101.351 us, total = 709.460 us, Queueing time: mean = 294.711 us, max = 669.983 us, min = 8.046 us, total = 2.063 ms
	ray::rpc::InternalPubSubGcsService.grpc_client.GcsSubscriberPoll - 6 total (1 active), Execution time: mean = 300.125 s, total = 1800.748 s, Queueing time: mean = 0.000 s, max = -0.000 s, min = 9223372036.855 s, total = 0.000 s
	ray::rpc::InternalPubSubGcsService.grpc_client.GcsSubscriberPoll.OnReplyReceived - 5 total (0 active), Execution time: mean = 98.212 us, total = 491.062 us, Queueing time: mean = 39.700 us, max = 51.299 us, min = 17.940 us, total = 198.498 us
	ray::rpc::InternalPubSubGcsService.grpc_client.GcsSubscriberCommandBatch - 1 total (0 active), Execution time: mean = 659.331 us, total = 659.331 us, Queueing time: mean = 0.000 s, max = -0.000 s, min = 9223372036.855 s, total = 0.000 s
	ray::rpc::NodeInfoGcsService.grpc_client.GetAllNodeInfo - 1 total (0 active), Execution time: mean = 709.953 us, total = 709.953 us, Queueing time: mean = 0.000 s, max = -0.000 s, min = 9223372036.855 s, total = 0.000 s
	ray::rpc::InternalPubSubGcsService.grpc_client.GcsSubscriberCommandBatch.OnReplyReceived - 1 total (0 active), Execution time: mean = 216.771 us, total = 216.771 us, Queueing time: mean = 13.901 us, max = 13.901 us, min = 13.901 us, total = 13.901 us
	ray::rpc::WorkerInfoGcsService.grpc_client.AddWorkerInfo - 1 total (0 active), Execution time: mean = 543.528 us, total = 543.528 us, Queueing time: mean = 0.000 s, max = -0.000 s, min = 9223372036.855 s, total = 0.000 s
	ray::rpc::WorkerInfoGcsService.grpc_client.AddWorkerInfo.OnReplyReceived - 1 total (0 active), Execution time: mean = 18.203 us, total = 18.203 us, Queueing time: mean = 9.442 us, max = 9.442 us, min = 9.442 us, total = 9.442 us
	ray::rpc::NodeInfoGcsService.grpc_client.GetAllNodeInfo.OnReplyReceived - 1 total (0 active), Execution time: mean = 80.726 us, total = 80.726 us, Queueing time: mean = 179.849 us, max = 179.849 us, min = 179.849 us, total = 179.849 us

-----------------
Task Event stats:

IO Service Stats:

Global stats: 6292 total (1 active)
Queueing time: mean = 517.714 us, max = 63.678 ms, min = -0.018 s, total = 3.257 s
Execution time:  mean = 254.890 us, total = 1.604 s
Event stats:
	ray::rpc::TaskInfoGcsService.grpc_client.AddTaskEventData - 2097 total (0 active), Execution time: mean = 605.871 us, total = 1.271 s, Queueing time: mean = 0.000 s, max = -0.000 s, min = 9223372036.855 s, total = 0.000 s
	CoreWorker.deadline_timer.flush_task_events - 2097 total (1 active), Execution time: mean = 137.772 us, total = 288.908 ms, Queueing time: mean = 1.524 ms, max = 63.678 ms, min = -0.018 s, total = 3.196 s
	ray::rpc::TaskInfoGcsService.grpc_client.AddTaskEventData.OnReplyReceived - 2097 total (0 active), Execution time: mean = 21.105 us, total = 44.256 ms, Queueing time: mean = 29.460 us, max = 727.802 us, min = 7.259 us, total = 61.779 ms
	PeriodicalRunner.RunFnPeriodically - 1 total (0 active), Execution time: mean = 95.270 us, total = 95.270 us, Queueing time: mean = 24.812 us, max = 24.812 us, min = 24.812 us, total = 24.812 us
Other Stats:
	grpc_in_progress:0
	current number of task status events in buffer: 0
	current number of profile events in buffer: 0
	current number of dropped task attempts tracked: 0
	total task events sent: 0 MiB
	total number of task attempts sent: 0
	total number of task attempts dropped reported: 0
	total number of sent failure: 0
	num status task events dropped: 0
	num profile task events dropped: 0


[2025-02-16 16:54:37,705 I 584 1170] core_worker.cc:642: Event stats:


Global stats: 30907 total (8 active)
Queueing time: mean = 283.690 us, max = 74.691 ms, min = -0.073 s, total = 8.768 s
Execution time:  mean = 68.042 ms, total = 2102.960 s
Event stats:
	CoreWorker.RecoverObjects - 21560 total (1 active), Execution time: mean = 6.030 us, total = 129.997 ms, Queueing time: mean = 183.241 us, max = 9.370 ms, min = -0.035 s, total = 3.951 s
	CoreWorker.ExitIfParentRayletDies - 2158 total (1 active), Execution time: mean = 9.023 us, total = 19.471 ms, Queueing time: mean = 950.226 us, max = 62.594 ms, min = -0.067 s, total = 2.051 s
	CoreWorker.InternalHeartbeat - 2157 total (1 active), Execution time: mean = 128.305 us, total = 276.753 ms, Queueing time: mean = 1.276 ms, max = 62.585 ms, min = -0.053 s, total = 2.752 s
	NodeManagerService.grpc_client.ReportWorkerBacklog - 2157 total (0 active), Execution time: mean = 573.706 us, total = 1.237 s, Queueing time: mean = 0.000 s, max = -0.000 s, min = 9223372036.855 s, total = 0.000 s
	NodeManagerService.grpc_client.ReportWorkerBacklog.OnReplyReceived - 2157 total (0 active), Execution time: mean = 16.643 us, total = 35.899 ms, Queueing time: mean = 30.834 us, max = 263.369 us, min = 1.847 us, total = 66.509 ms
	CoreWorker.RecordMetrics - 432 total (1 active), Execution time: mean = 18.187 us, total = 7.857 ms, Queueing time: mean = 54.144 us, max = 74.691 ms, min = -0.066 s, total = 23.390 ms
	CoreWorker.GCStreamingGeneratorMetadata - 216 total (1 active), Execution time: mean = 4.610 us, total = 995.664 us, Queueing time: mean = 93.869 us, max = 70.646 ms, min = -0.068 s, total = 20.276 ms
	CoreWorker.PrintEventStats - 36 total (1 active, 1 running), Execution time: mean = 244.377 us, total = 8.798 ms, Queueing time: mean = -0.001 s, max = 51.688 ms, min = -0.042 s, total = -0.048 s
	Publisher.CheckDeadSubscribers - 8 total (1 active), Execution time: mean = 4.713 us, total = 37.708 us, Queueing time: mean = -0.006 s, max = 9.845 ms, min = -0.073 s, total = -0.050 s
	ray::rpc::InternalPubSubGcsService.grpc_client.GcsSubscriberPoll - 7 total (1 active), Execution time: mean = 300.177 s, total = 2101.240 s, Queueing time: mean = 0.000 s, max = -0.000 s, min = 9223372036.855 s, total = 0.000 s
	PeriodicalRunner.RunFnPeriodically - 7 total (0 active), Execution time: mean = 101.351 us, total = 709.460 us, Queueing time: mean = 294.711 us, max = 669.983 us, min = 8.046 us, total = 2.063 ms
	ray::rpc::InternalPubSubGcsService.grpc_client.GcsSubscriberPoll.OnReplyReceived - 6 total (0 active), Execution time: mean = 101.333 us, total = 607.996 us, Queueing time: mean = 35.174 us, max = 51.299 us, min = 12.546 us, total = 211.044 us
	ray::rpc::InternalPubSubGcsService.grpc_client.GcsSubscriberCommandBatch - 1 total (0 active), Execution time: mean = 659.331 us, total = 659.331 us, Queueing time: mean = 0.000 s, max = -0.000 s, min = 9223372036.855 s, total = 0.000 s
	ray::rpc::NodeInfoGcsService.grpc_client.GetAllNodeInfo - 1 total (0 active), Execution time: mean = 709.953 us, total = 709.953 us, Queueing time: mean = 0.000 s, max = -0.000 s, min = 9223372036.855 s, total = 0.000 s
	ray::rpc::InternalPubSubGcsService.grpc_client.GcsSubscriberCommandBatch.OnReplyReceived - 1 total (0 active), Execution time: mean = 216.771 us, total = 216.771 us, Queueing time: mean = 13.901 us, max = 13.901 us, min = 13.901 us, total = 13.901 us
	ray::rpc::WorkerInfoGcsService.grpc_client.AddWorkerInfo - 1 total (0 active), Execution time: mean = 543.528 us, total = 543.528 us, Queueing time: mean = 0.000 s, max = -0.000 s, min = 9223372036.855 s, total = 0.000 s
	ray::rpc::WorkerInfoGcsService.grpc_client.AddWorkerInfo.OnReplyReceived - 1 total (0 active), Execution time: mean = 18.203 us, total = 18.203 us, Queueing time: mean = 9.442 us, max = 9.442 us, min = 9.442 us, total = 9.442 us
	ray::rpc::NodeInfoGcsService.grpc_client.GetAllNodeInfo.OnReplyReceived - 1 total (0 active), Execution time: mean = 80.726 us, total = 80.726 us, Queueing time: mean = 179.849 us, max = 179.849 us, min = 179.849 us, total = 179.849 us

-----------------
Task Event stats:

IO Service Stats:

Global stats: 6472 total (1 active)
Queueing time: mean = 518.998 us, max = 63.678 ms, min = -0.018 s, total = 3.359 s
Execution time:  mean = 253.121 us, total = 1.638 s
Event stats:
	ray::rpc::TaskInfoGcsService.grpc_client.AddTaskEventData - 2157 total (0 active), Execution time: mean = 601.402 us, total = 1.297 s, Queueing time: mean = 0.000 s, max = -0.000 s, min = 9223372036.855 s, total = 0.000 s
	CoreWorker.deadline_timer.flush_task_events - 2157 total (1 active), Execution time: mean = 137.034 us, total = 295.583 ms, Queueing time: mean = 1.528 ms, max = 63.678 ms, min = -0.018 s, total = 3.296 s
	ray::rpc::TaskInfoGcsService.grpc_client.AddTaskEventData.OnReplyReceived - 2157 total (0 active), Execution time: mean = 21.001 us, total = 45.299 ms, Queueing time: mean = 29.339 us, max = 727.802 us, min = 7.259 us, total = 63.283 ms
	PeriodicalRunner.RunFnPeriodically - 1 total (0 active), Execution time: mean = 95.270 us, total = 95.270 us, Queueing time: mean = 24.812 us, max = 24.812 us, min = 24.812 us, total = 24.812 us
Other Stats:
	grpc_in_progress:0
	current number of task status events in buffer: 0
	current number of profile events in buffer: 0
	current number of dropped task attempts tracked: 0
	total task events sent: 0 MiB
	total number of task attempts sent: 0
	total number of task attempts dropped reported: 0
	total number of sent failure: 0
	num status task events dropped: 0
	num profile task events dropped: 0


[2025-02-16 16:55:37,705 I 584 1170] core_worker.cc:642: Event stats:


Global stats: 31766 total (8 active)
Queueing time: mean = 291.909 us, max = 74.691 ms, min = -0.073 s, total = 9.273 s
Execution time:  mean = 66.203 ms, total = 2103.011 s
Event stats:
	CoreWorker.RecoverObjects - 22160 total (1 active), Execution time: mean = 6.084 us, total = 134.814 ms, Queueing time: mean = 182.848 us, max = 9.370 ms, min = -0.035 s, total = 4.052 s
	CoreWorker.ExitIfParentRayletDies - 2218 total (1 active), Execution time: mean = 8.958 us, total = 19.869 ms, Queueing time: mean = 954.174 us, max = 62.594 ms, min = -0.067 s, total = 2.116 s
	CoreWorker.InternalHeartbeat - 2217 total (1 active), Execution time: mean = 128.552 us, total = 285.000 ms, Queueing time: mean = 1.283 ms, max = 62.585 ms, min = -0.053 s, total = 2.845 s
	NodeManagerService.grpc_client.ReportWorkerBacklog - 2217 total (0 active), Execution time: mean = 573.872 us, total = 1.272 s, Queueing time: mean = 0.000 s, max = -0.000 s, min = 9223372036.855 s, total = 0.000 s
	NodeManagerService.grpc_client.ReportWorkerBacklog.OnReplyReceived - 2217 total (0 active), Execution time: mean = 16.683 us, total = 36.986 ms, Queueing time: mean = 30.907 us, max = 263.369 us, min = 1.847 us, total = 68.521 ms
	CoreWorker.RecordMetrics - 444 total (1 active), Execution time: mean = 18.881 us, total = 8.383 ms, Queueing time: mean = 255.836 us, max = 74.691 ms, min = -0.066 s, total = 113.591 ms
	CoreWorker.GCStreamingGeneratorMetadata - 222 total (1 active), Execution time: mean = 4.614 us, total = 1.024 ms, Queueing time: mean = 556.009 us, max = 70.646 ms, min = -0.068 s, total = 123.434 ms
	CoreWorker.PrintEventStats - 37 total (1 active, 1 running), Execution time: mean = 244.703 us, total = 9.054 ms, Queueing time: mean = 39.406 us, max = 51.688 ms, min = -0.042 s, total = 1.458 ms
	Publisher.CheckDeadSubscribers - 8 total (1 active), Execution time: mean = 4.713 us, total = 37.708 us, Queueing time: mean = -0.006 s, max = 9.845 ms, min = -0.073 s, total = -0.050 s
	ray::rpc::InternalPubSubGcsService.grpc_client.GcsSubscriberPoll - 7 total (1 active), Execution time: mean = 300.177 s, total = 2101.240 s, Queueing time: mean = 0.000 s, max = -0.000 s, min = 9223372036.855 s, total = 0.000 s
	PeriodicalRunner.RunFnPeriodically - 7 total (0 active), Execution time: mean = 101.351 us, total = 709.460 us, Queueing time: mean = 294.711 us, max = 669.983 us, min = 8.046 us, total = 2.063 ms
	ray::rpc::InternalPubSubGcsService.grpc_client.GcsSubscriberPoll.OnReplyReceived - 6 total (0 active), Execution time: mean = 101.333 us, total = 607.996 us, Queueing time: mean = 35.174 us, max = 51.299 us, min = 12.546 us, total = 211.044 us
	ray::rpc::InternalPubSubGcsService.grpc_client.GcsSubscriberCommandBatch - 1 total (0 active), Execution time: mean = 659.331 us, total = 659.331 us, Queueing time: mean = 0.000 s, max = -0.000 s, min = 9223372036.855 s, total = 0.000 s
	ray::rpc::NodeInfoGcsService.grpc_client.GetAllNodeInfo - 1 total (0 active), Execution time: mean = 709.953 us, total = 709.953 us, Queueing time: mean = 0.000 s, max = -0.000 s, min = 9223372036.855 s, total = 0.000 s
	ray::rpc::InternalPubSubGcsService.grpc_client.GcsSubscriberCommandBatch.OnReplyReceived - 1 total (0 active), Execution time: mean = 216.771 us, total = 216.771 us, Queueing time: mean = 13.901 us, max = 13.901 us, min = 13.901 us, total = 13.901 us
	ray::rpc::WorkerInfoGcsService.grpc_client.AddWorkerInfo - 1 total (0 active), Execution time: mean = 543.528 us, total = 543.528 us, Queueing time: mean = 0.000 s, max = -0.000 s, min = 9223372036.855 s, total = 0.000 s
	ray::rpc::WorkerInfoGcsService.grpc_client.AddWorkerInfo.OnReplyReceived - 1 total (0 active), Execution time: mean = 18.203 us, total = 18.203 us, Queueing time: mean = 9.442 us, max = 9.442 us, min = 9.442 us, total = 9.442 us
	ray::rpc::NodeInfoGcsService.grpc_client.GetAllNodeInfo.OnReplyReceived - 1 total (0 active), Execution time: mean = 80.726 us, total = 80.726 us, Queueing time: mean = 179.849 us, max = 179.849 us, min = 179.849 us, total = 179.849 us

-----------------
Task Event stats:

IO Service Stats:

Global stats: 6652 total (1 active)
Queueing time: mean = 521.485 us, max = 63.678 ms, min = -0.018 s, total = 3.469 s
Execution time:  mean = 253.809 us, total = 1.688 s
Event stats:
	ray::rpc::TaskInfoGcsService.grpc_client.AddTaskEventData - 2217 total (0 active), Execution time: mean = 602.892 us, total = 1.337 s, Queueing time: mean = 0.000 s, max = -0.000 s, min = 9223372036.855 s, total = 0.000 s
	CoreWorker.deadline_timer.flush_task_events - 2217 total (1 active), Execution time: mean = 137.502 us, total = 304.843 ms, Queueing time: mean = 1.535 ms, max = 63.678 ms, min = -0.018 s, total = 3.403 s
	ray::rpc::TaskInfoGcsService.grpc_client.AddTaskEventData.OnReplyReceived - 2217 total (0 active), Execution time: mean = 21.103 us, total = 46.785 ms, Queueing time: mean = 29.557 us, max = 727.802 us, min = 7.259 us, total = 65.528 ms
	PeriodicalRunner.RunFnPeriodically - 1 total (0 active), Execution time: mean = 95.270 us, total = 95.270 us, Queueing time: mean = 24.812 us, max = 24.812 us, min = 24.812 us, total = 24.812 us
Other Stats:
	grpc_in_progress:0
	current number of task status events in buffer: 0
	current number of profile events in buffer: 0
	current number of dropped task attempts tracked: 0
	total task events sent: 0 MiB
	total number of task attempts sent: 0
	total number of task attempts dropped reported: 0
	total number of sent failure: 0
	num status task events dropped: 0
	num profile task events dropped: 0


[2025-02-16 16:56:37,706 I 584 1170] core_worker.cc:642: Event stats:


Global stats: 32624 total (8 active)
Queueing time: mean = 304.088 us, max = 74.691 ms, min = -0.073 s, total = 9.921 s
Execution time:  mean = 64.463 ms, total = 2103.044 s
Event stats:
	CoreWorker.RecoverObjects - 22759 total (1 active), Execution time: mean = 6.070 us, total = 138.148 ms, Queueing time: mean = 183.085 us, max = 9.370 ms, min = -0.035 s, total = 4.167 s
	CoreWorker.ExitIfParentRayletDies - 2278 total (1 active), Execution time: mean = 8.823 us, total = 20.100 ms, Queueing time: mean = 980.762 us, max = 62.594 ms, min = -0.067 s, total = 2.234 s
	CoreWorker.InternalHeartbeat - 2277 total (1 active), Execution time: mean = 127.672 us, total = 290.709 ms, Queueing time: mean = 1.299 ms, max = 62.585 ms, min = -0.053 s, total = 2.957 s
	NodeManagerService.grpc_client.ReportWorkerBacklog - 2277 total (0 active), Execution time: mean = 568.972 us, total = 1.296 s, Queueing time: mean = 0.000 s, max = -0.000 s, min = 9223372036.855 s, total = 0.000 s
	NodeManagerService.grpc_client.ReportWorkerBacklog.OnReplyReceived - 2277 total (0 active), Execution time: mean = 16.548 us, total = 37.680 ms, Queueing time: mean = 30.677 us, max = 263.369 us, min = 1.847 us, total = 69.852 ms
	CoreWorker.RecordMetrics - 456 total (1 active), Execution time: mean = 18.863 us, total = 8.602 ms, Queueing time: mean = 513.599 us, max = 74.691 ms, min = -0.066 s, total = 234.201 ms
	CoreWorker.GCStreamingGeneratorMetadata - 228 total (1 active), Execution time: mean = 4.603 us, total = 1.050 ms, Queueing time: mean = 1.061 ms, max = 70.646 ms, min = -0.068 s, total = 242.022 ms
	CoreWorker.PrintEventStats - 38 total (1 active, 1 running), Execution time: mean = 244.731 us, total = 9.300 ms, Queueing time: mean = 1.673 ms, max = 62.104 ms, min = -0.042 s, total = 63.562 ms
	Publisher.CheckDeadSubscribers - 8 total (1 active), Execution time: mean = 4.713 us, total = 37.708 us, Queueing time: mean = -0.006 s, max = 9.845 ms, min = -0.073 s, total = -0.050 s
	ray::rpc::InternalPubSubGcsService.grpc_client.GcsSubscriberPoll - 7 total (1 active), Execution time: mean = 300.177 s, total = 2101.240 s, Queueing time: mean = 0.000 s, max = -0.000 s, min = 9223372036.855 s, total = 0.000 s
	PeriodicalRunner.RunFnPeriodically - 7 total (0 active), Execution time: mean = 101.351 us, total = 709.460 us, Queueing time: mean = 294.711 us, max = 669.983 us, min = 8.046 us, total = 2.063 ms
	ray::rpc::InternalPubSubGcsService.grpc_client.GcsSubscriberPoll.OnReplyReceived - 6 total (0 active), Execution time: mean = 101.333 us, total = 607.996 us, Queueing time: mean = 35.174 us, max = 51.299 us, min = 12.546 us, total = 211.044 us
	ray::rpc::InternalPubSubGcsService.grpc_client.GcsSubscriberCommandBatch - 1 total (0 active), Execution time: mean = 659.331 us, total = 659.331 us, Queueing time: mean = 0.000 s, max = -0.000 s, min = 9223372036.855 s, total = 0.000 s
	ray::rpc::NodeInfoGcsService.grpc_client.GetAllNodeInfo - 1 total (0 active), Execution time: mean = 709.953 us, total = 709.953 us, Queueing time: mean = 0.000 s, max = -0.000 s, min = 9223372036.855 s, total = 0.000 s
	ray::rpc::InternalPubSubGcsService.grpc_client.GcsSubscriberCommandBatch.OnReplyReceived - 1 total (0 active), Execution time: mean = 216.771 us, total = 216.771 us, Queueing time: mean = 13.901 us, max = 13.901 us, min = 13.901 us, total = 13.901 us
	ray::rpc::WorkerInfoGcsService.grpc_client.AddWorkerInfo - 1 total (0 active), Execution time: mean = 543.528 us, total = 543.528 us, Queueing time: mean = 0.000 s, max = -0.000 s, min = 9223372036.855 s, total = 0.000 s
	ray::rpc::WorkerInfoGcsService.grpc_client.AddWorkerInfo.OnReplyReceived - 1 total (0 active), Execution time: mean = 18.203 us, total = 18.203 us, Queueing time: mean = 9.442 us, max = 9.442 us, min = 9.442 us, total = 9.442 us
	ray::rpc::NodeInfoGcsService.grpc_client.GetAllNodeInfo.OnReplyReceived - 1 total (0 active), Execution time: mean = 80.726 us, total = 80.726 us, Queueing time: mean = 179.849 us, max = 179.849 us, min = 179.849 us, total = 179.849 us

-----------------
Task Event stats:

IO Service Stats:

Global stats: 6832 total (1 active)
Queueing time: mean = 524.651 us, max = 63.678 ms, min = -0.018 s, total = 3.584 s
Execution time:  mean = 252.754 us, total = 1.727 s
Event stats:
	ray::rpc::TaskInfoGcsService.grpc_client.AddTaskEventData - 2277 total (0 active), Execution time: mean = 600.334 us, total = 1.367 s, Queueing time: mean = 0.000 s, max = -0.000 s, min = 9223372036.855 s, total = 0.000 s
	CoreWorker.deadline_timer.flush_task_events - 2277 total (1 active), Execution time: mean = 136.966 us, total = 311.871 ms, Queueing time: mean = 1.545 ms, max = 63.678 ms, min = -0.018 s, total = 3.517 s
	ray::rpc::TaskInfoGcsService.grpc_client.AddTaskEventData.OnReplyReceived - 2277 total (0 active), Execution time: mean = 21.033 us, total = 47.893 ms, Queueing time: mean = 29.416 us, max = 727.802 us, min = 7.259 us, total = 66.980 ms
	PeriodicalRunner.RunFnPeriodically - 1 total (0 active), Execution time: mean = 95.270 us, total = 95.270 us, Queueing time: mean = 24.812 us, max = 24.812 us, min = 24.812 us, total = 24.812 us
Other Stats:
	grpc_in_progress:0
	current number of task status events in buffer: 0
	current number of profile events in buffer: 0
	current number of dropped task attempts tracked: 0
	total task events sent: 0 MiB
	total number of task attempts sent: 0
	total number of task attempts dropped reported: 0
	total number of sent failure: 0
	num status task events dropped: 0
	num profile task events dropped: 0


[2025-02-16 16:57:37,706 I 584 1170] core_worker.cc:642: Event stats:


Global stats: 33482 total (8 active)
Queueing time: mean = 311.118 us, max = 74.691 ms, min = -0.073 s, total = 10.417 s
Execution time:  mean = 62.812 ms, total = 2103.078 s
Event stats:
	CoreWorker.RecoverObjects - 23358 total (1 active), Execution time: mean = 6.062 us, total = 141.589 ms, Queueing time: mean = 182.607 us, max = 9.370 ms, min = -0.035 s, total = 4.265 s
	CoreWorker.ExitIfParentRayletDies - 2338 total (1 active), Execution time: mean = 8.685 us, total = 20.306 ms, Queueing time: mean = 998.677 us, max = 62.594 ms, min = -0.067 s, total = 2.335 s
	CoreWorker.InternalHeartbeat - 2337 total (1 active), Execution time: mean = 126.778 us, total = 296.279 ms, Queueing time: mean = 1.306 ms, max = 62.585 ms, min = -0.053 s, total = 3.053 s
	NodeManagerService.grpc_client.ReportWorkerBacklog - 2337 total (0 active), Execution time: mean = 564.483 us, total = 1.319 s, Queueing time: mean = 0.000 s, max = -0.000 s, min = 9223372036.855 s, total = 0.000 s
	NodeManagerService.grpc_client.ReportWorkerBacklog.OnReplyReceived - 2337 total (0 active), Execution time: mean = 16.410 us, total = 38.351 ms, Queueing time: mean = 30.460 us, max = 263.369 us, min = 1.847 us, total = 71.186 ms
	CoreWorker.RecordMetrics - 468 total (1 active), Execution time: mean = 18.814 us, total = 8.805 ms, Queueing time: mean = 710.949 us, max = 74.691 ms, min = -0.066 s, total = 332.724 ms
	CoreWorker.GCStreamingGeneratorMetadata - 234 total (1 active), Execution time: mean = 4.590 us, total = 1.074 ms, Queueing time: mean = 1.469 ms, max = 70.646 ms, min = -0.068 s, total = 343.760 ms
	CoreWorker.PrintEventStats - 39 total (1 active, 1 running), Execution time: mean = 243.338 us, total = 9.490 ms, Queueing time: mean = 1.632 ms, max = 62.104 ms, min = -0.042 s, total = 63.633 ms
	Publisher.CheckDeadSubscribers - 8 total (1 active), Execution time: mean = 4.713 us, total = 37.708 us, Queueing time: mean = -0.006 s, max = 9.845 ms, min = -0.073 s, total = -0.050 s
	ray::rpc::InternalPubSubGcsService.grpc_client.GcsSubscriberPoll - 7 total (1 active), Execution time: mean = 300.177 s, total = 2101.240 s, Queueing time: mean = 0.000 s, max = -0.000 s, min = 9223372036.855 s, total = 0.000 s
	PeriodicalRunner.RunFnPeriodically - 7 total (0 active), Execution time: mean = 101.351 us, total = 709.460 us, Queueing time: mean = 294.711 us, max = 669.983 us, min = 8.046 us, total = 2.063 ms
	ray::rpc::InternalPubSubGcsService.grpc_client.GcsSubscriberPoll.OnReplyReceived - 6 total (0 active), Execution time: mean = 101.333 us, total = 607.996 us, Queueing time: mean = 35.174 us, max = 51.299 us, min = 12.546 us, total = 211.044 us
	ray::rpc::InternalPubSubGcsService.grpc_client.GcsSubscriberCommandBatch - 1 total (0 active), Execution time: mean = 659.331 us, total = 659.331 us, Queueing time: mean = 0.000 s, max = -0.000 s, min = 9223372036.855 s, total = 0.000 s
	ray::rpc::NodeInfoGcsService.grpc_client.GetAllNodeInfo - 1 total (0 active), Execution time: mean = 709.953 us, total = 709.953 us, Queueing time: mean = 0.000 s, max = -0.000 s, min = 9223372036.855 s, total = 0.000 s
	ray::rpc::InternalPubSubGcsService.grpc_client.GcsSubscriberCommandBatch.OnReplyReceived - 1 total (0 active), Execution time: mean = 216.771 us, total = 216.771 us, Queueing time: mean = 13.901 us, max = 13.901 us, min = 13.901 us, total = 13.901 us
	ray::rpc::WorkerInfoGcsService.grpc_client.AddWorkerInfo - 1 total (0 active), Execution time: mean = 543.528 us, total = 543.528 us, Queueing time: mean = 0.000 s, max = -0.000 s, min = 9223372036.855 s, total = 0.000 s
	ray::rpc::WorkerInfoGcsService.grpc_client.AddWorkerInfo.OnReplyReceived - 1 total (0 active), Execution time: mean = 18.203 us, total = 18.203 us, Queueing time: mean = 9.442 us, max = 9.442 us, min = 9.442 us, total = 9.442 us
	ray::rpc::NodeInfoGcsService.grpc_client.GetAllNodeInfo.OnReplyReceived - 1 total (0 active), Execution time: mean = 80.726 us, total = 80.726 us, Queueing time: mean = 179.849 us, max = 179.849 us, min = 179.849 us, total = 179.849 us

-----------------
Task Event stats:

IO Service Stats:

Global stats: 7012 total (1 active)
Queueing time: mean = 525.391 us, max = 63.678 ms, min = -0.018 s, total = 3.684 s
Execution time:  mean = 250.730 us, total = 1.758 s
Event stats:
	ray::rpc::TaskInfoGcsService.grpc_client.AddTaskEventData - 2337 total (0 active), Execution time: mean = 595.266 us, total = 1.391 s, Queueing time: mean = 0.000 s, max = -0.000 s, min = 9223372036.855 s, total = 0.000 s
	CoreWorker.deadline_timer.flush_task_events - 2337 total (1 active), Execution time: mean = 136.103 us, total = 318.073 ms, Queueing time: mean = 1.547 ms, max = 63.678 ms, min = -0.018 s, total = 3.616 s
	ray::rpc::TaskInfoGcsService.grpc_client.AddTaskEventData.OnReplyReceived - 2337 total (0 active), Execution time: mean = 20.886 us, total = 48.810 ms, Queueing time: mean = 29.240 us, max = 727.802 us, min = 7.259 us, total = 68.333 ms
	PeriodicalRunner.RunFnPeriodically - 1 total (0 active), Execution time: mean = 95.270 us, total = 95.270 us, Queueing time: mean = 24.812 us, max = 24.812 us, min = 24.812 us, total = 24.812 us
Other Stats:
	grpc_in_progress:0
	current number of task status events in buffer: 0
	current number of profile events in buffer: 0
	current number of dropped task attempts tracked: 0
	total task events sent: 0 MiB
	total number of task attempts sent: 0
	total number of task attempts dropped reported: 0
	total number of sent failure: 0
	num status task events dropped: 0
	num profile task events dropped: 0


[2025-02-16 16:58:37,706 I 584 1170] core_worker.cc:642: Event stats:


Global stats: 34340 total (8 active)
Queueing time: mean = 321.725 us, max = 74.691 ms, min = -0.073 s, total = 11.048 s
Execution time:  mean = 61.244 ms, total = 2103.113 s
Event stats:
	CoreWorker.RecoverObjects - 23956 total (1 active), Execution time: mean = 6.056 us, total = 145.071 ms, Queueing time: mean = 182.819 us, max = 9.370 ms, min = -0.035 s, total = 4.380 s
	CoreWorker.ExitIfParentRayletDies - 2398 total (1 active), Execution time: mean = 8.563 us, total = 20.533 ms, Queueing time: mean = 1.023 ms, max = 62.594 ms, min = -0.067 s, total = 2.452 s
	CoreWorker.InternalHeartbeat - 2397 total (1 active), Execution time: mean = 125.979 us, total = 301.973 ms, Queueing time: mean = 1.320 ms, max = 62.585 ms, min = -0.053 s, total = 3.165 s
	NodeManagerService.grpc_client.ReportWorkerBacklog - 2397 total (0 active), Execution time: mean = 560.331 us, total = 1.343 s, Queueing time: mean = 0.000 s, max = -0.000 s, min = 9223372036.855 s, total = 0.000 s
	NodeManagerService.grpc_client.ReportWorkerBacklog.OnReplyReceived - 2397 total (0 active), Execution time: mean = 16.295 us, total = 39.059 ms, Queueing time: mean = 30.365 us, max = 277.191 us, min = 1.847 us, total = 72.786 ms
	CoreWorker.RecordMetrics - 480 total (1 active), Execution time: mean = 18.744 us, total = 8.997 ms, Queueing time: mean = 941.085 us, max = 74.691 ms, min = -0.066 s, total = 451.721 ms
	CoreWorker.GCStreamingGeneratorMetadata - 240 total (1 active), Execution time: mean = 4.587 us, total = 1.101 ms, Queueing time: mean = 1.916 ms, max = 70.646 ms, min = -0.068 s, total = 459.881 ms
	CoreWorker.PrintEventStats - 40 total (1 active, 1 running), Execution time: mean = 242.144 us, total = 9.686 ms, Queueing time: mean = 1.592 ms, max = 62.104 ms, min = -0.042 s, total = 63.681 ms
	Publisher.CheckDeadSubscribers - 9 total (1 active), Execution time: mean = 4.674 us, total = 42.062 us, Queueing time: mean = 79.933 us, max = 50.748 ms, min = -0.073 s, total = 719.400 us
	ray::rpc::InternalPubSubGcsService.grpc_client.GcsSubscriberPoll - 7 total (1 active), Execution time: mean = 300.177 s, total = 2101.240 s, Queueing time: mean = 0.000 s, max = -0.000 s, min = 9223372036.855 s, total = 0.000 s
	PeriodicalRunner.RunFnPeriodically - 7 total (0 active), Execution time: mean = 101.351 us, total = 709.460 us, Queueing time: mean = 294.711 us, max = 669.983 us, min = 8.046 us, total = 2.063 ms
	ray::rpc::InternalPubSubGcsService.grpc_client.GcsSubscriberPoll.OnReplyReceived - 6 total (0 active), Execution time: mean = 101.333 us, total = 607.996 us, Queueing time: mean = 35.174 us, max = 51.299 us, min = 12.546 us, total = 211.044 us
	ray::rpc::InternalPubSubGcsService.grpc_client.GcsSubscriberCommandBatch - 1 total (0 active), Execution time: mean = 659.331 us, total = 659.331 us, Queueing time: mean = 0.000 s, max = -0.000 s, min = 9223372036.855 s, total = 0.000 s
	ray::rpc::NodeInfoGcsService.grpc_client.GetAllNodeInfo - 1 total (0 active), Execution time: mean = 709.953 us, total = 709.953 us, Queueing time: mean = 0.000 s, max = -0.000 s, min = 9223372036.855 s, total = 0.000 s
	ray::rpc::InternalPubSubGcsService.grpc_client.GcsSubscriberCommandBatch.OnReplyReceived - 1 total (0 active), Execution time: mean = 216.771 us, total = 216.771 us, Queueing time: mean = 13.901 us, max = 13.901 us, min = 13.901 us, total = 13.901 us
	ray::rpc::WorkerInfoGcsService.grpc_client.AddWorkerInfo - 1 total (0 active), Execution time: mean = 543.528 us, total = 543.528 us, Queueing time: mean = 0.000 s, max = -0.000 s, min = 9223372036.855 s, total = 0.000 s
	ray::rpc::WorkerInfoGcsService.grpc_client.AddWorkerInfo.OnReplyReceived - 1 total (0 active), Execution time: mean = 18.203 us, total = 18.203 us, Queueing time: mean = 9.442 us, max = 9.442 us, min = 9.442 us, total = 9.442 us
	ray::rpc::NodeInfoGcsService.grpc_client.GetAllNodeInfo.OnReplyReceived - 1 total (0 active), Execution time: mean = 80.726 us, total = 80.726 us, Queueing time: mean = 179.849 us, max = 179.849 us, min = 179.849 us, total = 179.849 us

-----------------
Task Event stats:

IO Service Stats:

Global stats: 7192 total (1 active)
Queueing time: mean = 528.324 us, max = 63.678 ms, min = -0.018 s, total = 3.800 s
Execution time:  mean = 249.013 us, total = 1.791 s
Event stats:
	ray::rpc::TaskInfoGcsService.grpc_client.AddTaskEventData - 2397 total (0 active), Execution time: mean = 591.050 us, total = 1.417 s, Queueing time: mean = 0.000 s, max = -0.000 s, min = 9223372036.855 s, total = 0.000 s
	CoreWorker.deadline_timer.flush_task_events - 2397 total (1 active), Execution time: mean = 135.254 us, total = 324.203 ms, Queueing time: mean = 1.556 ms, max = 63.678 ms, min = -0.018 s, total = 3.730 s
	ray::rpc::TaskInfoGcsService.grpc_client.AddTaskEventData.OnReplyReceived - 2397 total (0 active), Execution time: mean = 20.799 us, total = 49.855 ms, Queueing time: mean = 29.126 us, max = 727.802 us, min = 7.259 us, total = 69.814 ms
	PeriodicalRunner.RunFnPeriodically - 1 total (0 active), Execution time: mean = 95.270 us, total = 95.270 us, Queueing time: mean = 24.812 us, max = 24.812 us, min = 24.812 us, total = 24.812 us
Other Stats:
	grpc_in_progress:0
	current number of task status events in buffer: 0
	current number of profile events in buffer: 0
	current number of dropped task attempts tracked: 0
	total task events sent: 0 MiB
	total number of task attempts sent: 0
	total number of task attempts dropped reported: 0
	total number of sent failure: 0
	num status task events dropped: 0
	num profile task events dropped: 0


[2025-02-16 16:59:27,206 I 584 1170] raylet_client.cc:369: Error reporting task backlog information: RpcError: RPC Error message: failed to connect to all addresses; last error: UNKNOWN: ipv4:172.19.0.2:41617: Failed to connect to remote host: Connection refused; RPC Error details: 
[2025-02-16 16:59:27,795 W 584 1192] task_event_buffer.cc:475: [1] GCS hasn't replied to the previous flush events call (likely overloaded). Skipping reporting task state events and retry later.[cur_status_events_size=0][cur_profile_events_size=0]
[2025-02-16 16:59:28,206 I 584 1170] raylet_client.cc:369: Error reporting task backlog information: RpcError: RPC Error message: failed to connect to all addresses; last error: UNKNOWN: ipv4:172.19.0.2:41617: Failed to connect to remote host: Connection refused; RPC Error details: 
[2025-02-16 16:59:29,206 I 584 1170] raylet_client.cc:369: Error reporting task backlog information: RpcError: RPC Error message: failed to connect to all addresses; last error: UNKNOWN: ipv4:172.19.0.2:41617: Failed to connect to remote host: Connection refused; RPC Error details: 
[2025-02-16 16:59:30,207 I 584 1170] raylet_client.cc:369: Error reporting task backlog information: RpcError: RPC Error message: failed to connect to all addresses; last error: UNKNOWN: ipv4:172.19.0.2:41617: Failed to connect to remote host: Connection refused; RPC Error details: 
[2025-02-16 16:59:31,207 I 584 1170] raylet_client.cc:369: Error reporting task backlog information: RpcError: RPC Error message: failed to connect to all addresses; last error: UNKNOWN: ipv4:172.19.0.2:41617: Failed to connect to remote host: Connection refused; RPC Error details: 
[2025-02-16 16:59:32,207 I 584 1170] raylet_client.cc:369: Error reporting task backlog information: RpcError: RPC Error message: failed to connect to all addresses; last error: UNKNOWN: ipv4:172.19.0.2:41617: Failed to connect to remote host: Connection refused; RPC Error details: 
[2025-02-16 16:59:33,207 I 584 1170] raylet_client.cc:369: Error reporting task backlog information: RpcError: RPC Error message: failed to connect to all addresses; last error: UNKNOWN: ipv4:172.19.0.2:41617: Failed to connect to remote host: Connection refused; RPC Error details: 
[2025-02-16 16:59:34,207 I 584 1170] raylet_client.cc:369: Error reporting task backlog information: RpcError: RPC Error message: failed to connect to all addresses; last error: UNKNOWN: ipv4:172.19.0.2:41617: Failed to connect to remote host: Connection refused; RPC Error details: 
[2025-02-16 16:59:35,207 I 584 1170] raylet_client.cc:369: Error reporting task backlog information: RpcError: RPC Error message: failed to connect to all addresses; last error: UNKNOWN: ipv4:172.19.0.2:41617: Failed to connect to remote host: Connection refused; RPC Error details: 
[2025-02-16 16:59:36,207 I 584 1170] raylet_client.cc:369: Error reporting task backlog information: RpcError: RPC Error message: failed to connect to all addresses; last error: UNKNOWN: ipv4:172.19.0.2:41617: Failed to connect to remote host: Connection refused; RPC Error details: 
