[2025-02-16 16:18:37,644 I 565 565] core_worker_process.cc:107: Constructing CoreWorkerProcess. pid: 565
[2025-02-16 16:18:37,645 I 565 565] io_service_pool.cc:35: IOServicePool is running with 1 io_service.
[2025-02-16 16:18:37,647 I 565 565] grpc_server.cc:134: worker server started, listening on port 36359.
[2025-02-16 16:18:37,651 I 565 565] core_worker.cc:275: Initializing worker at address: 172.19.0.2:36359 worker_id=6f2583955bfb4c93ed0f27927ecb18116a5b0fafdc1c82cba9f27b57 node_id=e2a8235b1a5d9a56d69221182f2a84dad1790ce590062e454e5fef5d
[2025-02-16 16:18:37,652 I 565 565] task_event_buffer.cc:257: Reporting task events to GCS every 1000ms.
[2025-02-16 16:18:37,653 I 565 565] core_worker.cc:703: Adjusted worker niceness to 15
[2025-02-16 16:18:37,654 I 565 1316] core_worker.cc:642: Event stats:


Global stats: 15 total (9 active)
Queueing time: mean = 116.089 us, max = 1.439 ms, min = 36.350 us, total = 1.741 ms
Execution time:  mean = 107.516 us, total = 1.613 ms
Event stats:
	PeriodicalRunner.RunFnPeriodically - 7 total (5 active, 1 running), Execution time: mean = 3.698 us, total = 25.883 us, Queueing time: mean = 237.405 us, max = 1.439 ms, min = 222.375 us, total = 1.662 ms
	ray::rpc::InternalPubSubGcsService.grpc_client.GcsSubscriberCommandBatch.OnReplyReceived - 1 total (0 active), Execution time: mean = 125.383 us, total = 125.383 us, Queueing time: mean = 36.350 us, max = 36.350 us, min = 36.350 us, total = 36.350 us
	ray::rpc::WorkerInfoGcsService.grpc_client.AddWorkerInfo - 1 total (0 active), Execution time: mean = 795.664 us, total = 795.664 us, Queueing time: mean = 0.000 s, max = -0.000 s, min = 9223372036.855 s, total = 0.000 s
	CoreWorker.ExitIfParentRayletDies - 1 total (1 active), Execution time: mean = 0.000 s, total = 0.000 s, Queueing time: mean = 0.000 s, max = -0.000 s, min = 9223372036.855 s, total = 0.000 s
	ray::rpc::InternalPubSubGcsService.grpc_client.GcsSubscriberPoll - 1 total (1 active), Execution time: mean = 0.000 s, total = 0.000 s, Queueing time: mean = 0.000 s, max = -0.000 s, min = 9223372036.855 s, total = 0.000 s
	ray::rpc::InternalPubSubGcsService.grpc_client.GcsSubscriberCommandBatch - 1 total (0 active), Execution time: mean = 635.643 us, total = 635.643 us, Queueing time: mean = 0.000 s, max = -0.000 s, min = 9223372036.855 s, total = 0.000 s
	ray::rpc::NodeInfoGcsService.grpc_client.GetAllNodeInfo - 1 total (1 active), Execution time: mean = 0.000 s, total = 0.000 s, Queueing time: mean = 0.000 s, max = -0.000 s, min = 9223372036.855 s, total = 0.000 s
	ray::rpc::WorkerInfoGcsService.grpc_client.AddWorkerInfo.OnReplyReceived - 1 total (0 active), Execution time: mean = 30.172 us, total = 30.172 us, Queueing time: mean = 43.153 us, max = 43.153 us, min = 43.153 us, total = 43.153 us
	Publisher.CheckDeadSubscribers - 1 total (1 active), Execution time: mean = 0.000 s, total = 0.000 s, Queueing time: mean = 0.000 s, max = -0.000 s, min = 9223372036.855 s, total = 0.000 s

-----------------
Task Event stats:

IO Service Stats:

Global stats: 4 total (1 active)
Queueing time: mean = 21.114 us, max = 42.668 us, min = 41.790 us, total = 84.458 us
Execution time:  mean = 155.712 us, total = 622.847 us
Event stats:
	CoreWorker.deadline_timer.flush_task_events - 1 total (1 active), Execution time: mean = 0.000 s, total = 0.000 s, Queueing time: mean = 0.000 s, max = -0.000 s, min = 9223372036.855 s, total = 0.000 s
	ray::rpc::TaskInfoGcsService.grpc_client.AddTaskEventData - 1 total (0 active), Execution time: mean = 473.486 us, total = 473.486 us, Queueing time: mean = 0.000 s, max = -0.000 s, min = 9223372036.855 s, total = 0.000 s
	PeriodicalRunner.RunFnPeriodically - 1 total (0 active), Execution time: mean = 125.033 us, total = 125.033 us, Queueing time: mean = 41.790 us, max = 41.790 us, min = 41.790 us, total = 41.790 us
	ray::rpc::TaskInfoGcsService.grpc_client.AddTaskEventData.OnReplyReceived - 1 total (0 active), Execution time: mean = 24.328 us, total = 24.328 us, Queueing time: mean = 42.668 us, max = 42.668 us, min = 42.668 us, total = 42.668 us
Other Stats:
	grpc_in_progress:0
	current number of task status events in buffer: 0
	current number of profile events in buffer: 0
	current number of dropped task attempts tracked: 0
	total task events sent: 0 MiB
	total number of task attempts sent: 0
	total number of task attempts dropped reported: 0
	total number of sent failure: 0
	num status task events dropped: 0
	num profile task events dropped: 0


[2025-02-16 16:18:37,654 I 565 565] event.cc:491: Ray Event initialized for CORE_WORKER
[2025-02-16 16:18:37,654 I 565 565] event.cc:491: Ray Event initialized for EXPORT_TASK
[2025-02-16 16:18:37,654 I 565 565] event.cc:322: Set ray event level to warning
[2025-02-16 16:18:37,654 I 565 1316] accessor.cc:762: Received notification for node, IsAlive = 1 node_id=e2a8235b1a5d9a56d69221182f2a84dad1790ce590062e454e5fef5d
[2025-02-16 16:18:37,654 I 565 1316] core_worker.cc:4754: Number of alive nodes:1
[2025-02-16 16:18:47,655 W 565 1309] metric_exporter.cc:105: [1] Export metrics to agent failed: RpcError: RPC Error message: failed to connect to all addresses; last error: UNKNOWN: ipv4:127.0.0.1:62634: Failed to connect to remote host: Connection refused; RPC Error details: . This won't affect Ray, but you can lose metrics from the cluster.
[2025-02-16 16:19:37,654 I 565 1316] core_worker.cc:642: Event stats:


Global stats: 874 total (8 active)
Queueing time: mean = 159.321 us, max = 27.757 ms, min = -0.044 s, total = 139.247 ms
Execution time:  mean = 47.838 us, total = 41.810 ms
Event stats:
	CoreWorker.RecoverObjects - 599 total (1 active), Execution time: mean = 5.960 us, total = 3.570 ms, Queueing time: mean = 197.274 us, max = 3.295 ms, min = -0.001 s, total = 118.167 ms
	CoreWorker.ExitIfParentRayletDies - 61 total (1 active), Execution time: mean = 7.082 us, total = 432.032 us, Queueing time: mean = 173.289 us, max = 27.756 ms, min = -0.044 s, total = 10.571 ms
	NodeManagerService.grpc_client.ReportWorkerBacklog - 60 total (0 active), Execution time: mean = 474.137 us, total = 28.448 ms, Queueing time: mean = 0.000 s, max = -0.000 s, min = 9223372036.855 s, total = 0.000 s
	NodeManagerService.grpc_client.ReportWorkerBacklog.OnReplyReceived - 60 total (0 active), Execution time: mean = 12.081 us, total = 724.880 us, Queueing time: mean = 24.021 us, max = 53.220 us, min = 17.562 us, total = 1.441 ms
	CoreWorker.InternalHeartbeat - 60 total (1 active), Execution time: mean = 96.305 us, total = 5.778 ms, Queueing time: mean = 76.106 us, max = 27.757 ms, min = -0.044 s, total = 4.566 ms
	CoreWorker.RecordMetrics - 12 total (1 active), Execution time: mean = 17.202 us, total = 206.429 us, Queueing time: mean = 56.450 us, max = 12.123 ms, min = -0.008 s, total = 677.402 us
	PeriodicalRunner.RunFnPeriodically - 7 total (0 active), Execution time: mean = 59.083 us, total = 413.584 us, Queueing time: mean = 419.696 us, max = 1.439 ms, min = 66.428 us, total = 2.938 ms
	CoreWorker.GCStreamingGeneratorMetadata - 6 total (1 active), Execution time: mean = 2.051 us, total = 12.307 us, Queueing time: mean = 130.359 us, max = 11.767 ms, min = -0.010 s, total = 782.156 us
	ray::rpc::NodeInfoGcsService.grpc_client.GetAllNodeInfo - 1 total (0 active), Execution time: mean = 575.487 us, total = 575.487 us, Queueing time: mean = 0.000 s, max = -0.000 s, min = 9223372036.855 s, total = 0.000 s
	ray::rpc::InternalPubSubGcsService.grpc_client.GcsSubscriberCommandBatch - 1 total (0 active), Execution time: mean = 635.643 us, total = 635.643 us, Queueing time: mean = 0.000 s, max = -0.000 s, min = 9223372036.855 s, total = 0.000 s
	ray::rpc::NodeInfoGcsService.grpc_client.GetAllNodeInfo.OnReplyReceived - 1 total (0 active), Execution time: mean = 62.331 us, total = 62.331 us, Queueing time: mean = 24.565 us, max = 24.565 us, min = 24.565 us, total = 24.565 us
	ray::rpc::WorkerInfoGcsService.grpc_client.AddWorkerInfo.OnReplyReceived - 1 total (0 active), Execution time: mean = 30.172 us, total = 30.172 us, Queueing time: mean = 43.153 us, max = 43.153 us, min = 43.153 us, total = 43.153 us
	ray::rpc::InternalPubSubGcsService.grpc_client.GcsSubscriberCommandBatch.OnReplyReceived - 1 total (0 active), Execution time: mean = 125.383 us, total = 125.383 us, Queueing time: mean = 36.350 us, max = 36.350 us, min = 36.350 us, total = 36.350 us
	ray::rpc::WorkerInfoGcsService.grpc_client.AddWorkerInfo - 1 total (0 active), Execution time: mean = 795.664 us, total = 795.664 us, Queueing time: mean = 0.000 s, max = -0.000 s, min = 9223372036.855 s, total = 0.000 s
	CoreWorker.PrintEventStats - 1 total (1 active, 1 running), Execution time: mean = 0.000 s, total = 0.000 s, Queueing time: mean = 0.000 s, max = -0.000 s, min = 9223372036.855 s, total = 0.000 s
	ray::rpc::InternalPubSubGcsService.grpc_client.GcsSubscriberPoll - 1 total (1 active), Execution time: mean = 0.000 s, total = 0.000 s, Queueing time: mean = 0.000 s, max = -0.000 s, min = 9223372036.855 s, total = 0.000 s
	Publisher.CheckDeadSubscribers - 1 total (1 active), Execution time: mean = 0.000 s, total = 0.000 s, Queueing time: mean = 0.000 s, max = -0.000 s, min = 9223372036.855 s, total = 0.000 s

-----------------
Task Event stats:

IO Service Stats:

Global stats: 181 total (1 active)
Queueing time: mean = 465.880 us, max = 27.849 ms, min = -0.003 s, total = 84.324 ms
Execution time:  mean = 219.108 us, total = 39.659 ms
Event stats:
	CoreWorker.deadline_timer.flush_task_events - 60 total (1 active), Execution time: mean = 119.762 us, total = 7.186 ms, Queueing time: mean = 1.376 ms, max = 27.849 ms, min = -0.003 s, total = 82.537 ms
	ray::rpc::TaskInfoGcsService.grpc_client.AddTaskEventData - 60 total (0 active), Execution time: mean = 518.886 us, total = 31.133 ms, Queueing time: mean = 0.000 s, max = -0.000 s, min = 9223372036.855 s, total = 0.000 s
	ray::rpc::TaskInfoGcsService.grpc_client.AddTaskEventData.OnReplyReceived - 60 total (0 active), Execution time: mean = 20.245 us, total = 1.215 ms, Queueing time: mean = 29.096 us, max = 153.962 us, min = 16.687 us, total = 1.746 ms
	PeriodicalRunner.RunFnPeriodically - 1 total (0 active), Execution time: mean = 125.033 us, total = 125.033 us, Queueing time: mean = 41.790 us, max = 41.790 us, min = 41.790 us, total = 41.790 us
Other Stats:
	grpc_in_progress:0
	current number of task status events in buffer: 0
	current number of profile events in buffer: 0
	current number of dropped task attempts tracked: 0
	total task events sent: 0 MiB
	total number of task attempts sent: 0
	total number of task attempts dropped reported: 0
	total number of sent failure: 0
	num status task events dropped: 0
	num profile task events dropped: 0


[2025-02-16 16:20:37,654 I 565 1316] core_worker.cc:642: Event stats:


Global stats: 1731 total (8 active)
Queueing time: mean = 142.632 us, max = 30.725 ms, min = -0.044 s, total = 246.896 ms
Execution time:  mean = 51.341 us, total = 88.872 ms
Event stats:
	CoreWorker.RecoverObjects - 1198 total (1 active), Execution time: mean = 6.093 us, total = 7.300 ms, Queueing time: mean = 210.403 us, max = 5.769 ms, min = -0.002 s, total = 252.063 ms
	NodeManagerService.grpc_client.ReportWorkerBacklog - 120 total (0 active), Execution time: mean = 515.903 us, total = 61.908 ms, Queueing time: mean = 0.000 s, max = -0.000 s, min = 9223372036.855 s, total = 0.000 s
	NodeManagerService.grpc_client.ReportWorkerBacklog.OnReplyReceived - 120 total (0 active), Execution time: mean = 13.203 us, total = 1.584 ms, Queueing time: mean = 25.758 us, max = 60.345 us, min = 17.562 us, total = 3.091 ms
	CoreWorker.ExitIfParentRayletDies - 120 total (1 active), Execution time: mean = 12.848 us, total = 1.542 ms, Queueing time: mean = -0.000 s, max = 30.725 ms, min = -0.044 s, total = -0.010 s
	CoreWorker.InternalHeartbeat - 120 total (1 active), Execution time: mean = 109.720 us, total = 13.166 ms, Queueing time: mean = -0.000 s, max = 30.407 ms, min = -0.044 s, total = -0.012 s
	CoreWorker.RecordMetrics - 24 total (1 active), Execution time: mean = 17.873 us, total = 428.953 us, Queueing time: mean = 97.295 us, max = 12.123 ms, min = -0.008 s, total = 2.335 ms
	CoreWorker.GCStreamingGeneratorMetadata - 12 total (1 active), Execution time: mean = 2.689 us, total = 32.274 us, Queueing time: mean = 91.640 us, max = 11.767 ms, min = -0.010 s, total = 1.100 ms
	PeriodicalRunner.RunFnPeriodically - 7 total (0 active), Execution time: mean = 59.083 us, total = 413.584 us, Queueing time: mean = 419.696 us, max = 1.439 ms, min = 66.428 us, total = 2.938 ms
	CoreWorker.PrintEventStats - 2 total (1 active, 1 running), Execution time: mean = 135.621 us, total = 271.243 us, Queueing time: mean = 3.936 ms, max = 7.873 ms, min = 7.873 ms, total = 7.873 ms
	ray::rpc::NodeInfoGcsService.grpc_client.GetAllNodeInfo - 1 total (0 active), Execution time: mean = 575.487 us, total = 575.487 us, Queueing time: mean = 0.000 s, max = -0.000 s, min = 9223372036.855 s, total = 0.000 s
	ray::rpc::InternalPubSubGcsService.grpc_client.GcsSubscriberCommandBatch - 1 total (0 active), Execution time: mean = 635.643 us, total = 635.643 us, Queueing time: mean = 0.000 s, max = -0.000 s, min = 9223372036.855 s, total = 0.000 s
	ray::rpc::NodeInfoGcsService.grpc_client.GetAllNodeInfo.OnReplyReceived - 1 total (0 active), Execution time: mean = 62.331 us, total = 62.331 us, Queueing time: mean = 24.565 us, max = 24.565 us, min = 24.565 us, total = 24.565 us
	ray::rpc::WorkerInfoGcsService.grpc_client.AddWorkerInfo.OnReplyReceived - 1 total (0 active), Execution time: mean = 30.172 us, total = 30.172 us, Queueing time: mean = 43.153 us, max = 43.153 us, min = 43.153 us, total = 43.153 us
	ray::rpc::InternalPubSubGcsService.grpc_client.GcsSubscriberCommandBatch.OnReplyReceived - 1 total (0 active), Execution time: mean = 125.383 us, total = 125.383 us, Queueing time: mean = 36.350 us, max = 36.350 us, min = 36.350 us, total = 36.350 us
	ray::rpc::WorkerInfoGcsService.grpc_client.AddWorkerInfo - 1 total (0 active), Execution time: mean = 795.664 us, total = 795.664 us, Queueing time: mean = 0.000 s, max = -0.000 s, min = 9223372036.855 s, total = 0.000 s
	ray::rpc::InternalPubSubGcsService.grpc_client.GcsSubscriberPoll - 1 total (1 active), Execution time: mean = 0.000 s, total = 0.000 s, Queueing time: mean = 0.000 s, max = -0.000 s, min = 9223372036.855 s, total = 0.000 s
	Publisher.CheckDeadSubscribers - 1 total (1 active), Execution time: mean = 0.000 s, total = 0.000 s, Queueing time: mean = 0.000 s, max = -0.000 s, min = 9223372036.855 s, total = 0.000 s

-----------------
Task Event stats:

IO Service Stats:

Global stats: 361 total (1 active)
Queueing time: mean = 408.099 us, max = 33.690 ms, min = -0.013 s, total = 147.324 ms
Execution time:  mean = 258.572 us, total = 93.344 ms
Event stats:
	CoreWorker.deadline_timer.flush_task_events - 120 total (1 active), Execution time: mean = 137.770 us, total = 16.532 ms, Queueing time: mean = 1.199 ms, max = 33.690 ms, min = -0.013 s, total = 143.848 ms
	ray::rpc::TaskInfoGcsService.grpc_client.AddTaskEventData - 120 total (0 active), Execution time: mean = 617.660 us, total = 74.119 ms, Queueing time: mean = 0.000 s, max = -0.000 s, min = 9223372036.855 s, total = 0.000 s
	ray::rpc::TaskInfoGcsService.grpc_client.AddTaskEventData.OnReplyReceived - 120 total (0 active), Execution time: mean = 21.397 us, total = 2.568 ms, Queueing time: mean = 28.615 us, max = 153.962 us, min = 16.687 us, total = 3.434 ms
	PeriodicalRunner.RunFnPeriodically - 1 total (0 active), Execution time: mean = 125.033 us, total = 125.033 us, Queueing time: mean = 41.790 us, max = 41.790 us, min = 41.790 us, total = 41.790 us
Other Stats:
	grpc_in_progress:0
	current number of task status events in buffer: 0
	current number of profile events in buffer: 0
	current number of dropped task attempts tracked: 0
	total task events sent: 0 MiB
	total number of task attempts sent: 0
	total number of task attempts dropped reported: 0
	total number of sent failure: 0
	num status task events dropped: 0
	num profile task events dropped: 0


[2025-02-16 16:21:37,655 I 565 1316] core_worker.cc:642: Event stats:


Global stats: 2589 total (8 active)
Queueing time: mean = 180.976 us, max = 37.044 ms, min = -0.049 s, total = 468.546 ms
Execution time:  mean = 54.704 us, total = 141.628 ms
Event stats:
	CoreWorker.RecoverObjects - 1797 total (1 active), Execution time: mean = 6.468 us, total = 11.624 ms, Queueing time: mean = 210.208 us, max = 5.769 ms, min = -0.002 s, total = 377.744 ms
	NodeManagerService.grpc_client.ReportWorkerBacklog - 180 total (0 active), Execution time: mean = 551.635 us, total = 99.294 ms, Queueing time: mean = 0.000 s, max = -0.000 s, min = 9223372036.855 s, total = 0.000 s
	NodeManagerService.grpc_client.ReportWorkerBacklog.OnReplyReceived - 180 total (0 active), Execution time: mean = 15.010 us, total = 2.702 ms, Queueing time: mean = 28.073 us, max = 94.606 us, min = 17.562 us, total = 5.053 ms
	CoreWorker.ExitIfParentRayletDies - 180 total (1 active), Execution time: mean = 11.817 us, total = 2.127 ms, Queueing time: mean = 189.713 us, max = 37.044 ms, min = -0.049 s, total = 34.148 ms
	CoreWorker.InternalHeartbeat - 180 total (1 active), Execution time: mean = 122.558 us, total = 22.060 ms, Queueing time: mean = 181.001 us, max = 37.036 ms, min = -0.048 s, total = 32.580 ms
	CoreWorker.RecordMetrics - 36 total (1 active), Execution time: mean = 18.263 us, total = 657.466 us, Queueing time: mean = 83.175 us, max = 12.173 ms, min = -0.008 s, total = 2.994 ms
	CoreWorker.GCStreamingGeneratorMetadata - 18 total (1 active), Execution time: mean = 3.051 us, total = 54.922 us, Queueing time: mean = 71.807 us, max = 11.791 ms, min = -0.010 s, total = 1.293 ms
	PeriodicalRunner.RunFnPeriodically - 7 total (0 active), Execution time: mean = 59.083 us, total = 413.584 us, Queueing time: mean = 419.696 us, max = 1.439 ms, min = 66.428 us, total = 2.938 ms
	CoreWorker.PrintEventStats - 3 total (1 active, 1 running), Execution time: mean = 156.571 us, total = 469.712 us, Queueing time: mean = 3.897 ms, max = 7.873 ms, min = 3.819 ms, total = 11.692 ms
	ray::rpc::NodeInfoGcsService.grpc_client.GetAllNodeInfo - 1 total (0 active), Execution time: mean = 575.487 us, total = 575.487 us, Queueing time: mean = 0.000 s, max = -0.000 s, min = 9223372036.855 s, total = 0.000 s
	ray::rpc::InternalPubSubGcsService.grpc_client.GcsSubscriberCommandBatch - 1 total (0 active), Execution time: mean = 635.643 us, total = 635.643 us, Queueing time: mean = 0.000 s, max = -0.000 s, min = 9223372036.855 s, total = 0.000 s
	ray::rpc::NodeInfoGcsService.grpc_client.GetAllNodeInfo.OnReplyReceived - 1 total (0 active), Execution time: mean = 62.331 us, total = 62.331 us, Queueing time: mean = 24.565 us, max = 24.565 us, min = 24.565 us, total = 24.565 us
	ray::rpc::WorkerInfoGcsService.grpc_client.AddWorkerInfo.OnReplyReceived - 1 total (0 active), Execution time: mean = 30.172 us, total = 30.172 us, Queueing time: mean = 43.153 us, max = 43.153 us, min = 43.153 us, total = 43.153 us
	ray::rpc::InternalPubSubGcsService.grpc_client.GcsSubscriberCommandBatch.OnReplyReceived - 1 total (0 active), Execution time: mean = 125.383 us, total = 125.383 us, Queueing time: mean = 36.350 us, max = 36.350 us, min = 36.350 us, total = 36.350 us
	ray::rpc::WorkerInfoGcsService.grpc_client.AddWorkerInfo - 1 total (0 active), Execution time: mean = 795.664 us, total = 795.664 us, Queueing time: mean = 0.000 s, max = -0.000 s, min = 9223372036.855 s, total = 0.000 s
	ray::rpc::InternalPubSubGcsService.grpc_client.GcsSubscriberPoll - 1 total (1 active), Execution time: mean = 0.000 s, total = 0.000 s, Queueing time: mean = 0.000 s, max = -0.000 s, min = 9223372036.855 s, total = 0.000 s
	Publisher.CheckDeadSubscribers - 1 total (1 active), Execution time: mean = 0.000 s, total = 0.000 s, Queueing time: mean = 0.000 s, max = -0.000 s, min = 9223372036.855 s, total = 0.000 s

-----------------
Task Event stats:

IO Service Stats:

Global stats: 541 total (1 active)
Queueing time: mean = 501.957 us, max = 37.318 ms, min = -0.013 s, total = 271.558 ms
Execution time:  mean = 243.148 us, total = 131.543 ms
Event stats:
	CoreWorker.deadline_timer.flush_task_events - 180 total (1 active), Execution time: mean = 132.799 us, total = 23.904 ms, Queueing time: mean = 1.479 ms, max = 37.318 ms, min = -0.013 s, total = 266.177 ms
	ray::rpc::TaskInfoGcsService.grpc_client.AddTaskEventData - 180 total (0 active), Execution time: mean = 575.894 us, total = 103.661 ms, Queueing time: mean = 0.000 s, max = -0.000 s, min = 9223372036.855 s, total = 0.000 s
	ray::rpc::TaskInfoGcsService.grpc_client.AddTaskEventData.OnReplyReceived - 180 total (0 active), Execution time: mean = 21.406 us, total = 3.853 ms, Queueing time: mean = 29.662 us, max = 164.886 us, min = 16.687 us, total = 5.339 ms
	PeriodicalRunner.RunFnPeriodically - 1 total (0 active), Execution time: mean = 125.033 us, total = 125.033 us, Queueing time: mean = 41.790 us, max = 41.790 us, min = 41.790 us, total = 41.790 us
Other Stats:
	grpc_in_progress:0
	current number of task status events in buffer: 0
	current number of profile events in buffer: 0
	current number of dropped task attempts tracked: 0
	total task events sent: 0 MiB
	total number of task attempts sent: 0
	total number of task attempts dropped reported: 0
	total number of sent failure: 0
	num status task events dropped: 0
	num profile task events dropped: 0


[2025-02-16 16:22:37,655 I 565 1316] core_worker.cc:642: Event stats:


Global stats: 3446 total (8 active)
Queueing time: mean = 169.454 us, max = 47.019 ms, min = -0.049 s, total = 583.940 ms
Execution time:  mean = 60.442 us, total = 208.282 ms
Event stats:
	CoreWorker.RecoverObjects - 2395 total (1 active), Execution time: mean = 6.603 us, total = 15.815 ms, Queueing time: mean = 228.457 us, max = 9.616 ms, min = -0.002 s, total = 547.154 ms
	NodeManagerService.grpc_client.ReportWorkerBacklog - 240 total (0 active), Execution time: mean = 626.821 us, total = 150.437 ms, Queueing time: mean = 0.000 s, max = -0.000 s, min = 9223372036.855 s, total = 0.000 s
	NodeManagerService.grpc_client.ReportWorkerBacklog.OnReplyReceived - 240 total (0 active), Execution time: mean = 16.237 us, total = 3.897 ms, Queueing time: mean = 28.755 us, max = 94.606 us, min = 17.562 us, total = 6.901 ms
	CoreWorker.ExitIfParentRayletDies - 240 total (1 active), Execution time: mean = 11.457 us, total = 2.750 ms, Queueing time: mean = 20.966 us, max = 46.840 ms, min = -0.049 s, total = 5.032 ms
	CoreWorker.InternalHeartbeat - 240 total (1 active), Execution time: mean = 129.231 us, total = 31.016 ms, Queueing time: mean = 25.306 us, max = 47.019 ms, min = -0.048 s, total = 6.073 ms
	CoreWorker.RecordMetrics - 48 total (1 active), Execution time: mean = 19.210 us, total = 922.082 us, Queueing time: mean = 75.425 us, max = 12.173 ms, min = -0.008 s, total = 3.620 ms
	CoreWorker.GCStreamingGeneratorMetadata - 24 total (1 active), Execution time: mean = 3.209 us, total = 77.021 us, Queueing time: mean = 71.647 us, max = 11.791 ms, min = -0.010 s, total = 1.720 ms
	PeriodicalRunner.RunFnPeriodically - 7 total (0 active), Execution time: mean = 59.083 us, total = 413.584 us, Queueing time: mean = 419.696 us, max = 1.439 ms, min = 66.428 us, total = 2.938 ms
	CoreWorker.PrintEventStats - 4 total (1 active, 1 running), Execution time: mean = 182.712 us, total = 730.848 us, Queueing time: mean = 2.599 ms, max = 7.873 ms, min = -0.001 s, total = 10.397 ms
	ray::rpc::NodeInfoGcsService.grpc_client.GetAllNodeInfo - 1 total (0 active), Execution time: mean = 575.487 us, total = 575.487 us, Queueing time: mean = 0.000 s, max = -0.000 s, min = 9223372036.855 s, total = 0.000 s
	ray::rpc::InternalPubSubGcsService.grpc_client.GcsSubscriberCommandBatch - 1 total (0 active), Execution time: mean = 635.643 us, total = 635.643 us, Queueing time: mean = 0.000 s, max = -0.000 s, min = 9223372036.855 s, total = 0.000 s
	ray::rpc::NodeInfoGcsService.grpc_client.GetAllNodeInfo.OnReplyReceived - 1 total (0 active), Execution time: mean = 62.331 us, total = 62.331 us, Queueing time: mean = 24.565 us, max = 24.565 us, min = 24.565 us, total = 24.565 us
	ray::rpc::WorkerInfoGcsService.grpc_client.AddWorkerInfo.OnReplyReceived - 1 total (0 active), Execution time: mean = 30.172 us, total = 30.172 us, Queueing time: mean = 43.153 us, max = 43.153 us, min = 43.153 us, total = 43.153 us
	ray::rpc::InternalPubSubGcsService.grpc_client.GcsSubscriberCommandBatch.OnReplyReceived - 1 total (0 active), Execution time: mean = 125.383 us, total = 125.383 us, Queueing time: mean = 36.350 us, max = 36.350 us, min = 36.350 us, total = 36.350 us
	ray::rpc::WorkerInfoGcsService.grpc_client.AddWorkerInfo - 1 total (0 active), Execution time: mean = 795.664 us, total = 795.664 us, Queueing time: mean = 0.000 s, max = -0.000 s, min = 9223372036.855 s, total = 0.000 s
	ray::rpc::InternalPubSubGcsService.grpc_client.GcsSubscriberPoll - 1 total (1 active), Execution time: mean = 0.000 s, total = 0.000 s, Queueing time: mean = 0.000 s, max = -0.000 s, min = 9223372036.855 s, total = 0.000 s
	Publisher.CheckDeadSubscribers - 1 total (1 active), Execution time: mean = 0.000 s, total = 0.000 s, Queueing time: mean = 0.000 s, max = -0.000 s, min = 9223372036.855 s, total = 0.000 s

-----------------
Task Event stats:

IO Service Stats:

Global stats: 721 total (1 active)
Queueing time: mean = 474.438 us, max = 47.390 ms, min = -0.015 s, total = 342.070 ms
Execution time:  mean = 265.914 us, total = 191.724 ms
Event stats:
	CoreWorker.deadline_timer.flush_task_events - 240 total (1 active), Execution time: mean = 130.809 us, total = 31.394 ms, Queueing time: mean = 1.395 ms, max = 47.390 ms, min = -0.015 s, total = 334.701 ms
	ray::rpc::TaskInfoGcsService.grpc_client.AddTaskEventData - 240 total (0 active), Execution time: mean = 646.330 us, total = 155.119 ms, Queueing time: mean = 0.000 s, max = -0.000 s, min = 9223372036.855 s, total = 0.000 s
	ray::rpc::TaskInfoGcsService.grpc_client.AddTaskEventData.OnReplyReceived - 240 total (0 active), Execution time: mean = 21.190 us, total = 5.086 ms, Queueing time: mean = 30.531 us, max = 164.886 us, min = 16.687 us, total = 7.327 ms
	PeriodicalRunner.RunFnPeriodically - 1 total (0 active), Execution time: mean = 125.033 us, total = 125.033 us, Queueing time: mean = 41.790 us, max = 41.790 us, min = 41.790 us, total = 41.790 us
Other Stats:
	grpc_in_progress:0
	current number of task status events in buffer: 0
	current number of profile events in buffer: 0
	current number of dropped task attempts tracked: 0
	total task events sent: 0 MiB
	total number of task attempts sent: 0
	total number of task attempts dropped reported: 0
	total number of sent failure: 0
	num status task events dropped: 0
	num profile task events dropped: 0


[2025-02-16 16:23:37,655 I 565 1316] core_worker.cc:642: Event stats:


Global stats: 4305 total (8 active)
Queueing time: mean = 143.281 us, max = 47.019 ms, min = -0.049 s, total = 616.823 ms
Execution time:  mean = 61.808 us, total = 266.085 ms
Event stats:
	CoreWorker.RecoverObjects - 2994 total (1 active), Execution time: mean = 6.633 us, total = 19.860 ms, Queueing time: mean = 214.128 us, max = 12.158 ms, min = -0.002 s, total = 641.099 ms
	NodeManagerService.grpc_client.ReportWorkerBacklog - 300 total (0 active), Execution time: mean = 642.146 us, total = 192.644 ms, Queueing time: mean = 0.000 s, max = -0.000 s, min = 9223372036.855 s, total = 0.000 s
	NodeManagerService.grpc_client.ReportWorkerBacklog.OnReplyReceived - 300 total (0 active), Execution time: mean = 16.636 us, total = 4.991 ms, Queueing time: mean = 31.269 us, max = 248.375 us, min = 17.562 us, total = 9.381 ms
	CoreWorker.ExitIfParentRayletDies - 300 total (1 active), Execution time: mean = 10.913 us, total = 3.274 ms, Queueing time: mean = -0.000 s, max = 46.840 ms, min = -0.049 s, total = -0.024 s
	CoreWorker.InternalHeartbeat - 300 total (1 active), Execution time: mean = 134.712 us, total = 40.414 ms, Queueing time: mean = -0.000 s, max = 47.019 ms, min = -0.048 s, total = -0.028 s
	CoreWorker.RecordMetrics - 60 total (1 active), Execution time: mean = 20.015 us, total = 1.201 ms, Queueing time: mean = 70.891 us, max = 20.324 ms, min = -0.015 s, total = 4.253 ms
	CoreWorker.GCStreamingGeneratorMetadata - 30 total (1 active), Execution time: mean = 3.342 us, total = 100.256 us, Queueing time: mean = 67.579 us, max = 19.942 ms, min = -0.018 s, total = 2.027 ms
	PeriodicalRunner.RunFnPeriodically - 7 total (0 active), Execution time: mean = 59.083 us, total = 413.584 us, Queueing time: mean = 419.696 us, max = 1.439 ms, min = 66.428 us, total = 2.938 ms
	CoreWorker.PrintEventStats - 5 total (1 active, 1 running), Execution time: mean = 191.219 us, total = 956.095 us, Queueing time: mean = 4.181 ms, max = 10.505 ms, min = -0.001 s, total = 20.903 ms
	Publisher.CheckDeadSubscribers - 2 total (1 active), Execution time: mean = 3.434 us, total = 6.869 us, Queueing time: mean = -0.006 s, max = -0.000 s, min = -0.012 s, total = -0.012 s
	ray::rpc::NodeInfoGcsService.grpc_client.GetAllNodeInfo - 1 total (0 active), Execution time: mean = 575.487 us, total = 575.487 us, Queueing time: mean = 0.000 s, max = -0.000 s, min = 9223372036.855 s, total = 0.000 s
	ray::rpc::InternalPubSubGcsService.grpc_client.GcsSubscriberCommandBatch - 1 total (0 active), Execution time: mean = 635.643 us, total = 635.643 us, Queueing time: mean = 0.000 s, max = -0.000 s, min = 9223372036.855 s, total = 0.000 s
	ray::rpc::NodeInfoGcsService.grpc_client.GetAllNodeInfo.OnReplyReceived - 1 total (0 active), Execution time: mean = 62.331 us, total = 62.331 us, Queueing time: mean = 24.565 us, max = 24.565 us, min = 24.565 us, total = 24.565 us
	ray::rpc::WorkerInfoGcsService.grpc_client.AddWorkerInfo.OnReplyReceived - 1 total (0 active), Execution time: mean = 30.172 us, total = 30.172 us, Queueing time: mean = 43.153 us, max = 43.153 us, min = 43.153 us, total = 43.153 us
	ray::rpc::InternalPubSubGcsService.grpc_client.GcsSubscriberCommandBatch.OnReplyReceived - 1 total (0 active), Execution time: mean = 125.383 us, total = 125.383 us, Queueing time: mean = 36.350 us, max = 36.350 us, min = 36.350 us, total = 36.350 us
	ray::rpc::WorkerInfoGcsService.grpc_client.AddWorkerInfo - 1 total (0 active), Execution time: mean = 795.664 us, total = 795.664 us, Queueing time: mean = 0.000 s, max = -0.000 s, min = 9223372036.855 s, total = 0.000 s
	ray::rpc::InternalPubSubGcsService.grpc_client.GcsSubscriberPoll - 1 total (1 active), Execution time: mean = 0.000 s, total = 0.000 s, Queueing time: mean = 0.000 s, max = -0.000 s, min = 9223372036.855 s, total = 0.000 s

-----------------
Task Event stats:

IO Service Stats:

Global stats: 901 total (1 active)
Queueing time: mean = 428.058 us, max = 47.390 ms, min = -0.015 s, total = 385.680 ms
Execution time:  mean = 258.884 us, total = 233.255 ms
Event stats:
	CoreWorker.deadline_timer.flush_task_events - 300 total (1 active), Execution time: mean = 130.095 us, total = 39.029 ms, Queueing time: mean = 1.254 ms, max = 47.390 ms, min = -0.015 s, total = 376.340 ms
	ray::rpc::TaskInfoGcsService.grpc_client.AddTaskEventData - 300 total (0 active), Execution time: mean = 626.195 us, total = 187.859 ms, Queueing time: mean = 0.000 s, max = -0.000 s, min = 9223372036.855 s, total = 0.000 s
	ray::rpc::TaskInfoGcsService.grpc_client.AddTaskEventData.OnReplyReceived - 300 total (0 active), Execution time: mean = 20.808 us, total = 6.243 ms, Queueing time: mean = 30.996 us, max = 164.886 us, min = 16.687 us, total = 9.299 ms
	PeriodicalRunner.RunFnPeriodically - 1 total (0 active), Execution time: mean = 125.033 us, total = 125.033 us, Queueing time: mean = 41.790 us, max = 41.790 us, min = 41.790 us, total = 41.790 us
Other Stats:
	grpc_in_progress:0
	current number of task status events in buffer: 0
	current number of profile events in buffer: 0
	current number of dropped task attempts tracked: 0
	total task events sent: 0 MiB
	total number of task attempts sent: 0
	total number of task attempts dropped reported: 0
	total number of sent failure: 0
	num status task events dropped: 0
	num profile task events dropped: 0


[2025-02-16 16:24:37,656 I 565 1316] core_worker.cc:642: Event stats:


Global stats: 5163 total (8 active)
Queueing time: mean = 163.843 us, max = 50.169 ms, min = -0.053 s, total = 845.920 ms
Execution time:  mean = 62.409 us, total = 322.217 ms
Event stats:
	CoreWorker.RecoverObjects - 3593 total (1 active), Execution time: mean = 6.615 us, total = 23.767 ms, Queueing time: mean = 222.367 us, max = 12.158 ms, min = -0.002 s, total = 798.964 ms
	NodeManagerService.grpc_client.ReportWorkerBacklog - 360 total (0 active), Execution time: mean = 649.188 us, total = 233.708 ms, Queueing time: mean = 0.000 s, max = -0.000 s, min = 9223372036.855 s, total = 0.000 s
	NodeManagerService.grpc_client.ReportWorkerBacklog.OnReplyReceived - 360 total (0 active), Execution time: mean = 16.755 us, total = 6.032 ms, Queueing time: mean = 31.765 us, max = 248.375 us, min = 17.562 us, total = 11.435 ms
	CoreWorker.ExitIfParentRayletDies - 360 total (1 active), Execution time: mean = 10.760 us, total = 3.874 ms, Queueing time: mean = 71.927 us, max = 50.084 ms, min = -0.053 s, total = 25.894 ms
	CoreWorker.InternalHeartbeat - 360 total (1 active), Execution time: mean = 136.705 us, total = 49.214 ms, Queueing time: mean = 62.555 us, max = 50.169 ms, min = -0.053 s, total = 22.520 ms
	CoreWorker.RecordMetrics - 72 total (1 active), Execution time: mean = 20.768 us, total = 1.495 ms, Queueing time: mean = 69.428 us, max = 20.324 ms, min = -0.015 s, total = 4.999 ms
	CoreWorker.GCStreamingGeneratorMetadata - 36 total (1 active), Execution time: mean = 3.526 us, total = 126.938 us, Queueing time: mean = 65.333 us, max = 19.942 ms, min = -0.018 s, total = 2.352 ms
	PeriodicalRunner.RunFnPeriodically - 7 total (0 active), Execution time: mean = 59.083 us, total = 413.584 us, Queueing time: mean = 419.696 us, max = 1.439 ms, min = 66.428 us, total = 2.938 ms
	CoreWorker.PrintEventStats - 6 total (1 active, 1 running), Execution time: mean = 225.878 us, total = 1.355 ms, Queueing time: mean = -0.002 s, max = 10.505 ms, min = -0.032 s, total = -0.011 s
	Publisher.CheckDeadSubscribers - 2 total (1 active), Execution time: mean = 3.434 us, total = 6.869 us, Queueing time: mean = -0.006 s, max = -0.000 s, min = -0.012 s, total = -0.012 s
	ray::rpc::NodeInfoGcsService.grpc_client.GetAllNodeInfo - 1 total (0 active), Execution time: mean = 575.487 us, total = 575.487 us, Queueing time: mean = 0.000 s, max = -0.000 s, min = 9223372036.855 s, total = 0.000 s
	ray::rpc::InternalPubSubGcsService.grpc_client.GcsSubscriberCommandBatch - 1 total (0 active), Execution time: mean = 635.643 us, total = 635.643 us, Queueing time: mean = 0.000 s, max = -0.000 s, min = 9223372036.855 s, total = 0.000 s
	ray::rpc::NodeInfoGcsService.grpc_client.GetAllNodeInfo.OnReplyReceived - 1 total (0 active), Execution time: mean = 62.331 us, total = 62.331 us, Queueing time: mean = 24.565 us, max = 24.565 us, min = 24.565 us, total = 24.565 us
	ray::rpc::WorkerInfoGcsService.grpc_client.AddWorkerInfo.OnReplyReceived - 1 total (0 active), Execution time: mean = 30.172 us, total = 30.172 us, Queueing time: mean = 43.153 us, max = 43.153 us, min = 43.153 us, total = 43.153 us
	ray::rpc::InternalPubSubGcsService.grpc_client.GcsSubscriberCommandBatch.OnReplyReceived - 1 total (0 active), Execution time: mean = 125.383 us, total = 125.383 us, Queueing time: mean = 36.350 us, max = 36.350 us, min = 36.350 us, total = 36.350 us
	ray::rpc::WorkerInfoGcsService.grpc_client.AddWorkerInfo - 1 total (0 active), Execution time: mean = 795.664 us, total = 795.664 us, Queueing time: mean = 0.000 s, max = -0.000 s, min = 9223372036.855 s, total = 0.000 s
	ray::rpc::InternalPubSubGcsService.grpc_client.GcsSubscriberPoll - 1 total (1 active), Execution time: mean = 0.000 s, total = 0.000 s, Queueing time: mean = 0.000 s, max = -0.000 s, min = 9223372036.855 s, total = 0.000 s

-----------------
Task Event stats:

IO Service Stats:

Global stats: 1081 total (1 active)
Queueing time: mean = 488.410 us, max = 49.097 ms, min = -0.015 s, total = 527.971 ms
Execution time:  mean = 256.602 us, total = 277.386 ms
Event stats:
	CoreWorker.deadline_timer.flush_task_events - 360 total (1 active), Execution time: mean = 130.768 us, total = 47.076 ms, Queueing time: mean = 1.434 ms, max = 49.097 ms, min = -0.015 s, total = 516.382 ms
	ray::rpc::TaskInfoGcsService.grpc_client.AddTaskEventData - 360 total (0 active), Execution time: mean = 618.166 us, total = 222.540 ms, Queueing time: mean = 0.000 s, max = -0.000 s, min = 9223372036.855 s, total = 0.000 s
	ray::rpc::TaskInfoGcsService.grpc_client.AddTaskEventData.OnReplyReceived - 360 total (0 active), Execution time: mean = 21.236 us, total = 7.645 ms, Queueing time: mean = 32.074 us, max = 196.061 us, min = 16.687 us, total = 11.547 ms
	PeriodicalRunner.RunFnPeriodically - 1 total (0 active), Execution time: mean = 125.033 us, total = 125.033 us, Queueing time: mean = 41.790 us, max = 41.790 us, min = 41.790 us, total = 41.790 us
Other Stats:
	grpc_in_progress:0
	current number of task status events in buffer: 0
	current number of profile events in buffer: 0
	current number of dropped task attempts tracked: 0
	total task events sent: 0 MiB
	total number of task attempts sent: 0
	total number of task attempts dropped reported: 0
	total number of sent failure: 0
	num status task events dropped: 0
	num profile task events dropped: 0


[2025-02-16 16:25:37,656 I 565 1316] core_worker.cc:642: Event stats:


Global stats: 6020 total (8 active)
Queueing time: mean = 155.340 us, max = 50.169 ms, min = -0.053 s, total = 935.144 ms
Execution time:  mean = 64.795 us, total = 390.066 ms
Event stats:
	CoreWorker.RecoverObjects - 4191 total (1 active), Execution time: mean = 8.660 us, total = 36.296 ms, Queueing time: mean = 219.381 us, max = 12.158 ms, min = -0.002 s, total = 919.424 ms
	NodeManagerService.grpc_client.ReportWorkerBacklog - 420 total (0 active), Execution time: mean = 660.250 us, total = 277.305 ms, Queueing time: mean = 0.000 s, max = -0.000 s, min = 9223372036.855 s, total = 0.000 s
	NodeManagerService.grpc_client.ReportWorkerBacklog.OnReplyReceived - 420 total (0 active), Execution time: mean = 17.017 us, total = 7.147 ms, Queueing time: mean = 32.874 us, max = 248.375 us, min = 17.562 us, total = 13.807 ms
	CoreWorker.ExitIfParentRayletDies - 420 total (1 active), Execution time: mean = 10.586 us, total = 4.446 ms, Queueing time: mean = -0.000 s, max = 50.084 ms, min = -0.053 s, total = -0.004 s
	CoreWorker.InternalHeartbeat - 420 total (1 active), Execution time: mean = 139.119 us, total = 58.430 ms, Queueing time: mean = -0.000 s, max = 50.169 ms, min = -0.053 s, total = -0.009 s
	CoreWorker.RecordMetrics - 84 total (1 active), Execution time: mean = 24.027 us, total = 2.018 ms, Queueing time: mean = 67.272 us, max = 20.324 ms, min = -0.015 s, total = 5.651 ms
	CoreWorker.GCStreamingGeneratorMetadata - 42 total (1 active), Execution time: mean = 3.684 us, total = 154.740 us, Queueing time: mean = 68.254 us, max = 19.942 ms, min = -0.018 s, total = 2.867 ms
	CoreWorker.PrintEventStats - 7 total (1 active, 1 running), Execution time: mean = 231.991 us, total = 1.624 ms, Queueing time: mean = 2.097 ms, max = 26.121 ms, min = -0.032 s, total = 14.679 ms
	PeriodicalRunner.RunFnPeriodically - 7 total (0 active), Execution time: mean = 59.083 us, total = 413.584 us, Queueing time: mean = 419.696 us, max = 1.439 ms, min = 66.428 us, total = 2.938 ms
	Publisher.CheckDeadSubscribers - 2 total (1 active), Execution time: mean = 3.434 us, total = 6.869 us, Queueing time: mean = -0.006 s, max = -0.000 s, min = -0.012 s, total = -0.012 s
	ray::rpc::NodeInfoGcsService.grpc_client.GetAllNodeInfo - 1 total (0 active), Execution time: mean = 575.487 us, total = 575.487 us, Queueing time: mean = 0.000 s, max = -0.000 s, min = 9223372036.855 s, total = 0.000 s
	ray::rpc::InternalPubSubGcsService.grpc_client.GcsSubscriberCommandBatch - 1 total (0 active), Execution time: mean = 635.643 us, total = 635.643 us, Queueing time: mean = 0.000 s, max = -0.000 s, min = 9223372036.855 s, total = 0.000 s
	ray::rpc::NodeInfoGcsService.grpc_client.GetAllNodeInfo.OnReplyReceived - 1 total (0 active), Execution time: mean = 62.331 us, total = 62.331 us, Queueing time: mean = 24.565 us, max = 24.565 us, min = 24.565 us, total = 24.565 us
	ray::rpc::WorkerInfoGcsService.grpc_client.AddWorkerInfo.OnReplyReceived - 1 total (0 active), Execution time: mean = 30.172 us, total = 30.172 us, Queueing time: mean = 43.153 us, max = 43.153 us, min = 43.153 us, total = 43.153 us
	ray::rpc::InternalPubSubGcsService.grpc_client.GcsSubscriberCommandBatch.OnReplyReceived - 1 total (0 active), Execution time: mean = 125.383 us, total = 125.383 us, Queueing time: mean = 36.350 us, max = 36.350 us, min = 36.350 us, total = 36.350 us
	ray::rpc::WorkerInfoGcsService.grpc_client.AddWorkerInfo - 1 total (0 active), Execution time: mean = 795.664 us, total = 795.664 us, Queueing time: mean = 0.000 s, max = -0.000 s, min = 9223372036.855 s, total = 0.000 s
	ray::rpc::InternalPubSubGcsService.grpc_client.GcsSubscriberPoll - 1 total (1 active), Execution time: mean = 0.000 s, total = 0.000 s, Queueing time: mean = 0.000 s, max = -0.000 s, min = 9223372036.855 s, total = 0.000 s

-----------------
Task Event stats:

IO Service Stats:

Global stats: 1261 total (1 active)
Queueing time: mean = 471.276 us, max = 49.097 ms, min = -0.015 s, total = 594.279 ms
Execution time:  mean = 259.755 us, total = 327.551 ms
Event stats:
	CoreWorker.deadline_timer.flush_task_events - 420 total (1 active), Execution time: mean = 133.761 us, total = 56.180 ms, Queueing time: mean = 1.381 ms, max = 49.097 ms, min = -0.015 s, total = 580.118 ms
	ray::rpc::TaskInfoGcsService.grpc_client.AddTaskEventData - 420 total (0 active), Execution time: mean = 624.118 us, total = 262.130 ms, Queueing time: mean = 0.000 s, max = -0.000 s, min = 9223372036.855 s, total = 0.000 s
	ray::rpc::TaskInfoGcsService.grpc_client.AddTaskEventData.OnReplyReceived - 420 total (0 active), Execution time: mean = 21.707 us, total = 9.117 ms, Queueing time: mean = 33.618 us, max = 196.061 us, min = 16.687 us, total = 14.119 ms
	PeriodicalRunner.RunFnPeriodically - 1 total (0 active), Execution time: mean = 125.033 us, total = 125.033 us, Queueing time: mean = 41.790 us, max = 41.790 us, min = 41.790 us, total = 41.790 us
Other Stats:
	grpc_in_progress:0
	current number of task status events in buffer: 0
	current number of profile events in buffer: 0
	current number of dropped task attempts tracked: 0
	total task events sent: 0 MiB
	total number of task attempts sent: 0
	total number of task attempts dropped reported: 0
	total number of sent failure: 0
	num status task events dropped: 0
	num profile task events dropped: 0


[2025-02-16 16:26:37,656 I 565 1316] core_worker.cc:642: Event stats:


Global stats: 6878 total (8 active)
Queueing time: mean = 181.739 us, max = 50.169 ms, min = -0.053 s, total = 1.250 s
Execution time:  mean = 64.314 us, total = 442.353 ms
Event stats:
	CoreWorker.RecoverObjects - 4790 total (1 active), Execution time: mean = 8.436 us, total = 40.411 ms, Queueing time: mean = 214.508 us, max = 12.158 ms, min = -0.036 s, total = 1.027 s
	NodeManagerService.grpc_client.ReportWorkerBacklog - 480 total (0 active), Execution time: mean = 657.759 us, total = 315.725 ms, Queueing time: mean = 0.000 s, max = -0.000 s, min = 9223372036.855 s, total = 0.000 s
	NodeManagerService.grpc_client.ReportWorkerBacklog.OnReplyReceived - 480 total (0 active), Execution time: mean = 16.964 us, total = 8.143 ms, Queueing time: mean = 32.917 us, max = 248.375 us, min = 17.562 us, total = 15.800 ms
	CoreWorker.ExitIfParentRayletDies - 480 total (1 active), Execution time: mean = 10.199 us, total = 4.896 ms, Queueing time: mean = 284.703 us, max = 50.084 ms, min = -0.053 s, total = 136.658 ms
	CoreWorker.InternalHeartbeat - 480 total (1 active), Execution time: mean = 137.866 us, total = 66.175 ms, Queueing time: mean = 143.966 us, max = 50.169 ms, min = -0.053 s, total = 69.104 ms
	CoreWorker.RecordMetrics - 96 total (1 active), Execution time: mean = 24.000 us, total = 2.304 ms, Queueing time: mean = 78.513 us, max = 20.324 ms, min = -0.015 s, total = 7.537 ms
	CoreWorker.GCStreamingGeneratorMetadata - 48 total (1 active), Execution time: mean = 3.702 us, total = 177.703 us, Queueing time: mean = 66.238 us, max = 19.942 ms, min = -0.018 s, total = 3.179 ms
	CoreWorker.PrintEventStats - 8 total (1 active, 1 running), Execution time: mean = 234.699 us, total = 1.878 ms, Queueing time: mean = -0.000 s, max = 26.121 ms, min = -0.032 s, total = -0.001 s
	PeriodicalRunner.RunFnPeriodically - 7 total (0 active), Execution time: mean = 59.083 us, total = 413.584 us, Queueing time: mean = 419.696 us, max = 1.439 ms, min = 66.428 us, total = 2.938 ms
	Publisher.CheckDeadSubscribers - 2 total (1 active), Execution time: mean = 3.434 us, total = 6.869 us, Queueing time: mean = -0.006 s, max = -0.000 s, min = -0.012 s, total = -0.012 s
	ray::rpc::NodeInfoGcsService.grpc_client.GetAllNodeInfo - 1 total (0 active), Execution time: mean = 575.487 us, total = 575.487 us, Queueing time: mean = 0.000 s, max = -0.000 s, min = 9223372036.855 s, total = 0.000 s
	ray::rpc::InternalPubSubGcsService.grpc_client.GcsSubscriberCommandBatch - 1 total (0 active), Execution time: mean = 635.643 us, total = 635.643 us, Queueing time: mean = 0.000 s, max = -0.000 s, min = 9223372036.855 s, total = 0.000 s
	ray::rpc::NodeInfoGcsService.grpc_client.GetAllNodeInfo.OnReplyReceived - 1 total (0 active), Execution time: mean = 62.331 us, total = 62.331 us, Queueing time: mean = 24.565 us, max = 24.565 us, min = 24.565 us, total = 24.565 us
	ray::rpc::WorkerInfoGcsService.grpc_client.AddWorkerInfo.OnReplyReceived - 1 total (0 active), Execution time: mean = 30.172 us, total = 30.172 us, Queueing time: mean = 43.153 us, max = 43.153 us, min = 43.153 us, total = 43.153 us
	ray::rpc::InternalPubSubGcsService.grpc_client.GcsSubscriberCommandBatch.OnReplyReceived - 1 total (0 active), Execution time: mean = 125.383 us, total = 125.383 us, Queueing time: mean = 36.350 us, max = 36.350 us, min = 36.350 us, total = 36.350 us
	ray::rpc::WorkerInfoGcsService.grpc_client.AddWorkerInfo - 1 total (0 active), Execution time: mean = 795.664 us, total = 795.664 us, Queueing time: mean = 0.000 s, max = -0.000 s, min = 9223372036.855 s, total = 0.000 s
	ray::rpc::InternalPubSubGcsService.grpc_client.GcsSubscriberPoll - 1 total (1 active), Execution time: mean = 0.000 s, total = 0.000 s, Queueing time: mean = 0.000 s, max = -0.000 s, min = 9223372036.855 s, total = 0.000 s

-----------------
Task Event stats:

IO Service Stats:

Global stats: 1441 total (1 active)
Queueing time: mean = 493.859 us, max = 49.097 ms, min = -0.015 s, total = 711.650 ms
Execution time:  mean = 265.441 us, total = 382.501 ms
Event stats:
	CoreWorker.deadline_timer.flush_task_events - 480 total (1 active), Execution time: mean = 135.241 us, total = 64.916 ms, Queueing time: mean = 1.448 ms, max = 49.097 ms, min = -0.015 s, total = 695.219 ms
	ray::rpc::TaskInfoGcsService.grpc_client.AddTaskEventData - 480 total (0 active), Execution time: mean = 639.234 us, total = 306.832 ms, Queueing time: mean = 0.000 s, max = -0.000 s, min = 9223372036.855 s, total = 0.000 s
	ray::rpc::TaskInfoGcsService.grpc_client.AddTaskEventData.OnReplyReceived - 480 total (0 active), Execution time: mean = 22.142 us, total = 10.628 ms, Queueing time: mean = 34.145 us, max = 196.061 us, min = 16.687 us, total = 16.390 ms
	PeriodicalRunner.RunFnPeriodically - 1 total (0 active), Execution time: mean = 125.033 us, total = 125.033 us, Queueing time: mean = 41.790 us, max = 41.790 us, min = 41.790 us, total = 41.790 us
Other Stats:
	grpc_in_progress:0
	current number of task status events in buffer: 0
	current number of profile events in buffer: 0
	current number of dropped task attempts tracked: 0
	total task events sent: 0 MiB
	total number of task attempts sent: 0
	total number of task attempts dropped reported: 0
	total number of sent failure: 0
	num status task events dropped: 0
	num profile task events dropped: 0


[2025-02-16 16:27:37,657 I 565 1316] core_worker.cc:642: Event stats:


Global stats: 7736 total (8 active)
Queueing time: mean = 192.448 us, max = 51.540 ms, min = -0.053 s, total = 1.489 s
Execution time:  mean = 63.801 us, total = 493.561 ms
Event stats:
	CoreWorker.RecoverObjects - 5389 total (1 active), Execution time: mean = 8.222 us, total = 44.307 ms, Queueing time: mean = 205.538 us, max = 12.158 ms, min = -0.036 s, total = 1.108 s
	NodeManagerService.grpc_client.ReportWorkerBacklog - 540 total (0 active), Execution time: mean = 655.463 us, total = 353.950 ms, Queueing time: mean = 0.000 s, max = -0.000 s, min = 9223372036.855 s, total = 0.000 s
	NodeManagerService.grpc_client.ReportWorkerBacklog.OnReplyReceived - 540 total (0 active), Execution time: mean = 16.975 us, total = 9.167 ms, Queueing time: mean = 33.216 us, max = 248.375 us, min = 10.497 us, total = 17.936 ms
	CoreWorker.ExitIfParentRayletDies - 540 total (1 active), Execution time: mean = 9.851 us, total = 5.320 ms, Queueing time: mean = 386.170 us, max = 51.539 ms, min = -0.053 s, total = 208.532 ms
	CoreWorker.InternalHeartbeat - 540 total (1 active), Execution time: mean = 135.549 us, total = 73.197 ms, Queueing time: mean = 249.186 us, max = 51.540 ms, min = -0.053 s, total = 134.561 ms
	CoreWorker.RecordMetrics - 108 total (1 active), Execution time: mean = 24.362 us, total = 2.631 ms, Queueing time: mean = 119.700 us, max = 23.821 ms, min = -0.019 s, total = 12.928 ms
	CoreWorker.GCStreamingGeneratorMetadata - 54 total (1 active), Execution time: mean = 3.692 us, total = 199.385 us, Queueing time: mean = 104.057 us, max = 21.562 ms, min = -0.020 s, total = 5.619 ms
	CoreWorker.PrintEventStats - 9 total (1 active, 1 running), Execution time: mean = 238.510 us, total = 2.147 ms, Queueing time: mean = 1.151 ms, max = 26.121 ms, min = -0.032 s, total = 10.359 ms
	PeriodicalRunner.RunFnPeriodically - 7 total (0 active), Execution time: mean = 59.083 us, total = 413.584 us, Queueing time: mean = 419.696 us, max = 1.439 ms, min = 66.428 us, total = 2.938 ms
	Publisher.CheckDeadSubscribers - 2 total (1 active), Execution time: mean = 3.434 us, total = 6.869 us, Queueing time: mean = -0.006 s, max = -0.000 s, min = -0.012 s, total = -0.012 s
	ray::rpc::NodeInfoGcsService.grpc_client.GetAllNodeInfo - 1 total (0 active), Execution time: mean = 575.487 us, total = 575.487 us, Queueing time: mean = 0.000 s, max = -0.000 s, min = 9223372036.855 s, total = 0.000 s
	ray::rpc::InternalPubSubGcsService.grpc_client.GcsSubscriberCommandBatch - 1 total (0 active), Execution time: mean = 635.643 us, total = 635.643 us, Queueing time: mean = 0.000 s, max = -0.000 s, min = 9223372036.855 s, total = 0.000 s
	ray::rpc::NodeInfoGcsService.grpc_client.GetAllNodeInfo.OnReplyReceived - 1 total (0 active), Execution time: mean = 62.331 us, total = 62.331 us, Queueing time: mean = 24.565 us, max = 24.565 us, min = 24.565 us, total = 24.565 us
	ray::rpc::WorkerInfoGcsService.grpc_client.AddWorkerInfo.OnReplyReceived - 1 total (0 active), Execution time: mean = 30.172 us, total = 30.172 us, Queueing time: mean = 43.153 us, max = 43.153 us, min = 43.153 us, total = 43.153 us
	ray::rpc::InternalPubSubGcsService.grpc_client.GcsSubscriberCommandBatch.OnReplyReceived - 1 total (0 active), Execution time: mean = 125.383 us, total = 125.383 us, Queueing time: mean = 36.350 us, max = 36.350 us, min = 36.350 us, total = 36.350 us
	ray::rpc::WorkerInfoGcsService.grpc_client.AddWorkerInfo - 1 total (0 active), Execution time: mean = 795.664 us, total = 795.664 us, Queueing time: mean = 0.000 s, max = -0.000 s, min = 9223372036.855 s, total = 0.000 s
	ray::rpc::InternalPubSubGcsService.grpc_client.GcsSubscriberPoll - 1 total (1 active), Execution time: mean = 0.000 s, total = 0.000 s, Queueing time: mean = 0.000 s, max = -0.000 s, min = 9223372036.855 s, total = 0.000 s

-----------------
Task Event stats:

IO Service Stats:

Global stats: 1621 total (1 active)
Queueing time: mean = 481.849 us, max = 52.584 ms, min = -0.015 s, total = 781.077 ms
Execution time:  mean = 275.193 us, total = 446.087 ms
Event stats:
	CoreWorker.deadline_timer.flush_task_events - 540 total (1 active), Execution time: mean = 138.862 us, total = 74.985 ms, Queueing time: mean = 1.412 ms, max = 52.584 ms, min = -0.015 s, total = 762.630 ms
	ray::rpc::TaskInfoGcsService.grpc_client.AddTaskEventData - 540 total (0 active), Execution time: mean = 663.966 us, total = 358.541 ms, Queueing time: mean = 0.000 s, max = -0.000 s, min = 9223372036.855 s, total = 0.000 s
	ray::rpc::TaskInfoGcsService.grpc_client.AddTaskEventData.OnReplyReceived - 540 total (0 active), Execution time: mean = 23.029 us, total = 12.436 ms, Queueing time: mean = 34.085 us, max = 196.061 us, min = 16.687 us, total = 18.406 ms
	PeriodicalRunner.RunFnPeriodically - 1 total (0 active), Execution time: mean = 125.033 us, total = 125.033 us, Queueing time: mean = 41.790 us, max = 41.790 us, min = 41.790 us, total = 41.790 us
Other Stats:
	grpc_in_progress:0
	current number of task status events in buffer: 0
	current number of profile events in buffer: 0
	current number of dropped task attempts tracked: 0
	total task events sent: 0 MiB
	total number of task attempts sent: 0
	total number of task attempts dropped reported: 0
	total number of sent failure: 0
	num status task events dropped: 0
	num profile task events dropped: 0


[2025-02-16 16:28:37,657 I 565 1316] core_worker.cc:642: Event stats:


Global stats: 8597 total (8 active)
Queueing time: mean = 190.958 us, max = 51.540 ms, min = -0.053 s, total = 1.642 s
Execution time:  mean = 69.708 ms, total = 599.283 s
Event stats:
	CoreWorker.RecoverObjects - 5988 total (1 active), Execution time: mean = 8.474 us, total = 50.744 ms, Queueing time: mean = 195.312 us, max = 12.158 ms, min = -0.036 s, total = 1.170 s
	NodeManagerService.grpc_client.ReportWorkerBacklog - 600 total (0 active), Execution time: mean = 658.871 us, total = 395.323 ms, Queueing time: mean = 0.000 s, max = -0.000 s, min = 9223372036.855 s, total = 0.000 s
	CoreWorker.ExitIfParentRayletDies - 600 total (1 active), Execution time: mean = 9.672 us, total = 5.803 ms, Queueing time: mean = 453.160 us, max = 51.539 ms, min = -0.053 s, total = 271.896 ms
	CoreWorker.InternalHeartbeat - 600 total (1 active), Execution time: mean = 135.188 us, total = 81.113 ms, Queueing time: mean = 317.804 us, max = 51.540 ms, min = -0.053 s, total = 190.682 ms
	NodeManagerService.grpc_client.ReportWorkerBacklog.OnReplyReceived - 600 total (0 active), Execution time: mean = 17.147 us, total = 10.288 ms, Queueing time: mean = 34.263 us, max = 248.375 us, min = 10.497 us, total = 20.558 ms
	CoreWorker.RecordMetrics - 120 total (1 active), Execution time: mean = 24.214 us, total = 2.906 ms, Queueing time: mean = 112.959 us, max = 23.821 ms, min = -0.019 s, total = 13.555 ms
	CoreWorker.GCStreamingGeneratorMetadata - 60 total (1 active), Execution time: mean = 3.715 us, total = 222.909 us, Queueing time: mean = 101.845 us, max = 21.562 ms, min = -0.020 s, total = 6.111 ms
	CoreWorker.PrintEventStats - 10 total (1 active, 1 running), Execution time: mean = 243.045 us, total = 2.430 ms, Queueing time: mean = -0.000 s, max = 26.121 ms, min = -0.032 s, total = -0.001 s
	PeriodicalRunner.RunFnPeriodically - 7 total (0 active), Execution time: mean = 59.083 us, total = 413.584 us, Queueing time: mean = 419.696 us, max = 1.439 ms, min = 66.428 us, total = 2.938 ms
	Publisher.CheckDeadSubscribers - 3 total (1 active), Execution time: mean = 6.253 us, total = 18.758 us, Queueing time: mean = -0.011 s, max = -0.000 s, min = -0.020 s, total = -0.032 s
	ray::rpc::InternalPubSubGcsService.grpc_client.GcsSubscriberPoll - 2 total (1 active), Execution time: mean = 299.366 s, total = 598.731 s, Queueing time: mean = 0.000 s, max = -0.000 s, min = 9223372036.855 s, total = 0.000 s
	ray::rpc::WorkerInfoGcsService.grpc_client.AddWorkerInfo - 1 total (0 active), Execution time: mean = 795.664 us, total = 795.664 us, Queueing time: mean = 0.000 s, max = -0.000 s, min = 9223372036.855 s, total = 0.000 s
	ray::rpc::InternalPubSubGcsService.grpc_client.GcsSubscriberCommandBatch.OnReplyReceived - 1 total (0 active), Execution time: mean = 125.383 us, total = 125.383 us, Queueing time: mean = 36.350 us, max = 36.350 us, min = 36.350 us, total = 36.350 us
	ray::rpc::WorkerInfoGcsService.grpc_client.AddWorkerInfo.OnReplyReceived - 1 total (0 active), Execution time: mean = 30.172 us, total = 30.172 us, Queueing time: mean = 43.153 us, max = 43.153 us, min = 43.153 us, total = 43.153 us
	ray::rpc::InternalPubSubGcsService.grpc_client.GcsSubscriberPoll.OnReplyReceived - 1 total (0 active), Execution time: mean = 211.108 us, total = 211.108 us, Queueing time: mean = 18.023 us, max = 18.023 us, min = 18.023 us, total = 18.023 us
	ray::rpc::NodeInfoGcsService.grpc_client.GetAllNodeInfo.OnReplyReceived - 1 total (0 active), Execution time: mean = 62.331 us, total = 62.331 us, Queueing time: mean = 24.565 us, max = 24.565 us, min = 24.565 us, total = 24.565 us
	ray::rpc::InternalPubSubGcsService.grpc_client.GcsSubscriberCommandBatch - 1 total (0 active), Execution time: mean = 635.643 us, total = 635.643 us, Queueing time: mean = 0.000 s, max = -0.000 s, min = 9223372036.855 s, total = 0.000 s
	ray::rpc::NodeInfoGcsService.grpc_client.GetAllNodeInfo - 1 total (0 active), Execution time: mean = 575.487 us, total = 575.487 us, Queueing time: mean = 0.000 s, max = -0.000 s, min = 9223372036.855 s, total = 0.000 s

-----------------
Task Event stats:

IO Service Stats:

Global stats: 1801 total (1 active)
Queueing time: mean = 467.572 us, max = 52.584 ms, min = -0.015 s, total = 842.097 ms
Execution time:  mean = 279.124 us, total = 502.701 ms
Event stats:
	CoreWorker.deadline_timer.flush_task_events - 600 total (1 active), Execution time: mean = 140.088 us, total = 84.053 ms, Queueing time: mean = 1.367 ms, max = 52.584 ms, min = -0.015 s, total = 820.155 ms
	ray::rpc::TaskInfoGcsService.grpc_client.AddTaskEventData - 600 total (0 active), Execution time: mean = 667.232 us, total = 400.339 ms, Queueing time: mean = 0.000 s, max = -0.000 s, min = 9223372036.855 s, total = 0.000 s
	ray::rpc::TaskInfoGcsService.grpc_client.AddTaskEventData.OnReplyReceived - 600 total (0 active), Execution time: mean = 30.308 us, total = 18.185 ms, Queueing time: mean = 36.501 us, max = 1.415 ms, min = 16.687 us, total = 21.901 ms
	PeriodicalRunner.RunFnPeriodically - 1 total (0 active), Execution time: mean = 125.033 us, total = 125.033 us, Queueing time: mean = 41.790 us, max = 41.790 us, min = 41.790 us, total = 41.790 us
Other Stats:
	grpc_in_progress:0
	current number of task status events in buffer: 0
	current number of profile events in buffer: 0
	current number of dropped task attempts tracked: 0
	total task events sent: 0 MiB
	total number of task attempts sent: 0
	total number of task attempts dropped reported: 0
	total number of sent failure: 0
	num status task events dropped: 0
	num profile task events dropped: 0


[2025-02-16 16:29:37,659 I 565 1316] core_worker.cc:642: Event stats:


Global stats: 9455 total (8 active)
Queueing time: mean = 219.534 us, max = 51.540 ms, min = -0.053 s, total = 2.076 s
Execution time:  mean = 63.389 ms, total = 599.343 s
Event stats:
	CoreWorker.RecoverObjects - 6587 total (1 active), Execution time: mean = 8.344 us, total = 54.961 ms, Queueing time: mean = 200.902 us, max = 12.158 ms, min = -0.036 s, total = 1.323 s
	NodeManagerService.grpc_client.ReportWorkerBacklog - 660 total (0 active), Execution time: mean = 665.143 us, total = 438.995 ms, Queueing time: mean = 0.000 s, max = -0.000 s, min = 9223372036.855 s, total = 0.000 s
	CoreWorker.ExitIfParentRayletDies - 660 total (1 active), Execution time: mean = 9.670 us, total = 6.382 ms, Queueing time: mean = 650.995 us, max = 51.539 ms, min = -0.053 s, total = 429.657 ms
	CoreWorker.InternalHeartbeat - 660 total (1 active), Execution time: mean = 136.979 us, total = 90.406 ms, Queueing time: mean = 514.597 us, max = 51.540 ms, min = -0.053 s, total = 339.634 ms
	NodeManagerService.grpc_client.ReportWorkerBacklog.OnReplyReceived - 660 total (0 active), Execution time: mean = 17.427 us, total = 11.502 ms, Queueing time: mean = 34.472 us, max = 248.375 us, min = 10.497 us, total = 22.752 ms
	CoreWorker.RecordMetrics - 132 total (1 active), Execution time: mean = 24.534 us, total = 3.238 ms, Queueing time: mean = 108.806 us, max = 37.691 ms, min = -0.032 s, total = 14.362 ms
	CoreWorker.GCStreamingGeneratorMetadata - 66 total (1 active), Execution time: mean = 3.770 us, total = 248.844 us, Queueing time: mean = 103.765 us, max = 35.368 ms, min = -0.033 s, total = 6.848 ms
	CoreWorker.PrintEventStats - 11 total (1 active, 1 running), Execution time: mean = 265.412 us, total = 2.920 ms, Queueing time: mean = -0.003 s, max = 26.121 ms, min = -0.032 s, total = -0.032 s
	PeriodicalRunner.RunFnPeriodically - 7 total (0 active), Execution time: mean = 59.083 us, total = 413.584 us, Queueing time: mean = 419.696 us, max = 1.439 ms, min = 66.428 us, total = 2.938 ms
	Publisher.CheckDeadSubscribers - 3 total (1 active), Execution time: mean = 6.253 us, total = 18.758 us, Queueing time: mean = -0.011 s, max = -0.000 s, min = -0.020 s, total = -0.032 s
	ray::rpc::InternalPubSubGcsService.grpc_client.GcsSubscriberPoll - 2 total (1 active), Execution time: mean = 299.366 s, total = 598.731 s, Queueing time: mean = 0.000 s, max = -0.000 s, min = 9223372036.855 s, total = 0.000 s
	ray::rpc::WorkerInfoGcsService.grpc_client.AddWorkerInfo - 1 total (0 active), Execution time: mean = 795.664 us, total = 795.664 us, Queueing time: mean = 0.000 s, max = -0.000 s, min = 9223372036.855 s, total = 0.000 s
	ray::rpc::InternalPubSubGcsService.grpc_client.GcsSubscriberCommandBatch.OnReplyReceived - 1 total (0 active), Execution time: mean = 125.383 us, total = 125.383 us, Queueing time: mean = 36.350 us, max = 36.350 us, min = 36.350 us, total = 36.350 us
	ray::rpc::WorkerInfoGcsService.grpc_client.AddWorkerInfo.OnReplyReceived - 1 total (0 active), Execution time: mean = 30.172 us, total = 30.172 us, Queueing time: mean = 43.153 us, max = 43.153 us, min = 43.153 us, total = 43.153 us
	ray::rpc::InternalPubSubGcsService.grpc_client.GcsSubscriberPoll.OnReplyReceived - 1 total (0 active), Execution time: mean = 211.108 us, total = 211.108 us, Queueing time: mean = 18.023 us, max = 18.023 us, min = 18.023 us, total = 18.023 us
	ray::rpc::NodeInfoGcsService.grpc_client.GetAllNodeInfo.OnReplyReceived - 1 total (0 active), Execution time: mean = 62.331 us, total = 62.331 us, Queueing time: mean = 24.565 us, max = 24.565 us, min = 24.565 us, total = 24.565 us
	ray::rpc::InternalPubSubGcsService.grpc_client.GcsSubscriberCommandBatch - 1 total (0 active), Execution time: mean = 635.643 us, total = 635.643 us, Queueing time: mean = 0.000 s, max = -0.000 s, min = 9223372036.855 s, total = 0.000 s
	ray::rpc::NodeInfoGcsService.grpc_client.GetAllNodeInfo - 1 total (0 active), Execution time: mean = 575.487 us, total = 575.487 us, Queueing time: mean = 0.000 s, max = -0.000 s, min = 9223372036.855 s, total = 0.000 s

-----------------
Task Event stats:

IO Service Stats:

Global stats: 1978 total (1 active)
Queueing time: mean = 482.319 us, max = 52.584 ms, min = -0.015 s, total = 954.026 ms
Execution time:  mean = 283.754 us, total = 561.265 ms
Event stats:
	CoreWorker.deadline_timer.flush_task_events - 659 total (1 active), Execution time: mean = 143.425 us, total = 94.517 ms, Queueing time: mean = 1.411 ms, max = 52.584 ms, min = -0.015 s, total = 930.137 ms
	ray::rpc::TaskInfoGcsService.grpc_client.AddTaskEventData - 659 total (0 active), Execution time: mean = 678.135 us, total = 446.891 ms, Queueing time: mean = 0.000 s, max = -0.000 s, min = 9223372036.855 s, total = 0.000 s
	ray::rpc::TaskInfoGcsService.grpc_client.AddTaskEventData.OnReplyReceived - 659 total (0 active), Execution time: mean = 29.943 us, total = 19.733 ms, Queueing time: mean = 36.188 us, max = 1.415 ms, min = 16.687 us, total = 23.848 ms
	PeriodicalRunner.RunFnPeriodically - 1 total (0 active), Execution time: mean = 125.033 us, total = 125.033 us, Queueing time: mean = 41.790 us, max = 41.790 us, min = 41.790 us, total = 41.790 us
Other Stats:
	grpc_in_progress:0
	current number of task status events in buffer: 0
	current number of profile events in buffer: 0
	current number of dropped task attempts tracked: 0
	total task events sent: 0 MiB
	total number of task attempts sent: 0
	total number of task attempts dropped reported: 0
	total number of sent failure: 0
	num status task events dropped: 0
	num profile task events dropped: 0


[2025-02-16 16:30:37,659 I 565 1316] core_worker.cc:642: Event stats:


Global stats: 10313 total (8 active)
Queueing time: mean = 223.119 us, max = 51.540 ms, min = -0.053 s, total = 2.301 s
Execution time:  mean = 58.121 ms, total = 599.403 s
Event stats:
	CoreWorker.RecoverObjects - 7186 total (1 active), Execution time: mean = 8.210 us, total = 58.997 ms, Queueing time: mean = 192.278 us, max = 12.158 ms, min = -0.036 s, total = 1.382 s
	NodeManagerService.grpc_client.ReportWorkerBacklog - 720 total (0 active), Execution time: mean = 668.588 us, total = 481.384 ms, Queueing time: mean = 0.000 s, max = -0.000 s, min = 9223372036.855 s, total = 0.000 s
	CoreWorker.ExitIfParentRayletDies - 720 total (1 active), Execution time: mean = 9.717 us, total = 6.996 ms, Queueing time: mean = 686.681 us, max = 51.539 ms, min = -0.053 s, total = 494.410 ms
	CoreWorker.InternalHeartbeat - 720 total (1 active), Execution time: mean = 139.789 us, total = 100.648 ms, Queueing time: mean = 548.296 us, max = 51.540 ms, min = -0.053 s, total = 394.773 ms
	NodeManagerService.grpc_client.ReportWorkerBacklog.OnReplyReceived - 720 total (0 active), Execution time: mean = 17.812 us, total = 12.824 ms, Queueing time: mean = 34.489 us, max = 248.375 us, min = 8.019 us, total = 24.832 ms
	CoreWorker.RecordMetrics - 144 total (1 active), Execution time: mean = 24.746 us, total = 3.563 ms, Queueing time: mean = 103.166 us, max = 37.691 ms, min = -0.032 s, total = 14.856 ms
	CoreWorker.GCStreamingGeneratorMetadata - 72 total (1 active), Execution time: mean = 3.764 us, total = 270.989 us, Queueing time: mean = 94.814 us, max = 35.368 ms, min = -0.033 s, total = 6.827 ms
	CoreWorker.PrintEventStats - 12 total (1 active, 1 running), Execution time: mean = 354.357 us, total = 4.252 ms, Queueing time: mean = 1.068 ms, max = 44.512 ms, min = -0.032 s, total = 12.818 ms
	PeriodicalRunner.RunFnPeriodically - 7 total (0 active), Execution time: mean = 59.083 us, total = 413.584 us, Queueing time: mean = 419.696 us, max = 1.439 ms, min = 66.428 us, total = 2.938 ms
	Publisher.CheckDeadSubscribers - 3 total (1 active), Execution time: mean = 6.253 us, total = 18.758 us, Queueing time: mean = -0.011 s, max = -0.000 s, min = -0.020 s, total = -0.032 s
	ray::rpc::InternalPubSubGcsService.grpc_client.GcsSubscriberPoll - 2 total (1 active), Execution time: mean = 299.366 s, total = 598.731 s, Queueing time: mean = 0.000 s, max = -0.000 s, min = 9223372036.855 s, total = 0.000 s
	ray::rpc::WorkerInfoGcsService.grpc_client.AddWorkerInfo - 1 total (0 active), Execution time: mean = 795.664 us, total = 795.664 us, Queueing time: mean = 0.000 s, max = -0.000 s, min = 9223372036.855 s, total = 0.000 s
	ray::rpc::InternalPubSubGcsService.grpc_client.GcsSubscriberCommandBatch.OnReplyReceived - 1 total (0 active), Execution time: mean = 125.383 us, total = 125.383 us, Queueing time: mean = 36.350 us, max = 36.350 us, min = 36.350 us, total = 36.350 us
	ray::rpc::WorkerInfoGcsService.grpc_client.AddWorkerInfo.OnReplyReceived - 1 total (0 active), Execution time: mean = 30.172 us, total = 30.172 us, Queueing time: mean = 43.153 us, max = 43.153 us, min = 43.153 us, total = 43.153 us
	ray::rpc::InternalPubSubGcsService.grpc_client.GcsSubscriberPoll.OnReplyReceived - 1 total (0 active), Execution time: mean = 211.108 us, total = 211.108 us, Queueing time: mean = 18.023 us, max = 18.023 us, min = 18.023 us, total = 18.023 us
	ray::rpc::NodeInfoGcsService.grpc_client.GetAllNodeInfo.OnReplyReceived - 1 total (0 active), Execution time: mean = 62.331 us, total = 62.331 us, Queueing time: mean = 24.565 us, max = 24.565 us, min = 24.565 us, total = 24.565 us
	ray::rpc::InternalPubSubGcsService.grpc_client.GcsSubscriberCommandBatch - 1 total (0 active), Execution time: mean = 635.643 us, total = 635.643 us, Queueing time: mean = 0.000 s, max = -0.000 s, min = 9223372036.855 s, total = 0.000 s
	ray::rpc::NodeInfoGcsService.grpc_client.GetAllNodeInfo - 1 total (0 active), Execution time: mean = 575.487 us, total = 575.487 us, Queueing time: mean = 0.000 s, max = -0.000 s, min = 9223372036.855 s, total = 0.000 s

-----------------
Task Event stats:

IO Service Stats:

Global stats: 2158 total (1 active)
Queueing time: mean = 467.933 us, max = 52.584 ms, min = -0.015 s, total = 1.010 s
Execution time:  mean = 288.644 us, total = 622.894 ms
Event stats:
	CoreWorker.deadline_timer.flush_task_events - 719 total (1 active), Execution time: mean = 147.347 us, total = 105.942 ms, Queueing time: mean = 1.368 ms, max = 52.584 ms, min = -0.015 s, total = 983.864 ms
	ray::rpc::TaskInfoGcsService.grpc_client.AddTaskEventData - 719 total (0 active), Execution time: mean = 688.861 us, total = 495.291 ms, Queueing time: mean = 0.000 s, max = -0.000 s, min = 9223372036.855 s, total = 0.000 s
	ray::rpc::TaskInfoGcsService.grpc_client.AddTaskEventData.OnReplyReceived - 719 total (0 active), Execution time: mean = 29.952 us, total = 21.536 ms, Queueing time: mean = 36.013 us, max = 1.415 ms, min = 16.687 us, total = 25.893 ms
	PeriodicalRunner.RunFnPeriodically - 1 total (0 active), Execution time: mean = 125.033 us, total = 125.033 us, Queueing time: mean = 41.790 us, max = 41.790 us, min = 41.790 us, total = 41.790 us
Other Stats:
	grpc_in_progress:0
	current number of task status events in buffer: 0
	current number of profile events in buffer: 0
	current number of dropped task attempts tracked: 0
	total task events sent: 0 MiB
	total number of task attempts sent: 0
	total number of task attempts dropped reported: 0
	total number of sent failure: 0
	num status task events dropped: 0
	num profile task events dropped: 0


[2025-02-16 16:31:37,659 I 565 1316] core_worker.cc:642: Event stats:


Global stats: 11171 total (8 active)
Queueing time: mean = 243.582 us, max = 51.540 ms, min = -0.053 s, total = 2.721 s
Execution time:  mean = 53.662 ms, total = 599.462 s
Event stats:
	CoreWorker.RecoverObjects - 7785 total (1 active), Execution time: mean = 8.161 us, total = 63.532 ms, Queueing time: mean = 196.517 us, max = 12.158 ms, min = -0.038 s, total = 1.530 s
	NodeManagerService.grpc_client.ReportWorkerBacklog - 780 total (0 active), Execution time: mean = 672.082 us, total = 524.224 ms, Queueing time: mean = 0.000 s, max = -0.000 s, min = 9223372036.855 s, total = 0.000 s
	CoreWorker.ExitIfParentRayletDies - 780 total (1 active), Execution time: mean = 9.728 us, total = 7.587 ms, Queueing time: mean = 834.084 us, max = 51.539 ms, min = -0.053 s, total = 650.586 ms
	CoreWorker.InternalHeartbeat - 780 total (1 active), Execution time: mean = 141.644 us, total = 110.482 ms, Queueing time: mean = 694.335 us, max = 51.540 ms, min = -0.053 s, total = 541.581 ms
	NodeManagerService.grpc_client.ReportWorkerBacklog.OnReplyReceived - 780 total (0 active), Execution time: mean = 18.012 us, total = 14.049 ms, Queueing time: mean = 34.621 us, max = 248.375 us, min = 8.019 us, total = 27.004 ms
	CoreWorker.RecordMetrics - 156 total (1 active), Execution time: mean = 24.743 us, total = 3.860 ms, Queueing time: mean = 103.220 us, max = 37.691 ms, min = -0.032 s, total = 16.102 ms
	CoreWorker.GCStreamingGeneratorMetadata - 78 total (1 active), Execution time: mean = 3.852 us, total = 300.468 us, Queueing time: mean = 116.599 us, max = 35.368 ms, min = -0.033 s, total = 9.095 ms
	CoreWorker.PrintEventStats - 13 total (1 active, 1 running), Execution time: mean = 346.718 us, total = 4.507 ms, Queueing time: mean = -0.002 s, max = 44.512 ms, min = -0.037 s, total = -0.024 s
	PeriodicalRunner.RunFnPeriodically - 7 total (0 active), Execution time: mean = 59.083 us, total = 413.584 us, Queueing time: mean = 419.696 us, max = 1.439 ms, min = 66.428 us, total = 2.938 ms
	Publisher.CheckDeadSubscribers - 3 total (1 active), Execution time: mean = 6.253 us, total = 18.758 us, Queueing time: mean = -0.011 s, max = -0.000 s, min = -0.020 s, total = -0.032 s
	ray::rpc::InternalPubSubGcsService.grpc_client.GcsSubscriberPoll - 2 total (1 active), Execution time: mean = 299.366 s, total = 598.731 s, Queueing time: mean = 0.000 s, max = -0.000 s, min = 9223372036.855 s, total = 0.000 s
	ray::rpc::WorkerInfoGcsService.grpc_client.AddWorkerInfo - 1 total (0 active), Execution time: mean = 795.664 us, total = 795.664 us, Queueing time: mean = 0.000 s, max = -0.000 s, min = 9223372036.855 s, total = 0.000 s
	ray::rpc::InternalPubSubGcsService.grpc_client.GcsSubscriberCommandBatch.OnReplyReceived - 1 total (0 active), Execution time: mean = 125.383 us, total = 125.383 us, Queueing time: mean = 36.350 us, max = 36.350 us, min = 36.350 us, total = 36.350 us
	ray::rpc::WorkerInfoGcsService.grpc_client.AddWorkerInfo.OnReplyReceived - 1 total (0 active), Execution time: mean = 30.172 us, total = 30.172 us, Queueing time: mean = 43.153 us, max = 43.153 us, min = 43.153 us, total = 43.153 us
	ray::rpc::InternalPubSubGcsService.grpc_client.GcsSubscriberPoll.OnReplyReceived - 1 total (0 active), Execution time: mean = 211.108 us, total = 211.108 us, Queueing time: mean = 18.023 us, max = 18.023 us, min = 18.023 us, total = 18.023 us
	ray::rpc::NodeInfoGcsService.grpc_client.GetAllNodeInfo.OnReplyReceived - 1 total (0 active), Execution time: mean = 62.331 us, total = 62.331 us, Queueing time: mean = 24.565 us, max = 24.565 us, min = 24.565 us, total = 24.565 us
	ray::rpc::InternalPubSubGcsService.grpc_client.GcsSubscriberCommandBatch - 1 total (0 active), Execution time: mean = 635.643 us, total = 635.643 us, Queueing time: mean = 0.000 s, max = -0.000 s, min = 9223372036.855 s, total = 0.000 s
	ray::rpc::NodeInfoGcsService.grpc_client.GetAllNodeInfo - 1 total (0 active), Execution time: mean = 575.487 us, total = 575.487 us, Queueing time: mean = 0.000 s, max = -0.000 s, min = 9223372036.855 s, total = 0.000 s

-----------------
Task Event stats:

IO Service Stats:

Global stats: 2338 total (1 active)
Queueing time: mean = 496.190 us, max = 52.584 ms, min = -0.015 s, total = 1.160 s
Execution time:  mean = 291.682 us, total = 681.951 ms
Event stats:
	CoreWorker.deadline_timer.flush_task_events - 779 total (1 active), Execution time: mean = 150.318 us, total = 117.098 ms, Queueing time: mean = 1.453 ms, max = 52.584 ms, min = -0.015 s, total = 1.132 s
	ray::rpc::TaskInfoGcsService.grpc_client.AddTaskEventData - 779 total (0 active), Execution time: mean = 694.940 us, total = 541.359 ms, Queueing time: mean = 0.000 s, max = -0.000 s, min = 9223372036.855 s, total = 0.000 s
	ray::rpc::TaskInfoGcsService.grpc_client.AddTaskEventData.OnReplyReceived - 779 total (0 active), Execution time: mean = 30.000 us, total = 23.370 ms, Queueing time: mean = 36.352 us, max = 1.415 ms, min = 16.687 us, total = 28.318 ms
	PeriodicalRunner.RunFnPeriodically - 1 total (0 active), Execution time: mean = 125.033 us, total = 125.033 us, Queueing time: mean = 41.790 us, max = 41.790 us, min = 41.790 us, total = 41.790 us
Other Stats:
	grpc_in_progress:0
	current number of task status events in buffer: 0
	current number of profile events in buffer: 0
	current number of dropped task attempts tracked: 0
	total task events sent: 0 MiB
	total number of task attempts sent: 0
	total number of task attempts dropped reported: 0
	total number of sent failure: 0
	num status task events dropped: 0
	num profile task events dropped: 0


[2025-02-16 16:32:37,660 I 565 1316] core_worker.cc:642: Event stats:


Global stats: 12028 total (8 active)
Queueing time: mean = 252.485 us, max = 61.729 ms, min = -0.053 s, total = 3.037 s
Execution time:  mean = 49.846 ms, total = 599.542 s
Event stats:
	CoreWorker.RecoverObjects - 8383 total (1 active), Execution time: mean = 8.083 us, total = 67.762 ms, Queueing time: mean = 201.021 us, max = 12.158 ms, min = -0.038 s, total = 1.685 s
	NodeManagerService.grpc_client.ReportWorkerBacklog - 840 total (0 active), Execution time: mean = 700.001 us, total = 588.001 ms, Queueing time: mean = 0.000 s, max = -0.000 s, min = 9223372036.855 s, total = 0.000 s
	CoreWorker.ExitIfParentRayletDies - 840 total (1 active), Execution time: mean = 9.720 us, total = 8.164 ms, Queueing time: mean = 845.244 us, max = 61.729 ms, min = -0.053 s, total = 710.005 ms
	CoreWorker.InternalHeartbeat - 840 total (1 active), Execution time: mean = 142.250 us, total = 119.490 ms, Queueing time: mean = 705.317 us, max = 61.703 ms, min = -0.053 s, total = 592.466 ms
	NodeManagerService.grpc_client.ReportWorkerBacklog.OnReplyReceived - 840 total (0 active), Execution time: mean = 18.111 us, total = 15.214 ms, Queueing time: mean = 34.993 us, max = 248.375 us, min = 8.019 us, total = 29.394 ms
	CoreWorker.RecordMetrics - 168 total (1 active), Execution time: mean = 24.855 us, total = 4.176 ms, Queueing time: mean = 116.330 us, max = 60.452 ms, min = -0.052 s, total = 19.543 ms
	CoreWorker.GCStreamingGeneratorMetadata - 84 total (1 active), Execution time: mean = 3.896 us, total = 327.300 us, Queueing time: mean = 112.793 us, max = 55.589 ms, min = -0.053 s, total = 9.475 ms
	CoreWorker.PrintEventStats - 14 total (1 active, 1 running), Execution time: mean = 342.464 us, total = 4.794 ms, Queueing time: mean = 1.433 ms, max = 44.512 ms, min = -0.037 s, total = 20.057 ms
	PeriodicalRunner.RunFnPeriodically - 7 total (0 active), Execution time: mean = 59.083 us, total = 413.584 us, Queueing time: mean = 419.696 us, max = 1.439 ms, min = 66.428 us, total = 2.938 ms
	Publisher.CheckDeadSubscribers - 3 total (1 active), Execution time: mean = 6.253 us, total = 18.758 us, Queueing time: mean = -0.011 s, max = -0.000 s, min = -0.020 s, total = -0.032 s
	ray::rpc::InternalPubSubGcsService.grpc_client.GcsSubscriberPoll - 2 total (1 active), Execution time: mean = 299.366 s, total = 598.731 s, Queueing time: mean = 0.000 s, max = -0.000 s, min = 9223372036.855 s, total = 0.000 s
	ray::rpc::WorkerInfoGcsService.grpc_client.AddWorkerInfo - 1 total (0 active), Execution time: mean = 795.664 us, total = 795.664 us, Queueing time: mean = 0.000 s, max = -0.000 s, min = 9223372036.855 s, total = 0.000 s
	ray::rpc::InternalPubSubGcsService.grpc_client.GcsSubscriberCommandBatch.OnReplyReceived - 1 total (0 active), Execution time: mean = 125.383 us, total = 125.383 us, Queueing time: mean = 36.350 us, max = 36.350 us, min = 36.350 us, total = 36.350 us
	ray::rpc::WorkerInfoGcsService.grpc_client.AddWorkerInfo.OnReplyReceived - 1 total (0 active), Execution time: mean = 30.172 us, total = 30.172 us, Queueing time: mean = 43.153 us, max = 43.153 us, min = 43.153 us, total = 43.153 us
	ray::rpc::InternalPubSubGcsService.grpc_client.GcsSubscriberPoll.OnReplyReceived - 1 total (0 active), Execution time: mean = 211.108 us, total = 211.108 us, Queueing time: mean = 18.023 us, max = 18.023 us, min = 18.023 us, total = 18.023 us
	ray::rpc::NodeInfoGcsService.grpc_client.GetAllNodeInfo.OnReplyReceived - 1 total (0 active), Execution time: mean = 62.331 us, total = 62.331 us, Queueing time: mean = 24.565 us, max = 24.565 us, min = 24.565 us, total = 24.565 us
	ray::rpc::InternalPubSubGcsService.grpc_client.GcsSubscriberCommandBatch - 1 total (0 active), Execution time: mean = 635.643 us, total = 635.643 us, Queueing time: mean = 0.000 s, max = -0.000 s, min = 9223372036.855 s, total = 0.000 s
	ray::rpc::NodeInfoGcsService.grpc_client.GetAllNodeInfo - 1 total (0 active), Execution time: mean = 575.487 us, total = 575.487 us, Queueing time: mean = 0.000 s, max = -0.000 s, min = 9223372036.855 s, total = 0.000 s

-----------------
Task Event stats:

IO Service Stats:

Global stats: 2518 total (1 active)
Queueing time: mean = 489.306 us, max = 62.846 ms, min = -0.016 s, total = 1.232 s
Execution time:  mean = 305.877 us, total = 770.198 ms
Event stats:
	CoreWorker.deadline_timer.flush_task_events - 839 total (1 active), Execution time: mean = 154.383 us, total = 129.527 ms, Queueing time: mean = 1.430 ms, max = 62.846 ms, min = -0.016 s, total = 1.200 s
	ray::rpc::TaskInfoGcsService.grpc_client.AddTaskEventData - 839 total (0 active), Execution time: mean = 733.369 us, total = 615.296 ms, Queueing time: mean = 0.000 s, max = -0.000 s, min = 9223372036.855 s, total = 0.000 s
	ray::rpc::TaskInfoGcsService.grpc_client.AddTaskEventData.OnReplyReceived - 839 total (0 active), Execution time: mean = 30.095 us, total = 25.250 ms, Queueing time: mean = 38.173 us, max = 1.415 ms, min = 16.687 us, total = 32.028 ms
	PeriodicalRunner.RunFnPeriodically - 1 total (0 active), Execution time: mean = 125.033 us, total = 125.033 us, Queueing time: mean = 41.790 us, max = 41.790 us, min = 41.790 us, total = 41.790 us
Other Stats:
	grpc_in_progress:0
	current number of task status events in buffer: 0
	current number of profile events in buffer: 0
	current number of dropped task attempts tracked: 0
	total task events sent: 0 MiB
	total number of task attempts sent: 0
	total number of task attempts dropped reported: 0
	total number of sent failure: 0
	num status task events dropped: 0
	num profile task events dropped: 0


[2025-02-16 16:33:37,660 I 565 1316] core_worker.cc:642: Event stats:


Global stats: 12889 total (8 active)
Queueing time: mean = 242.361 us, max = 61.729 ms, min = -0.053 s, total = 3.124 s
Execution time:  mean = 69.835 ms, total = 900.097 s
Event stats:
	CoreWorker.RecoverObjects - 8982 total (1 active), Execution time: mean = 8.025 us, total = 72.078 ms, Queueing time: mean = 193.008 us, max = 12.158 ms, min = -0.038 s, total = 1.734 s
	NodeManagerService.grpc_client.ReportWorkerBacklog - 900 total (0 active), Execution time: mean = 706.366 us, total = 635.730 ms, Queueing time: mean = 0.000 s, max = -0.000 s, min = 9223372036.855 s, total = 0.000 s
	CoreWorker.ExitIfParentRayletDies - 900 total (1 active), Execution time: mean = 9.622 us, total = 8.660 ms, Queueing time: mean = 852.206 us, max = 61.729 ms, min = -0.053 s, total = 766.985 ms
	CoreWorker.InternalHeartbeat - 900 total (1 active), Execution time: mean = 141.030 us, total = 126.927 ms, Queueing time: mean = 713.783 us, max = 61.703 ms, min = -0.053 s, total = 642.405 ms
	NodeManagerService.grpc_client.ReportWorkerBacklog.OnReplyReceived - 900 total (0 active), Execution time: mean = 18.095 us, total = 16.285 ms, Queueing time: mean = 35.247 us, max = 248.375 us, min = 8.019 us, total = 31.723 ms
	CoreWorker.RecordMetrics - 180 total (1 active), Execution time: mean = 25.742 us, total = 4.634 ms, Queueing time: mean = 112.200 us, max = 60.452 ms, min = -0.052 s, total = 20.196 ms
	CoreWorker.GCStreamingGeneratorMetadata - 90 total (1 active), Execution time: mean = 3.915 us, total = 352.324 us, Queueing time: mean = 108.979 us, max = 55.589 ms, min = -0.053 s, total = 9.808 ms
	CoreWorker.PrintEventStats - 15 total (1 active, 1 running), Execution time: mean = 351.700 us, total = 5.275 ms, Queueing time: mean = -0.001 s, max = 44.512 ms, min = -0.037 s, total = -0.016 s
	PeriodicalRunner.RunFnPeriodically - 7 total (0 active), Execution time: mean = 59.083 us, total = 413.584 us, Queueing time: mean = 419.696 us, max = 1.439 ms, min = 66.428 us, total = 2.938 ms
	Publisher.CheckDeadSubscribers - 4 total (1 active), Execution time: mean = 6.552 us, total = 26.207 us, Queueing time: mean = -0.017 s, max = -0.000 s, min = -0.036 s, total = -0.068 s
	ray::rpc::InternalPubSubGcsService.grpc_client.GcsSubscriberPoll - 3 total (1 active), Execution time: mean = 299.742 s, total = 899.225 s, Queueing time: mean = 0.000 s, max = -0.000 s, min = 9223372036.855 s, total = 0.000 s
	ray::rpc::InternalPubSubGcsService.grpc_client.GcsSubscriberPoll.OnReplyReceived - 2 total (0 active), Execution time: mean = 160.019 us, total = 320.038 us, Queueing time: mean = 17.625 us, max = 18.023 us, min = 17.228 us, total = 35.251 us
	ray::rpc::WorkerInfoGcsService.grpc_client.AddWorkerInfo - 1 total (0 active), Execution time: mean = 795.664 us, total = 795.664 us, Queueing time: mean = 0.000 s, max = -0.000 s, min = 9223372036.855 s, total = 0.000 s
	ray::rpc::InternalPubSubGcsService.grpc_client.GcsSubscriberCommandBatch.OnReplyReceived - 1 total (0 active), Execution time: mean = 125.383 us, total = 125.383 us, Queueing time: mean = 36.350 us, max = 36.350 us, min = 36.350 us, total = 36.350 us
	ray::rpc::WorkerInfoGcsService.grpc_client.AddWorkerInfo.OnReplyReceived - 1 total (0 active), Execution time: mean = 30.172 us, total = 30.172 us, Queueing time: mean = 43.153 us, max = 43.153 us, min = 43.153 us, total = 43.153 us
	ray::rpc::NodeInfoGcsService.grpc_client.GetAllNodeInfo.OnReplyReceived - 1 total (0 active), Execution time: mean = 62.331 us, total = 62.331 us, Queueing time: mean = 24.565 us, max = 24.565 us, min = 24.565 us, total = 24.565 us
	ray::rpc::InternalPubSubGcsService.grpc_client.GcsSubscriberCommandBatch - 1 total (0 active), Execution time: mean = 635.643 us, total = 635.643 us, Queueing time: mean = 0.000 s, max = -0.000 s, min = 9223372036.855 s, total = 0.000 s
	ray::rpc::NodeInfoGcsService.grpc_client.GetAllNodeInfo - 1 total (0 active), Execution time: mean = 575.487 us, total = 575.487 us, Queueing time: mean = 0.000 s, max = -0.000 s, min = 9223372036.855 s, total = 0.000 s

-----------------
Task Event stats:

IO Service Stats:

Global stats: 2698 total (1 active)
Queueing time: mean = 480.758 us, max = 62.846 ms, min = -0.016 s, total = 1.297 s
Execution time:  mean = 308.594 us, total = 832.586 ms
Event stats:
	CoreWorker.deadline_timer.flush_task_events - 899 total (1 active), Execution time: mean = 157.060 us, total = 141.197 ms, Queueing time: mean = 1.405 ms, max = 62.846 ms, min = -0.016 s, total = 1.263 s
	ray::rpc::TaskInfoGcsService.grpc_client.AddTaskEventData - 899 total (0 active), Execution time: mean = 738.972 us, total = 664.336 ms, Queueing time: mean = 0.000 s, max = -0.000 s, min = 9223372036.855 s, total = 0.000 s
	ray::rpc::TaskInfoGcsService.grpc_client.AddTaskEventData.OnReplyReceived - 899 total (0 active), Execution time: mean = 29.954 us, total = 26.928 ms, Queueing time: mean = 38.154 us, max = 1.415 ms, min = 16.687 us, total = 34.301 ms
	PeriodicalRunner.RunFnPeriodically - 1 total (0 active), Execution time: mean = 125.033 us, total = 125.033 us, Queueing time: mean = 41.790 us, max = 41.790 us, min = 41.790 us, total = 41.790 us
Other Stats:
	grpc_in_progress:0
	current number of task status events in buffer: 0
	current number of profile events in buffer: 0
	current number of dropped task attempts tracked: 0
	total task events sent: 0 MiB
	total number of task attempts sent: 0
	total number of task attempts dropped reported: 0
	total number of sent failure: 0
	num status task events dropped: 0
	num profile task events dropped: 0


[2025-02-16 16:34:37,661 I 565 1316] core_worker.cc:642: Event stats:


Global stats: 13747 total (8 active)
Queueing time: mean = 258.677 us, max = 73.583 ms, min = -0.069 s, total = 3.556 s
Execution time:  mean = 65.479 ms, total = 900.139 s
Event stats:
	CoreWorker.RecoverObjects - 9581 total (1 active), Execution time: mean = 7.898 us, total = 75.667 ms, Queueing time: mean = 197.633 us, max = 12.158 ms, min = -0.038 s, total = 1.894 s
	NodeManagerService.grpc_client.ReportWorkerBacklog - 960 total (0 active), Execution time: mean = 693.331 us, total = 665.597 ms, Queueing time: mean = 0.000 s, max = -0.000 s, min = 9223372036.855 s, total = 0.000 s
	CoreWorker.ExitIfParentRayletDies - 960 total (1 active), Execution time: mean = 9.470 us, total = 9.091 ms, Queueing time: mean = 969.439 us, max = 61.729 ms, min = -0.053 s, total = 930.662 ms
	CoreWorker.InternalHeartbeat - 960 total (1 active), Execution time: mean = 138.941 us, total = 133.384 ms, Queueing time: mean = 833.541 us, max = 61.703 ms, min = -0.053 s, total = 800.199 ms
	NodeManagerService.grpc_client.ReportWorkerBacklog.OnReplyReceived - 960 total (0 active), Execution time: mean = 17.942 us, total = 17.224 ms, Queueing time: mean = 34.882 us, max = 248.375 us, min = 8.019 us, total = 33.487 ms
	CoreWorker.RecordMetrics - 192 total (1 active), Execution time: mean = 25.511 us, total = 4.898 ms, Queueing time: mean = 108.530 us, max = 73.583 ms, min = -0.068 s, total = 20.838 ms
	CoreWorker.GCStreamingGeneratorMetadata - 96 total (1 active), Execution time: mean = 3.916 us, total = 375.933 us, Queueing time: mean = 106.089 us, max = 71.583 ms, min = -0.069 s, total = 10.185 ms
	CoreWorker.PrintEventStats - 16 total (1 active, 1 running), Execution time: mean = 351.836 us, total = 5.629 ms, Queueing time: mean = -0.004 s, max = 44.512 ms, min = -0.052 s, total = -0.067 s
	PeriodicalRunner.RunFnPeriodically - 7 total (0 active), Execution time: mean = 59.083 us, total = 413.584 us, Queueing time: mean = 419.696 us, max = 1.439 ms, min = 66.428 us, total = 2.938 ms
	Publisher.CheckDeadSubscribers - 4 total (1 active), Execution time: mean = 6.552 us, total = 26.207 us, Queueing time: mean = -0.017 s, max = -0.000 s, min = -0.036 s, total = -0.068 s
	ray::rpc::InternalPubSubGcsService.grpc_client.GcsSubscriberPoll - 3 total (1 active), Execution time: mean = 299.742 s, total = 899.225 s, Queueing time: mean = 0.000 s, max = -0.000 s, min = 9223372036.855 s, total = 0.000 s
	ray::rpc::InternalPubSubGcsService.grpc_client.GcsSubscriberPoll.OnReplyReceived - 2 total (0 active), Execution time: mean = 160.019 us, total = 320.038 us, Queueing time: mean = 17.625 us, max = 18.023 us, min = 17.228 us, total = 35.251 us
	ray::rpc::WorkerInfoGcsService.grpc_client.AddWorkerInfo - 1 total (0 active), Execution time: mean = 795.664 us, total = 795.664 us, Queueing time: mean = 0.000 s, max = -0.000 s, min = 9223372036.855 s, total = 0.000 s
	ray::rpc::InternalPubSubGcsService.grpc_client.GcsSubscriberCommandBatch.OnReplyReceived - 1 total (0 active), Execution time: mean = 125.383 us, total = 125.383 us, Queueing time: mean = 36.350 us, max = 36.350 us, min = 36.350 us, total = 36.350 us
	ray::rpc::WorkerInfoGcsService.grpc_client.AddWorkerInfo.OnReplyReceived - 1 total (0 active), Execution time: mean = 30.172 us, total = 30.172 us, Queueing time: mean = 43.153 us, max = 43.153 us, min = 43.153 us, total = 43.153 us
	ray::rpc::NodeInfoGcsService.grpc_client.GetAllNodeInfo.OnReplyReceived - 1 total (0 active), Execution time: mean = 62.331 us, total = 62.331 us, Queueing time: mean = 24.565 us, max = 24.565 us, min = 24.565 us, total = 24.565 us
	ray::rpc::InternalPubSubGcsService.grpc_client.GcsSubscriberCommandBatch - 1 total (0 active), Execution time: mean = 635.643 us, total = 635.643 us, Queueing time: mean = 0.000 s, max = -0.000 s, min = 9223372036.855 s, total = 0.000 s
	ray::rpc::NodeInfoGcsService.grpc_client.GetAllNodeInfo - 1 total (0 active), Execution time: mean = 575.487 us, total = 575.487 us, Queueing time: mean = 0.000 s, max = -0.000 s, min = 9223372036.855 s, total = 0.000 s

-----------------
Task Event stats:

IO Service Stats:

Global stats: 2878 total (1 active)
Queueing time: mean = 499.499 us, max = 62.846 ms, min = -0.016 s, total = 1.438 s
Execution time:  mean = 306.621 us, total = 882.457 ms
Event stats:
	CoreWorker.deadline_timer.flush_task_events - 959 total (1 active), Execution time: mean = 158.205 us, total = 151.719 ms, Queueing time: mean = 1.461 ms, max = 62.846 ms, min = -0.016 s, total = 1.401 s
	ray::rpc::TaskInfoGcsService.grpc_client.AddTaskEventData - 959 total (0 active), Execution time: mean = 732.351 us, total = 702.324 ms, Queueing time: mean = 0.000 s, max = -0.000 s, min = 9223372036.855 s, total = 0.000 s
	ray::rpc::TaskInfoGcsService.grpc_client.AddTaskEventData.OnReplyReceived - 959 total (0 active), Execution time: mean = 29.498 us, total = 28.288 ms, Queueing time: mean = 37.573 us, max = 1.415 ms, min = 16.687 us, total = 36.033 ms
	PeriodicalRunner.RunFnPeriodically - 1 total (0 active), Execution time: mean = 125.033 us, total = 125.033 us, Queueing time: mean = 41.790 us, max = 41.790 us, min = 41.790 us, total = 41.790 us
Other Stats:
	grpc_in_progress:0
	current number of task status events in buffer: 0
	current number of profile events in buffer: 0
	current number of dropped task attempts tracked: 0
	total task events sent: 0 MiB
	total number of task attempts sent: 0
	total number of task attempts dropped reported: 0
	total number of sent failure: 0
	num status task events dropped: 0
	num profile task events dropped: 0


[2025-02-16 16:35:37,661 I 565 1316] core_worker.cc:642: Event stats:


Global stats: 14601 total (8 active)
Queueing time: mean = 257.337 us, max = 73.583 ms, min = -0.069 s, total = 3.757 s
Execution time:  mean = 61.651 ms, total = 900.173 s
Event stats:
	CoreWorker.RecoverObjects - 10180 total (1 active), Execution time: mean = 7.757 us, total = 78.963 ms, Queueing time: mean = 191.177 us, max = 12.158 ms, min = -0.038 s, total = 1.946 s
	NodeManagerService.grpc_client.ReportWorkerBacklog - 1019 total (0 active), Execution time: mean = 675.981 us, total = 688.825 ms, Queueing time: mean = 0.000 s, max = -0.000 s, min = 9223372036.855 s, total = 0.000 s
	CoreWorker.ExitIfParentRayletDies - 1019 total (1 active), Execution time: mean = 9.305 us, total = 9.482 ms, Queueing time: mean = 959.530 us, max = 61.729 ms, min = -0.053 s, total = 977.761 ms
	CoreWorker.InternalHeartbeat - 1019 total (1 active), Execution time: mean = 136.260 us, total = 138.849 ms, Queueing time: mean = 826.245 us, max = 61.703 ms, min = -0.053 s, total = 841.944 ms
	NodeManagerService.grpc_client.ReportWorkerBacklog.OnReplyReceived - 1019 total (0 active), Execution time: mean = 17.597 us, total = 17.931 ms, Queueing time: mean = 34.197 us, max = 248.375 us, min = 8.019 us, total = 34.846 ms
	CoreWorker.RecordMetrics - 204 total (1 active), Execution time: mean = 25.091 us, total = 5.119 ms, Queueing time: mean = 104.800 us, max = 73.583 ms, min = -0.068 s, total = 21.379 ms
	CoreWorker.GCStreamingGeneratorMetadata - 102 total (1 active), Execution time: mean = 3.889 us, total = 396.720 us, Queueing time: mean = 101.233 us, max = 71.583 ms, min = -0.069 s, total = 10.326 ms
	CoreWorker.PrintEventStats - 17 total (1 active, 1 running), Execution time: mean = 351.313 us, total = 5.972 ms, Queueing time: mean = -0.001 s, max = 57.800 ms, min = -0.052 s, total = -0.010 s
	PeriodicalRunner.RunFnPeriodically - 7 total (0 active), Execution time: mean = 59.083 us, total = 413.584 us, Queueing time: mean = 419.696 us, max = 1.439 ms, min = 66.428 us, total = 2.938 ms
	Publisher.CheckDeadSubscribers - 4 total (1 active), Execution time: mean = 6.552 us, total = 26.207 us, Queueing time: mean = -0.017 s, max = -0.000 s, min = -0.036 s, total = -0.068 s
	ray::rpc::InternalPubSubGcsService.grpc_client.GcsSubscriberPoll - 3 total (1 active), Execution time: mean = 299.742 s, total = 899.225 s, Queueing time: mean = 0.000 s, max = -0.000 s, min = 9223372036.855 s, total = 0.000 s
	ray::rpc::InternalPubSubGcsService.grpc_client.GcsSubscriberPoll.OnReplyReceived - 2 total (0 active), Execution time: mean = 160.019 us, total = 320.038 us, Queueing time: mean = 17.625 us, max = 18.023 us, min = 17.228 us, total = 35.251 us
	ray::rpc::WorkerInfoGcsService.grpc_client.AddWorkerInfo - 1 total (0 active), Execution time: mean = 795.664 us, total = 795.664 us, Queueing time: mean = 0.000 s, max = -0.000 s, min = 9223372036.855 s, total = 0.000 s
	ray::rpc::InternalPubSubGcsService.grpc_client.GcsSubscriberCommandBatch.OnReplyReceived - 1 total (0 active), Execution time: mean = 125.383 us, total = 125.383 us, Queueing time: mean = 36.350 us, max = 36.350 us, min = 36.350 us, total = 36.350 us
	ray::rpc::WorkerInfoGcsService.grpc_client.AddWorkerInfo.OnReplyReceived - 1 total (0 active), Execution time: mean = 30.172 us, total = 30.172 us, Queueing time: mean = 43.153 us, max = 43.153 us, min = 43.153 us, total = 43.153 us
	ray::rpc::NodeInfoGcsService.grpc_client.GetAllNodeInfo.OnReplyReceived - 1 total (0 active), Execution time: mean = 62.331 us, total = 62.331 us, Queueing time: mean = 24.565 us, max = 24.565 us, min = 24.565 us, total = 24.565 us
	ray::rpc::InternalPubSubGcsService.grpc_client.GcsSubscriberCommandBatch - 1 total (0 active), Execution time: mean = 635.643 us, total = 635.643 us, Queueing time: mean = 0.000 s, max = -0.000 s, min = 9223372036.855 s, total = 0.000 s
	ray::rpc::NodeInfoGcsService.grpc_client.GetAllNodeInfo - 1 total (0 active), Execution time: mean = 575.487 us, total = 575.487 us, Queueing time: mean = 0.000 s, max = -0.000 s, min = 9223372036.855 s, total = 0.000 s

-----------------
Task Event stats:

IO Service Stats:

Global stats: 3058 total (1 active)
Queueing time: mean = 484.665 us, max = 62.846 ms, min = -0.016 s, total = 1.482 s
Execution time:  mean = 303.036 us, total = 926.685 ms
Event stats:
	CoreWorker.deadline_timer.flush_task_events - 1019 total (1 active), Execution time: mean = 157.674 us, total = 160.669 ms, Queueing time: mean = 1.418 ms, max = 62.846 ms, min = -0.016 s, total = 1.444 s
	ray::rpc::TaskInfoGcsService.grpc_client.AddTaskEventData - 1019 total (0 active), Execution time: mean = 722.535 us, total = 736.263 ms, Queueing time: mean = 0.000 s, max = -0.000 s, min = 9223372036.855 s, total = 0.000 s
	ray::rpc::TaskInfoGcsService.grpc_client.AddTaskEventData.OnReplyReceived - 1019 total (0 active), Execution time: mean = 29.075 us, total = 29.627 ms, Queueing time: mean = 36.919 us, max = 1.415 ms, min = 14.870 us, total = 37.621 ms
	PeriodicalRunner.RunFnPeriodically - 1 total (0 active), Execution time: mean = 125.033 us, total = 125.033 us, Queueing time: mean = 41.790 us, max = 41.790 us, min = 41.790 us, total = 41.790 us
Other Stats:
	grpc_in_progress:0
	current number of task status events in buffer: 0
	current number of profile events in buffer: 0
	current number of dropped task attempts tracked: 0
	total task events sent: 0 MiB
	total number of task attempts sent: 0
	total number of task attempts dropped reported: 0
	total number of sent failure: 0
	num status task events dropped: 0
	num profile task events dropped: 0


[2025-02-16 16:36:37,661 I 565 1316] core_worker.cc:642: Event stats:


Global stats: 15459 total (8 active)
Queueing time: mean = 267.931 us, max = 73.583 ms, min = -0.069 s, total = 4.142 s
Execution time:  mean = 58.232 ms, total = 900.205 s
Event stats:
	CoreWorker.RecoverObjects - 10779 total (1 active), Execution time: mean = 7.600 us, total = 81.917 ms, Queueing time: mean = 194.486 us, max = 12.158 ms, min = -0.038 s, total = 2.096 s
	NodeManagerService.grpc_client.ReportWorkerBacklog - 1079 total (0 active), Execution time: mean = 659.513 us, total = 711.614 ms, Queueing time: mean = 0.000 s, max = -0.000 s, min = 9223372036.855 s, total = 0.000 s
	CoreWorker.ExitIfParentRayletDies - 1079 total (1 active), Execution time: mean = 9.154 us, total = 9.877 ms, Queueing time: mean = 1.033 ms, max = 61.729 ms, min = -0.053 s, total = 1.115 s
	CoreWorker.InternalHeartbeat - 1079 total (1 active), Execution time: mean = 133.297 us, total = 143.828 ms, Queueing time: mean = 902.858 us, max = 61.703 ms, min = -0.053 s, total = 974.184 ms
	NodeManagerService.grpc_client.ReportWorkerBacklog.OnReplyReceived - 1079 total (0 active), Execution time: mean = 17.258 us, total = 18.621 ms, Queueing time: mean = 33.747 us, max = 248.375 us, min = 8.019 us, total = 36.414 ms
	CoreWorker.RecordMetrics - 216 total (1 active), Execution time: mean = 24.611 us, total = 5.316 ms, Queueing time: mean = 102.584 us, max = 73.583 ms, min = -0.068 s, total = 22.158 ms
	CoreWorker.GCStreamingGeneratorMetadata - 108 total (1 active), Execution time: mean = 3.809 us, total = 411.424 us, Queueing time: mean = 97.913 us, max = 71.583 ms, min = -0.069 s, total = 10.575 ms
	CoreWorker.PrintEventStats - 18 total (1 active, 1 running), Execution time: mean = 341.792 us, total = 6.152 ms, Queueing time: mean = -0.003 s, max = 57.800 ms, min = -0.052 s, total = -0.047 s
	PeriodicalRunner.RunFnPeriodically - 7 total (0 active), Execution time: mean = 59.083 us, total = 413.584 us, Queueing time: mean = 419.696 us, max = 1.439 ms, min = 66.428 us, total = 2.938 ms
	Publisher.CheckDeadSubscribers - 4 total (1 active), Execution time: mean = 6.552 us, total = 26.207 us, Queueing time: mean = -0.017 s, max = -0.000 s, min = -0.036 s, total = -0.068 s
	ray::rpc::InternalPubSubGcsService.grpc_client.GcsSubscriberPoll - 3 total (1 active), Execution time: mean = 299.742 s, total = 899.225 s, Queueing time: mean = 0.000 s, max = -0.000 s, min = 9223372036.855 s, total = 0.000 s
	ray::rpc::InternalPubSubGcsService.grpc_client.GcsSubscriberPoll.OnReplyReceived - 2 total (0 active), Execution time: mean = 160.019 us, total = 320.038 us, Queueing time: mean = 17.625 us, max = 18.023 us, min = 17.228 us, total = 35.251 us
	ray::rpc::WorkerInfoGcsService.grpc_client.AddWorkerInfo - 1 total (0 active), Execution time: mean = 795.664 us, total = 795.664 us, Queueing time: mean = 0.000 s, max = -0.000 s, min = 9223372036.855 s, total = 0.000 s
	ray::rpc::InternalPubSubGcsService.grpc_client.GcsSubscriberCommandBatch.OnReplyReceived - 1 total (0 active), Execution time: mean = 125.383 us, total = 125.383 us, Queueing time: mean = 36.350 us, max = 36.350 us, min = 36.350 us, total = 36.350 us
	ray::rpc::WorkerInfoGcsService.grpc_client.AddWorkerInfo.OnReplyReceived - 1 total (0 active), Execution time: mean = 30.172 us, total = 30.172 us, Queueing time: mean = 43.153 us, max = 43.153 us, min = 43.153 us, total = 43.153 us
	ray::rpc::NodeInfoGcsService.grpc_client.GetAllNodeInfo.OnReplyReceived - 1 total (0 active), Execution time: mean = 62.331 us, total = 62.331 us, Queueing time: mean = 24.565 us, max = 24.565 us, min = 24.565 us, total = 24.565 us
	ray::rpc::InternalPubSubGcsService.grpc_client.GcsSubscriberCommandBatch - 1 total (0 active), Execution time: mean = 635.643 us, total = 635.643 us, Queueing time: mean = 0.000 s, max = -0.000 s, min = 9223372036.855 s, total = 0.000 s
	ray::rpc::NodeInfoGcsService.grpc_client.GetAllNodeInfo - 1 total (0 active), Execution time: mean = 575.487 us, total = 575.487 us, Queueing time: mean = 0.000 s, max = -0.000 s, min = 9223372036.855 s, total = 0.000 s

-----------------
Task Event stats:

IO Service Stats:

Global stats: 3238 total (1 active)
Queueing time: mean = 504.802 us, max = 62.846 ms, min = -0.016 s, total = 1.635 s
Execution time:  mean = 300.683 us, total = 973.613 ms
Event stats:
	CoreWorker.deadline_timer.flush_task_events - 1079 total (1 active), Execution time: mean = 157.182 us, total = 169.600 ms, Queueing time: mean = 1.478 ms, max = 62.846 ms, min = -0.016 s, total = 1.595 s
	ray::rpc::TaskInfoGcsService.grpc_client.AddTaskEventData - 1079 total (0 active), Execution time: mean = 716.373 us, total = 772.966 ms, Queueing time: mean = 0.000 s, max = -0.000 s, min = 9223372036.855 s, total = 0.000 s
	ray::rpc::TaskInfoGcsService.grpc_client.AddTaskEventData.OnReplyReceived - 1079 total (0 active), Execution time: mean = 28.658 us, total = 30.922 ms, Queueing time: mean = 36.376 us, max = 1.415 ms, min = 12.127 us, total = 39.250 ms
	PeriodicalRunner.RunFnPeriodically - 1 total (0 active), Execution time: mean = 125.033 us, total = 125.033 us, Queueing time: mean = 41.790 us, max = 41.790 us, min = 41.790 us, total = 41.790 us
Other Stats:
	grpc_in_progress:0
	current number of task status events in buffer: 0
	current number of profile events in buffer: 0
	current number of dropped task attempts tracked: 0
	total task events sent: 0 MiB
	total number of task attempts sent: 0
	total number of task attempts dropped reported: 0
	total number of sent failure: 0
	num status task events dropped: 0
	num profile task events dropped: 0


[2025-02-16 16:37:37,661 I 565 1316] core_worker.cc:642: Event stats:


Global stats: 16317 total (8 active)
Queueing time: mean = 270.032 us, max = 73.583 ms, min = -0.069 s, total = 4.406 s
Execution time:  mean = 55.172 ms, total = 900.236 s
Event stats:
	CoreWorker.RecoverObjects - 11378 total (1 active), Execution time: mean = 7.465 us, total = 84.936 ms, Queueing time: mean = 190.480 us, max = 12.158 ms, min = -0.038 s, total = 2.167 s
	NodeManagerService.grpc_client.ReportWorkerBacklog - 1139 total (0 active), Execution time: mean = 643.343 us, total = 732.768 ms, Queueing time: mean = 0.000 s, max = -0.000 s, min = 9223372036.855 s, total = 0.000 s
	CoreWorker.ExitIfParentRayletDies - 1139 total (1 active), Execution time: mean = 8.948 us, total = 10.192 ms, Queueing time: mean = 1.045 ms, max = 61.729 ms, min = -0.053 s, total = 1.190 s
	CoreWorker.InternalHeartbeat - 1139 total (1 active), Execution time: mean = 130.702 us, total = 148.870 ms, Queueing time: mean = 917.255 us, max = 61.703 ms, min = -0.053 s, total = 1.045 s
	NodeManagerService.grpc_client.ReportWorkerBacklog.OnReplyReceived - 1139 total (0 active), Execution time: mean = 16.886 us, total = 19.233 ms, Queueing time: mean = 33.022 us, max = 248.375 us, min = 8.019 us, total = 37.612 ms
	CoreWorker.RecordMetrics - 228 total (1 active), Execution time: mean = 24.272 us, total = 5.534 ms, Queueing time: mean = 100.256 us, max = 73.583 ms, min = -0.068 s, total = 22.858 ms
	CoreWorker.GCStreamingGeneratorMetadata - 114 total (1 active), Execution time: mean = 3.811 us, total = 434.398 us, Queueing time: mean = 95.699 us, max = 71.583 ms, min = -0.069 s, total = 10.910 ms
	CoreWorker.PrintEventStats - 19 total (1 active, 1 running), Execution time: mean = 333.344 us, total = 6.334 ms, Queueing time: mean = -0.000 s, max = 57.800 ms, min = -0.052 s, total = -0.002 s
	PeriodicalRunner.RunFnPeriodically - 7 total (0 active), Execution time: mean = 59.083 us, total = 413.584 us, Queueing time: mean = 419.696 us, max = 1.439 ms, min = 66.428 us, total = 2.938 ms
	Publisher.CheckDeadSubscribers - 4 total (1 active), Execution time: mean = 6.552 us, total = 26.207 us, Queueing time: mean = -0.017 s, max = -0.000 s, min = -0.036 s, total = -0.068 s
	ray::rpc::InternalPubSubGcsService.grpc_client.GcsSubscriberPoll - 3 total (1 active), Execution time: mean = 299.742 s, total = 899.225 s, Queueing time: mean = 0.000 s, max = -0.000 s, min = 9223372036.855 s, total = 0.000 s
	ray::rpc::InternalPubSubGcsService.grpc_client.GcsSubscriberPoll.OnReplyReceived - 2 total (0 active), Execution time: mean = 160.019 us, total = 320.038 us, Queueing time: mean = 17.625 us, max = 18.023 us, min = 17.228 us, total = 35.251 us
	ray::rpc::WorkerInfoGcsService.grpc_client.AddWorkerInfo - 1 total (0 active), Execution time: mean = 795.664 us, total = 795.664 us, Queueing time: mean = 0.000 s, max = -0.000 s, min = 9223372036.855 s, total = 0.000 s
	ray::rpc::InternalPubSubGcsService.grpc_client.GcsSubscriberCommandBatch.OnReplyReceived - 1 total (0 active), Execution time: mean = 125.383 us, total = 125.383 us, Queueing time: mean = 36.350 us, max = 36.350 us, min = 36.350 us, total = 36.350 us
	ray::rpc::WorkerInfoGcsService.grpc_client.AddWorkerInfo.OnReplyReceived - 1 total (0 active), Execution time: mean = 30.172 us, total = 30.172 us, Queueing time: mean = 43.153 us, max = 43.153 us, min = 43.153 us, total = 43.153 us
	ray::rpc::NodeInfoGcsService.grpc_client.GetAllNodeInfo.OnReplyReceived - 1 total (0 active), Execution time: mean = 62.331 us, total = 62.331 us, Queueing time: mean = 24.565 us, max = 24.565 us, min = 24.565 us, total = 24.565 us
	ray::rpc::InternalPubSubGcsService.grpc_client.GcsSubscriberCommandBatch - 1 total (0 active), Execution time: mean = 635.643 us, total = 635.643 us, Queueing time: mean = 0.000 s, max = -0.000 s, min = 9223372036.855 s, total = 0.000 s
	ray::rpc::NodeInfoGcsService.grpc_client.GetAllNodeInfo - 1 total (0 active), Execution time: mean = 575.487 us, total = 575.487 us, Queueing time: mean = 0.000 s, max = -0.000 s, min = 9223372036.855 s, total = 0.000 s

-----------------
Task Event stats:

IO Service Stats:

Global stats: 3418 total (1 active)
Queueing time: mean = 498.539 us, max = 62.846 ms, min = -0.016 s, total = 1.704 s
Execution time:  mean = 297.047 us, total = 1.015 s
Event stats:
	CoreWorker.deadline_timer.flush_task_events - 1139 total (1 active), Execution time: mean = 156.573 us, total = 178.336 ms, Queueing time: mean = 1.460 ms, max = 62.846 ms, min = -0.016 s, total = 1.663 s
	ray::rpc::TaskInfoGcsService.grpc_client.AddTaskEventData - 1139 total (0 active), Execution time: mean = 706.587 us, total = 804.803 ms, Queueing time: mean = 0.000 s, max = -0.000 s, min = 9223372036.855 s, total = 0.000 s
	ray::rpc::TaskInfoGcsService.grpc_client.AddTaskEventData.OnReplyReceived - 1139 total (0 active), Execution time: mean = 28.131 us, total = 32.041 ms, Queueing time: mean = 35.606 us, max = 1.415 ms, min = 12.127 us, total = 40.555 ms
	PeriodicalRunner.RunFnPeriodically - 1 total (0 active), Execution time: mean = 125.033 us, total = 125.033 us, Queueing time: mean = 41.790 us, max = 41.790 us, min = 41.790 us, total = 41.790 us
Other Stats:
	grpc_in_progress:0
	current number of task status events in buffer: 0
	current number of profile events in buffer: 0
	current number of dropped task attempts tracked: 0
	total task events sent: 0 MiB
	total number of task attempts sent: 0
	total number of task attempts dropped reported: 0
	total number of sent failure: 0
	num status task events dropped: 0
	num profile task events dropped: 0


[2025-02-16 16:38:37,662 I 565 1316] core_worker.cc:642: Event stats:


Global stats: 17178 total (8 active)
Queueing time: mean = 272.804 us, max = 73.583 ms, min = -0.069 s, total = 4.686 s
Execution time:  mean = 69.902 ms, total = 1200.769 s
Event stats:
	CoreWorker.RecoverObjects - 11977 total (1 active), Execution time: mean = 7.410 us, total = 88.746 ms, Queueing time: mean = 187.258 us, max = 12.158 ms, min = -0.038 s, total = 2.243 s
	NodeManagerService.grpc_client.ReportWorkerBacklog - 1199 total (0 active), Execution time: mean = 631.120 us, total = 756.713 ms, Queueing time: mean = 0.000 s, max = -0.000 s, min = 9223372036.855 s, total = 0.000 s
	CoreWorker.ExitIfParentRayletDies - 1199 total (1 active), Execution time: mean = 8.810 us, total = 10.563 ms, Queueing time: mean = 1.082 ms, max = 61.729 ms, min = -0.053 s, total = 1.297 s
	CoreWorker.InternalHeartbeat - 1199 total (1 active), Execution time: mean = 128.436 us, total = 153.995 ms, Queueing time: mean = 956.520 us, max = 61.703 ms, min = -0.053 s, total = 1.147 s
	NodeManagerService.grpc_client.ReportWorkerBacklog.OnReplyReceived - 1199 total (0 active), Execution time: mean = 16.725 us, total = 20.054 ms, Queueing time: mean = 32.598 us, max = 248.375 us, min = 8.019 us, total = 39.085 ms
	CoreWorker.RecordMetrics - 240 total (1 active), Execution time: mean = 24.042 us, total = 5.770 ms, Queueing time: mean = 97.999 us, max = 73.583 ms, min = -0.068 s, total = 23.520 ms
	CoreWorker.GCStreamingGeneratorMetadata - 120 total (1 active), Execution time: mean = 3.830 us, total = 459.570 us, Queueing time: mean = 94.843 us, max = 71.583 ms, min = -0.069 s, total = 11.381 ms
	CoreWorker.PrintEventStats - 20 total (1 active, 1 running), Execution time: mean = 328.044 us, total = 6.561 ms, Queueing time: mean = -0.001 s, max = 57.800 ms, min = -0.052 s, total = -0.027 s
	PeriodicalRunner.RunFnPeriodically - 7 total (0 active), Execution time: mean = 59.083 us, total = 413.584 us, Queueing time: mean = 419.696 us, max = 1.439 ms, min = 66.428 us, total = 2.938 ms
	Publisher.CheckDeadSubscribers - 5 total (1 active), Execution time: mean = 6.153 us, total = 30.767 us, Queueing time: mean = -0.010 s, max = 17.955 ms, min = -0.036 s, total = -0.051 s
	ray::rpc::InternalPubSubGcsService.grpc_client.GcsSubscriberPoll - 4 total (1 active), Execution time: mean = 299.931 s, total = 1199.723 s, Queueing time: mean = 0.000 s, max = -0.000 s, min = 9223372036.855 s, total = 0.000 s
	ray::rpc::InternalPubSubGcsService.grpc_client.GcsSubscriberPoll.OnReplyReceived - 3 total (0 active), Execution time: mean = 148.662 us, total = 445.985 us, Queueing time: mean = 48.817 us, max = 111.199 us, min = 17.228 us, total = 146.450 us
	ray::rpc::WorkerInfoGcsService.grpc_client.AddWorkerInfo - 1 total (0 active), Execution time: mean = 795.664 us, total = 795.664 us, Queueing time: mean = 0.000 s, max = -0.000 s, min = 9223372036.855 s, total = 0.000 s
	ray::rpc::InternalPubSubGcsService.grpc_client.GcsSubscriberCommandBatch.OnReplyReceived - 1 total (0 active), Execution time: mean = 125.383 us, total = 125.383 us, Queueing time: mean = 36.350 us, max = 36.350 us, min = 36.350 us, total = 36.350 us
	ray::rpc::WorkerInfoGcsService.grpc_client.AddWorkerInfo.OnReplyReceived - 1 total (0 active), Execution time: mean = 30.172 us, total = 30.172 us, Queueing time: mean = 43.153 us, max = 43.153 us, min = 43.153 us, total = 43.153 us
	ray::rpc::NodeInfoGcsService.grpc_client.GetAllNodeInfo.OnReplyReceived - 1 total (0 active), Execution time: mean = 62.331 us, total = 62.331 us, Queueing time: mean = 24.565 us, max = 24.565 us, min = 24.565 us, total = 24.565 us
	ray::rpc::InternalPubSubGcsService.grpc_client.GcsSubscriberCommandBatch - 1 total (0 active), Execution time: mean = 635.643 us, total = 635.643 us, Queueing time: mean = 0.000 s, max = -0.000 s, min = 9223372036.855 s, total = 0.000 s
	ray::rpc::NodeInfoGcsService.grpc_client.GetAllNodeInfo - 1 total (0 active), Execution time: mean = 575.487 us, total = 575.487 us, Queueing time: mean = 0.000 s, max = -0.000 s, min = 9223372036.855 s, total = 0.000 s

-----------------
Task Event stats:

IO Service Stats:

Global stats: 3598 total (1 active)
Queueing time: mean = 493.449 us, max = 62.846 ms, min = -0.016 s, total = 1.775 s
Execution time:  mean = 293.261 us, total = 1.055 s
Event stats:
	CoreWorker.deadline_timer.flush_task_events - 1199 total (1 active), Execution time: mean = 155.309 us, total = 186.215 ms, Queueing time: mean = 1.446 ms, max = 62.846 ms, min = -0.016 s, total = 1.733 s
	ray::rpc::TaskInfoGcsService.grpc_client.AddTaskEventData - 1199 total (0 active), Execution time: mean = 696.942 us, total = 835.633 ms, Queueing time: mean = 0.000 s, max = -0.000 s, min = 9223372036.855 s, total = 0.000 s
	ray::rpc::TaskInfoGcsService.grpc_client.AddTaskEventData.OnReplyReceived - 1199 total (0 active), Execution time: mean = 27.673 us, total = 33.179 ms, Queueing time: mean = 34.975 us, max = 1.415 ms, min = 12.127 us, total = 41.935 ms
	PeriodicalRunner.RunFnPeriodically - 1 total (0 active), Execution time: mean = 125.033 us, total = 125.033 us, Queueing time: mean = 41.790 us, max = 41.790 us, min = 41.790 us, total = 41.790 us
Other Stats:
	grpc_in_progress:0
	current number of task status events in buffer: 0
	current number of profile events in buffer: 0
	current number of dropped task attempts tracked: 0
	total task events sent: 0 MiB
	total number of task attempts sent: 0
	total number of task attempts dropped reported: 0
	total number of sent failure: 0
	num status task events dropped: 0
	num profile task events dropped: 0


[2025-02-16 16:39:37,662 I 565 1316] core_worker.cc:642: Event stats:


Global stats: 18036 total (8 active)
Queueing time: mean = 279.578 us, max = 73.583 ms, min = -0.069 s, total = 5.042 s
Execution time:  mean = 66.578 ms, total = 1200.801 s
Event stats:
	CoreWorker.RecoverObjects - 12576 total (1 active), Execution time: mean = 7.290 us, total = 91.683 ms, Queueing time: mean = 189.752 us, max = 12.158 ms, min = -0.038 s, total = 2.386 s
	NodeManagerService.grpc_client.ReportWorkerBacklog - 1259 total (0 active), Execution time: mean = 618.974 us, total = 779.288 ms, Queueing time: mean = 0.000 s, max = -0.000 s, min = 9223372036.855 s, total = 0.000 s
	CoreWorker.ExitIfParentRayletDies - 1259 total (1 active), Execution time: mean = 8.664 us, total = 10.908 ms, Queueing time: mean = 1.125 ms, max = 61.729 ms, min = -0.053 s, total = 1.416 s
	CoreWorker.InternalHeartbeat - 1259 total (1 active), Execution time: mean = 126.390 us, total = 159.125 ms, Queueing time: mean = 1.002 ms, max = 61.703 ms, min = -0.053 s, total = 1.261 s
	NodeManagerService.grpc_client.ReportWorkerBacklog.OnReplyReceived - 1259 total (0 active), Execution time: mean = 16.438 us, total = 20.696 ms, Queueing time: mean = 32.103 us, max = 248.375 us, min = 8.019 us, total = 40.418 ms
	CoreWorker.RecordMetrics - 252 total (1 active), Execution time: mean = 23.712 us, total = 5.975 ms, Queueing time: mean = 95.076 us, max = 73.583 ms, min = -0.068 s, total = 23.959 ms
	CoreWorker.GCStreamingGeneratorMetadata - 126 total (1 active), Execution time: mean = 3.843 us, total = 484.241 us, Queueing time: mean = 92.184 us, max = 71.583 ms, min = -0.069 s, total = 11.615 ms
	CoreWorker.PrintEventStats - 21 total (1 active, 1 running), Execution time: mean = 323.625 us, total = 6.796 ms, Queueing time: mean = -0.002 s, max = 57.800 ms, min = -0.052 s, total = -0.050 s
	PeriodicalRunner.RunFnPeriodically - 7 total (0 active), Execution time: mean = 59.083 us, total = 413.584 us, Queueing time: mean = 419.696 us, max = 1.439 ms, min = 66.428 us, total = 2.938 ms
	Publisher.CheckDeadSubscribers - 5 total (1 active), Execution time: mean = 6.153 us, total = 30.767 us, Queueing time: mean = -0.010 s, max = 17.955 ms, min = -0.036 s, total = -0.051 s
	ray::rpc::InternalPubSubGcsService.grpc_client.GcsSubscriberPoll - 4 total (1 active), Execution time: mean = 299.931 s, total = 1199.723 s, Queueing time: mean = 0.000 s, max = -0.000 s, min = 9223372036.855 s, total = 0.000 s
	ray::rpc::InternalPubSubGcsService.grpc_client.GcsSubscriberPoll.OnReplyReceived - 3 total (0 active), Execution time: mean = 148.662 us, total = 445.985 us, Queueing time: mean = 48.817 us, max = 111.199 us, min = 17.228 us, total = 146.450 us
	ray::rpc::WorkerInfoGcsService.grpc_client.AddWorkerInfo - 1 total (0 active), Execution time: mean = 795.664 us, total = 795.664 us, Queueing time: mean = 0.000 s, max = -0.000 s, min = 9223372036.855 s, total = 0.000 s
	ray::rpc::InternalPubSubGcsService.grpc_client.GcsSubscriberCommandBatch.OnReplyReceived - 1 total (0 active), Execution time: mean = 125.383 us, total = 125.383 us, Queueing time: mean = 36.350 us, max = 36.350 us, min = 36.350 us, total = 36.350 us
	ray::rpc::WorkerInfoGcsService.grpc_client.AddWorkerInfo.OnReplyReceived - 1 total (0 active), Execution time: mean = 30.172 us, total = 30.172 us, Queueing time: mean = 43.153 us, max = 43.153 us, min = 43.153 us, total = 43.153 us
	ray::rpc::NodeInfoGcsService.grpc_client.GetAllNodeInfo.OnReplyReceived - 1 total (0 active), Execution time: mean = 62.331 us, total = 62.331 us, Queueing time: mean = 24.565 us, max = 24.565 us, min = 24.565 us, total = 24.565 us
	ray::rpc::InternalPubSubGcsService.grpc_client.GcsSubscriberCommandBatch - 1 total (0 active), Execution time: mean = 635.643 us, total = 635.643 us, Queueing time: mean = 0.000 s, max = -0.000 s, min = 9223372036.855 s, total = 0.000 s
	ray::rpc::NodeInfoGcsService.grpc_client.GetAllNodeInfo - 1 total (0 active), Execution time: mean = 575.487 us, total = 575.487 us, Queueing time: mean = 0.000 s, max = -0.000 s, min = 9223372036.855 s, total = 0.000 s

-----------------
Task Event stats:

IO Service Stats:

Global stats: 3775 total (1 active)
Queueing time: mean = 497.529 us, max = 62.846 ms, min = -0.016 s, total = 1.878 s
Execution time:  mean = 290.560 us, total = 1.097 s
Event stats:
	CoreWorker.deadline_timer.flush_task_events - 1258 total (1 active), Execution time: mean = 155.180 us, total = 195.217 ms, Queueing time: mean = 1.459 ms, max = 62.846 ms, min = -0.016 s, total = 1.835 s
	ray::rpc::TaskInfoGcsService.grpc_client.AddTaskEventData - 1258 total (0 active), Execution time: mean = 689.286 us, total = 867.122 ms, Queueing time: mean = 0.000 s, max = -0.000 s, min = 9223372036.855 s, total = 0.000 s
	ray::rpc::TaskInfoGcsService.grpc_client.AddTaskEventData.OnReplyReceived - 1258 total (0 active), Execution time: mean = 27.346 us, total = 34.402 ms, Queueing time: mean = 34.443 us, max = 1.415 ms, min = 12.127 us, total = 43.330 ms
	PeriodicalRunner.RunFnPeriodically - 1 total (0 active), Execution time: mean = 125.033 us, total = 125.033 us, Queueing time: mean = 41.790 us, max = 41.790 us, min = 41.790 us, total = 41.790 us
Other Stats:
	grpc_in_progress:0
	current number of task status events in buffer: 0
	current number of profile events in buffer: 0
	current number of dropped task attempts tracked: 0
	total task events sent: 0 MiB
	total number of task attempts sent: 0
	total number of task attempts dropped reported: 0
	total number of sent failure: 0
	num status task events dropped: 0
	num profile task events dropped: 0


[2025-02-16 16:40:37,662 I 565 1316] core_worker.cc:642: Event stats:


Global stats: 18894 total (8 active)
Queueing time: mean = 281.047 us, max = 73.583 ms, min = -0.069 s, total = 5.310 s
Execution time:  mean = 63.556 ms, total = 1200.834 s
Event stats:
	CoreWorker.RecoverObjects - 13175 total (1 active), Execution time: mean = 7.191 us, total = 94.744 ms, Queueing time: mean = 185.873 us, max = 12.158 ms, min = -0.038 s, total = 2.449 s
	NodeManagerService.grpc_client.ReportWorkerBacklog - 1319 total (0 active), Execution time: mean = 608.096 us, total = 802.078 ms, Queueing time: mean = 0.000 s, max = -0.000 s, min = 9223372036.855 s, total = 0.000 s
	CoreWorker.ExitIfParentRayletDies - 1319 total (1 active), Execution time: mean = 8.569 us, total = 11.302 ms, Queueing time: mean = 1.138 ms, max = 61.729 ms, min = -0.053 s, total = 1.501 s
	CoreWorker.InternalHeartbeat - 1319 total (1 active), Execution time: mean = 124.653 us, total = 164.417 ms, Queueing time: mean = 1.017 ms, max = 61.703 ms, min = -0.053 s, total = 1.342 s
	NodeManagerService.grpc_client.ReportWorkerBacklog.OnReplyReceived - 1319 total (0 active), Execution time: mean = 16.181 us, total = 21.343 ms, Queueing time: mean = 31.683 us, max = 248.375 us, min = 8.019 us, total = 41.790 ms
	CoreWorker.RecordMetrics - 264 total (1 active), Execution time: mean = 23.462 us, total = 6.194 ms, Queueing time: mean = 94.015 us, max = 73.583 ms, min = -0.068 s, total = 24.820 ms
	CoreWorker.GCStreamingGeneratorMetadata - 132 total (1 active), Execution time: mean = 3.854 us, total = 508.716 us, Queueing time: mean = 92.814 us, max = 71.583 ms, min = -0.069 s, total = 12.251 ms
	CoreWorker.PrintEventStats - 22 total (1 active, 1 running), Execution time: mean = 318.481 us, total = 7.007 ms, Queueing time: mean = -0.001 s, max = 57.800 ms, min = -0.052 s, total = -0.013 s
	PeriodicalRunner.RunFnPeriodically - 7 total (0 active), Execution time: mean = 59.083 us, total = 413.584 us, Queueing time: mean = 419.696 us, max = 1.439 ms, min = 66.428 us, total = 2.938 ms
	Publisher.CheckDeadSubscribers - 5 total (1 active), Execution time: mean = 6.153 us, total = 30.767 us, Queueing time: mean = -0.010 s, max = 17.955 ms, min = -0.036 s, total = -0.051 s
	ray::rpc::InternalPubSubGcsService.grpc_client.GcsSubscriberPoll - 4 total (1 active), Execution time: mean = 299.931 s, total = 1199.723 s, Queueing time: mean = 0.000 s, max = -0.000 s, min = 9223372036.855 s, total = 0.000 s
	ray::rpc::InternalPubSubGcsService.grpc_client.GcsSubscriberPoll.OnReplyReceived - 3 total (0 active), Execution time: mean = 148.662 us, total = 445.985 us, Queueing time: mean = 48.817 us, max = 111.199 us, min = 17.228 us, total = 146.450 us
	ray::rpc::WorkerInfoGcsService.grpc_client.AddWorkerInfo - 1 total (0 active), Execution time: mean = 795.664 us, total = 795.664 us, Queueing time: mean = 0.000 s, max = -0.000 s, min = 9223372036.855 s, total = 0.000 s
	ray::rpc::InternalPubSubGcsService.grpc_client.GcsSubscriberCommandBatch.OnReplyReceived - 1 total (0 active), Execution time: mean = 125.383 us, total = 125.383 us, Queueing time: mean = 36.350 us, max = 36.350 us, min = 36.350 us, total = 36.350 us
	ray::rpc::WorkerInfoGcsService.grpc_client.AddWorkerInfo.OnReplyReceived - 1 total (0 active), Execution time: mean = 30.172 us, total = 30.172 us, Queueing time: mean = 43.153 us, max = 43.153 us, min = 43.153 us, total = 43.153 us
	ray::rpc::NodeInfoGcsService.grpc_client.GetAllNodeInfo.OnReplyReceived - 1 total (0 active), Execution time: mean = 62.331 us, total = 62.331 us, Queueing time: mean = 24.565 us, max = 24.565 us, min = 24.565 us, total = 24.565 us
	ray::rpc::InternalPubSubGcsService.grpc_client.GcsSubscriberCommandBatch - 1 total (0 active), Execution time: mean = 635.643 us, total = 635.643 us, Queueing time: mean = 0.000 s, max = -0.000 s, min = 9223372036.855 s, total = 0.000 s
	ray::rpc::NodeInfoGcsService.grpc_client.GetAllNodeInfo - 1 total (0 active), Execution time: mean = 575.487 us, total = 575.487 us, Queueing time: mean = 0.000 s, max = -0.000 s, min = 9223372036.855 s, total = 0.000 s

-----------------
Task Event stats:

IO Service Stats:

Global stats: 3955 total (1 active)
Queueing time: mean = 500.421 us, max = 62.846 ms, min = -0.016 s, total = 1.979 s
Execution time:  mean = 286.702 us, total = 1.134 s
Event stats:
	CoreWorker.deadline_timer.flush_task_events - 1318 total (1 active), Execution time: mean = 153.572 us, total = 202.408 ms, Queueing time: mean = 1.468 ms, max = 62.846 ms, min = -0.016 s, total = 1.934 s
	ray::rpc::TaskInfoGcsService.grpc_client.AddTaskEventData - 1318 total (0 active), Execution time: mean = 679.769 us, total = 895.936 ms, Queueing time: mean = 0.000 s, max = -0.000 s, min = 9223372036.855 s, total = 0.000 s
	ray::rpc::TaskInfoGcsService.grpc_client.AddTaskEventData.OnReplyReceived - 1318 total (0 active), Execution time: mean = 26.887 us, total = 35.436 ms, Queueing time: mean = 33.889 us, max = 1.415 ms, min = 9.012 us, total = 44.666 ms
	PeriodicalRunner.RunFnPeriodically - 1 total (0 active), Execution time: mean = 125.033 us, total = 125.033 us, Queueing time: mean = 41.790 us, max = 41.790 us, min = 41.790 us, total = 41.790 us
Other Stats:
	grpc_in_progress:0
	current number of task status events in buffer: 0
	current number of profile events in buffer: 0
	current number of dropped task attempts tracked: 0
	total task events sent: 0 MiB
	total number of task attempts sent: 0
	total number of task attempts dropped reported: 0
	total number of sent failure: 0
	num status task events dropped: 0
	num profile task events dropped: 0


[2025-02-16 16:41:37,663 I 565 1316] core_worker.cc:642: Event stats:


Global stats: 19752 total (8 active)
Queueing time: mean = 290.045 us, max = 73.583 ms, min = -0.069 s, total = 5.729 s
Execution time:  mean = 60.797 ms, total = 1200.867 s
Event stats:
	CoreWorker.RecoverObjects - 13774 total (1 active), Execution time: mean = 7.103 us, total = 97.832 ms, Queueing time: mean = 189.515 us, max = 12.158 ms, min = -0.038 s, total = 2.610 s
	NodeManagerService.grpc_client.ReportWorkerBacklog - 1379 total (0 active), Execution time: mean = 598.466 us, total = 825.284 ms, Queueing time: mean = 0.000 s, max = -0.000 s, min = 9223372036.855 s, total = 0.000 s
	CoreWorker.ExitIfParentRayletDies - 1379 total (1 active), Execution time: mean = 8.497 us, total = 11.717 ms, Queueing time: mean = 1.197 ms, max = 61.729 ms, min = -0.053 s, total = 1.650 s
	CoreWorker.InternalHeartbeat - 1379 total (1 active), Execution time: mean = 123.097 us, total = 169.751 ms, Queueing time: mean = 1.077 ms, max = 61.703 ms, min = -0.053 s, total = 1.486 s
	NodeManagerService.grpc_client.ReportWorkerBacklog.OnReplyReceived - 1379 total (0 active), Execution time: mean = 15.974 us, total = 22.028 ms, Queueing time: mean = 31.302 us, max = 248.375 us, min = 8.019 us, total = 43.166 ms
	CoreWorker.RecordMetrics - 276 total (1 active), Execution time: mean = 23.433 us, total = 6.467 ms, Queueing time: mean = 91.745 us, max = 73.583 ms, min = -0.068 s, total = 25.322 ms
	CoreWorker.GCStreamingGeneratorMetadata - 138 total (1 active), Execution time: mean = 3.846 us, total = 530.702 us, Queueing time: mean = 89.247 us, max = 71.583 ms, min = -0.069 s, total = 12.316 ms
	CoreWorker.PrintEventStats - 23 total (1 active, 1 running), Execution time: mean = 316.887 us, total = 7.288 ms, Queueing time: mean = -0.002 s, max = 57.800 ms, min = -0.052 s, total = -0.051 s
	PeriodicalRunner.RunFnPeriodically - 7 total (0 active), Execution time: mean = 59.083 us, total = 413.584 us, Queueing time: mean = 419.696 us, max = 1.439 ms, min = 66.428 us, total = 2.938 ms
	Publisher.CheckDeadSubscribers - 5 total (1 active), Execution time: mean = 6.153 us, total = 30.767 us, Queueing time: mean = -0.010 s, max = 17.955 ms, min = -0.036 s, total = -0.051 s
	ray::rpc::InternalPubSubGcsService.grpc_client.GcsSubscriberPoll - 4 total (1 active), Execution time: mean = 299.931 s, total = 1199.723 s, Queueing time: mean = 0.000 s, max = -0.000 s, min = 9223372036.855 s, total = 0.000 s
	ray::rpc::InternalPubSubGcsService.grpc_client.GcsSubscriberPoll.OnReplyReceived - 3 total (0 active), Execution time: mean = 148.662 us, total = 445.985 us, Queueing time: mean = 48.817 us, max = 111.199 us, min = 17.228 us, total = 146.450 us
	ray::rpc::WorkerInfoGcsService.grpc_client.AddWorkerInfo - 1 total (0 active), Execution time: mean = 795.664 us, total = 795.664 us, Queueing time: mean = 0.000 s, max = -0.000 s, min = 9223372036.855 s, total = 0.000 s
	ray::rpc::InternalPubSubGcsService.grpc_client.GcsSubscriberCommandBatch.OnReplyReceived - 1 total (0 active), Execution time: mean = 125.383 us, total = 125.383 us, Queueing time: mean = 36.350 us, max = 36.350 us, min = 36.350 us, total = 36.350 us
	ray::rpc::WorkerInfoGcsService.grpc_client.AddWorkerInfo.OnReplyReceived - 1 total (0 active), Execution time: mean = 30.172 us, total = 30.172 us, Queueing time: mean = 43.153 us, max = 43.153 us, min = 43.153 us, total = 43.153 us
	ray::rpc::NodeInfoGcsService.grpc_client.GetAllNodeInfo.OnReplyReceived - 1 total (0 active), Execution time: mean = 62.331 us, total = 62.331 us, Queueing time: mean = 24.565 us, max = 24.565 us, min = 24.565 us, total = 24.565 us
	ray::rpc::InternalPubSubGcsService.grpc_client.GcsSubscriberCommandBatch - 1 total (0 active), Execution time: mean = 635.643 us, total = 635.643 us, Queueing time: mean = 0.000 s, max = -0.000 s, min = 9223372036.855 s, total = 0.000 s
	ray::rpc::NodeInfoGcsService.grpc_client.GetAllNodeInfo - 1 total (0 active), Execution time: mean = 575.487 us, total = 575.487 us, Queueing time: mean = 0.000 s, max = -0.000 s, min = 9223372036.855 s, total = 0.000 s

-----------------
Task Event stats:

IO Service Stats:

Global stats: 4135 total (1 active)
Queueing time: mean = 509.008 us, max = 62.846 ms, min = -0.016 s, total = 2.105 s
Execution time:  mean = 283.143 us, total = 1.171 s
Event stats:
	CoreWorker.deadline_timer.flush_task_events - 1378 total (1 active), Execution time: mean = 152.105 us, total = 209.601 ms, Queueing time: mean = 1.494 ms, max = 62.846 ms, min = -0.016 s, total = 2.059 s
	ray::rpc::TaskInfoGcsService.grpc_client.AddTaskEventData - 1378 total (0 active), Execution time: mean = 670.971 us, total = 924.598 ms, Queueing time: mean = 0.000 s, max = -0.000 s, min = 9223372036.855 s, total = 0.000 s
	ray::rpc::TaskInfoGcsService.grpc_client.AddTaskEventData.OnReplyReceived - 1378 total (0 active), Execution time: mean = 26.466 us, total = 36.470 ms, Queueing time: mean = 33.404 us, max = 1.415 ms, min = 9.012 us, total = 46.030 ms
	PeriodicalRunner.RunFnPeriodically - 1 total (0 active), Execution time: mean = 125.033 us, total = 125.033 us, Queueing time: mean = 41.790 us, max = 41.790 us, min = 41.790 us, total = 41.790 us
Other Stats:
	grpc_in_progress:0
	current number of task status events in buffer: 0
	current number of profile events in buffer: 0
	current number of dropped task attempts tracked: 0
	total task events sent: 0 MiB
	total number of task attempts sent: 0
	total number of task attempts dropped reported: 0
	total number of sent failure: 0
	num status task events dropped: 0
	num profile task events dropped: 0


[2025-02-16 16:42:37,663 I 565 1316] core_worker.cc:642: Event stats:


Global stats: 20610 total (8 active)
Queueing time: mean = 289.864 us, max = 73.583 ms, min = -0.069 s, total = 5.974 s
Execution time:  mean = 58.268 ms, total = 1200.901 s
Event stats:
	CoreWorker.RecoverObjects - 14373 total (1 active), Execution time: mean = 7.006 us, total = 100.693 ms, Queueing time: mean = 185.839 us, max = 12.158 ms, min = -0.038 s, total = 2.671 s
	NodeManagerService.grpc_client.ReportWorkerBacklog - 1439 total (0 active), Execution time: mean = 590.406 us, total = 849.594 ms, Queueing time: mean = 0.000 s, max = -0.000 s, min = 9223372036.855 s, total = 0.000 s
	CoreWorker.ExitIfParentRayletDies - 1439 total (1 active), Execution time: mean = 8.420 us, total = 12.117 ms, Queueing time: mean = 1.193 ms, max = 61.729 ms, min = -0.053 s, total = 1.717 s
	CoreWorker.InternalHeartbeat - 1439 total (1 active), Execution time: mean = 121.780 us, total = 175.242 ms, Queueing time: mean = 1.075 ms, max = 61.703 ms, min = -0.053 s, total = 1.547 s
	NodeManagerService.grpc_client.ReportWorkerBacklog.OnReplyReceived - 1439 total (0 active), Execution time: mean = 15.814 us, total = 22.756 ms, Queueing time: mean = 30.934 us, max = 248.375 us, min = 8.019 us, total = 44.514 ms
	CoreWorker.RecordMetrics - 288 total (1 active), Execution time: mean = 23.370 us, total = 6.730 ms, Queueing time: mean = 91.291 us, max = 73.583 ms, min = -0.068 s, total = 26.292 ms
	CoreWorker.GCStreamingGeneratorMetadata - 144 total (1 active), Execution time: mean = 3.842 us, total = 553.319 us, Queueing time: mean = 87.723 us, max = 71.583 ms, min = -0.069 s, total = 12.632 ms
	CoreWorker.PrintEventStats - 24 total (1 active, 1 running), Execution time: mean = 315.677 us, total = 7.576 ms, Queueing time: mean = 107.138 us, max = 57.800 ms, min = -0.052 s, total = 2.571 ms
	PeriodicalRunner.RunFnPeriodically - 7 total (0 active), Execution time: mean = 59.083 us, total = 413.584 us, Queueing time: mean = 419.696 us, max = 1.439 ms, min = 66.428 us, total = 2.938 ms
	Publisher.CheckDeadSubscribers - 5 total (1 active), Execution time: mean = 6.153 us, total = 30.767 us, Queueing time: mean = -0.010 s, max = 17.955 ms, min = -0.036 s, total = -0.051 s
	ray::rpc::InternalPubSubGcsService.grpc_client.GcsSubscriberPoll - 4 total (1 active), Execution time: mean = 299.931 s, total = 1199.723 s, Queueing time: mean = 0.000 s, max = -0.000 s, min = 9223372036.855 s, total = 0.000 s
	ray::rpc::InternalPubSubGcsService.grpc_client.GcsSubscriberPoll.OnReplyReceived - 3 total (0 active), Execution time: mean = 148.662 us, total = 445.985 us, Queueing time: mean = 48.817 us, max = 111.199 us, min = 17.228 us, total = 146.450 us
	ray::rpc::WorkerInfoGcsService.grpc_client.AddWorkerInfo - 1 total (0 active), Execution time: mean = 795.664 us, total = 795.664 us, Queueing time: mean = 0.000 s, max = -0.000 s, min = 9223372036.855 s, total = 0.000 s
	ray::rpc::InternalPubSubGcsService.grpc_client.GcsSubscriberCommandBatch.OnReplyReceived - 1 total (0 active), Execution time: mean = 125.383 us, total = 125.383 us, Queueing time: mean = 36.350 us, max = 36.350 us, min = 36.350 us, total = 36.350 us
	ray::rpc::WorkerInfoGcsService.grpc_client.AddWorkerInfo.OnReplyReceived - 1 total (0 active), Execution time: mean = 30.172 us, total = 30.172 us, Queueing time: mean = 43.153 us, max = 43.153 us, min = 43.153 us, total = 43.153 us
	ray::rpc::NodeInfoGcsService.grpc_client.GetAllNodeInfo.OnReplyReceived - 1 total (0 active), Execution time: mean = 62.331 us, total = 62.331 us, Queueing time: mean = 24.565 us, max = 24.565 us, min = 24.565 us, total = 24.565 us
	ray::rpc::InternalPubSubGcsService.grpc_client.GcsSubscriberCommandBatch - 1 total (0 active), Execution time: mean = 635.643 us, total = 635.643 us, Queueing time: mean = 0.000 s, max = -0.000 s, min = 9223372036.855 s, total = 0.000 s
	ray::rpc::NodeInfoGcsService.grpc_client.GetAllNodeInfo - 1 total (0 active), Execution time: mean = 575.487 us, total = 575.487 us, Queueing time: mean = 0.000 s, max = -0.000 s, min = 9223372036.855 s, total = 0.000 s

-----------------
Task Event stats:

IO Service Stats:

Global stats: 4315 total (1 active)
Queueing time: mean = 504.912 us, max = 62.846 ms, min = -0.016 s, total = 2.179 s
Execution time:  mean = 280.727 us, total = 1.211 s
Event stats:
	CoreWorker.deadline_timer.flush_task_events - 1438 total (1 active), Execution time: mean = 151.532 us, total = 217.903 ms, Queueing time: mean = 1.482 ms, max = 62.846 ms, min = -0.016 s, total = 2.131 s
	ray::rpc::TaskInfoGcsService.grpc_client.AddTaskEventData - 1438 total (0 active), Execution time: mean = 664.635 us, total = 955.746 ms, Queueing time: mean = 0.000 s, max = -0.000 s, min = 9223372036.855 s, total = 0.000 s
	ray::rpc::TaskInfoGcsService.grpc_client.AddTaskEventData.OnReplyReceived - 1438 total (0 active), Execution time: mean = 26.121 us, total = 37.562 ms, Queueing time: mean = 32.986 us, max = 1.415 ms, min = 9.012 us, total = 47.434 ms
	PeriodicalRunner.RunFnPeriodically - 1 total (0 active), Execution time: mean = 125.033 us, total = 125.033 us, Queueing time: mean = 41.790 us, max = 41.790 us, min = 41.790 us, total = 41.790 us
Other Stats:
	grpc_in_progress:0
	current number of task status events in buffer: 0
	current number of profile events in buffer: 0
	current number of dropped task attempts tracked: 0
	total task events sent: 0 MiB
	total number of task attempts sent: 0
	total number of task attempts dropped reported: 0
	total number of sent failure: 0
	num status task events dropped: 0
	num profile task events dropped: 0


[2025-02-16 16:43:37,664 I 565 1316] core_worker.cc:642: Event stats:


Global stats: 21469 total (8 active)
Queueing time: mean = 287.461 us, max = 73.583 ms, min = -0.069 s, total = 6.172 s
Execution time:  mean = 55.938 ms, total = 1200.935 s
Event stats:
	CoreWorker.RecoverObjects - 14972 total (1 active), Execution time: mean = 6.904 us, total = 103.363 ms, Queueing time: mean = 183.536 us, max = 12.158 ms, min = -0.038 s, total = 2.748 s
	NodeManagerService.grpc_client.ReportWorkerBacklog - 1499 total (0 active), Execution time: mean = 582.753 us, total = 873.547 ms, Queueing time: mean = 0.000 s, max = -0.000 s, min = 9223372036.855 s, total = 0.000 s
	CoreWorker.ExitIfParentRayletDies - 1499 total (1 active), Execution time: mean = 8.308 us, total = 12.454 ms, Queueing time: mean = 1.202 ms, max = 61.729 ms, min = -0.053 s, total = 1.802 s
	CoreWorker.InternalHeartbeat - 1499 total (1 active), Execution time: mean = 120.199 us, total = 180.178 ms, Queueing time: mean = 1.086 ms, max = 61.703 ms, min = -0.053 s, total = 1.628 s
	NodeManagerService.grpc_client.ReportWorkerBacklog.OnReplyReceived - 1499 total (0 active), Execution time: mean = 15.645 us, total = 23.452 ms, Queueing time: mean = 30.572 us, max = 248.375 us, min = 8.019 us, total = 45.828 ms
	CoreWorker.RecordMetrics - 300 total (1 active), Execution time: mean = 23.361 us, total = 7.008 ms, Queueing time: mean = 90.868 us, max = 73.583 ms, min = -0.068 s, total = 27.260 ms
	CoreWorker.GCStreamingGeneratorMetadata - 150 total (1 active), Execution time: mean = 3.930 us, total = 589.427 us, Queueing time: mean = 90.129 us, max = 71.583 ms, min = -0.069 s, total = 13.519 ms
	CoreWorker.PrintEventStats - 25 total (1 active, 1 running), Execution time: mean = 312.397 us, total = 7.810 ms, Queueing time: mean = -0.001 s, max = 57.800 ms, min = -0.052 s, total = -0.037 s
	PeriodicalRunner.RunFnPeriodically - 7 total (0 active), Execution time: mean = 59.083 us, total = 413.584 us, Queueing time: mean = 419.696 us, max = 1.439 ms, min = 66.428 us, total = 2.938 ms
	Publisher.CheckDeadSubscribers - 6 total (1 active), Execution time: mean = 5.640 us, total = 33.841 us, Queueing time: mean = -0.010 s, max = 17.955 ms, min = -0.036 s, total = -0.060 s
	ray::rpc::InternalPubSubGcsService.grpc_client.GcsSubscriberPoll - 4 total (1 active), Execution time: mean = 299.931 s, total = 1199.723 s, Queueing time: mean = 0.000 s, max = -0.000 s, min = 9223372036.855 s, total = 0.000 s
	ray::rpc::InternalPubSubGcsService.grpc_client.GcsSubscriberPoll.OnReplyReceived - 3 total (0 active), Execution time: mean = 148.662 us, total = 445.985 us, Queueing time: mean = 48.817 us, max = 111.199 us, min = 17.228 us, total = 146.450 us
	ray::rpc::WorkerInfoGcsService.grpc_client.AddWorkerInfo - 1 total (0 active), Execution time: mean = 795.664 us, total = 795.664 us, Queueing time: mean = 0.000 s, max = -0.000 s, min = 9223372036.855 s, total = 0.000 s
	ray::rpc::InternalPubSubGcsService.grpc_client.GcsSubscriberCommandBatch.OnReplyReceived - 1 total (0 active), Execution time: mean = 125.383 us, total = 125.383 us, Queueing time: mean = 36.350 us, max = 36.350 us, min = 36.350 us, total = 36.350 us
	ray::rpc::WorkerInfoGcsService.grpc_client.AddWorkerInfo.OnReplyReceived - 1 total (0 active), Execution time: mean = 30.172 us, total = 30.172 us, Queueing time: mean = 43.153 us, max = 43.153 us, min = 43.153 us, total = 43.153 us
	ray::rpc::NodeInfoGcsService.grpc_client.GetAllNodeInfo.OnReplyReceived - 1 total (0 active), Execution time: mean = 62.331 us, total = 62.331 us, Queueing time: mean = 24.565 us, max = 24.565 us, min = 24.565 us, total = 24.565 us
	ray::rpc::InternalPubSubGcsService.grpc_client.GcsSubscriberCommandBatch - 1 total (0 active), Execution time: mean = 635.643 us, total = 635.643 us, Queueing time: mean = 0.000 s, max = -0.000 s, min = 9223372036.855 s, total = 0.000 s
	ray::rpc::NodeInfoGcsService.grpc_client.GetAllNodeInfo - 1 total (0 active), Execution time: mean = 575.487 us, total = 575.487 us, Queueing time: mean = 0.000 s, max = -0.000 s, min = 9223372036.855 s, total = 0.000 s

-----------------
Task Event stats:

IO Service Stats:

Global stats: 4495 total (1 active)
Queueing time: mean = 503.875 us, max = 62.846 ms, min = -0.016 s, total = 2.265 s
Execution time:  mean = 277.609 us, total = 1.248 s
Event stats:
	CoreWorker.deadline_timer.flush_task_events - 1498 total (1 active), Execution time: mean = 150.247 us, total = 225.070 ms, Queueing time: mean = 1.479 ms, max = 62.846 ms, min = -0.016 s, total = 2.216 s
	ray::rpc::TaskInfoGcsService.grpc_client.AddTaskEventData - 1498 total (0 active), Execution time: mean = 656.948 us, total = 984.108 ms, Queueing time: mean = 0.000 s, max = -0.000 s, min = 9223372036.855 s, total = 0.000 s
	ray::rpc::TaskInfoGcsService.grpc_client.AddTaskEventData.OnReplyReceived - 1498 total (0 active), Execution time: mean = 25.734 us, total = 38.550 ms, Queueing time: mean = 32.689 us, max = 1.415 ms, min = 9.012 us, total = 48.968 ms
	PeriodicalRunner.RunFnPeriodically - 1 total (0 active), Execution time: mean = 125.033 us, total = 125.033 us, Queueing time: mean = 41.790 us, max = 41.790 us, min = 41.790 us, total = 41.790 us
Other Stats:
	grpc_in_progress:0
	current number of task status events in buffer: 0
	current number of profile events in buffer: 0
	current number of dropped task attempts tracked: 0
	total task events sent: 0 MiB
	total number of task attempts sent: 0
	total number of task attempts dropped reported: 0
	total number of sent failure: 0
	num status task events dropped: 0
	num profile task events dropped: 0


[2025-02-16 16:44:37,664 I 565 1316] core_worker.cc:642: Event stats:


Global stats: 22329 total (8 active)
Queueing time: mean = 293.334 us, max = 73.583 ms, min = -0.069 s, total = 6.550 s
Execution time:  mean = 67.243 ms, total = 1501.462 s
Event stats:
	CoreWorker.RecoverObjects - 15571 total (1 active), Execution time: mean = 6.830 us, total = 106.344 ms, Queueing time: mean = 185.085 us, max = 12.158 ms, min = -0.038 s, total = 2.882 s
	NodeManagerService.grpc_client.ReportWorkerBacklog - 1559 total (0 active), Execution time: mean = 576.947 us, total = 899.461 ms, Queueing time: mean = 0.000 s, max = -0.000 s, min = 9223372036.855 s, total = 0.000 s
	CoreWorker.ExitIfParentRayletDies - 1559 total (1 active), Execution time: mean = 8.241 us, total = 12.847 ms, Queueing time: mean = 1.242 ms, max = 61.729 ms, min = -0.053 s, total = 1.937 s
	CoreWorker.InternalHeartbeat - 1559 total (1 active), Execution time: mean = 119.303 us, total = 185.994 ms, Queueing time: mean = 1.127 ms, max = 61.703 ms, min = -0.053 s, total = 1.757 s
	NodeManagerService.grpc_client.ReportWorkerBacklog.OnReplyReceived - 1559 total (0 active), Execution time: mean = 15.500 us, total = 24.165 ms, Queueing time: mean = 30.415 us, max = 248.375 us, min = 4.659 us, total = 47.417 ms
	CoreWorker.RecordMetrics - 312 total (1 active), Execution time: mean = 23.238 us, total = 7.250 ms, Queueing time: mean = 90.148 us, max = 73.583 ms, min = -0.068 s, total = 28.126 ms
	CoreWorker.GCStreamingGeneratorMetadata - 156 total (1 active), Execution time: mean = 4.025 us, total = 627.967 us, Queueing time: mean = 88.361 us, max = 71.583 ms, min = -0.069 s, total = 13.784 ms
	CoreWorker.PrintEventStats - 26 total (1 active, 1 running), Execution time: mean = 310.793 us, total = 8.081 ms, Queueing time: mean = -0.002 s, max = 57.800 ms, min = -0.052 s, total = -0.058 s
	PeriodicalRunner.RunFnPeriodically - 7 total (0 active), Execution time: mean = 59.083 us, total = 413.584 us, Queueing time: mean = 419.696 us, max = 1.439 ms, min = 66.428 us, total = 2.938 ms
	Publisher.CheckDeadSubscribers - 6 total (1 active), Execution time: mean = 5.640 us, total = 33.841 us, Queueing time: mean = -0.010 s, max = 17.955 ms, min = -0.036 s, total = -0.060 s
	ray::rpc::InternalPubSubGcsService.grpc_client.GcsSubscriberPoll - 5 total (1 active), Execution time: mean = 300.043 s, total = 1500.214 s, Queueing time: mean = 0.000 s, max = -0.000 s, min = 9223372036.855 s, total = 0.000 s
	ray::rpc::InternalPubSubGcsService.grpc_client.GcsSubscriberPoll.OnReplyReceived - 4 total (0 active), Execution time: mean = 135.845 us, total = 543.380 us, Queueing time: mean = 47.908 us, max = 111.199 us, min = 17.228 us, total = 191.633 us
	ray::rpc::WorkerInfoGcsService.grpc_client.AddWorkerInfo - 1 total (0 active), Execution time: mean = 795.664 us, total = 795.664 us, Queueing time: mean = 0.000 s, max = -0.000 s, min = 9223372036.855 s, total = 0.000 s
	ray::rpc::InternalPubSubGcsService.grpc_client.GcsSubscriberCommandBatch.OnReplyReceived - 1 total (0 active), Execution time: mean = 125.383 us, total = 125.383 us, Queueing time: mean = 36.350 us, max = 36.350 us, min = 36.350 us, total = 36.350 us
	ray::rpc::WorkerInfoGcsService.grpc_client.AddWorkerInfo.OnReplyReceived - 1 total (0 active), Execution time: mean = 30.172 us, total = 30.172 us, Queueing time: mean = 43.153 us, max = 43.153 us, min = 43.153 us, total = 43.153 us
	ray::rpc::NodeInfoGcsService.grpc_client.GetAllNodeInfo.OnReplyReceived - 1 total (0 active), Execution time: mean = 62.331 us, total = 62.331 us, Queueing time: mean = 24.565 us, max = 24.565 us, min = 24.565 us, total = 24.565 us
	ray::rpc::InternalPubSubGcsService.grpc_client.GcsSubscriberCommandBatch - 1 total (0 active), Execution time: mean = 635.643 us, total = 635.643 us, Queueing time: mean = 0.000 s, max = -0.000 s, min = 9223372036.855 s, total = 0.000 s
	ray::rpc::NodeInfoGcsService.grpc_client.GetAllNodeInfo - 1 total (0 active), Execution time: mean = 575.487 us, total = 575.487 us, Queueing time: mean = 0.000 s, max = -0.000 s, min = 9223372036.855 s, total = 0.000 s

-----------------
Task Event stats:

IO Service Stats:

Global stats: 4675 total (1 active)
Queueing time: mean = 508.268 us, max = 62.846 ms, min = -0.017 s, total = 2.376 s
Execution time:  mean = 274.346 us, total = 1.283 s
Event stats:
	CoreWorker.deadline_timer.flush_task_events - 1558 total (1 active), Execution time: mean = 148.893 us, total = 231.976 ms, Queueing time: mean = 1.493 ms, max = 62.846 ms, min = -0.017 s, total = 2.326 s
	ray::rpc::TaskInfoGcsService.grpc_client.AddTaskEventData - 1558 total (0 active), Execution time: mean = 648.858 us, total = 1.011 s, Queueing time: mean = 0.000 s, max = -0.000 s, min = 9223372036.855 s, total = 0.000 s
	ray::rpc::TaskInfoGcsService.grpc_client.AddTaskEventData.OnReplyReceived - 1558 total (0 active), Execution time: mean = 25.383 us, total = 39.546 ms, Queueing time: mean = 32.281 us, max = 1.415 ms, min = 9.012 us, total = 50.294 ms
	PeriodicalRunner.RunFnPeriodically - 1 total (0 active), Execution time: mean = 125.033 us, total = 125.033 us, Queueing time: mean = 41.790 us, max = 41.790 us, min = 41.790 us, total = 41.790 us
Other Stats:
	grpc_in_progress:0
	current number of task status events in buffer: 0
	current number of profile events in buffer: 0
	current number of dropped task attempts tracked: 0
	total task events sent: 0 MiB
	total number of task attempts sent: 0
	total number of task attempts dropped reported: 0
	total number of sent failure: 0
	num status task events dropped: 0
	num profile task events dropped: 0


[2025-02-16 16:45:37,665 I 565 1316] core_worker.cc:642: Event stats:


Global stats: 23183 total (8 active)
Queueing time: mean = 293.881 us, max = 73.583 ms, min = -0.069 s, total = 6.813 s
Execution time:  mean = 64.767 ms, total = 1501.496 s
Event stats:
	CoreWorker.RecoverObjects - 16170 total (1 active), Execution time: mean = 6.737 us, total = 108.934 ms, Queueing time: mean = 182.568 us, max = 12.158 ms, min = -0.038 s, total = 2.952 s
	NodeManagerService.grpc_client.ReportWorkerBacklog - 1618 total (0 active), Execution time: mean = 571.199 us, total = 924.200 ms, Queueing time: mean = 0.000 s, max = -0.000 s, min = 9223372036.855 s, total = 0.000 s
	CoreWorker.ExitIfParentRayletDies - 1618 total (1 active), Execution time: mean = 8.151 us, total = 13.189 ms, Queueing time: mean = 1.247 ms, max = 61.729 ms, min = -0.053 s, total = 2.018 s
	CoreWorker.InternalHeartbeat - 1618 total (1 active), Execution time: mean = 118.099 us, total = 191.084 ms, Queueing time: mean = 1.133 ms, max = 61.703 ms, min = -0.053 s, total = 1.834 s
	NodeManagerService.grpc_client.ReportWorkerBacklog.OnReplyReceived - 1618 total (0 active), Execution time: mean = 15.347 us, total = 24.832 ms, Queueing time: mean = 30.263 us, max = 248.375 us, min = 4.659 us, total = 48.966 ms
	CoreWorker.RecordMetrics - 324 total (1 active), Execution time: mean = 23.128 us, total = 7.493 ms, Queueing time: mean = 85.801 us, max = 73.583 ms, min = -0.068 s, total = 27.800 ms
	CoreWorker.GCStreamingGeneratorMetadata - 162 total (1 active), Execution time: mean = 4.086 us, total = 661.886 us, Queueing time: mean = 88.854 us, max = 71.583 ms, min = -0.069 s, total = 14.394 ms
	CoreWorker.PrintEventStats - 27 total (1 active, 1 running), Execution time: mean = 310.519 us, total = 8.384 ms, Queueing time: mean = -0.001 s, max = 57.800 ms, min = -0.052 s, total = -0.026 s
	PeriodicalRunner.RunFnPeriodically - 7 total (0 active), Execution time: mean = 59.083 us, total = 413.584 us, Queueing time: mean = 419.696 us, max = 1.439 ms, min = 66.428 us, total = 2.938 ms
	Publisher.CheckDeadSubscribers - 6 total (1 active), Execution time: mean = 5.640 us, total = 33.841 us, Queueing time: mean = -0.010 s, max = 17.955 ms, min = -0.036 s, total = -0.060 s
	ray::rpc::InternalPubSubGcsService.grpc_client.GcsSubscriberPoll - 5 total (1 active), Execution time: mean = 300.043 s, total = 1500.214 s, Queueing time: mean = 0.000 s, max = -0.000 s, min = 9223372036.855 s, total = 0.000 s
	ray::rpc::InternalPubSubGcsService.grpc_client.GcsSubscriberPoll.OnReplyReceived - 4 total (0 active), Execution time: mean = 135.845 us, total = 543.380 us, Queueing time: mean = 47.908 us, max = 111.199 us, min = 17.228 us, total = 191.633 us
	ray::rpc::WorkerInfoGcsService.grpc_client.AddWorkerInfo - 1 total (0 active), Execution time: mean = 795.664 us, total = 795.664 us, Queueing time: mean = 0.000 s, max = -0.000 s, min = 9223372036.855 s, total = 0.000 s
	ray::rpc::InternalPubSubGcsService.grpc_client.GcsSubscriberCommandBatch.OnReplyReceived - 1 total (0 active), Execution time: mean = 125.383 us, total = 125.383 us, Queueing time: mean = 36.350 us, max = 36.350 us, min = 36.350 us, total = 36.350 us
	ray::rpc::WorkerInfoGcsService.grpc_client.AddWorkerInfo.OnReplyReceived - 1 total (0 active), Execution time: mean = 30.172 us, total = 30.172 us, Queueing time: mean = 43.153 us, max = 43.153 us, min = 43.153 us, total = 43.153 us
	ray::rpc::NodeInfoGcsService.grpc_client.GetAllNodeInfo.OnReplyReceived - 1 total (0 active), Execution time: mean = 62.331 us, total = 62.331 us, Queueing time: mean = 24.565 us, max = 24.565 us, min = 24.565 us, total = 24.565 us
	ray::rpc::InternalPubSubGcsService.grpc_client.GcsSubscriberCommandBatch - 1 total (0 active), Execution time: mean = 635.643 us, total = 635.643 us, Queueing time: mean = 0.000 s, max = -0.000 s, min = 9223372036.855 s, total = 0.000 s
	ray::rpc::NodeInfoGcsService.grpc_client.GetAllNodeInfo - 1 total (0 active), Execution time: mean = 575.487 us, total = 575.487 us, Queueing time: mean = 0.000 s, max = -0.000 s, min = 9223372036.855 s, total = 0.000 s

-----------------
Task Event stats:

IO Service Stats:

Global stats: 4855 total (1 active)
Queueing time: mean = 506.337 us, max = 62.846 ms, min = -0.017 s, total = 2.458 s
Execution time:  mean = 271.963 us, total = 1.320 s
Event stats:
	CoreWorker.deadline_timer.flush_task_events - 1618 total (1 active), Execution time: mean = 147.993 us, total = 239.452 ms, Queueing time: mean = 1.487 ms, max = 62.846 ms, min = -0.017 s, total = 2.407 s
	ray::rpc::TaskInfoGcsService.grpc_client.AddTaskEventData - 1618 total (0 active), Execution time: mean = 642.879 us, total = 1.040 s, Queueing time: mean = 0.000 s, max = -0.000 s, min = 9223372036.855 s, total = 0.000 s
	ray::rpc::TaskInfoGcsService.grpc_client.AddTaskEventData.OnReplyReceived - 1618 total (0 active), Execution time: mean = 25.108 us, total = 40.625 ms, Queueing time: mean = 31.903 us, max = 1.415 ms, min = 9.012 us, total = 51.620 ms
	PeriodicalRunner.RunFnPeriodically - 1 total (0 active), Execution time: mean = 125.033 us, total = 125.033 us, Queueing time: mean = 41.790 us, max = 41.790 us, min = 41.790 us, total = 41.790 us
Other Stats:
	grpc_in_progress:0
	current number of task status events in buffer: 0
	current number of profile events in buffer: 0
	current number of dropped task attempts tracked: 0
	total task events sent: 0 MiB
	total number of task attempts sent: 0
	total number of task attempts dropped reported: 0
	total number of sent failure: 0
	num status task events dropped: 0
	num profile task events dropped: 0


[2025-02-16 16:46:37,665 I 565 1316] core_worker.cc:642: Event stats:


Global stats: 24041 total (8 active)
Queueing time: mean = 296.056 us, max = 74.956 ms, min = -0.069 s, total = 7.117 s
Execution time:  mean = 62.457 ms, total = 1501.529 s
Event stats:
	CoreWorker.RecoverObjects - 16769 total (1 active), Execution time: mean = 6.656 us, total = 111.615 ms, Queueing time: mean = 183.240 us, max = 12.158 ms, min = -0.038 s, total = 3.073 s
	NodeManagerService.grpc_client.ReportWorkerBacklog - 1678 total (0 active), Execution time: mean = 564.680 us, total = 947.533 ms, Queueing time: mean = 0.000 s, max = -0.000 s, min = 9223372036.855 s, total = 0.000 s
	CoreWorker.ExitIfParentRayletDies - 1678 total (1 active), Execution time: mean = 8.101 us, total = 13.593 ms, Queueing time: mean = 1.269 ms, max = 61.729 ms, min = -0.053 s, total = 2.130 s
	CoreWorker.InternalHeartbeat - 1678 total (1 active), Execution time: mean = 116.910 us, total = 196.175 ms, Queueing time: mean = 1.157 ms, max = 61.703 ms, min = -0.053 s, total = 1.941 s
	NodeManagerService.grpc_client.ReportWorkerBacklog.OnReplyReceived - 1678 total (0 active), Execution time: mean = 15.177 us, total = 25.467 ms, Queueing time: mean = 29.953 us, max = 248.375 us, min = 4.659 us, total = 50.261 ms
	CoreWorker.RecordMetrics - 336 total (1 active), Execution time: mean = 23.060 us, total = 7.748 ms, Queueing time: mean = 87.713 us, max = 74.956 ms, min = -0.068 s, total = 29.472 ms
	CoreWorker.GCStreamingGeneratorMetadata - 168 total (1 active), Execution time: mean = 4.114 us, total = 691.131 us, Queueing time: mean = 88.468 us, max = 71.583 ms, min = -0.069 s, total = 14.863 ms
	CoreWorker.PrintEventStats - 28 total (1 active, 1 running), Execution time: mean = 307.584 us, total = 8.612 ms, Queueing time: mean = -0.002 s, max = 57.800 ms, min = -0.052 s, total = -0.064 s
	PeriodicalRunner.RunFnPeriodically - 7 total (0 active), Execution time: mean = 59.083 us, total = 413.584 us, Queueing time: mean = 419.696 us, max = 1.439 ms, min = 66.428 us, total = 2.938 ms
	Publisher.CheckDeadSubscribers - 6 total (1 active), Execution time: mean = 5.640 us, total = 33.841 us, Queueing time: mean = -0.010 s, max = 17.955 ms, min = -0.036 s, total = -0.060 s
	ray::rpc::InternalPubSubGcsService.grpc_client.GcsSubscriberPoll - 5 total (1 active), Execution time: mean = 300.043 s, total = 1500.214 s, Queueing time: mean = 0.000 s, max = -0.000 s, min = 9223372036.855 s, total = 0.000 s
	ray::rpc::InternalPubSubGcsService.grpc_client.GcsSubscriberPoll.OnReplyReceived - 4 total (0 active), Execution time: mean = 135.845 us, total = 543.380 us, Queueing time: mean = 47.908 us, max = 111.199 us, min = 17.228 us, total = 191.633 us
	ray::rpc::WorkerInfoGcsService.grpc_client.AddWorkerInfo - 1 total (0 active), Execution time: mean = 795.664 us, total = 795.664 us, Queueing time: mean = 0.000 s, max = -0.000 s, min = 9223372036.855 s, total = 0.000 s
	ray::rpc::InternalPubSubGcsService.grpc_client.GcsSubscriberCommandBatch.OnReplyReceived - 1 total (0 active), Execution time: mean = 125.383 us, total = 125.383 us, Queueing time: mean = 36.350 us, max = 36.350 us, min = 36.350 us, total = 36.350 us
	ray::rpc::WorkerInfoGcsService.grpc_client.AddWorkerInfo.OnReplyReceived - 1 total (0 active), Execution time: mean = 30.172 us, total = 30.172 us, Queueing time: mean = 43.153 us, max = 43.153 us, min = 43.153 us, total = 43.153 us
	ray::rpc::NodeInfoGcsService.grpc_client.GetAllNodeInfo.OnReplyReceived - 1 total (0 active), Execution time: mean = 62.331 us, total = 62.331 us, Queueing time: mean = 24.565 us, max = 24.565 us, min = 24.565 us, total = 24.565 us
	ray::rpc::InternalPubSubGcsService.grpc_client.GcsSubscriberCommandBatch - 1 total (0 active), Execution time: mean = 635.643 us, total = 635.643 us, Queueing time: mean = 0.000 s, max = -0.000 s, min = 9223372036.855 s, total = 0.000 s
	ray::rpc::NodeInfoGcsService.grpc_client.GetAllNodeInfo - 1 total (0 active), Execution time: mean = 575.487 us, total = 575.487 us, Queueing time: mean = 0.000 s, max = -0.000 s, min = 9223372036.855 s, total = 0.000 s

-----------------
Task Event stats:

IO Service Stats:

Global stats: 5035 total (1 active)
Queueing time: mean = 510.286 us, max = 62.846 ms, min = -0.017 s, total = 2.569 s
Execution time:  mean = 270.095 us, total = 1.360 s
Event stats:
	CoreWorker.deadline_timer.flush_task_events - 1678 total (1 active), Execution time: mean = 147.434 us, total = 247.394 ms, Queueing time: mean = 1.499 ms, max = 62.846 ms, min = -0.017 s, total = 2.516 s
	ray::rpc::TaskInfoGcsService.grpc_client.AddTaskEventData - 1678 total (0 active), Execution time: mean = 638.090 us, total = 1.071 s, Queueing time: mean = 0.000 s, max = -0.000 s, min = 9223372036.855 s, total = 0.000 s
	ray::rpc::TaskInfoGcsService.grpc_client.AddTaskEventData.OnReplyReceived - 1678 total (0 active), Execution time: mean = 24.847 us, total = 41.693 ms, Queueing time: mean = 31.669 us, max = 1.415 ms, min = 9.012 us, total = 53.141 ms
	PeriodicalRunner.RunFnPeriodically - 1 total (0 active), Execution time: mean = 125.033 us, total = 125.033 us, Queueing time: mean = 41.790 us, max = 41.790 us, min = 41.790 us, total = 41.790 us
Other Stats:
	grpc_in_progress:0
	current number of task status events in buffer: 0
	current number of profile events in buffer: 0
	current number of dropped task attempts tracked: 0
	total task events sent: 0 MiB
	total number of task attempts sent: 0
	total number of task attempts dropped reported: 0
	total number of sent failure: 0
	num status task events dropped: 0
	num profile task events dropped: 0


[2025-02-16 16:47:37,665 I 565 1316] core_worker.cc:642: Event stats:


Global stats: 24899 total (8 active)
Queueing time: mean = 298.111 us, max = 74.956 ms, min = -0.069 s, total = 7.423 s
Execution time:  mean = 60.306 ms, total = 1501.560 s
Event stats:
	CoreWorker.RecoverObjects - 17368 total (1 active), Execution time: mean = 6.585 us, total = 114.360 ms, Queueing time: mean = 182.476 us, max = 12.158 ms, min = -0.038 s, total = 3.169 s
	NodeManagerService.grpc_client.ReportWorkerBacklog - 1738 total (0 active), Execution time: mean = 557.678 us, total = 969.245 ms, Queueing time: mean = 0.000 s, max = -0.000 s, min = 9223372036.855 s, total = 0.000 s
	CoreWorker.ExitIfParentRayletDies - 1738 total (1 active), Execution time: mean = 8.094 us, total = 14.068 ms, Queueing time: mean = 1.281 ms, max = 61.729 ms, min = -0.053 s, total = 2.226 s
	CoreWorker.InternalHeartbeat - 1738 total (1 active), Execution time: mean = 115.648 us, total = 200.996 ms, Queueing time: mean = 1.169 ms, max = 61.703 ms, min = -0.053 s, total = 2.032 s
	NodeManagerService.grpc_client.ReportWorkerBacklog.OnReplyReceived - 1738 total (0 active), Execution time: mean = 15.014 us, total = 26.093 ms, Queueing time: mean = 29.656 us, max = 248.375 us, min = 4.659 us, total = 51.543 ms
	CoreWorker.RecordMetrics - 348 total (1 active), Execution time: mean = 22.939 us, total = 7.983 ms, Queueing time: mean = 85.684 us, max = 74.956 ms, min = -0.068 s, total = 29.818 ms
	CoreWorker.GCStreamingGeneratorMetadata - 174 total (1 active), Execution time: mean = 4.168 us, total = 725.280 us, Queueing time: mean = 88.122 us, max = 71.583 ms, min = -0.069 s, total = 15.333 ms
	CoreWorker.PrintEventStats - 29 total (1 active, 1 running), Execution time: mean = 305.081 us, total = 8.847 ms, Queueing time: mean = -0.002 s, max = 57.800 ms, min = -0.052 s, total = -0.045 s
	PeriodicalRunner.RunFnPeriodically - 7 total (0 active), Execution time: mean = 59.083 us, total = 413.584 us, Queueing time: mean = 419.696 us, max = 1.439 ms, min = 66.428 us, total = 2.938 ms
	Publisher.CheckDeadSubscribers - 6 total (1 active), Execution time: mean = 5.640 us, total = 33.841 us, Queueing time: mean = -0.010 s, max = 17.955 ms, min = -0.036 s, total = -0.060 s
	ray::rpc::InternalPubSubGcsService.grpc_client.GcsSubscriberPoll - 5 total (1 active), Execution time: mean = 300.043 s, total = 1500.214 s, Queueing time: mean = 0.000 s, max = -0.000 s, min = 9223372036.855 s, total = 0.000 s
	ray::rpc::InternalPubSubGcsService.grpc_client.GcsSubscriberPoll.OnReplyReceived - 4 total (0 active), Execution time: mean = 135.845 us, total = 543.380 us, Queueing time: mean = 47.908 us, max = 111.199 us, min = 17.228 us, total = 191.633 us
	ray::rpc::WorkerInfoGcsService.grpc_client.AddWorkerInfo - 1 total (0 active), Execution time: mean = 795.664 us, total = 795.664 us, Queueing time: mean = 0.000 s, max = -0.000 s, min = 9223372036.855 s, total = 0.000 s
	ray::rpc::InternalPubSubGcsService.grpc_client.GcsSubscriberCommandBatch.OnReplyReceived - 1 total (0 active), Execution time: mean = 125.383 us, total = 125.383 us, Queueing time: mean = 36.350 us, max = 36.350 us, min = 36.350 us, total = 36.350 us
	ray::rpc::WorkerInfoGcsService.grpc_client.AddWorkerInfo.OnReplyReceived - 1 total (0 active), Execution time: mean = 30.172 us, total = 30.172 us, Queueing time: mean = 43.153 us, max = 43.153 us, min = 43.153 us, total = 43.153 us
	ray::rpc::NodeInfoGcsService.grpc_client.GetAllNodeInfo.OnReplyReceived - 1 total (0 active), Execution time: mean = 62.331 us, total = 62.331 us, Queueing time: mean = 24.565 us, max = 24.565 us, min = 24.565 us, total = 24.565 us
	ray::rpc::InternalPubSubGcsService.grpc_client.GcsSubscriberCommandBatch - 1 total (0 active), Execution time: mean = 635.643 us, total = 635.643 us, Queueing time: mean = 0.000 s, max = -0.000 s, min = 9223372036.855 s, total = 0.000 s
	ray::rpc::NodeInfoGcsService.grpc_client.GetAllNodeInfo - 1 total (0 active), Execution time: mean = 575.487 us, total = 575.487 us, Queueing time: mean = 0.000 s, max = -0.000 s, min = 9223372036.855 s, total = 0.000 s

-----------------
Task Event stats:

IO Service Stats:

Global stats: 5215 total (1 active)
Queueing time: mean = 509.797 us, max = 62.846 ms, min = -0.017 s, total = 2.659 s
Execution time:  mean = 267.881 us, total = 1.397 s
Event stats:
	CoreWorker.deadline_timer.flush_task_events - 1738 total (1 active), Execution time: mean = 146.594 us, total = 254.780 ms, Queueing time: mean = 1.498 ms, max = 62.846 ms, min = -0.017 s, total = 2.604 s
	ray::rpc::TaskInfoGcsService.grpc_client.AddTaskEventData - 1738 total (0 active), Execution time: mean = 632.570 us, total = 1.099 s, Queueing time: mean = 0.000 s, max = -0.000 s, min = 9223372036.855 s, total = 0.000 s
	ray::rpc::TaskInfoGcsService.grpc_client.AddTaskEventData.OnReplyReceived - 1738 total (0 active), Execution time: mean = 24.562 us, total = 42.689 ms, Queueing time: mean = 31.301 us, max = 1.415 ms, min = 9.012 us, total = 54.401 ms
	PeriodicalRunner.RunFnPeriodically - 1 total (0 active), Execution time: mean = 125.033 us, total = 125.033 us, Queueing time: mean = 41.790 us, max = 41.790 us, min = 41.790 us, total = 41.790 us
Other Stats:
	grpc_in_progress:0
	current number of task status events in buffer: 0
	current number of profile events in buffer: 0
	current number of dropped task attempts tracked: 0
	total task events sent: 0 MiB
	total number of task attempts sent: 0
	total number of task attempts dropped reported: 0
	total number of sent failure: 0
	num status task events dropped: 0
	num profile task events dropped: 0


[2025-02-16 16:48:37,665 I 565 1316] core_worker.cc:642: Event stats:


Global stats: 25758 total (8 active)
Queueing time: mean = 300.427 us, max = 74.956 ms, min = -0.069 s, total = 7.738 s
Execution time:  mean = 58.296 ms, total = 1501.589 s
Event stats:
	CoreWorker.RecoverObjects - 17967 total (1 active), Execution time: mean = 6.514 us, total = 117.037 ms, Queueing time: mean = 181.973 us, max = 12.158 ms, min = -0.038 s, total = 3.270 s
	NodeManagerService.grpc_client.ReportWorkerBacklog - 1798 total (0 active), Execution time: mean = 550.676 us, total = 990.116 ms, Queueing time: mean = 0.000 s, max = -0.000 s, min = 9223372036.855 s, total = 0.000 s
	CoreWorker.ExitIfParentRayletDies - 1798 total (1 active), Execution time: mean = 8.027 us, total = 14.432 ms, Queueing time: mean = 1.296 ms, max = 61.729 ms, min = -0.053 s, total = 2.330 s
	CoreWorker.InternalHeartbeat - 1798 total (1 active), Execution time: mean = 114.462 us, total = 205.802 ms, Queueing time: mean = 1.186 ms, max = 61.703 ms, min = -0.053 s, total = 2.132 s
	NodeManagerService.grpc_client.ReportWorkerBacklog.OnReplyReceived - 1798 total (0 active), Execution time: mean = 14.865 us, total = 26.727 ms, Queueing time: mean = 29.408 us, max = 248.375 us, min = 4.659 us, total = 52.876 ms
	CoreWorker.RecordMetrics - 360 total (1 active), Execution time: mean = 22.753 us, total = 8.191 ms, Queueing time: mean = 84.518 us, max = 74.956 ms, min = -0.068 s, total = 30.426 ms
	CoreWorker.GCStreamingGeneratorMetadata - 180 total (1 active), Execution time: mean = 4.174 us, total = 751.258 us, Queueing time: mean = 86.613 us, max = 71.583 ms, min = -0.069 s, total = 15.590 ms
	CoreWorker.PrintEventStats - 30 total (1 active, 1 running), Execution time: mean = 303.372 us, total = 9.101 ms, Queueing time: mean = -0.001 s, max = 57.800 ms, min = -0.052 s, total = -0.044 s
	Publisher.CheckDeadSubscribers - 7 total (1 active), Execution time: mean = 5.220 us, total = 36.537 us, Queueing time: mean = -0.007 s, max = 17.955 ms, min = -0.036 s, total = -0.051 s
	PeriodicalRunner.RunFnPeriodically - 7 total (0 active), Execution time: mean = 59.083 us, total = 413.584 us, Queueing time: mean = 419.696 us, max = 1.439 ms, min = 66.428 us, total = 2.938 ms
	ray::rpc::InternalPubSubGcsService.grpc_client.GcsSubscriberPoll - 5 total (1 active), Execution time: mean = 300.043 s, total = 1500.214 s, Queueing time: mean = 0.000 s, max = -0.000 s, min = 9223372036.855 s, total = 0.000 s
	ray::rpc::InternalPubSubGcsService.grpc_client.GcsSubscriberPoll.OnReplyReceived - 4 total (0 active), Execution time: mean = 135.845 us, total = 543.380 us, Queueing time: mean = 47.908 us, max = 111.199 us, min = 17.228 us, total = 191.633 us
	ray::rpc::WorkerInfoGcsService.grpc_client.AddWorkerInfo - 1 total (0 active), Execution time: mean = 795.664 us, total = 795.664 us, Queueing time: mean = 0.000 s, max = -0.000 s, min = 9223372036.855 s, total = 0.000 s
	ray::rpc::InternalPubSubGcsService.grpc_client.GcsSubscriberCommandBatch.OnReplyReceived - 1 total (0 active), Execution time: mean = 125.383 us, total = 125.383 us, Queueing time: mean = 36.350 us, max = 36.350 us, min = 36.350 us, total = 36.350 us
	ray::rpc::WorkerInfoGcsService.grpc_client.AddWorkerInfo.OnReplyReceived - 1 total (0 active), Execution time: mean = 30.172 us, total = 30.172 us, Queueing time: mean = 43.153 us, max = 43.153 us, min = 43.153 us, total = 43.153 us
	ray::rpc::NodeInfoGcsService.grpc_client.GetAllNodeInfo.OnReplyReceived - 1 total (0 active), Execution time: mean = 62.331 us, total = 62.331 us, Queueing time: mean = 24.565 us, max = 24.565 us, min = 24.565 us, total = 24.565 us
	ray::rpc::InternalPubSubGcsService.grpc_client.GcsSubscriberCommandBatch - 1 total (0 active), Execution time: mean = 635.643 us, total = 635.643 us, Queueing time: mean = 0.000 s, max = -0.000 s, min = 9223372036.855 s, total = 0.000 s
	ray::rpc::NodeInfoGcsService.grpc_client.GetAllNodeInfo - 1 total (0 active), Execution time: mean = 575.487 us, total = 575.487 us, Queueing time: mean = 0.000 s, max = -0.000 s, min = 9223372036.855 s, total = 0.000 s

-----------------
Task Event stats:

IO Service Stats:

Global stats: 5394 total (2 active)
Queueing time: mean = 511.125 us, max = 62.846 ms, min = -0.018 s, total = 2.757 s
Execution time:  mean = 265.532 us, total = 1.432 s
Event stats:
	CoreWorker.deadline_timer.flush_task_events - 1798 total (1 active), Execution time: mean = 145.645 us, total = 261.870 ms, Queueing time: mean = 1.502 ms, max = 62.846 ms, min = -0.018 s, total = 2.701 s
	ray::rpc::TaskInfoGcsService.grpc_client.AddTaskEventData - 1798 total (1 active), Execution time: mean = 626.595 us, total = 1.127 s, Queueing time: mean = 0.000 s, max = -0.000 s, min = 9223372036.855 s, total = 0.000 s
	ray::rpc::TaskInfoGcsService.grpc_client.AddTaskEventData.OnReplyReceived - 1797 total (0 active), Execution time: mean = 24.301 us, total = 43.669 ms, Queueing time: mean = 31.017 us, max = 1.415 ms, min = 9.012 us, total = 55.738 ms
	PeriodicalRunner.RunFnPeriodically - 1 total (0 active), Execution time: mean = 125.033 us, total = 125.033 us, Queueing time: mean = 41.790 us, max = 41.790 us, min = 41.790 us, total = 41.790 us
Other Stats:
	grpc_in_progress:1
	current number of task status events in buffer: 0
	current number of profile events in buffer: 0
	current number of dropped task attempts tracked: 0
	total task events sent: 0 MiB
	total number of task attempts sent: 0
	total number of task attempts dropped reported: 0
	total number of sent failure: 0
	num status task events dropped: 0
	num profile task events dropped: 0


[2025-02-16 16:49:37,666 I 565 1316] core_worker.cc:642: Event stats:


Global stats: 26618 total (8 active)
Queueing time: mean = 302.357 us, max = 74.956 ms, min = -0.069 s, total = 8.048 s
Execution time:  mean = 67.704 ms, total = 1802.132 s
Event stats:
	CoreWorker.RecoverObjects - 18566 total (1 active), Execution time: mean = 6.464 us, total = 120.011 ms, Queueing time: mean = 182.357 us, max = 12.158 ms, min = -0.038 s, total = 3.386 s
	NodeManagerService.grpc_client.ReportWorkerBacklog - 1858 total (0 active), Execution time: mean = 544.476 us, total = 1.012 s, Queueing time: mean = 0.000 s, max = -0.000 s, min = 9223372036.855 s, total = 0.000 s
	CoreWorker.ExitIfParentRayletDies - 1858 total (1 active), Execution time: mean = 7.977 us, total = 14.822 ms, Queueing time: mean = 1.308 ms, max = 61.729 ms, min = -0.053 s, total = 2.430 s
	CoreWorker.InternalHeartbeat - 1858 total (1 active), Execution time: mean = 113.481 us, total = 210.847 ms, Queueing time: mean = 1.199 ms, max = 61.703 ms, min = -0.053 s, total = 2.228 s
	NodeManagerService.grpc_client.ReportWorkerBacklog.OnReplyReceived - 1858 total (0 active), Execution time: mean = 14.736 us, total = 27.379 ms, Queueing time: mean = 29.173 us, max = 248.375 us, min = 4.659 us, total = 54.203 ms
	CoreWorker.RecordMetrics - 372 total (1 active), Execution time: mean = 22.550 us, total = 8.388 ms, Queueing time: mean = 81.892 us, max = 74.956 ms, min = -0.068 s, total = 30.464 ms
	CoreWorker.GCStreamingGeneratorMetadata - 186 total (1 active), Execution time: mean = 4.121 us, total = 766.586 us, Queueing time: mean = 84.702 us, max = 71.583 ms, min = -0.069 s, total = 15.754 ms
	CoreWorker.PrintEventStats - 31 total (1 active, 1 running), Execution time: mean = 298.714 us, total = 9.260 ms, Queueing time: mean = -0.002 s, max = 57.800 ms, min = -0.052 s, total = -0.049 s
	Publisher.CheckDeadSubscribers - 7 total (1 active), Execution time: mean = 5.220 us, total = 36.537 us, Queueing time: mean = -0.007 s, max = 17.955 ms, min = -0.036 s, total = -0.051 s
	PeriodicalRunner.RunFnPeriodically - 7 total (0 active), Execution time: mean = 59.083 us, total = 413.584 us, Queueing time: mean = 419.696 us, max = 1.439 ms, min = 66.428 us, total = 2.938 ms
	ray::rpc::InternalPubSubGcsService.grpc_client.GcsSubscriberPoll - 6 total (1 active), Execution time: mean = 300.121 s, total = 1800.726 s, Queueing time: mean = 0.000 s, max = -0.000 s, min = 9223372036.855 s, total = 0.000 s
	ray::rpc::InternalPubSubGcsService.grpc_client.GcsSubscriberPoll.OnReplyReceived - 5 total (0 active), Execution time: mean = 158.762 us, total = 793.812 us, Queueing time: mean = 46.499 us, max = 111.199 us, min = 17.228 us, total = 232.495 us
	ray::rpc::WorkerInfoGcsService.grpc_client.AddWorkerInfo - 1 total (0 active), Execution time: mean = 795.664 us, total = 795.664 us, Queueing time: mean = 0.000 s, max = -0.000 s, min = 9223372036.855 s, total = 0.000 s
	ray::rpc::InternalPubSubGcsService.grpc_client.GcsSubscriberCommandBatch.OnReplyReceived - 1 total (0 active), Execution time: mean = 125.383 us, total = 125.383 us, Queueing time: mean = 36.350 us, max = 36.350 us, min = 36.350 us, total = 36.350 us
	ray::rpc::WorkerInfoGcsService.grpc_client.AddWorkerInfo.OnReplyReceived - 1 total (0 active), Execution time: mean = 30.172 us, total = 30.172 us, Queueing time: mean = 43.153 us, max = 43.153 us, min = 43.153 us, total = 43.153 us
	ray::rpc::NodeInfoGcsService.grpc_client.GetAllNodeInfo.OnReplyReceived - 1 total (0 active), Execution time: mean = 62.331 us, total = 62.331 us, Queueing time: mean = 24.565 us, max = 24.565 us, min = 24.565 us, total = 24.565 us
	ray::rpc::InternalPubSubGcsService.grpc_client.GcsSubscriberCommandBatch - 1 total (0 active), Execution time: mean = 635.643 us, total = 635.643 us, Queueing time: mean = 0.000 s, max = -0.000 s, min = 9223372036.855 s, total = 0.000 s
	ray::rpc::NodeInfoGcsService.grpc_client.GetAllNodeInfo - 1 total (0 active), Execution time: mean = 575.487 us, total = 575.487 us, Queueing time: mean = 0.000 s, max = -0.000 s, min = 9223372036.855 s, total = 0.000 s

-----------------
Task Event stats:

IO Service Stats:

Global stats: 5572 total (1 active)
Queueing time: mean = 512.296 us, max = 62.846 ms, min = -0.018 s, total = 2.855 s
Execution time:  mean = 263.510 us, total = 1.468 s
Event stats:
	CoreWorker.deadline_timer.flush_task_events - 1857 total (1 active), Execution time: mean = 144.783 us, total = 268.862 ms, Queueing time: mean = 1.506 ms, max = 62.846 ms, min = -0.018 s, total = 2.797 s
	ray::rpc::TaskInfoGcsService.grpc_client.AddTaskEventData - 1857 total (0 active), Execution time: mean = 621.753 us, total = 1.155 s, Queueing time: mean = 0.000 s, max = -0.000 s, min = 9223372036.855 s, total = 0.000 s
	ray::rpc::TaskInfoGcsService.grpc_client.AddTaskEventData.OnReplyReceived - 1857 total (0 active), Execution time: mean = 24.069 us, total = 44.696 ms, Queueing time: mean = 30.730 us, max = 1.415 ms, min = 9.012 us, total = 57.066 ms
	PeriodicalRunner.RunFnPeriodically - 1 total (0 active), Execution time: mean = 125.033 us, total = 125.033 us, Queueing time: mean = 41.790 us, max = 41.790 us, min = 41.790 us, total = 41.790 us
Other Stats:
	grpc_in_progress:0
	current number of task status events in buffer: 0
	current number of profile events in buffer: 0
	current number of dropped task attempts tracked: 0
	total task events sent: 0 MiB
	total number of task attempts sent: 0
	total number of task attempts dropped reported: 0
	total number of sent failure: 0
	num status task events dropped: 0
	num profile task events dropped: 0


[2025-02-16 16:50:37,666 I 565 1316] core_worker.cc:642: Event stats:


Global stats: 27476 total (8 active)
Queueing time: mean = 303.656 us, max = 74.956 ms, min = -0.069 s, total = 8.343 s
Execution time:  mean = 65.591 ms, total = 1802.165 s
Event stats:
	CoreWorker.RecoverObjects - 19165 total (1 active), Execution time: mean = 6.408 us, total = 122.811 ms, Queueing time: mean = 180.879 us, max = 12.158 ms, min = -0.038 s, total = 3.467 s
	NodeManagerService.grpc_client.ReportWorkerBacklog - 1918 total (0 active), Execution time: mean = 539.750 us, total = 1.035 s, Queueing time: mean = 0.000 s, max = -0.000 s, min = 9223372036.855 s, total = 0.000 s
	CoreWorker.ExitIfParentRayletDies - 1918 total (1 active), Execution time: mean = 7.953 us, total = 15.253 ms, Queueing time: mean = 1.319 ms, max = 61.729 ms, min = -0.053 s, total = 2.530 s
	CoreWorker.InternalHeartbeat - 1918 total (1 active), Execution time: mean = 112.506 us, total = 215.786 ms, Queueing time: mean = 1.211 ms, max = 61.703 ms, min = -0.053 s, total = 2.323 s
	NodeManagerService.grpc_client.ReportWorkerBacklog.OnReplyReceived - 1918 total (0 active), Execution time: mean = 14.627 us, total = 28.054 ms, Queueing time: mean = 29.165 us, max = 342.240 us, min = 4.659 us, total = 55.939 ms
	CoreWorker.RecordMetrics - 384 total (1 active), Execution time: mean = 22.369 us, total = 8.590 ms, Queueing time: mean = 81.218 us, max = 74.956 ms, min = -0.068 s, total = 31.188 ms
	CoreWorker.GCStreamingGeneratorMetadata - 192 total (1 active), Execution time: mean = 4.095 us, total = 786.244 us, Queueing time: mean = 81.709 us, max = 71.583 ms, min = -0.069 s, total = 15.688 ms
	CoreWorker.PrintEventStats - 32 total (1 active, 1 running), Execution time: mean = 303.960 us, total = 9.727 ms, Queueing time: mean = -0.001 s, max = 57.800 ms, min = -0.052 s, total = -0.031 s
	Publisher.CheckDeadSubscribers - 7 total (1 active), Execution time: mean = 5.220 us, total = 36.537 us, Queueing time: mean = -0.007 s, max = 17.955 ms, min = -0.036 s, total = -0.051 s
	PeriodicalRunner.RunFnPeriodically - 7 total (0 active), Execution time: mean = 59.083 us, total = 413.584 us, Queueing time: mean = 419.696 us, max = 1.439 ms, min = 66.428 us, total = 2.938 ms
	ray::rpc::InternalPubSubGcsService.grpc_client.GcsSubscriberPoll - 6 total (1 active), Execution time: mean = 300.121 s, total = 1800.726 s, Queueing time: mean = 0.000 s, max = -0.000 s, min = 9223372036.855 s, total = 0.000 s
	ray::rpc::InternalPubSubGcsService.grpc_client.GcsSubscriberPoll.OnReplyReceived - 5 total (0 active), Execution time: mean = 158.762 us, total = 793.812 us, Queueing time: mean = 46.499 us, max = 111.199 us, min = 17.228 us, total = 232.495 us
	ray::rpc::WorkerInfoGcsService.grpc_client.AddWorkerInfo - 1 total (0 active), Execution time: mean = 795.664 us, total = 795.664 us, Queueing time: mean = 0.000 s, max = -0.000 s, min = 9223372036.855 s, total = 0.000 s
	ray::rpc::InternalPubSubGcsService.grpc_client.GcsSubscriberCommandBatch.OnReplyReceived - 1 total (0 active), Execution time: mean = 125.383 us, total = 125.383 us, Queueing time: mean = 36.350 us, max = 36.350 us, min = 36.350 us, total = 36.350 us
	ray::rpc::WorkerInfoGcsService.grpc_client.AddWorkerInfo.OnReplyReceived - 1 total (0 active), Execution time: mean = 30.172 us, total = 30.172 us, Queueing time: mean = 43.153 us, max = 43.153 us, min = 43.153 us, total = 43.153 us
	ray::rpc::NodeInfoGcsService.grpc_client.GetAllNodeInfo.OnReplyReceived - 1 total (0 active), Execution time: mean = 62.331 us, total = 62.331 us, Queueing time: mean = 24.565 us, max = 24.565 us, min = 24.565 us, total = 24.565 us
	ray::rpc::InternalPubSubGcsService.grpc_client.GcsSubscriberCommandBatch - 1 total (0 active), Execution time: mean = 635.643 us, total = 635.643 us, Queueing time: mean = 0.000 s, max = -0.000 s, min = 9223372036.855 s, total = 0.000 s
	ray::rpc::NodeInfoGcsService.grpc_client.GetAllNodeInfo - 1 total (0 active), Execution time: mean = 575.487 us, total = 575.487 us, Queueing time: mean = 0.000 s, max = -0.000 s, min = 9223372036.855 s, total = 0.000 s

-----------------
Task Event stats:

IO Service Stats:

Global stats: 5752 total (1 active)
Queueing time: mean = 512.643 us, max = 62.846 ms, min = -0.018 s, total = 2.949 s
Execution time:  mean = 261.831 us, total = 1.506 s
Event stats:
	CoreWorker.deadline_timer.flush_task_events - 1917 total (1 active), Execution time: mean = 144.068 us, total = 276.179 ms, Queueing time: mean = 1.508 ms, max = 62.846 ms, min = -0.018 s, total = 2.890 s
	ray::rpc::TaskInfoGcsService.grpc_client.AddTaskEventData - 1917 total (0 active), Execution time: mean = 617.619 us, total = 1.184 s, Queueing time: mean = 0.000 s, max = -0.000 s, min = 9223372036.855 s, total = 0.000 s
	ray::rpc::TaskInfoGcsService.grpc_client.AddTaskEventData.OnReplyReceived - 1917 total (0 active), Execution time: mean = 23.878 us, total = 45.774 ms, Queueing time: mean = 30.572 us, max = 1.415 ms, min = 7.542 us, total = 58.606 ms
	PeriodicalRunner.RunFnPeriodically - 1 total (0 active), Execution time: mean = 125.033 us, total = 125.033 us, Queueing time: mean = 41.790 us, max = 41.790 us, min = 41.790 us, total = 41.790 us
Other Stats:
	grpc_in_progress:0
	current number of task status events in buffer: 0
	current number of profile events in buffer: 0
	current number of dropped task attempts tracked: 0
	total task events sent: 0 MiB
	total number of task attempts sent: 0
	total number of task attempts dropped reported: 0
	total number of sent failure: 0
	num status task events dropped: 0
	num profile task events dropped: 0


[2025-02-16 16:51:37,666 I 565 1316] core_worker.cc:642: Event stats:


Global stats: 28334 total (8 active)
Queueing time: mean = 304.659 us, max = 74.956 ms, min = -0.069 s, total = 8.632 s
Execution time:  mean = 63.606 ms, total = 1802.199 s
Event stats:
	CoreWorker.RecoverObjects - 19764 total (1 active), Execution time: mean = 6.349 us, total = 125.481 ms, Queueing time: mean = 180.593 us, max = 12.158 ms, min = -0.038 s, total = 3.569 s
	NodeManagerService.grpc_client.ReportWorkerBacklog - 1978 total (0 active), Execution time: mean = 535.583 us, total = 1.059 s, Queueing time: mean = 0.000 s, max = -0.000 s, min = 9223372036.855 s, total = 0.000 s
	CoreWorker.ExitIfParentRayletDies - 1978 total (1 active), Execution time: mean = 7.912 us, total = 15.650 ms, Queueing time: mean = 1.332 ms, max = 61.729 ms, min = -0.053 s, total = 2.634 s
	CoreWorker.InternalHeartbeat - 1978 total (1 active), Execution time: mean = 111.678 us, total = 220.899 ms, Queueing time: mean = 1.224 ms, max = 61.703 ms, min = -0.053 s, total = 2.422 s
	NodeManagerService.grpc_client.ReportWorkerBacklog.OnReplyReceived - 1978 total (0 active), Execution time: mean = 14.533 us, total = 28.746 ms, Queueing time: mean = 28.936 us, max = 342.240 us, min = 4.659 us, total = 57.235 ms
	CoreWorker.RecordMetrics - 396 total (1 active), Execution time: mean = 22.177 us, total = 8.782 ms, Queueing time: mean = 80.781 us, max = 74.956 ms, min = -0.068 s, total = 31.989 ms
	CoreWorker.GCStreamingGeneratorMetadata - 198 total (1 active), Execution time: mean = 4.083 us, total = 808.441 us, Queueing time: mean = 82.624 us, max = 71.583 ms, min = -0.069 s, total = 16.360 ms
	CoreWorker.PrintEventStats - 33 total (1 active, 1 running), Execution time: mean = 300.806 us, total = 9.927 ms, Queueing time: mean = -0.002 s, max = 57.800 ms, min = -0.052 s, total = -0.051 s
	Publisher.CheckDeadSubscribers - 7 total (1 active), Execution time: mean = 5.220 us, total = 36.537 us, Queueing time: mean = -0.007 s, max = 17.955 ms, min = -0.036 s, total = -0.051 s
	PeriodicalRunner.RunFnPeriodically - 7 total (0 active), Execution time: mean = 59.083 us, total = 413.584 us, Queueing time: mean = 419.696 us, max = 1.439 ms, min = 66.428 us, total = 2.938 ms
	ray::rpc::InternalPubSubGcsService.grpc_client.GcsSubscriberPoll - 6 total (1 active), Execution time: mean = 300.121 s, total = 1800.726 s, Queueing time: mean = 0.000 s, max = -0.000 s, min = 9223372036.855 s, total = 0.000 s
	ray::rpc::InternalPubSubGcsService.grpc_client.GcsSubscriberPoll.OnReplyReceived - 5 total (0 active), Execution time: mean = 158.762 us, total = 793.812 us, Queueing time: mean = 46.499 us, max = 111.199 us, min = 17.228 us, total = 232.495 us
	ray::rpc::WorkerInfoGcsService.grpc_client.AddWorkerInfo - 1 total (0 active), Execution time: mean = 795.664 us, total = 795.664 us, Queueing time: mean = 0.000 s, max = -0.000 s, min = 9223372036.855 s, total = 0.000 s
	ray::rpc::InternalPubSubGcsService.grpc_client.GcsSubscriberCommandBatch.OnReplyReceived - 1 total (0 active), Execution time: mean = 125.383 us, total = 125.383 us, Queueing time: mean = 36.350 us, max = 36.350 us, min = 36.350 us, total = 36.350 us
	ray::rpc::WorkerInfoGcsService.grpc_client.AddWorkerInfo.OnReplyReceived - 1 total (0 active), Execution time: mean = 30.172 us, total = 30.172 us, Queueing time: mean = 43.153 us, max = 43.153 us, min = 43.153 us, total = 43.153 us
	ray::rpc::NodeInfoGcsService.grpc_client.GetAllNodeInfo.OnReplyReceived - 1 total (0 active), Execution time: mean = 62.331 us, total = 62.331 us, Queueing time: mean = 24.565 us, max = 24.565 us, min = 24.565 us, total = 24.565 us
	ray::rpc::InternalPubSubGcsService.grpc_client.GcsSubscriberCommandBatch - 1 total (0 active), Execution time: mean = 635.643 us, total = 635.643 us, Queueing time: mean = 0.000 s, max = -0.000 s, min = 9223372036.855 s, total = 0.000 s
	ray::rpc::NodeInfoGcsService.grpc_client.GetAllNodeInfo - 1 total (0 active), Execution time: mean = 575.487 us, total = 575.487 us, Queueing time: mean = 0.000 s, max = -0.000 s, min = 9223372036.855 s, total = 0.000 s

-----------------
Task Event stats:

IO Service Stats:

Global stats: 5932 total (1 active)
Queueing time: mean = 513.420 us, max = 62.846 ms, min = -0.018 s, total = 3.046 s
Execution time:  mean = 260.073 us, total = 1.543 s
Event stats:
	CoreWorker.deadline_timer.flush_task_events - 1977 total (1 active), Execution time: mean = 143.574 us, total = 283.846 ms, Queueing time: mean = 1.510 ms, max = 62.846 ms, min = -0.018 s, total = 2.985 s
	ray::rpc::TaskInfoGcsService.grpc_client.AddTaskEventData - 1977 total (0 active), Execution time: mean = 612.987 us, total = 1.212 s, Queueing time: mean = 0.000 s, max = -0.000 s, min = 9223372036.855 s, total = 0.000 s
	ray::rpc::TaskInfoGcsService.grpc_client.AddTaskEventData.OnReplyReceived - 1977 total (0 active), Execution time: mean = 23.724 us, total = 46.903 ms, Queueing time: mean = 30.420 us, max = 1.415 ms, min = 7.542 us, total = 60.140 ms
	PeriodicalRunner.RunFnPeriodically - 1 total (0 active), Execution time: mean = 125.033 us, total = 125.033 us, Queueing time: mean = 41.790 us, max = 41.790 us, min = 41.790 us, total = 41.790 us
Other Stats:
	grpc_in_progress:0
	current number of task status events in buffer: 0
	current number of profile events in buffer: 0
	current number of dropped task attempts tracked: 0
	total task events sent: 0 MiB
	total number of task attempts sent: 0
	total number of task attempts dropped reported: 0
	total number of sent failure: 0
	num status task events dropped: 0
	num profile task events dropped: 0


[2025-02-16 16:52:37,667 I 565 1316] core_worker.cc:642: Event stats:


Global stats: 29192 total (8 active)
Queueing time: mean = 306.417 us, max = 74.956 ms, min = -0.069 s, total = 8.945 s
Execution time:  mean = 61.737 ms, total = 1802.232 s
Event stats:
	CoreWorker.RecoverObjects - 20363 total (1 active), Execution time: mean = 6.297 us, total = 128.235 ms, Queueing time: mean = 180.319 us, max = 12.158 ms, min = -0.038 s, total = 3.672 s
	NodeManagerService.grpc_client.ReportWorkerBacklog - 2038 total (0 active), Execution time: mean = 531.405 us, total = 1.083 s, Queueing time: mean = 0.000 s, max = -0.000 s, min = 9223372036.855 s, total = 0.000 s
	CoreWorker.ExitIfParentRayletDies - 2038 total (1 active), Execution time: mean = 7.874 us, total = 16.047 ms, Queueing time: mean = 1.343 ms, max = 61.729 ms, min = -0.053 s, total = 2.738 s
	CoreWorker.InternalHeartbeat - 2038 total (1 active), Execution time: mean = 110.966 us, total = 226.149 ms, Queueing time: mean = 1.237 ms, max = 61.703 ms, min = -0.053 s, total = 2.521 s
	NodeManagerService.grpc_client.ReportWorkerBacklog.OnReplyReceived - 2038 total (0 active), Execution time: mean = 14.419 us, total = 29.385 ms, Queueing time: mean = 28.761 us, max = 342.240 us, min = 4.659 us, total = 58.616 ms
	CoreWorker.RecordMetrics - 408 total (1 active), Execution time: mean = 22.086 us, total = 9.011 ms, Queueing time: mean = 81.762 us, max = 74.956 ms, min = -0.068 s, total = 33.359 ms
	CoreWorker.GCStreamingGeneratorMetadata - 204 total (1 active), Execution time: mean = 4.038 us, total = 823.843 us, Queueing time: mean = 78.947 us, max = 71.583 ms, min = -0.069 s, total = 16.105 ms
	CoreWorker.PrintEventStats - 34 total (1 active, 1 running), Execution time: mean = 302.161 us, total = 10.273 ms, Queueing time: mean = -0.001 s, max = 57.800 ms, min = -0.052 s, total = -0.047 s
	Publisher.CheckDeadSubscribers - 7 total (1 active), Execution time: mean = 5.220 us, total = 36.537 us, Queueing time: mean = -0.007 s, max = 17.955 ms, min = -0.036 s, total = -0.051 s
	PeriodicalRunner.RunFnPeriodically - 7 total (0 active), Execution time: mean = 59.083 us, total = 413.584 us, Queueing time: mean = 419.696 us, max = 1.439 ms, min = 66.428 us, total = 2.938 ms
	ray::rpc::InternalPubSubGcsService.grpc_client.GcsSubscriberPoll - 6 total (1 active), Execution time: mean = 300.121 s, total = 1800.726 s, Queueing time: mean = 0.000 s, max = -0.000 s, min = 9223372036.855 s, total = 0.000 s
	ray::rpc::InternalPubSubGcsService.grpc_client.GcsSubscriberPoll.OnReplyReceived - 5 total (0 active), Execution time: mean = 158.762 us, total = 793.812 us, Queueing time: mean = 46.499 us, max = 111.199 us, min = 17.228 us, total = 232.495 us
	ray::rpc::WorkerInfoGcsService.grpc_client.AddWorkerInfo - 1 total (0 active), Execution time: mean = 795.664 us, total = 795.664 us, Queueing time: mean = 0.000 s, max = -0.000 s, min = 9223372036.855 s, total = 0.000 s
	ray::rpc::InternalPubSubGcsService.grpc_client.GcsSubscriberCommandBatch.OnReplyReceived - 1 total (0 active), Execution time: mean = 125.383 us, total = 125.383 us, Queueing time: mean = 36.350 us, max = 36.350 us, min = 36.350 us, total = 36.350 us
	ray::rpc::WorkerInfoGcsService.grpc_client.AddWorkerInfo.OnReplyReceived - 1 total (0 active), Execution time: mean = 30.172 us, total = 30.172 us, Queueing time: mean = 43.153 us, max = 43.153 us, min = 43.153 us, total = 43.153 us
	ray::rpc::NodeInfoGcsService.grpc_client.GetAllNodeInfo.OnReplyReceived - 1 total (0 active), Execution time: mean = 62.331 us, total = 62.331 us, Queueing time: mean = 24.565 us, max = 24.565 us, min = 24.565 us, total = 24.565 us
	ray::rpc::InternalPubSubGcsService.grpc_client.GcsSubscriberCommandBatch - 1 total (0 active), Execution time: mean = 635.643 us, total = 635.643 us, Queueing time: mean = 0.000 s, max = -0.000 s, min = 9223372036.855 s, total = 0.000 s
	ray::rpc::NodeInfoGcsService.grpc_client.GetAllNodeInfo - 1 total (0 active), Execution time: mean = 575.487 us, total = 575.487 us, Queueing time: mean = 0.000 s, max = -0.000 s, min = 9223372036.855 s, total = 0.000 s

-----------------
Task Event stats:

IO Service Stats:

Global stats: 6112 total (1 active)
Queueing time: mean = 514.113 us, max = 62.846 ms, min = -0.018 s, total = 3.142 s
Execution time:  mean = 258.693 us, total = 1.581 s
Event stats:
	CoreWorker.deadline_timer.flush_task_events - 2037 total (1 active), Execution time: mean = 143.147 us, total = 291.591 ms, Queueing time: mean = 1.512 ms, max = 62.846 ms, min = -0.018 s, total = 3.081 s
	ray::rpc::TaskInfoGcsService.grpc_client.AddTaskEventData - 2037 total (0 active), Execution time: mean = 609.467 us, total = 1.241 s, Queueing time: mean = 0.000 s, max = -0.000 s, min = 9223372036.855 s, total = 0.000 s
	ray::rpc::TaskInfoGcsService.grpc_client.AddTaskEventData.OnReplyReceived - 2037 total (0 active), Execution time: mean = 23.530 us, total = 47.931 ms, Queueing time: mean = 30.170 us, max = 1.415 ms, min = 7.542 us, total = 61.457 ms
	PeriodicalRunner.RunFnPeriodically - 1 total (0 active), Execution time: mean = 125.033 us, total = 125.033 us, Queueing time: mean = 41.790 us, max = 41.790 us, min = 41.790 us, total = 41.790 us
Other Stats:
	grpc_in_progress:0
	current number of task status events in buffer: 0
	current number of profile events in buffer: 0
	current number of dropped task attempts tracked: 0
	total task events sent: 0 MiB
	total number of task attempts sent: 0
	total number of task attempts dropped reported: 0
	total number of sent failure: 0
	num status task events dropped: 0
	num profile task events dropped: 0


[2025-02-16 16:53:37,667 I 565 1316] core_worker.cc:642: Event stats:


Global stats: 30051 total (8 active)
Queueing time: mean = 308.052 us, max = 74.956 ms, min = -0.069 s, total = 9.257 s
Execution time:  mean = 59.974 ms, total = 1802.266 s
Event stats:
	CoreWorker.RecoverObjects - 20962 total (1 active), Execution time: mean = 6.249 us, total = 130.999 ms, Queueing time: mean = 180.192 us, max = 12.158 ms, min = -0.038 s, total = 3.777 s
	NodeManagerService.grpc_client.ReportWorkerBacklog - 2098 total (0 active), Execution time: mean = 528.022 us, total = 1.108 s, Queueing time: mean = 0.000 s, max = -0.000 s, min = 9223372036.855 s, total = 0.000 s
	CoreWorker.ExitIfParentRayletDies - 2098 total (1 active), Execution time: mean = 7.820 us, total = 16.406 ms, Queueing time: mean = 1.356 ms, max = 61.729 ms, min = -0.053 s, total = 2.845 s
	CoreWorker.InternalHeartbeat - 2098 total (1 active), Execution time: mean = 110.256 us, total = 231.318 ms, Queueing time: mean = 1.250 ms, max = 61.703 ms, min = -0.053 s, total = 2.623 s
	NodeManagerService.grpc_client.ReportWorkerBacklog.OnReplyReceived - 2098 total (0 active), Execution time: mean = 14.310 us, total = 30.021 ms, Queueing time: mean = 28.716 us, max = 342.240 us, min = 4.659 us, total = 60.247 ms
	CoreWorker.RecordMetrics - 420 total (1 active), Execution time: mean = 21.968 us, total = 9.227 ms, Queueing time: mean = 79.568 us, max = 74.956 ms, min = -0.068 s, total = 33.418 ms
	CoreWorker.GCStreamingGeneratorMetadata - 210 total (1 active), Execution time: mean = 4.009 us, total = 841.980 us, Queueing time: mean = 80.547 us, max = 71.583 ms, min = -0.069 s, total = 16.915 ms
	CoreWorker.PrintEventStats - 35 total (1 active, 1 running), Execution time: mean = 303.611 us, total = 10.626 ms, Queueing time: mean = -0.001 s, max = 57.800 ms, min = -0.052 s, total = -0.052 s
	Publisher.CheckDeadSubscribers - 8 total (1 active), Execution time: mean = 4.883 us, total = 39.066 us, Queueing time: mean = -0.006 s, max = 17.955 ms, min = -0.036 s, total = -0.050 s
	PeriodicalRunner.RunFnPeriodically - 7 total (0 active), Execution time: mean = 59.083 us, total = 413.584 us, Queueing time: mean = 419.696 us, max = 1.439 ms, min = 66.428 us, total = 2.938 ms
	ray::rpc::InternalPubSubGcsService.grpc_client.GcsSubscriberPoll - 6 total (1 active), Execution time: mean = 300.121 s, total = 1800.726 s, Queueing time: mean = 0.000 s, max = -0.000 s, min = 9223372036.855 s, total = 0.000 s
	ray::rpc::InternalPubSubGcsService.grpc_client.GcsSubscriberPoll.OnReplyReceived - 5 total (0 active), Execution time: mean = 158.762 us, total = 793.812 us, Queueing time: mean = 46.499 us, max = 111.199 us, min = 17.228 us, total = 232.495 us
	ray::rpc::WorkerInfoGcsService.grpc_client.AddWorkerInfo - 1 total (0 active), Execution time: mean = 795.664 us, total = 795.664 us, Queueing time: mean = 0.000 s, max = -0.000 s, min = 9223372036.855 s, total = 0.000 s
	ray::rpc::InternalPubSubGcsService.grpc_client.GcsSubscriberCommandBatch.OnReplyReceived - 1 total (0 active), Execution time: mean = 125.383 us, total = 125.383 us, Queueing time: mean = 36.350 us, max = 36.350 us, min = 36.350 us, total = 36.350 us
	ray::rpc::WorkerInfoGcsService.grpc_client.AddWorkerInfo.OnReplyReceived - 1 total (0 active), Execution time: mean = 30.172 us, total = 30.172 us, Queueing time: mean = 43.153 us, max = 43.153 us, min = 43.153 us, total = 43.153 us
	ray::rpc::NodeInfoGcsService.grpc_client.GetAllNodeInfo.OnReplyReceived - 1 total (0 active), Execution time: mean = 62.331 us, total = 62.331 us, Queueing time: mean = 24.565 us, max = 24.565 us, min = 24.565 us, total = 24.565 us
	ray::rpc::InternalPubSubGcsService.grpc_client.GcsSubscriberCommandBatch - 1 total (0 active), Execution time: mean = 635.643 us, total = 635.643 us, Queueing time: mean = 0.000 s, max = -0.000 s, min = 9223372036.855 s, total = 0.000 s
	ray::rpc::NodeInfoGcsService.grpc_client.GetAllNodeInfo - 1 total (0 active), Execution time: mean = 575.487 us, total = 575.487 us, Queueing time: mean = 0.000 s, max = -0.000 s, min = 9223372036.855 s, total = 0.000 s

-----------------
Task Event stats:

IO Service Stats:

Global stats: 6292 total (1 active)
Queueing time: mean = 515.308 us, max = 62.846 ms, min = -0.018 s, total = 3.242 s
Execution time:  mean = 257.157 us, total = 1.618 s
Event stats:
	CoreWorker.deadline_timer.flush_task_events - 2097 total (1 active), Execution time: mean = 142.551 us, total = 298.929 ms, Queueing time: mean = 1.516 ms, max = 62.846 ms, min = -0.018 s, total = 3.179 s
	ray::rpc::TaskInfoGcsService.grpc_client.AddTaskEventData - 2097 total (0 active), Execution time: mean = 605.629 us, total = 1.270 s, Queueing time: mean = 0.000 s, max = -0.000 s, min = 9223372036.855 s, total = 0.000 s
	ray::rpc::TaskInfoGcsService.grpc_client.AddTaskEventData.OnReplyReceived - 2097 total (0 active), Execution time: mean = 23.354 us, total = 48.974 ms, Queueing time: mean = 29.952 us, max = 1.415 ms, min = 7.542 us, total = 62.809 ms
	PeriodicalRunner.RunFnPeriodically - 1 total (0 active), Execution time: mean = 125.033 us, total = 125.033 us, Queueing time: mean = 41.790 us, max = 41.790 us, min = 41.790 us, total = 41.790 us
Other Stats:
	grpc_in_progress:0
	current number of task status events in buffer: 0
	current number of profile events in buffer: 0
	current number of dropped task attempts tracked: 0
	total task events sent: 0 MiB
	total number of task attempts sent: 0
	total number of task attempts dropped reported: 0
	total number of sent failure: 0
	num status task events dropped: 0
	num profile task events dropped: 0


[2025-02-16 16:54:37,674 I 565 1316] core_worker.cc:642: Event stats:


Global stats: 30910 total (9 active)
Queueing time: mean = 309.707 us, max = 74.956 ms, min = -0.069 s, total = 9.573 s
Execution time:  mean = 68.030 ms, total = 2102.802 s
Event stats:
	CoreWorker.RecoverObjects - 21561 total (1 active), Execution time: mean = 6.220 us, total = 134.108 ms, Queueing time: mean = 180.004 us, max = 12.158 ms, min = -0.038 s, total = 3.881 s
	NodeManagerService.grpc_client.ReportWorkerBacklog - 2158 total (1 active), Execution time: mean = 525.697 us, total = 1.134 s, Queueing time: mean = 0.000 s, max = -0.000 s, min = 9223372036.855 s, total = 0.000 s
	CoreWorker.ExitIfParentRayletDies - 2158 total (1 active), Execution time: mean = 7.818 us, total = 16.871 ms, Queueing time: mean = 1.367 ms, max = 61.729 ms, min = -0.053 s, total = 2.950 s
	CoreWorker.InternalHeartbeat - 2158 total (1 active), Execution time: mean = 110.064 us, total = 237.517 ms, Queueing time: mean = 1.262 ms, max = 61.703 ms, min = -0.053 s, total = 2.723 s
	NodeManagerService.grpc_client.ReportWorkerBacklog.OnReplyReceived - 2157 total (0 active), Execution time: mean = 14.316 us, total = 30.879 ms, Queueing time: mean = 28.691 us, max = 342.240 us, min = 4.659 us, total = 61.887 ms
	CoreWorker.RecordMetrics - 432 total (1 active), Execution time: mean = 21.972 us, total = 9.492 ms, Queueing time: mean = 79.867 us, max = 74.956 ms, min = -0.068 s, total = 34.502 ms
	CoreWorker.GCStreamingGeneratorMetadata - 216 total (1 active), Execution time: mean = 4.020 us, total = 868.313 us, Queueing time: mean = 78.160 us, max = 71.583 ms, min = -0.069 s, total = 16.882 ms
	CoreWorker.PrintEventStats - 36 total (1 active, 1 running), Execution time: mean = 299.500 us, total = 10.782 ms, Queueing time: mean = -0.001 s, max = 57.800 ms, min = -0.052 s, total = -0.048 s
	Publisher.CheckDeadSubscribers - 8 total (1 active), Execution time: mean = 4.883 us, total = 39.066 us, Queueing time: mean = -0.006 s, max = 17.955 ms, min = -0.036 s, total = -0.050 s
	ray::rpc::InternalPubSubGcsService.grpc_client.GcsSubscriberPoll - 7 total (1 active), Execution time: mean = 300.175 s, total = 2101.224 s, Queueing time: mean = 0.000 s, max = -0.000 s, min = 9223372036.855 s, total = 0.000 s
	PeriodicalRunner.RunFnPeriodically - 7 total (0 active), Execution time: mean = 59.083 us, total = 413.584 us, Queueing time: mean = 419.696 us, max = 1.439 ms, min = 66.428 us, total = 2.938 ms
	ray::rpc::InternalPubSubGcsService.grpc_client.GcsSubscriberPoll.OnReplyReceived - 6 total (0 active), Execution time: mean = 156.541 us, total = 939.244 us, Queueing time: mean = 57.066 us, max = 111.199 us, min = 17.228 us, total = 342.396 us
	ray::rpc::WorkerInfoGcsService.grpc_client.AddWorkerInfo - 1 total (0 active), Execution time: mean = 795.664 us, total = 795.664 us, Queueing time: mean = 0.000 s, max = -0.000 s, min = 9223372036.855 s, total = 0.000 s
	ray::rpc::InternalPubSubGcsService.grpc_client.GcsSubscriberCommandBatch.OnReplyReceived - 1 total (0 active), Execution time: mean = 125.383 us, total = 125.383 us, Queueing time: mean = 36.350 us, max = 36.350 us, min = 36.350 us, total = 36.350 us
	ray::rpc::WorkerInfoGcsService.grpc_client.AddWorkerInfo.OnReplyReceived - 1 total (0 active), Execution time: mean = 30.172 us, total = 30.172 us, Queueing time: mean = 43.153 us, max = 43.153 us, min = 43.153 us, total = 43.153 us
	ray::rpc::NodeInfoGcsService.grpc_client.GetAllNodeInfo.OnReplyReceived - 1 total (0 active), Execution time: mean = 62.331 us, total = 62.331 us, Queueing time: mean = 24.565 us, max = 24.565 us, min = 24.565 us, total = 24.565 us
	ray::rpc::InternalPubSubGcsService.grpc_client.GcsSubscriberCommandBatch - 1 total (0 active), Execution time: mean = 635.643 us, total = 635.643 us, Queueing time: mean = 0.000 s, max = -0.000 s, min = 9223372036.855 s, total = 0.000 s
	ray::rpc::NodeInfoGcsService.grpc_client.GetAllNodeInfo - 1 total (0 active), Execution time: mean = 575.487 us, total = 575.487 us, Queueing time: mean = 0.000 s, max = -0.000 s, min = 9223372036.855 s, total = 0.000 s

-----------------
Task Event stats:

IO Service Stats:

Global stats: 6472 total (1 active)
Queueing time: mean = 516.345 us, max = 62.846 ms, min = -0.018 s, total = 3.342 s
Execution time:  mean = 257.161 us, total = 1.664 s
Event stats:
	CoreWorker.deadline_timer.flush_task_events - 2157 total (1 active), Execution time: mean = 142.931 us, total = 308.302 ms, Queueing time: mean = 1.519 ms, max = 62.846 ms, min = -0.018 s, total = 3.277 s
	ray::rpc::TaskInfoGcsService.grpc_client.AddTaskEventData - 2157 total (0 active), Execution time: mean = 605.318 us, total = 1.306 s, Queueing time: mean = 0.000 s, max = -0.000 s, min = 9223372036.855 s, total = 0.000 s
	ray::rpc::TaskInfoGcsService.grpc_client.AddTaskEventData.OnReplyReceived - 2157 total (0 active), Execution time: mean = 23.296 us, total = 50.249 ms, Queueing time: mean = 29.820 us, max = 1.415 ms, min = 7.542 us, total = 64.322 ms
	PeriodicalRunner.RunFnPeriodically - 1 total (0 active), Execution time: mean = 125.033 us, total = 125.033 us, Queueing time: mean = 41.790 us, max = 41.790 us, min = 41.790 us, total = 41.790 us
Other Stats:
	grpc_in_progress:0
	current number of task status events in buffer: 0
	current number of profile events in buffer: 0
	current number of dropped task attempts tracked: 0
	total task events sent: 0 MiB
	total number of task attempts sent: 0
	total number of task attempts dropped reported: 0
	total number of sent failure: 0
	num status task events dropped: 0
	num profile task events dropped: 0


[2025-02-16 16:55:37,674 I 565 1316] core_worker.cc:642: Event stats:


Global stats: 31765 total (8 active)
Queueing time: mean = 315.099 us, max = 74.956 ms, min = -0.069 s, total = 10.009 s
Execution time:  mean = 66.200 ms, total = 2102.852 s
Event stats:
	CoreWorker.RecoverObjects - 22160 total (1 active), Execution time: mean = 6.242 us, total = 138.315 ms, Queueing time: mean = 180.963 us, max = 12.158 ms, min = -0.038 s, total = 4.010 s
	NodeManagerService.grpc_client.ReportWorkerBacklog - 2217 total (0 active), Execution time: mean = 527.957 us, total = 1.170 s, Queueing time: mean = 0.000 s, max = -0.000 s, min = 9223372036.855 s, total = 0.000 s
	CoreWorker.ExitIfParentRayletDies - 2217 total (1 active), Execution time: mean = 7.895 us, total = 17.504 ms, Queueing time: mean = 1.383 ms, max = 61.729 ms, min = -0.053 s, total = 3.065 s
	CoreWorker.InternalHeartbeat - 2217 total (1 active), Execution time: mean = 110.433 us, total = 244.830 ms, Queueing time: mean = 1.278 ms, max = 61.703 ms, min = -0.053 s, total = 2.834 s
	NodeManagerService.grpc_client.ReportWorkerBacklog.OnReplyReceived - 2217 total (0 active), Execution time: mean = 14.409 us, total = 31.944 ms, Queueing time: mean = 28.871 us, max = 342.240 us, min = 4.659 us, total = 64.007 ms
	CoreWorker.RecordMetrics - 444 total (1 active), Execution time: mean = 22.256 us, total = 9.882 ms, Queueing time: mean = 140.982 us, max = 74.956 ms, min = -0.068 s, total = 62.596 ms
	CoreWorker.GCStreamingGeneratorMetadata - 222 total (1 active), Execution time: mean = 4.034 us, total = 895.444 us, Queueing time: mean = 323.160 us, max = 71.583 ms, min = -0.069 s, total = 71.742 ms
	CoreWorker.PrintEventStats - 37 total (1 active, 1 running), Execution time: mean = 297.134 us, total = 10.994 ms, Queueing time: mean = -0.001 s, max = 57.800 ms, min = -0.052 s, total = -0.052 s
	Publisher.CheckDeadSubscribers - 8 total (1 active), Execution time: mean = 4.883 us, total = 39.066 us, Queueing time: mean = -0.006 s, max = 17.955 ms, min = -0.036 s, total = -0.050 s
	ray::rpc::InternalPubSubGcsService.grpc_client.GcsSubscriberPoll - 7 total (1 active), Execution time: mean = 300.175 s, total = 2101.224 s, Queueing time: mean = 0.000 s, max = -0.000 s, min = 9223372036.855 s, total = 0.000 s
	PeriodicalRunner.RunFnPeriodically - 7 total (0 active), Execution time: mean = 59.083 us, total = 413.584 us, Queueing time: mean = 419.696 us, max = 1.439 ms, min = 66.428 us, total = 2.938 ms
	ray::rpc::InternalPubSubGcsService.grpc_client.GcsSubscriberPoll.OnReplyReceived - 6 total (0 active), Execution time: mean = 156.541 us, total = 939.244 us, Queueing time: mean = 57.066 us, max = 111.199 us, min = 17.228 us, total = 342.396 us
	ray::rpc::WorkerInfoGcsService.grpc_client.AddWorkerInfo - 1 total (0 active), Execution time: mean = 795.664 us, total = 795.664 us, Queueing time: mean = 0.000 s, max = -0.000 s, min = 9223372036.855 s, total = 0.000 s
	ray::rpc::InternalPubSubGcsService.grpc_client.GcsSubscriberCommandBatch.OnReplyReceived - 1 total (0 active), Execution time: mean = 125.383 us, total = 125.383 us, Queueing time: mean = 36.350 us, max = 36.350 us, min = 36.350 us, total = 36.350 us
	ray::rpc::WorkerInfoGcsService.grpc_client.AddWorkerInfo.OnReplyReceived - 1 total (0 active), Execution time: mean = 30.172 us, total = 30.172 us, Queueing time: mean = 43.153 us, max = 43.153 us, min = 43.153 us, total = 43.153 us
	ray::rpc::NodeInfoGcsService.grpc_client.GetAllNodeInfo.OnReplyReceived - 1 total (0 active), Execution time: mean = 62.331 us, total = 62.331 us, Queueing time: mean = 24.565 us, max = 24.565 us, min = 24.565 us, total = 24.565 us
	ray::rpc::InternalPubSubGcsService.grpc_client.GcsSubscriberCommandBatch - 1 total (0 active), Execution time: mean = 635.643 us, total = 635.643 us, Queueing time: mean = 0.000 s, max = -0.000 s, min = 9223372036.855 s, total = 0.000 s
	ray::rpc::NodeInfoGcsService.grpc_client.GetAllNodeInfo - 1 total (0 active), Execution time: mean = 575.487 us, total = 575.487 us, Queueing time: mean = 0.000 s, max = -0.000 s, min = 9223372036.855 s, total = 0.000 s

-----------------
Task Event stats:

IO Service Stats:

Global stats: 6652 total (1 active)
Queueing time: mean = 518.323 us, max = 62.846 ms, min = -0.018 s, total = 3.448 s
Execution time:  mean = 259.307 us, total = 1.725 s
Event stats:
	CoreWorker.deadline_timer.flush_task_events - 2217 total (1 active), Execution time: mean = 144.468 us, total = 320.285 ms, Queueing time: mean = 1.525 ms, max = 62.846 ms, min = -0.018 s, total = 3.382 s
	ray::rpc::TaskInfoGcsService.grpc_client.AddTaskEventData - 2217 total (0 active), Execution time: mean = 610.035 us, total = 1.352 s, Queueing time: mean = 0.000 s, max = -0.000 s, min = 9223372036.855 s, total = 0.000 s
	ray::rpc::TaskInfoGcsService.grpc_client.AddTaskEventData.OnReplyReceived - 2217 total (0 active), Execution time: mean = 23.480 us, total = 52.055 ms, Queueing time: mean = 29.916 us, max = 1.415 ms, min = 7.542 us, total = 66.323 ms
	PeriodicalRunner.RunFnPeriodically - 1 total (0 active), Execution time: mean = 125.033 us, total = 125.033 us, Queueing time: mean = 41.790 us, max = 41.790 us, min = 41.790 us, total = 41.790 us
Other Stats:
	grpc_in_progress:0
	current number of task status events in buffer: 0
	current number of profile events in buffer: 0
	current number of dropped task attempts tracked: 0
	total task events sent: 0 MiB
	total number of task attempts sent: 0
	total number of task attempts dropped reported: 0
	total number of sent failure: 0
	num status task events dropped: 0
	num profile task events dropped: 0


[2025-02-16 16:56:37,674 I 565 1316] core_worker.cc:642: Event stats:


Global stats: 32623 total (8 active)
Queueing time: mean = 321.779 us, max = 74.956 ms, min = -0.069 s, total = 10.497 s
Execution time:  mean = 64.461 ms, total = 2102.898 s
Event stats:
	CoreWorker.RecoverObjects - 22759 total (1 active), Execution time: mean = 6.219 us, total = 141.541 ms, Queueing time: mean = 181.482 us, max = 12.158 ms, min = -0.038 s, total = 4.130 s
	NodeManagerService.grpc_client.ReportWorkerBacklog - 2277 total (0 active), Execution time: mean = 528.828 us, total = 1.204 s, Queueing time: mean = 0.000 s, max = -0.000 s, min = 9223372036.855 s, total = 0.000 s
	CoreWorker.ExitIfParentRayletDies - 2277 total (1 active), Execution time: mean = 7.908 us, total = 18.006 ms, Queueing time: mean = 1.374 ms, max = 61.729 ms, min = -0.053 s, total = 3.129 s
	CoreWorker.InternalHeartbeat - 2277 total (1 active), Execution time: mean = 110.687 us, total = 252.034 ms, Queueing time: mean = 1.296 ms, max = 61.703 ms, min = -0.053 s, total = 2.950 s
	NodeManagerService.grpc_client.ReportWorkerBacklog.OnReplyReceived - 2277 total (0 active), Execution time: mean = 14.437 us, total = 32.872 ms, Queueing time: mean = 28.879 us, max = 342.240 us, min = 4.659 us, total = 65.758 ms
	CoreWorker.RecordMetrics - 456 total (1 active), Execution time: mean = 22.248 us, total = 10.145 ms, Queueing time: mean = 274.293 us, max = 74.956 ms, min = -0.068 s, total = 125.078 ms
	CoreWorker.GCStreamingGeneratorMetadata - 228 total (1 active), Execution time: mean = 4.039 us, total = 920.942 us, Queueing time: mean = 589.039 us, max = 71.583 ms, min = -0.069 s, total = 134.301 ms
	CoreWorker.PrintEventStats - 38 total (1 active, 1 running), Execution time: mean = 296.239 us, total = 11.257 ms, Queueing time: mean = 253.049 us, max = 62.084 ms, min = -0.052 s, total = 9.616 ms
	Publisher.CheckDeadSubscribers - 8 total (1 active), Execution time: mean = 4.883 us, total = 39.066 us, Queueing time: mean = -0.006 s, max = 17.955 ms, min = -0.036 s, total = -0.050 s
	ray::rpc::InternalPubSubGcsService.grpc_client.GcsSubscriberPoll - 7 total (1 active), Execution time: mean = 300.175 s, total = 2101.224 s, Queueing time: mean = 0.000 s, max = -0.000 s, min = 9223372036.855 s, total = 0.000 s
	PeriodicalRunner.RunFnPeriodically - 7 total (0 active), Execution time: mean = 59.083 us, total = 413.584 us, Queueing time: mean = 419.696 us, max = 1.439 ms, min = 66.428 us, total = 2.938 ms
	ray::rpc::InternalPubSubGcsService.grpc_client.GcsSubscriberPoll.OnReplyReceived - 6 total (0 active), Execution time: mean = 156.541 us, total = 939.244 us, Queueing time: mean = 57.066 us, max = 111.199 us, min = 17.228 us, total = 342.396 us
	ray::rpc::WorkerInfoGcsService.grpc_client.AddWorkerInfo - 1 total (0 active), Execution time: mean = 795.664 us, total = 795.664 us, Queueing time: mean = 0.000 s, max = -0.000 s, min = 9223372036.855 s, total = 0.000 s
	ray::rpc::InternalPubSubGcsService.grpc_client.GcsSubscriberCommandBatch.OnReplyReceived - 1 total (0 active), Execution time: mean = 125.383 us, total = 125.383 us, Queueing time: mean = 36.350 us, max = 36.350 us, min = 36.350 us, total = 36.350 us
	ray::rpc::WorkerInfoGcsService.grpc_client.AddWorkerInfo.OnReplyReceived - 1 total (0 active), Execution time: mean = 30.172 us, total = 30.172 us, Queueing time: mean = 43.153 us, max = 43.153 us, min = 43.153 us, total = 43.153 us
	ray::rpc::NodeInfoGcsService.grpc_client.GetAllNodeInfo.OnReplyReceived - 1 total (0 active), Execution time: mean = 62.331 us, total = 62.331 us, Queueing time: mean = 24.565 us, max = 24.565 us, min = 24.565 us, total = 24.565 us
	ray::rpc::InternalPubSubGcsService.grpc_client.GcsSubscriberCommandBatch - 1 total (0 active), Execution time: mean = 635.643 us, total = 635.643 us, Queueing time: mean = 0.000 s, max = -0.000 s, min = 9223372036.855 s, total = 0.000 s
	ray::rpc::NodeInfoGcsService.grpc_client.GetAllNodeInfo - 1 total (0 active), Execution time: mean = 575.487 us, total = 575.487 us, Queueing time: mean = 0.000 s, max = -0.000 s, min = 9223372036.855 s, total = 0.000 s

-----------------
Task Event stats:

IO Service Stats:

Global stats: 6832 total (1 active)
Queueing time: mean = 521.353 us, max = 62.846 ms, min = -0.019 s, total = 3.562 s
Execution time:  mean = 258.146 us, total = 1.764 s
Event stats:
	CoreWorker.deadline_timer.flush_task_events - 2277 total (1 active), Execution time: mean = 144.126 us, total = 328.176 ms, Queueing time: mean = 1.535 ms, max = 62.846 ms, min = -0.019 s, total = 3.494 s
	ray::rpc::TaskInfoGcsService.grpc_client.AddTaskEventData - 2277 total (0 active), Execution time: mean = 607.050 us, total = 1.382 s, Queueing time: mean = 0.000 s, max = -0.000 s, min = 9223372036.855 s, total = 0.000 s
	ray::rpc::TaskInfoGcsService.grpc_client.AddTaskEventData.OnReplyReceived - 2277 total (0 active), Execution time: mean = 23.321 us, total = 53.102 ms, Queueing time: mean = 29.713 us, max = 1.415 ms, min = 7.542 us, total = 67.658 ms
	PeriodicalRunner.RunFnPeriodically - 1 total (0 active), Execution time: mean = 125.033 us, total = 125.033 us, Queueing time: mean = 41.790 us, max = 41.790 us, min = 41.790 us, total = 41.790 us
Other Stats:
	grpc_in_progress:0
	current number of task status events in buffer: 0
	current number of profile events in buffer: 0
	current number of dropped task attempts tracked: 0
	total task events sent: 0 MiB
	total number of task attempts sent: 0
	total number of task attempts dropped reported: 0
	total number of sent failure: 0
	num status task events dropped: 0
	num profile task events dropped: 0


[2025-02-16 16:57:37,675 I 565 1316] core_worker.cc:642: Event stats:


Global stats: 33480 total (8 active)
Queueing time: mean = 320.000 us, max = 74.956 ms, min = -0.069 s, total = 10.714 s
Execution time:  mean = 62.812 ms, total = 2102.939 s
Event stats:
	CoreWorker.RecoverObjects - 23357 total (1 active), Execution time: mean = 6.186 us, total = 144.483 ms, Queueing time: mean = 181.433 us, max = 12.158 ms, min = -0.038 s, total = 4.238 s
	NodeManagerService.grpc_client.ReportWorkerBacklog - 2337 total (0 active), Execution time: mean = 528.588 us, total = 1.235 s, Queueing time: mean = 0.000 s, max = -0.000 s, min = 9223372036.855 s, total = 0.000 s
	CoreWorker.ExitIfParentRayletDies - 2337 total (1 active), Execution time: mean = 7.930 us, total = 18.533 ms, Queueing time: mean = 1.340 ms, max = 61.729 ms, min = -0.053 s, total = 3.131 s
	CoreWorker.InternalHeartbeat - 2337 total (1 active), Execution time: mean = 110.085 us, total = 257.268 ms, Queueing time: mean = 1.307 ms, max = 61.703 ms, min = -0.053 s, total = 3.055 s
	NodeManagerService.grpc_client.ReportWorkerBacklog.OnReplyReceived - 2337 total (0 active), Execution time: mean = 14.342 us, total = 33.517 ms, Queueing time: mean = 28.828 us, max = 342.240 us, min = 4.659 us, total = 67.372 ms
	CoreWorker.RecordMetrics - 468 total (1 active), Execution time: mean = 22.267 us, total = 10.421 ms, Queueing time: mean = 263.929 us, max = 74.956 ms, min = -0.068 s, total = 123.519 ms
	CoreWorker.GCStreamingGeneratorMetadata - 234 total (1 active), Execution time: mean = 4.027 us, total = 942.435 us, Queueing time: mean = 581.228 us, max = 71.583 ms, min = -0.069 s, total = 136.007 ms
	CoreWorker.PrintEventStats - 39 total (1 active, 1 running), Execution time: mean = 293.459 us, total = 11.445 ms, Queueing time: mean = 248.424 us, max = 62.084 ms, min = -0.052 s, total = 9.689 ms
	Publisher.CheckDeadSubscribers - 8 total (1 active), Execution time: mean = 4.883 us, total = 39.066 us, Queueing time: mean = -0.006 s, max = 17.955 ms, min = -0.036 s, total = -0.050 s
	ray::rpc::InternalPubSubGcsService.grpc_client.GcsSubscriberPoll - 7 total (1 active), Execution time: mean = 300.175 s, total = 2101.224 s, Queueing time: mean = 0.000 s, max = -0.000 s, min = 9223372036.855 s, total = 0.000 s
	PeriodicalRunner.RunFnPeriodically - 7 total (0 active), Execution time: mean = 59.083 us, total = 413.584 us, Queueing time: mean = 419.696 us, max = 1.439 ms, min = 66.428 us, total = 2.938 ms
	ray::rpc::InternalPubSubGcsService.grpc_client.GcsSubscriberPoll.OnReplyReceived - 6 total (0 active), Execution time: mean = 156.541 us, total = 939.244 us, Queueing time: mean = 57.066 us, max = 111.199 us, min = 17.228 us, total = 342.396 us
	ray::rpc::WorkerInfoGcsService.grpc_client.AddWorkerInfo - 1 total (0 active), Execution time: mean = 795.664 us, total = 795.664 us, Queueing time: mean = 0.000 s, max = -0.000 s, min = 9223372036.855 s, total = 0.000 s
	ray::rpc::InternalPubSubGcsService.grpc_client.GcsSubscriberCommandBatch.OnReplyReceived - 1 total (0 active), Execution time: mean = 125.383 us, total = 125.383 us, Queueing time: mean = 36.350 us, max = 36.350 us, min = 36.350 us, total = 36.350 us
	ray::rpc::WorkerInfoGcsService.grpc_client.AddWorkerInfo.OnReplyReceived - 1 total (0 active), Execution time: mean = 30.172 us, total = 30.172 us, Queueing time: mean = 43.153 us, max = 43.153 us, min = 43.153 us, total = 43.153 us
	ray::rpc::NodeInfoGcsService.grpc_client.GetAllNodeInfo.OnReplyReceived - 1 total (0 active), Execution time: mean = 62.331 us, total = 62.331 us, Queueing time: mean = 24.565 us, max = 24.565 us, min = 24.565 us, total = 24.565 us
	ray::rpc::InternalPubSubGcsService.grpc_client.GcsSubscriberCommandBatch - 1 total (0 active), Execution time: mean = 635.643 us, total = 635.643 us, Queueing time: mean = 0.000 s, max = -0.000 s, min = 9223372036.855 s, total = 0.000 s
	ray::rpc::NodeInfoGcsService.grpc_client.GetAllNodeInfo - 1 total (0 active), Execution time: mean = 575.487 us, total = 575.487 us, Queueing time: mean = 0.000 s, max = -0.000 s, min = 9223372036.855 s, total = 0.000 s

-----------------
Task Event stats:

IO Service Stats:

Global stats: 7012 total (1 active)
Queueing time: mean = 521.796 us, max = 62.846 ms, min = -0.019 s, total = 3.659 s
Execution time:  mean = 256.800 us, total = 1.801 s
Event stats:
	CoreWorker.deadline_timer.flush_task_events - 2337 total (1 active), Execution time: mean = 143.679 us, total = 335.778 ms, Queueing time: mean = 1.536 ms, max = 62.846 ms, min = -0.019 s, total = 3.590 s
	ray::rpc::TaskInfoGcsService.grpc_client.AddTaskEventData - 2337 total (0 active), Execution time: mean = 603.610 us, total = 1.411 s, Queueing time: mean = 0.000 s, max = -0.000 s, min = 9223372036.855 s, total = 0.000 s
	ray::rpc::TaskInfoGcsService.grpc_client.AddTaskEventData.OnReplyReceived - 2337 total (0 active), Execution time: mean = 23.169 us, total = 54.146 ms, Queueing time: mean = 29.552 us, max = 1.415 ms, min = 7.542 us, total = 69.063 ms
	PeriodicalRunner.RunFnPeriodically - 1 total (0 active), Execution time: mean = 125.033 us, total = 125.033 us, Queueing time: mean = 41.790 us, max = 41.790 us, min = 41.790 us, total = 41.790 us
Other Stats:
	grpc_in_progress:0
	current number of task status events in buffer: 0
	current number of profile events in buffer: 0
	current number of dropped task attempts tracked: 0
	total task events sent: 0 MiB
	total number of task attempts sent: 0
	total number of task attempts dropped reported: 0
	total number of sent failure: 0
	num status task events dropped: 0
	num profile task events dropped: 0


[2025-02-16 16:58:37,675 I 565 1316] core_worker.cc:642: Event stats:


Global stats: 34339 total (8 active)
Queueing time: mean = 320.692 us, max = 74.956 ms, min = -0.069 s, total = 11.012 s
Execution time:  mean = 61.242 ms, total = 2102.975 s
Event stats:
	CoreWorker.RecoverObjects - 23956 total (1 active), Execution time: mean = 6.145 us, total = 147.203 ms, Queueing time: mean = 181.988 us, max = 12.158 ms, min = -0.038 s, total = 4.360 s
	NodeManagerService.grpc_client.ReportWorkerBacklog - 2397 total (0 active), Execution time: mean = 526.296 us, total = 1.262 s, Queueing time: mean = 0.000 s, max = -0.000 s, min = 9223372036.855 s, total = 0.000 s
	CoreWorker.ExitIfParentRayletDies - 2397 total (1 active), Execution time: mean = 7.948 us, total = 19.052 ms, Queueing time: mean = 1.307 ms, max = 61.729 ms, min = -0.054 s, total = 3.134 s
	CoreWorker.InternalHeartbeat - 2397 total (1 active), Execution time: mean = 109.691 us, total = 262.928 ms, Queueing time: mean = 1.325 ms, max = 61.703 ms, min = -0.053 s, total = 3.175 s
	NodeManagerService.grpc_client.ReportWorkerBacklog.OnReplyReceived - 2397 total (0 active), Execution time: mean = 14.303 us, total = 34.284 ms, Queueing time: mean = 28.759 us, max = 342.240 us, min = 4.659 us, total = 68.936 ms
	CoreWorker.RecordMetrics - 480 total (1 active), Execution time: mean = 22.286 us, total = 10.697 ms, Queueing time: mean = 262.525 us, max = 74.956 ms, min = -0.068 s, total = 126.012 ms
	CoreWorker.GCStreamingGeneratorMetadata - 240 total (1 active), Execution time: mean = 4.020 us, total = 964.746 us, Queueing time: mean = 562.289 us, max = 71.583 ms, min = -0.069 s, total = 134.949 ms
	CoreWorker.PrintEventStats - 40 total (1 active, 1 running), Execution time: mean = 291.194 us, total = 11.648 ms, Queueing time: mean = 243.426 us, max = 62.084 ms, min = -0.052 s, total = 9.737 ms
	Publisher.CheckDeadSubscribers - 9 total (1 active), Execution time: mean = 4.886 us, total = 43.974 us, Queueing time: mean = 101.566 us, max = 50.737 ms, min = -0.036 s, total = 914.097 us
	ray::rpc::InternalPubSubGcsService.grpc_client.GcsSubscriberPoll - 7 total (1 active), Execution time: mean = 300.175 s, total = 2101.224 s, Queueing time: mean = 0.000 s, max = -0.000 s, min = 9223372036.855 s, total = 0.000 s
	PeriodicalRunner.RunFnPeriodically - 7 total (0 active), Execution time: mean = 59.083 us, total = 413.584 us, Queueing time: mean = 419.696 us, max = 1.439 ms, min = 66.428 us, total = 2.938 ms
	ray::rpc::InternalPubSubGcsService.grpc_client.GcsSubscriberPoll.OnReplyReceived - 6 total (0 active), Execution time: mean = 156.541 us, total = 939.244 us, Queueing time: mean = 57.066 us, max = 111.199 us, min = 17.228 us, total = 342.396 us
	ray::rpc::WorkerInfoGcsService.grpc_client.AddWorkerInfo - 1 total (0 active), Execution time: mean = 795.664 us, total = 795.664 us, Queueing time: mean = 0.000 s, max = -0.000 s, min = 9223372036.855 s, total = 0.000 s
	ray::rpc::InternalPubSubGcsService.grpc_client.GcsSubscriberCommandBatch.OnReplyReceived - 1 total (0 active), Execution time: mean = 125.383 us, total = 125.383 us, Queueing time: mean = 36.350 us, max = 36.350 us, min = 36.350 us, total = 36.350 us
	ray::rpc::WorkerInfoGcsService.grpc_client.AddWorkerInfo.OnReplyReceived - 1 total (0 active), Execution time: mean = 30.172 us, total = 30.172 us, Queueing time: mean = 43.153 us, max = 43.153 us, min = 43.153 us, total = 43.153 us
	ray::rpc::NodeInfoGcsService.grpc_client.GetAllNodeInfo.OnReplyReceived - 1 total (0 active), Execution time: mean = 62.331 us, total = 62.331 us, Queueing time: mean = 24.565 us, max = 24.565 us, min = 24.565 us, total = 24.565 us
	ray::rpc::InternalPubSubGcsService.grpc_client.GcsSubscriberCommandBatch - 1 total (0 active), Execution time: mean = 635.643 us, total = 635.643 us, Queueing time: mean = 0.000 s, max = -0.000 s, min = 9223372036.855 s, total = 0.000 s
	ray::rpc::NodeInfoGcsService.grpc_client.GetAllNodeInfo - 1 total (0 active), Execution time: mean = 575.487 us, total = 575.487 us, Queueing time: mean = 0.000 s, max = -0.000 s, min = 9223372036.855 s, total = 0.000 s

-----------------
Task Event stats:

IO Service Stats:

Global stats: 7189 total (1 active)
Queueing time: mean = 524.847 us, max = 62.846 ms, min = -0.019 s, total = 3.773 s
Execution time:  mean = 255.415 us, total = 1.836 s
Event stats:
	CoreWorker.deadline_timer.flush_task_events - 2396 total (1 active), Execution time: mean = 143.040 us, total = 342.724 ms, Queueing time: mean = 1.545 ms, max = 62.846 ms, min = -0.019 s, total = 3.703 s
	ray::rpc::TaskInfoGcsService.grpc_client.AddTaskEventData - 2396 total (0 active), Execution time: mean = 600.215 us, total = 1.438 s, Queueing time: mean = 0.000 s, max = -0.000 s, min = 9223372036.855 s, total = 0.000 s
	ray::rpc::TaskInfoGcsService.grpc_client.AddTaskEventData.OnReplyReceived - 2396 total (0 active), Execution time: mean = 23.046 us, total = 55.217 ms, Queueing time: mean = 29.412 us, max = 1.415 ms, min = 7.542 us, total = 70.472 ms
	PeriodicalRunner.RunFnPeriodically - 1 total (0 active), Execution time: mean = 125.033 us, total = 125.033 us, Queueing time: mean = 41.790 us, max = 41.790 us, min = 41.790 us, total = 41.790 us
Other Stats:
	grpc_in_progress:0
	current number of task status events in buffer: 0
	current number of profile events in buffer: 0
	current number of dropped task attempts tracked: 0
	total task events sent: 0 MiB
	total number of task attempts sent: 0
	total number of task attempts dropped reported: 0
	total number of sent failure: 0
	num status task events dropped: 0
	num profile task events dropped: 0


[2025-02-16 16:59:27,206 I 565 1316] raylet_client.cc:369: Error reporting task backlog information: RpcError: RPC Error message: failed to connect to all addresses; last error: UNKNOWN: ipv4:172.19.0.2:41617: Failed to connect to remote host: Connection refused; RPC Error details: 
[2025-02-16 16:59:27,807 W 565 1337] task_event_buffer.cc:475: [1] GCS hasn't replied to the previous flush events call (likely overloaded). Skipping reporting task state events and retry later.[cur_status_events_size=0][cur_profile_events_size=0]
[2025-02-16 16:59:28,206 I 565 1316] raylet_client.cc:369: Error reporting task backlog information: RpcError: RPC Error message: failed to connect to all addresses; last error: UNKNOWN: ipv4:172.19.0.2:41617: Failed to connect to remote host: Connection refused; RPC Error details: 
[2025-02-16 16:59:29,206 I 565 1316] raylet_client.cc:369: Error reporting task backlog information: RpcError: RPC Error message: failed to connect to all addresses; last error: UNKNOWN: ipv4:172.19.0.2:41617: Failed to connect to remote host: Connection refused; RPC Error details: 
[2025-02-16 16:59:30,207 I 565 1316] raylet_client.cc:369: Error reporting task backlog information: RpcError: RPC Error message: failed to connect to all addresses; last error: UNKNOWN: ipv4:172.19.0.2:41617: Failed to connect to remote host: Connection refused; RPC Error details: 
[2025-02-16 16:59:31,207 I 565 1316] raylet_client.cc:369: Error reporting task backlog information: RpcError: RPC Error message: failed to connect to all addresses; last error: UNKNOWN: ipv4:172.19.0.2:41617: Failed to connect to remote host: Connection refused; RPC Error details: 
[2025-02-16 16:59:32,207 I 565 1316] raylet_client.cc:369: Error reporting task backlog information: RpcError: RPC Error message: failed to connect to all addresses; last error: UNKNOWN: ipv4:172.19.0.2:41617: Failed to connect to remote host: Connection refused; RPC Error details: 
[2025-02-16 16:59:33,207 I 565 1316] raylet_client.cc:369: Error reporting task backlog information: RpcError: RPC Error message: failed to connect to all addresses; last error: UNKNOWN: ipv4:172.19.0.2:41617: Failed to connect to remote host: Connection refused; RPC Error details: 
[2025-02-16 16:59:34,207 I 565 1316] raylet_client.cc:369: Error reporting task backlog information: RpcError: RPC Error message: failed to connect to all addresses; last error: UNKNOWN: ipv4:172.19.0.2:41617: Failed to connect to remote host: Connection refused; RPC Error details: 
[2025-02-16 16:59:35,207 I 565 1316] raylet_client.cc:369: Error reporting task backlog information: RpcError: RPC Error message: failed to connect to all addresses; last error: UNKNOWN: ipv4:172.19.0.2:41617: Failed to connect to remote host: Connection refused; RPC Error details: 
[2025-02-16 16:59:36,207 I 565 1316] raylet_client.cc:369: Error reporting task backlog information: RpcError: RPC Error message: failed to connect to all addresses; last error: UNKNOWN: ipv4:172.19.0.2:41617: Failed to connect to remote host: Connection refused; RPC Error details: 
