[2025-02-16 16:18:37,716 I 583 583] core_worker_process.cc:107: Constructing CoreWorkerProcess. pid: 583
[2025-02-16 16:18:37,717 I 583 583] io_service_pool.cc:35: IOServicePool is running with 1 io_service.
[2025-02-16 16:18:37,719 I 583 583] grpc_server.cc:134: worker server started, listening on port 45313.
[2025-02-16 16:18:37,723 I 583 583] core_worker.cc:275: Initializing worker at address: 172.19.0.2:45313 worker_id=cd8ae8b7145f38ea0c368016e86536a220d599b25f979447901e96c5 node_id=e2a8235b1a5d9a56d69221182f2a84dad1790ce590062e454e5fef5d
[2025-02-16 16:18:37,724 I 583 583] task_event_buffer.cc:257: Reporting task events to GCS every 1000ms.
[2025-02-16 16:18:37,725 I 583 583] core_worker.cc:703: Adjusted worker niceness to 15
[2025-02-16 16:18:37,725 I 583 1610] core_worker.cc:642: Event stats:


Global stats: 15 total (9 active)
Queueing time: mean = 9.586 us, max = 43.427 us, min = 26.336 us, total = 143.791 us
Execution time:  mean = 97.366 us, total = 1.460 ms
Event stats:
	PeriodicalRunner.RunFnPeriodically - 7 total (5 active, 1 running), Execution time: mean = 3.554 us, total = 24.880 us, Queueing time: mean = 11.921 us, max = 43.427 us, min = 40.022 us, total = 83.449 us
	Publisher.CheckDeadSubscribers - 1 total (1 active), Execution time: mean = 0.000 s, total = 0.000 s, Queueing time: mean = 0.000 s, max = -0.000 s, min = 9223372036.855 s, total = 0.000 s
	ray::rpc::InternalPubSubGcsService.grpc_client.GcsSubscriberCommandBatch.OnReplyReceived - 1 total (0 active), Execution time: mean = 158.175 us, total = 158.175 us, Queueing time: mean = 34.006 us, max = 34.006 us, min = 34.006 us, total = 34.006 us
	ray::rpc::NodeInfoGcsService.grpc_client.GetAllNodeInfo - 1 total (1 active), Execution time: mean = 0.000 s, total = 0.000 s, Queueing time: mean = 0.000 s, max = -0.000 s, min = 9223372036.855 s, total = 0.000 s
	ray::rpc::InternalPubSubGcsService.grpc_client.GcsSubscriberCommandBatch - 1 total (0 active), Execution time: mean = 521.302 us, total = 521.302 us, Queueing time: mean = 0.000 s, max = -0.000 s, min = 9223372036.855 s, total = 0.000 s
	CoreWorker.ExitIfParentRayletDies - 1 total (1 active), Execution time: mean = 0.000 s, total = 0.000 s, Queueing time: mean = 0.000 s, max = -0.000 s, min = 9223372036.855 s, total = 0.000 s
	ray::rpc::InternalPubSubGcsService.grpc_client.GcsSubscriberPoll - 1 total (1 active), Execution time: mean = 0.000 s, total = 0.000 s, Queueing time: mean = 0.000 s, max = -0.000 s, min = 9223372036.855 s, total = 0.000 s
	ray::rpc::WorkerInfoGcsService.grpc_client.AddWorkerInfo.OnReplyReceived - 1 total (0 active), Execution time: mean = 55.237 us, total = 55.237 us, Queueing time: mean = 26.336 us, max = 26.336 us, min = 26.336 us, total = 26.336 us
	ray::rpc::WorkerInfoGcsService.grpc_client.AddWorkerInfo - 1 total (0 active), Execution time: mean = 700.894 us, total = 700.894 us, Queueing time: mean = 0.000 s, max = -0.000 s, min = 9223372036.855 s, total = 0.000 s

-----------------
Task Event stats:

IO Service Stats:

Global stats: 4 total (1 active)
Queueing time: mean = 17.311 us, max = 43.276 us, min = 25.966 us, total = 69.242 us
Execution time:  mean = 212.665 us, total = 850.660 us
Event stats:
	ray::rpc::TaskInfoGcsService.grpc_client.AddTaskEventData - 1 total (0 active), Execution time: mean = 674.388 us, total = 674.388 us, Queueing time: mean = 0.000 s, max = -0.000 s, min = 9223372036.855 s, total = 0.000 s
	ray::rpc::TaskInfoGcsService.grpc_client.AddTaskEventData.OnReplyReceived - 1 total (0 active), Execution time: mean = 22.391 us, total = 22.391 us, Queueing time: mean = 43.276 us, max = 43.276 us, min = 43.276 us, total = 43.276 us
	CoreWorker.deadline_timer.flush_task_events - 1 total (1 active), Execution time: mean = 0.000 s, total = 0.000 s, Queueing time: mean = 0.000 s, max = -0.000 s, min = 9223372036.855 s, total = 0.000 s
	PeriodicalRunner.RunFnPeriodically - 1 total (0 active), Execution time: mean = 153.881 us, total = 153.881 us, Queueing time: mean = 25.966 us, max = 25.966 us, min = 25.966 us, total = 25.966 us
Other Stats:
	grpc_in_progress:0
	current number of task status events in buffer: 0
	current number of profile events in buffer: 0
	current number of dropped task attempts tracked: 0
	total task events sent: 0 MiB
	total number of task attempts sent: 0
	total number of task attempts dropped reported: 0
	total number of sent failure: 0
	num status task events dropped: 0
	num profile task events dropped: 0


[2025-02-16 16:18:37,725 I 583 583] event.cc:491: Ray Event initialized for CORE_WORKER
[2025-02-16 16:18:37,725 I 583 583] event.cc:491: Ray Event initialized for EXPORT_TASK
[2025-02-16 16:18:37,725 I 583 583] event.cc:322: Set ray event level to warning
[2025-02-16 16:18:37,726 I 583 1610] accessor.cc:762: Received notification for node, IsAlive = 1 node_id=e2a8235b1a5d9a56d69221182f2a84dad1790ce590062e454e5fef5d
[2025-02-16 16:18:37,726 I 583 1610] core_worker.cc:4754: Number of alive nodes:1
[2025-02-16 16:18:47,728 W 583 1605] metric_exporter.cc:105: [1] Export metrics to agent failed: RpcError: RPC Error message: failed to connect to all addresses; last error: UNKNOWN: ipv4:127.0.0.1:62634: Failed to connect to remote host: Connection refused; RPC Error details: . This won't affect Ray, but you can lose metrics from the cluster.
[2025-02-16 16:19:37,725 I 583 1610] core_worker.cc:642: Event stats:


Global stats: 874 total (8 active)
Queueing time: mean = 161.548 us, max = 28.910 ms, min = -0.044 s, total = 141.193 ms
Execution time:  mean = 48.479 us, total = 42.370 ms
Event stats:
	CoreWorker.RecoverObjects - 599 total (1 active), Execution time: mean = 5.110 us, total = 3.061 ms, Queueing time: mean = 204.224 us, max = 4.482 ms, min = -0.001 s, total = 122.330 ms
	CoreWorker.ExitIfParentRayletDies - 61 total (1 active), Execution time: mean = 8.616 us, total = 525.547 us, Queueing time: mean = 168.592 us, max = 28.868 ms, min = -0.044 s, total = 10.284 ms
	CoreWorker.InternalHeartbeat - 60 total (1 active), Execution time: mean = 98.228 us, total = 5.894 ms, Queueing time: mean = 56.524 us, max = 28.910 ms, min = -0.044 s, total = 3.391 ms
	NodeManagerService.grpc_client.ReportWorkerBacklog - 60 total (0 active), Execution time: mean = 487.890 us, total = 29.273 ms, Queueing time: mean = 0.000 s, max = -0.000 s, min = 9223372036.855 s, total = 0.000 s
	NodeManagerService.grpc_client.ReportWorkerBacklog.OnReplyReceived - 60 total (0 active), Execution time: mean = 13.457 us, total = 807.442 us, Queueing time: mean = 26.219 us, max = 157.159 us, min = 17.246 us, total = 1.573 ms
	CoreWorker.RecordMetrics - 12 total (1 active), Execution time: mean = 16.315 us, total = 195.775 us, Queueing time: mean = 58.433 us, max = 13.344 ms, min = -0.009 s, total = 701.200 us
	PeriodicalRunner.RunFnPeriodically - 7 total (0 active), Execution time: mean = 86.804 us, total = 607.626 us, Queueing time: mean = 247.518 us, max = 588.162 us, min = 36.496 us, total = 1.733 ms
	CoreWorker.GCStreamingGeneratorMetadata - 6 total (1 active), Execution time: mean = 2.264 us, total = 13.585 us, Queueing time: mean = 135.106 us, max = 13.014 ms, min = -0.011 s, total = 810.636 us
	ray::rpc::InternalPubSubGcsService.grpc_client.GcsSubscriberPoll - 1 total (1 active), Execution time: mean = 0.000 s, total = 0.000 s, Queueing time: mean = 0.000 s, max = -0.000 s, min = 9223372036.855 s, total = 0.000 s
	ray::rpc::NodeInfoGcsService.grpc_client.GetAllNodeInfo.OnReplyReceived - 1 total (0 active), Execution time: mean = 62.985 us, total = 62.985 us, Queueing time: mean = 309.221 us, max = 309.221 us, min = 309.221 us, total = 309.221 us
	ray::rpc::InternalPubSubGcsService.grpc_client.GcsSubscriberCommandBatch - 1 total (0 active), Execution time: mean = 521.302 us, total = 521.302 us, Queueing time: mean = 0.000 s, max = -0.000 s, min = 9223372036.855 s, total = 0.000 s
	ray::rpc::InternalPubSubGcsService.grpc_client.GcsSubscriberCommandBatch.OnReplyReceived - 1 total (0 active), Execution time: mean = 158.175 us, total = 158.175 us, Queueing time: mean = 34.006 us, max = 34.006 us, min = 34.006 us, total = 34.006 us
	Publisher.CheckDeadSubscribers - 1 total (1 active), Execution time: mean = 0.000 s, total = 0.000 s, Queueing time: mean = 0.000 s, max = -0.000 s, min = 9223372036.855 s, total = 0.000 s
	CoreWorker.PrintEventStats - 1 total (1 active, 1 running), Execution time: mean = 0.000 s, total = 0.000 s, Queueing time: mean = 0.000 s, max = -0.000 s, min = 9223372036.855 s, total = 0.000 s
	ray::rpc::WorkerInfoGcsService.grpc_client.AddWorkerInfo.OnReplyReceived - 1 total (0 active), Execution time: mean = 55.237 us, total = 55.237 us, Queueing time: mean = 26.336 us, max = 26.336 us, min = 26.336 us, total = 26.336 us
	ray::rpc::WorkerInfoGcsService.grpc_client.AddWorkerInfo - 1 total (0 active), Execution time: mean = 700.894 us, total = 700.894 us, Queueing time: mean = 0.000 s, max = -0.000 s, min = 9223372036.855 s, total = 0.000 s
	ray::rpc::NodeInfoGcsService.grpc_client.GetAllNodeInfo - 1 total (0 active), Execution time: mean = 494.108 us, total = 494.108 us, Queueing time: mean = 0.000 s, max = -0.000 s, min = 9223372036.855 s, total = 0.000 s

-----------------
Task Event stats:

IO Service Stats:

Global stats: 181 total (1 active)
Queueing time: mean = 452.279 us, max = 28.944 ms, min = -0.004 s, total = 81.863 ms
Execution time:  mean = 225.654 us, total = 40.843 ms
Event stats:
	ray::rpc::TaskInfoGcsService.grpc_client.AddTaskEventData - 60 total (0 active), Execution time: mean = 534.724 us, total = 32.083 ms, Queueing time: mean = 0.000 s, max = -0.000 s, min = 9223372036.855 s, total = 0.000 s
	ray::rpc::TaskInfoGcsService.grpc_client.AddTaskEventData.OnReplyReceived - 60 total (0 active), Execution time: mean = 20.724 us, total = 1.243 ms, Queueing time: mean = 25.061 us, max = 78.891 us, min = 15.636 us, total = 1.504 ms
	CoreWorker.deadline_timer.flush_task_events - 60 total (1 active), Execution time: mean = 122.710 us, total = 7.363 ms, Queueing time: mean = 1.339 ms, max = 28.944 ms, min = -0.004 s, total = 80.333 ms
	PeriodicalRunner.RunFnPeriodically - 1 total (0 active), Execution time: mean = 153.881 us, total = 153.881 us, Queueing time: mean = 25.966 us, max = 25.966 us, min = 25.966 us, total = 25.966 us
Other Stats:
	grpc_in_progress:0
	current number of task status events in buffer: 0
	current number of profile events in buffer: 0
	current number of dropped task attempts tracked: 0
	total task events sent: 0 MiB
	total number of task attempts sent: 0
	total number of task attempts dropped reported: 0
	total number of sent failure: 0
	num status task events dropped: 0
	num profile task events dropped: 0


[2025-02-16 16:20:37,726 I 583 1610] core_worker.cc:642: Event stats:


Global stats: 1731 total (8 active)
Queueing time: mean = 149.754 us, max = 29.500 ms, min = -0.044 s, total = 259.224 ms
Execution time:  mean = 58.816 us, total = 101.810 ms
Event stats:
	CoreWorker.RecoverObjects - 1198 total (1 active), Execution time: mean = 5.387 us, total = 6.454 ms, Queueing time: mean = 226.675 us, max = 4.724 ms, min = -0.001 s, total = 271.557 ms
	CoreWorker.ExitIfParentRayletDies - 120 total (1 active), Execution time: mean = 8.765 us, total = 1.052 ms, Queueing time: mean = -0.000 s, max = 29.500 ms, min = -0.044 s, total = -0.014 s
	CoreWorker.InternalHeartbeat - 120 total (1 active), Execution time: mean = 113.101 us, total = 13.572 ms, Queueing time: mean = -0.000 s, max = 29.224 ms, min = -0.044 s, total = -0.021 s
	NodeManagerService.grpc_client.ReportWorkerBacklog.OnReplyReceived - 120 total (0 active), Execution time: mean = 14.685 us, total = 1.762 ms, Queueing time: mean = 83.382 us, max = 6.710 ms, min = 16.970 us, total = 10.006 ms
	NodeManagerService.grpc_client.ReportWorkerBacklog - 120 total (0 active), Execution time: mean = 629.982 us, total = 75.598 ms, Queueing time: mean = 0.000 s, max = -0.000 s, min = 9223372036.855 s, total = 0.000 s
	CoreWorker.RecordMetrics - 24 total (1 active), Execution time: mean = 19.792 us, total = 475.014 us, Queueing time: mean = 44.070 us, max = 13.344 ms, min = -0.009 s, total = 1.058 ms
	CoreWorker.GCStreamingGeneratorMetadata - 12 total (1 active), Execution time: mean = 3.256 us, total = 39.075 us, Queueing time: mean = 87.163 us, max = 13.014 ms, min = -0.011 s, total = 1.046 ms
	PeriodicalRunner.RunFnPeriodically - 7 total (0 active), Execution time: mean = 86.804 us, total = 607.626 us, Queueing time: mean = 247.518 us, max = 588.162 us, min = 36.496 us, total = 1.733 ms
	CoreWorker.PrintEventStats - 2 total (1 active, 1 running), Execution time: mean = 128.924 us, total = 257.848 us, Queueing time: mean = 3.867 ms, max = 7.734 ms, min = 7.734 ms, total = 7.734 ms
	ray::rpc::InternalPubSubGcsService.grpc_client.GcsSubscriberPoll - 1 total (1 active), Execution time: mean = 0.000 s, total = 0.000 s, Queueing time: mean = 0.000 s, max = -0.000 s, min = 9223372036.855 s, total = 0.000 s
	ray::rpc::NodeInfoGcsService.grpc_client.GetAllNodeInfo.OnReplyReceived - 1 total (0 active), Execution time: mean = 62.985 us, total = 62.985 us, Queueing time: mean = 309.221 us, max = 309.221 us, min = 309.221 us, total = 309.221 us
	ray::rpc::InternalPubSubGcsService.grpc_client.GcsSubscriberCommandBatch - 1 total (0 active), Execution time: mean = 521.302 us, total = 521.302 us, Queueing time: mean = 0.000 s, max = -0.000 s, min = 9223372036.855 s, total = 0.000 s
	ray::rpc::InternalPubSubGcsService.grpc_client.GcsSubscriberCommandBatch.OnReplyReceived - 1 total (0 active), Execution time: mean = 158.175 us, total = 158.175 us, Queueing time: mean = 34.006 us, max = 34.006 us, min = 34.006 us, total = 34.006 us
	Publisher.CheckDeadSubscribers - 1 total (1 active), Execution time: mean = 0.000 s, total = 0.000 s, Queueing time: mean = 0.000 s, max = -0.000 s, min = 9223372036.855 s, total = 0.000 s
	ray::rpc::WorkerInfoGcsService.grpc_client.AddWorkerInfo.OnReplyReceived - 1 total (0 active), Execution time: mean = 55.237 us, total = 55.237 us, Queueing time: mean = 26.336 us, max = 26.336 us, min = 26.336 us, total = 26.336 us
	ray::rpc::WorkerInfoGcsService.grpc_client.AddWorkerInfo - 1 total (0 active), Execution time: mean = 700.894 us, total = 700.894 us, Queueing time: mean = 0.000 s, max = -0.000 s, min = 9223372036.855 s, total = 0.000 s
	ray::rpc::NodeInfoGcsService.grpc_client.GetAllNodeInfo - 1 total (0 active), Execution time: mean = 494.108 us, total = 494.108 us, Queueing time: mean = 0.000 s, max = -0.000 s, min = 9223372036.855 s, total = 0.000 s

-----------------
Task Event stats:

IO Service Stats:

Global stats: 361 total (1 active)
Queueing time: mean = 390.692 us, max = 33.663 ms, min = -0.014 s, total = 141.040 ms
Execution time:  mean = 234.680 us, total = 84.719 ms
Event stats:
	ray::rpc::TaskInfoGcsService.grpc_client.AddTaskEventData - 120 total (0 active), Execution time: mean = 553.995 us, total = 66.479 ms, Queueing time: mean = 0.000 s, max = -0.000 s, min = 9223372036.855 s, total = 0.000 s
	ray::rpc::TaskInfoGcsService.grpc_client.AddTaskEventData.OnReplyReceived - 120 total (0 active), Execution time: mean = 20.966 us, total = 2.516 ms, Queueing time: mean = 26.694 us, max = 78.891 us, min = 15.636 us, total = 3.203 ms
	CoreWorker.deadline_timer.flush_task_events - 120 total (1 active), Execution time: mean = 129.751 us, total = 15.570 ms, Queueing time: mean = 1.148 ms, max = 33.663 ms, min = -0.014 s, total = 137.811 ms
	PeriodicalRunner.RunFnPeriodically - 1 total (0 active), Execution time: mean = 153.881 us, total = 153.881 us, Queueing time: mean = 25.966 us, max = 25.966 us, min = 25.966 us, total = 25.966 us
Other Stats:
	grpc_in_progress:0
	current number of task status events in buffer: 0
	current number of profile events in buffer: 0
	current number of dropped task attempts tracked: 0
	total task events sent: 0 MiB
	total number of task attempts sent: 0
	total number of task attempts dropped reported: 0
	total number of sent failure: 0
	num status task events dropped: 0
	num profile task events dropped: 0


[2025-02-16 16:21:37,726 I 583 1610] core_worker.cc:642: Event stats:


Global stats: 2589 total (8 active)
Queueing time: mean = 183.610 us, max = 38.512 ms, min = -0.049 s, total = 475.365 ms
Execution time:  mean = 58.310 us, total = 150.964 ms
Event stats:
	CoreWorker.RecoverObjects - 1797 total (1 active), Execution time: mean = 5.710 us, total = 10.260 ms, Queueing time: mean = 218.982 us, max = 4.724 ms, min = -0.001 s, total = 393.511 ms
	CoreWorker.ExitIfParentRayletDies - 180 total (1 active), Execution time: mean = 9.747 us, total = 1.754 ms, Queueing time: mean = 167.867 us, max = 38.501 ms, min = -0.048 s, total = 30.216 ms
	CoreWorker.InternalHeartbeat - 180 total (1 active), Execution time: mean = 118.612 us, total = 21.350 ms, Queueing time: mean = 125.865 us, max = 38.512 ms, min = -0.049 s, total = 22.656 ms
	NodeManagerService.grpc_client.ReportWorkerBacklog.OnReplyReceived - 180 total (0 active), Execution time: mean = 15.789 us, total = 2.842 ms, Queueing time: mean = 66.164 us, max = 6.710 ms, min = 16.970 us, total = 11.910 ms
	NodeManagerService.grpc_client.ReportWorkerBacklog - 180 total (0 active), Execution time: mean = 615.939 us, total = 110.869 ms, Queueing time: mean = 0.000 s, max = -0.000 s, min = 9223372036.855 s, total = 0.000 s
	CoreWorker.RecordMetrics - 36 total (1 active), Execution time: mean = 20.089 us, total = 723.202 us, Queueing time: mean = 45.196 us, max = 13.611 ms, min = -0.009 s, total = 1.627 ms
	CoreWorker.GCStreamingGeneratorMetadata - 18 total (1 active), Execution time: mean = 3.619 us, total = 65.139 us, Queueing time: mean = 70.546 us, max = 13.222 ms, min = -0.011 s, total = 1.270 ms
	PeriodicalRunner.RunFnPeriodically - 7 total (0 active), Execution time: mean = 86.804 us, total = 607.626 us, Queueing time: mean = 247.518 us, max = 588.162 us, min = 36.496 us, total = 1.733 ms
	CoreWorker.PrintEventStats - 3 total (1 active, 1 running), Execution time: mean = 166.308 us, total = 498.923 us, Queueing time: mean = 4.024 ms, max = 7.734 ms, min = 4.340 ms, total = 12.073 ms
	ray::rpc::InternalPubSubGcsService.grpc_client.GcsSubscriberPoll - 1 total (1 active), Execution time: mean = 0.000 s, total = 0.000 s, Queueing time: mean = 0.000 s, max = -0.000 s, min = 9223372036.855 s, total = 0.000 s
	ray::rpc::NodeInfoGcsService.grpc_client.GetAllNodeInfo.OnReplyReceived - 1 total (0 active), Execution time: mean = 62.985 us, total = 62.985 us, Queueing time: mean = 309.221 us, max = 309.221 us, min = 309.221 us, total = 309.221 us
	ray::rpc::InternalPubSubGcsService.grpc_client.GcsSubscriberCommandBatch - 1 total (0 active), Execution time: mean = 521.302 us, total = 521.302 us, Queueing time: mean = 0.000 s, max = -0.000 s, min = 9223372036.855 s, total = 0.000 s
	ray::rpc::InternalPubSubGcsService.grpc_client.GcsSubscriberCommandBatch.OnReplyReceived - 1 total (0 active), Execution time: mean = 158.175 us, total = 158.175 us, Queueing time: mean = 34.006 us, max = 34.006 us, min = 34.006 us, total = 34.006 us
	Publisher.CheckDeadSubscribers - 1 total (1 active), Execution time: mean = 0.000 s, total = 0.000 s, Queueing time: mean = 0.000 s, max = -0.000 s, min = 9223372036.855 s, total = 0.000 s
	ray::rpc::WorkerInfoGcsService.grpc_client.AddWorkerInfo.OnReplyReceived - 1 total (0 active), Execution time: mean = 55.237 us, total = 55.237 us, Queueing time: mean = 26.336 us, max = 26.336 us, min = 26.336 us, total = 26.336 us
	ray::rpc::WorkerInfoGcsService.grpc_client.AddWorkerInfo - 1 total (0 active), Execution time: mean = 700.894 us, total = 700.894 us, Queueing time: mean = 0.000 s, max = -0.000 s, min = 9223372036.855 s, total = 0.000 s
	ray::rpc::NodeInfoGcsService.grpc_client.GetAllNodeInfo - 1 total (0 active), Execution time: mean = 494.108 us, total = 494.108 us, Queueing time: mean = 0.000 s, max = -0.000 s, min = 9223372036.855 s, total = 0.000 s

-----------------
Task Event stats:

IO Service Stats:

Global stats: 541 total (1 active)
Queueing time: mean = 490.390 us, max = 38.809 ms, min = -0.014 s, total = 265.301 ms
Execution time:  mean = 234.885 us, total = 127.073 ms
Event stats:
	ray::rpc::TaskInfoGcsService.grpc_client.AddTaskEventData - 180 total (0 active), Execution time: mean = 551.260 us, total = 99.227 ms, Queueing time: mean = 0.000 s, max = -0.000 s, min = 9223372036.855 s, total = 0.000 s
	ray::rpc::TaskInfoGcsService.grpc_client.AddTaskEventData.OnReplyReceived - 180 total (0 active), Execution time: mean = 22.343 us, total = 4.022 ms, Queueing time: mean = 28.273 us, max = 164.520 us, min = 15.636 us, total = 5.089 ms
	CoreWorker.deadline_timer.flush_task_events - 180 total (1 active), Execution time: mean = 131.501 us, total = 23.670 ms, Queueing time: mean = 1.445 ms, max = 38.809 ms, min = -0.014 s, total = 260.186 ms
	PeriodicalRunner.RunFnPeriodically - 1 total (0 active), Execution time: mean = 153.881 us, total = 153.881 us, Queueing time: mean = 25.966 us, max = 25.966 us, min = 25.966 us, total = 25.966 us
Other Stats:
	grpc_in_progress:0
	current number of task status events in buffer: 0
	current number of profile events in buffer: 0
	current number of dropped task attempts tracked: 0
	total task events sent: 0 MiB
	total number of task attempts sent: 0
	total number of task attempts dropped reported: 0
	total number of sent failure: 0
	num status task events dropped: 0
	num profile task events dropped: 0


[2025-02-16 16:22:37,727 I 583 1610] core_worker.cc:642: Event stats:


Global stats: 3446 total (8 active)
Queueing time: mean = 166.700 us, max = 48.322 ms, min = -0.049 s, total = 574.449 ms
Execution time:  mean = 61.503 us, total = 211.940 ms
Event stats:
	CoreWorker.RecoverObjects - 2395 total (1 active), Execution time: mean = 5.969 us, total = 14.295 ms, Queueing time: mean = 228.958 us, max = 6.621 ms, min = -0.002 s, total = 548.353 ms
	CoreWorker.ExitIfParentRayletDies - 240 total (1 active), Execution time: mean = 9.584 us, total = 2.300 ms, Queueing time: mean = 2.006 us, max = 48.265 ms, min = -0.048 s, total = 481.388 us
	CoreWorker.InternalHeartbeat - 240 total (1 active), Execution time: mean = 123.704 us, total = 29.689 ms, Queueing time: mean = -0.000 s, max = 48.322 ms, min = -0.049 s, total = -0.005 s
	NodeManagerService.grpc_client.ReportWorkerBacklog.OnReplyReceived - 240 total (0 active), Execution time: mean = 15.833 us, total = 3.800 ms, Queueing time: mean = 58.468 us, max = 6.710 ms, min = 16.970 us, total = 14.032 ms
	NodeManagerService.grpc_client.ReportWorkerBacklog - 240 total (0 active), Execution time: mean = 656.069 us, total = 157.456 ms, Queueing time: mean = 0.000 s, max = -0.000 s, min = 9223372036.855 s, total = 0.000 s
	CoreWorker.RecordMetrics - 48 total (1 active), Execution time: mean = 20.127 us, total = 966.103 us, Queueing time: mean = 46.240 us, max = 13.611 ms, min = -0.009 s, total = 2.220 ms
	CoreWorker.GCStreamingGeneratorMetadata - 24 total (1 active), Execution time: mean = 3.713 us, total = 89.117 us, Queueing time: mean = 65.905 us, max = 13.222 ms, min = -0.011 s, total = 1.582 ms
	PeriodicalRunner.RunFnPeriodically - 7 total (0 active), Execution time: mean = 86.804 us, total = 607.626 us, Queueing time: mean = 247.518 us, max = 588.162 us, min = 36.496 us, total = 1.733 ms
	CoreWorker.PrintEventStats - 4 total (1 active, 1 running), Execution time: mean = 186.045 us, total = 744.180 us, Queueing time: mean = 2.641 ms, max = 7.734 ms, min = -0.002 s, total = 10.564 ms
	ray::rpc::InternalPubSubGcsService.grpc_client.GcsSubscriberPoll - 1 total (1 active), Execution time: mean = 0.000 s, total = 0.000 s, Queueing time: mean = 0.000 s, max = -0.000 s, min = 9223372036.855 s, total = 0.000 s
	ray::rpc::NodeInfoGcsService.grpc_client.GetAllNodeInfo.OnReplyReceived - 1 total (0 active), Execution time: mean = 62.985 us, total = 62.985 us, Queueing time: mean = 309.221 us, max = 309.221 us, min = 309.221 us, total = 309.221 us
	ray::rpc::InternalPubSubGcsService.grpc_client.GcsSubscriberCommandBatch - 1 total (0 active), Execution time: mean = 521.302 us, total = 521.302 us, Queueing time: mean = 0.000 s, max = -0.000 s, min = 9223372036.855 s, total = 0.000 s
	ray::rpc::InternalPubSubGcsService.grpc_client.GcsSubscriberCommandBatch.OnReplyReceived - 1 total (0 active), Execution time: mean = 158.175 us, total = 158.175 us, Queueing time: mean = 34.006 us, max = 34.006 us, min = 34.006 us, total = 34.006 us
	Publisher.CheckDeadSubscribers - 1 total (1 active), Execution time: mean = 0.000 s, total = 0.000 s, Queueing time: mean = 0.000 s, max = -0.000 s, min = 9223372036.855 s, total = 0.000 s
	ray::rpc::WorkerInfoGcsService.grpc_client.AddWorkerInfo.OnReplyReceived - 1 total (0 active), Execution time: mean = 55.237 us, total = 55.237 us, Queueing time: mean = 26.336 us, max = 26.336 us, min = 26.336 us, total = 26.336 us
	ray::rpc::WorkerInfoGcsService.grpc_client.AddWorkerInfo - 1 total (0 active), Execution time: mean = 700.894 us, total = 700.894 us, Queueing time: mean = 0.000 s, max = -0.000 s, min = 9223372036.855 s, total = 0.000 s
	ray::rpc::NodeInfoGcsService.grpc_client.GetAllNodeInfo - 1 total (0 active), Execution time: mean = 494.108 us, total = 494.108 us, Queueing time: mean = 0.000 s, max = -0.000 s, min = 9223372036.855 s, total = 0.000 s

-----------------
Task Event stats:

IO Service Stats:

Global stats: 721 total (1 active)
Queueing time: mean = 464.117 us, max = 48.772 ms, min = -0.015 s, total = 334.628 ms
Execution time:  mean = 249.691 us, total = 180.027 ms
Event stats:
	ray::rpc::TaskInfoGcsService.grpc_client.AddTaskEventData - 240 total (0 active), Execution time: mean = 592.973 us, total = 142.314 ms, Queueing time: mean = 0.000 s, max = -0.000 s, min = 9223372036.855 s, total = 0.000 s
	ray::rpc::TaskInfoGcsService.grpc_client.AddTaskEventData.OnReplyReceived - 240 total (0 active), Execution time: mean = 22.715 us, total = 5.451 ms, Queueing time: mean = 29.372 us, max = 164.520 us, min = 15.636 us, total = 7.049 ms
	CoreWorker.deadline_timer.flush_task_events - 240 total (1 active), Execution time: mean = 133.784 us, total = 32.108 ms, Queueing time: mean = 1.365 ms, max = 48.772 ms, min = -0.015 s, total = 327.553 ms
	PeriodicalRunner.RunFnPeriodically - 1 total (0 active), Execution time: mean = 153.881 us, total = 153.881 us, Queueing time: mean = 25.966 us, max = 25.966 us, min = 25.966 us, total = 25.966 us
Other Stats:
	grpc_in_progress:0
	current number of task status events in buffer: 0
	current number of profile events in buffer: 0
	current number of dropped task attempts tracked: 0
	total task events sent: 0 MiB
	total number of task attempts sent: 0
	total number of task attempts dropped reported: 0
	total number of sent failure: 0
	num status task events dropped: 0
	num profile task events dropped: 0


[2025-02-16 16:23:37,727 I 583 1610] core_worker.cc:642: Event stats:


Global stats: 4305 total (8 active)
Queueing time: mean = 182.109 us, max = 48.322 ms, min = -0.049 s, total = 783.978 ms
Execution time:  mean = 64.248 us, total = 276.586 ms
Event stats:
	CoreWorker.RecoverObjects - 2994 total (1 active), Execution time: mean = 7.958 us, total = 23.826 ms, Queueing time: mean = 222.606 us, max = 6.621 ms, min = -0.002 s, total = 666.481 ms
	CoreWorker.ExitIfParentRayletDies - 300 total (1 active), Execution time: mean = 9.530 us, total = 2.859 ms, Queueing time: mean = 113.538 us, max = 48.265 ms, min = -0.048 s, total = 34.061 ms
	CoreWorker.InternalHeartbeat - 300 total (1 active), Execution time: mean = 131.493 us, total = 39.448 ms, Queueing time: mean = 112.032 us, max = 48.322 ms, min = -0.049 s, total = 33.609 ms
	NodeManagerService.grpc_client.ReportWorkerBacklog.OnReplyReceived - 300 total (0 active), Execution time: mean = 16.205 us, total = 4.862 ms, Queueing time: mean = 53.907 us, max = 6.710 ms, min = 16.970 us, total = 16.172 ms
	NodeManagerService.grpc_client.ReportWorkerBacklog - 300 total (0 active), Execution time: mean = 668.772 us, total = 200.632 ms, Queueing time: mean = 0.000 s, max = -0.000 s, min = 9223372036.855 s, total = 0.000 s
	CoreWorker.RecordMetrics - 60 total (1 active), Execution time: mean = 20.325 us, total = 1.219 ms, Queueing time: mean = 52.030 us, max = 20.860 ms, min = -0.016 s, total = 3.122 ms
	CoreWorker.GCStreamingGeneratorMetadata - 30 total (1 active), Execution time: mean = 3.778 us, total = 113.352 us, Queueing time: mean = 64.896 us, max = 20.419 ms, min = -0.018 s, total = 1.947 ms
	PeriodicalRunner.RunFnPeriodically - 7 total (0 active), Execution time: mean = 86.804 us, total = 607.626 us, Queueing time: mean = 247.518 us, max = 588.162 us, min = 36.496 us, total = 1.733 ms
	CoreWorker.PrintEventStats - 5 total (1 active, 1 running), Execution time: mean = 204.288 us, total = 1.021 ms, Queueing time: mean = 4.284 ms, max = 10.853 ms, min = -0.002 s, total = 21.418 ms
	Publisher.CheckDeadSubscribers - 2 total (1 active), Execution time: mean = 2.765 us, total = 5.531 us, Queueing time: mean = 2.533 ms, max = 5.066 ms, min = 5.066 ms, total = 5.066 ms
	ray::rpc::InternalPubSubGcsService.grpc_client.GcsSubscriberPoll - 1 total (1 active), Execution time: mean = 0.000 s, total = 0.000 s, Queueing time: mean = 0.000 s, max = -0.000 s, min = 9223372036.855 s, total = 0.000 s
	ray::rpc::NodeInfoGcsService.grpc_client.GetAllNodeInfo.OnReplyReceived - 1 total (0 active), Execution time: mean = 62.985 us, total = 62.985 us, Queueing time: mean = 309.221 us, max = 309.221 us, min = 309.221 us, total = 309.221 us
	ray::rpc::InternalPubSubGcsService.grpc_client.GcsSubscriberCommandBatch - 1 total (0 active), Execution time: mean = 521.302 us, total = 521.302 us, Queueing time: mean = 0.000 s, max = -0.000 s, min = 9223372036.855 s, total = 0.000 s
	ray::rpc::InternalPubSubGcsService.grpc_client.GcsSubscriberCommandBatch.OnReplyReceived - 1 total (0 active), Execution time: mean = 158.175 us, total = 158.175 us, Queueing time: mean = 34.006 us, max = 34.006 us, min = 34.006 us, total = 34.006 us
	ray::rpc::WorkerInfoGcsService.grpc_client.AddWorkerInfo.OnReplyReceived - 1 total (0 active), Execution time: mean = 55.237 us, total = 55.237 us, Queueing time: mean = 26.336 us, max = 26.336 us, min = 26.336 us, total = 26.336 us
	ray::rpc::WorkerInfoGcsService.grpc_client.AddWorkerInfo - 1 total (0 active), Execution time: mean = 700.894 us, total = 700.894 us, Queueing time: mean = 0.000 s, max = -0.000 s, min = 9223372036.855 s, total = 0.000 s
	ray::rpc::NodeInfoGcsService.grpc_client.GetAllNodeInfo - 1 total (0 active), Execution time: mean = 494.108 us, total = 494.108 us, Queueing time: mean = 0.000 s, max = -0.000 s, min = 9223372036.855 s, total = 0.000 s

-----------------
Task Event stats:

IO Service Stats:

Global stats: 901 total (1 active)
Queueing time: mean = 467.484 us, max = 48.772 ms, min = -0.015 s, total = 421.203 ms
Execution time:  mean = 269.118 us, total = 242.476 ms
Event stats:
	ray::rpc::TaskInfoGcsService.grpc_client.AddTaskEventData - 300 total (0 active), Execution time: mean = 640.207 us, total = 192.062 ms, Queueing time: mean = 0.000 s, max = -0.000 s, min = 9223372036.855 s, total = 0.000 s
	ray::rpc::TaskInfoGcsService.grpc_client.AddTaskEventData.OnReplyReceived - 300 total (0 active), Execution time: mean = 23.305 us, total = 6.992 ms, Queueing time: mean = 30.573 us, max = 164.520 us, min = 9.684 us, total = 9.172 ms
	CoreWorker.deadline_timer.flush_task_events - 300 total (1 active), Execution time: mean = 144.227 us, total = 43.268 ms, Queueing time: mean = 1.373 ms, max = 48.772 ms, min = -0.015 s, total = 412.005 ms
	PeriodicalRunner.RunFnPeriodically - 1 total (0 active), Execution time: mean = 153.881 us, total = 153.881 us, Queueing time: mean = 25.966 us, max = 25.966 us, min = 25.966 us, total = 25.966 us
Other Stats:
	grpc_in_progress:0
	current number of task status events in buffer: 0
	current number of profile events in buffer: 0
	current number of dropped task attempts tracked: 0
	total task events sent: 0 MiB
	total number of task attempts sent: 0
	total number of task attempts dropped reported: 0
	total number of sent failure: 0
	num status task events dropped: 0
	num profile task events dropped: 0


[2025-02-16 16:24:37,727 I 583 1610] core_worker.cc:642: Event stats:


Global stats: 5162 total (8 active)
Queueing time: mean = 170.161 us, max = 51.953 ms, min = -0.053 s, total = 878.372 ms
Execution time:  mean = 63.056 us, total = 325.497 ms
Event stats:
	CoreWorker.RecoverObjects - 3592 total (1 active), Execution time: mean = 7.630 us, total = 27.408 ms, Queueing time: mean = 225.090 us, max = 6.621 ms, min = -0.002 s, total = 808.524 ms
	CoreWorker.ExitIfParentRayletDies - 360 total (1 active), Execution time: mean = 9.846 us, total = 3.545 ms, Queueing time: mean = 42.849 us, max = 51.894 ms, min = -0.053 s, total = 15.426 ms
	CoreWorker.InternalHeartbeat - 360 total (1 active), Execution time: mean = 131.069 us, total = 47.185 ms, Queueing time: mean = 49.709 us, max = 51.953 ms, min = -0.053 s, total = 17.895 ms
	NodeManagerService.grpc_client.ReportWorkerBacklog.OnReplyReceived - 360 total (0 active), Execution time: mean = 16.367 us, total = 5.892 ms, Queueing time: mean = 50.481 us, max = 6.710 ms, min = 16.970 us, total = 18.173 ms
	NodeManagerService.grpc_client.ReportWorkerBacklog - 360 total (0 active), Execution time: mean = 655.258 us, total = 235.893 ms, Queueing time: mean = 0.000 s, max = -0.000 s, min = 9223372036.855 s, total = 0.000 s
	CoreWorker.RecordMetrics - 72 total (1 active), Execution time: mean = 21.099 us, total = 1.519 ms, Queueing time: mean = 49.973 us, max = 20.860 ms, min = -0.016 s, total = 3.598 ms
	CoreWorker.GCStreamingGeneratorMetadata - 36 total (1 active), Execution time: mean = 3.736 us, total = 134.505 us, Queueing time: mean = 60.622 us, max = 20.419 ms, min = -0.018 s, total = 2.182 ms
	PeriodicalRunner.RunFnPeriodically - 7 total (0 active), Execution time: mean = 86.804 us, total = 607.626 us, Queueing time: mean = 247.518 us, max = 588.162 us, min = 36.496 us, total = 1.733 ms
	CoreWorker.PrintEventStats - 6 total (1 active, 1 running), Execution time: mean = 219.203 us, total = 1.315 ms, Queueing time: mean = 900.827 us, max = 10.853 ms, min = -0.016 s, total = 5.405 ms
	Publisher.CheckDeadSubscribers - 2 total (1 active), Execution time: mean = 2.765 us, total = 5.531 us, Queueing time: mean = 2.533 ms, max = 5.066 ms, min = 5.066 ms, total = 5.066 ms
	ray::rpc::InternalPubSubGcsService.grpc_client.GcsSubscriberPoll - 1 total (1 active), Execution time: mean = 0.000 s, total = 0.000 s, Queueing time: mean = 0.000 s, max = -0.000 s, min = 9223372036.855 s, total = 0.000 s
	ray::rpc::NodeInfoGcsService.grpc_client.GetAllNodeInfo.OnReplyReceived - 1 total (0 active), Execution time: mean = 62.985 us, total = 62.985 us, Queueing time: mean = 309.221 us, max = 309.221 us, min = 309.221 us, total = 309.221 us
	ray::rpc::InternalPubSubGcsService.grpc_client.GcsSubscriberCommandBatch - 1 total (0 active), Execution time: mean = 521.302 us, total = 521.302 us, Queueing time: mean = 0.000 s, max = -0.000 s, min = 9223372036.855 s, total = 0.000 s
	ray::rpc::InternalPubSubGcsService.grpc_client.GcsSubscriberCommandBatch.OnReplyReceived - 1 total (0 active), Execution time: mean = 158.175 us, total = 158.175 us, Queueing time: mean = 34.006 us, max = 34.006 us, min = 34.006 us, total = 34.006 us
	ray::rpc::WorkerInfoGcsService.grpc_client.AddWorkerInfo.OnReplyReceived - 1 total (0 active), Execution time: mean = 55.237 us, total = 55.237 us, Queueing time: mean = 26.336 us, max = 26.336 us, min = 26.336 us, total = 26.336 us
	ray::rpc::WorkerInfoGcsService.grpc_client.AddWorkerInfo - 1 total (0 active), Execution time: mean = 700.894 us, total = 700.894 us, Queueing time: mean = 0.000 s, max = -0.000 s, min = 9223372036.855 s, total = 0.000 s
	ray::rpc::NodeInfoGcsService.grpc_client.GetAllNodeInfo - 1 total (0 active), Execution time: mean = 494.108 us, total = 494.108 us, Queueing time: mean = 0.000 s, max = -0.000 s, min = 9223372036.855 s, total = 0.000 s

-----------------
Task Event stats:

IO Service Stats:

Global stats: 1081 total (1 active)
Queueing time: mean = 475.167 us, max = 50.921 ms, min = -0.015 s, total = 513.656 ms
Execution time:  mean = 275.508 us, total = 297.825 ms
Event stats:
	ray::rpc::TaskInfoGcsService.grpc_client.AddTaskEventData - 360 total (0 active), Execution time: mean = 650.872 us, total = 234.314 ms, Queueing time: mean = 0.000 s, max = -0.000 s, min = 9223372036.855 s, total = 0.000 s
	ray::rpc::TaskInfoGcsService.grpc_client.AddTaskEventData.OnReplyReceived - 360 total (0 active), Execution time: mean = 23.896 us, total = 8.603 ms, Queueing time: mean = 30.733 us, max = 164.520 us, min = 9.684 us, total = 11.064 ms
	CoreWorker.deadline_timer.flush_task_events - 360 total (1 active), Execution time: mean = 152.094 us, total = 54.754 ms, Queueing time: mean = 1.396 ms, max = 50.921 ms, min = -0.015 s, total = 502.566 ms
	PeriodicalRunner.RunFnPeriodically - 1 total (0 active), Execution time: mean = 153.881 us, total = 153.881 us, Queueing time: mean = 25.966 us, max = 25.966 us, min = 25.966 us, total = 25.966 us
Other Stats:
	grpc_in_progress:0
	current number of task status events in buffer: 0
	current number of profile events in buffer: 0
	current number of dropped task attempts tracked: 0
	total task events sent: 0 MiB
	total number of task attempts sent: 0
	total number of task attempts dropped reported: 0
	total number of sent failure: 0
	num status task events dropped: 0
	num profile task events dropped: 0


[2025-02-16 16:25:37,728 I 583 1610] core_worker.cc:642: Event stats:


Global stats: 6020 total (8 active)
Queueing time: mean = 155.281 us, max = 51.953 ms, min = -0.053 s, total = 934.792 ms
Execution time:  mean = 62.045 us, total = 373.514 ms
Event stats:
	CoreWorker.RecoverObjects - 4191 total (1 active), Execution time: mean = 7.487 us, total = 31.379 ms, Queueing time: mean = 219.721 us, max = 6.621 ms, min = -0.002 s, total = 920.851 ms
	CoreWorker.ExitIfParentRayletDies - 420 total (1 active), Execution time: mean = 9.821 us, total = 4.125 ms, Queueing time: mean = -0.000 s, max = 51.894 ms, min = -0.053 s, total = -0.021 s
	CoreWorker.InternalHeartbeat - 420 total (1 active), Execution time: mean = 131.075 us, total = 55.052 ms, Queueing time: mean = -0.000 s, max = 51.953 ms, min = -0.053 s, total = -0.017 s
	NodeManagerService.grpc_client.ReportWorkerBacklog.OnReplyReceived - 420 total (0 active), Execution time: mean = 16.273 us, total = 6.835 ms, Queueing time: mean = 47.976 us, max = 6.710 ms, min = 16.970 us, total = 20.150 ms
	NodeManagerService.grpc_client.ReportWorkerBacklog - 420 total (0 active), Execution time: mean = 642.864 us, total = 270.003 ms, Queueing time: mean = 0.000 s, max = -0.000 s, min = 9223372036.855 s, total = 0.000 s
	CoreWorker.RecordMetrics - 84 total (1 active), Execution time: mean = 21.352 us, total = 1.794 ms, Queueing time: mean = 50.068 us, max = 20.860 ms, min = -0.016 s, total = 4.206 ms
	CoreWorker.GCStreamingGeneratorMetadata - 42 total (1 active), Execution time: mean = 3.790 us, total = 159.193 us, Queueing time: mean = 65.205 us, max = 20.419 ms, min = -0.018 s, total = 2.739 ms
	CoreWorker.PrintEventStats - 7 total (1 active, 1 running), Execution time: mean = 223.171 us, total = 1.562 ms, Queueing time: mean = 2.394 ms, max = 11.356 ms, min = -0.016 s, total = 16.761 ms
	PeriodicalRunner.RunFnPeriodically - 7 total (0 active), Execution time: mean = 86.804 us, total = 607.626 us, Queueing time: mean = 247.518 us, max = 588.162 us, min = 36.496 us, total = 1.733 ms
	Publisher.CheckDeadSubscribers - 2 total (1 active), Execution time: mean = 2.765 us, total = 5.531 us, Queueing time: mean = 2.533 ms, max = 5.066 ms, min = 5.066 ms, total = 5.066 ms
	ray::rpc::InternalPubSubGcsService.grpc_client.GcsSubscriberPoll - 1 total (1 active), Execution time: mean = 0.000 s, total = 0.000 s, Queueing time: mean = 0.000 s, max = -0.000 s, min = 9223372036.855 s, total = 0.000 s
	ray::rpc::NodeInfoGcsService.grpc_client.GetAllNodeInfo.OnReplyReceived - 1 total (0 active), Execution time: mean = 62.985 us, total = 62.985 us, Queueing time: mean = 309.221 us, max = 309.221 us, min = 309.221 us, total = 309.221 us
	ray::rpc::InternalPubSubGcsService.grpc_client.GcsSubscriberCommandBatch - 1 total (0 active), Execution time: mean = 521.302 us, total = 521.302 us, Queueing time: mean = 0.000 s, max = -0.000 s, min = 9223372036.855 s, total = 0.000 s
	ray::rpc::InternalPubSubGcsService.grpc_client.GcsSubscriberCommandBatch.OnReplyReceived - 1 total (0 active), Execution time: mean = 158.175 us, total = 158.175 us, Queueing time: mean = 34.006 us, max = 34.006 us, min = 34.006 us, total = 34.006 us
	ray::rpc::WorkerInfoGcsService.grpc_client.AddWorkerInfo.OnReplyReceived - 1 total (0 active), Execution time: mean = 55.237 us, total = 55.237 us, Queueing time: mean = 26.336 us, max = 26.336 us, min = 26.336 us, total = 26.336 us
	ray::rpc::WorkerInfoGcsService.grpc_client.AddWorkerInfo - 1 total (0 active), Execution time: mean = 700.894 us, total = 700.894 us, Queueing time: mean = 0.000 s, max = -0.000 s, min = 9223372036.855 s, total = 0.000 s
	ray::rpc::NodeInfoGcsService.grpc_client.GetAllNodeInfo - 1 total (0 active), Execution time: mean = 494.108 us, total = 494.108 us, Queueing time: mean = 0.000 s, max = -0.000 s, min = 9223372036.855 s, total = 0.000 s

-----------------
Task Event stats:

IO Service Stats:

Global stats: 1261 total (1 active)
Queueing time: mean = 453.618 us, max = 50.921 ms, min = -0.015 s, total = 572.013 ms
Execution time:  mean = 284.405 us, total = 358.635 ms
Event stats:
	ray::rpc::TaskInfoGcsService.grpc_client.AddTaskEventData - 420 total (0 active), Execution time: mean = 670.038 us, total = 281.416 ms, Queueing time: mean = 0.000 s, max = -0.000 s, min = 9223372036.855 s, total = 0.000 s
	ray::rpc::TaskInfoGcsService.grpc_client.AddTaskEventData.OnReplyReceived - 420 total (0 active), Execution time: mean = 24.669 us, total = 10.361 ms, Queueing time: mean = 31.454 us, max = 171.623 us, min = 9.684 us, total = 13.211 ms
	CoreWorker.deadline_timer.flush_task_events - 420 total (1 active), Execution time: mean = 158.820 us, total = 66.704 ms, Queueing time: mean = 1.330 ms, max = 50.921 ms, min = -0.015 s, total = 558.776 ms
	PeriodicalRunner.RunFnPeriodically - 1 total (0 active), Execution time: mean = 153.881 us, total = 153.881 us, Queueing time: mean = 25.966 us, max = 25.966 us, min = 25.966 us, total = 25.966 us
Other Stats:
	grpc_in_progress:0
	current number of task status events in buffer: 0
	current number of profile events in buffer: 0
	current number of dropped task attempts tracked: 0
	total task events sent: 0 MiB
	total number of task attempts sent: 0
	total number of task attempts dropped reported: 0
	total number of sent failure: 0
	num status task events dropped: 0
	num profile task events dropped: 0


[2025-02-16 16:26:37,728 I 583 1610] core_worker.cc:642: Event stats:


Global stats: 6877 total (8 active)
Queueing time: mean = 173.874 us, max = 51.953 ms, min = -0.053 s, total = 1.196 s
Execution time:  mean = 64.878 us, total = 446.164 ms
Event stats:
	CoreWorker.RecoverObjects - 4789 total (1 active), Execution time: mean = 7.341 us, total = 35.154 ms, Queueing time: mean = 229.877 us, max = 6.621 ms, min = -0.002 s, total = 1.101 s
	CoreWorker.ExitIfParentRayletDies - 480 total (1 active), Execution time: mean = 9.664 us, total = 4.639 ms, Queueing time: mean = 61.295 us, max = 51.894 ms, min = -0.053 s, total = 29.421 ms
	CoreWorker.InternalHeartbeat - 480 total (1 active), Execution time: mean = 145.130 us, total = 69.662 ms, Queueing time: mean = 67.096 us, max = 51.953 ms, min = -0.053 s, total = 32.206 ms
	NodeManagerService.grpc_client.ReportWorkerBacklog.OnReplyReceived - 480 total (0 active), Execution time: mean = 16.982 us, total = 8.151 ms, Queueing time: mean = 45.971 us, max = 6.710 ms, min = 16.970 us, total = 22.066 ms
	NodeManagerService.grpc_client.ReportWorkerBacklog - 480 total (0 active), Execution time: mean = 670.620 us, total = 321.898 ms, Queueing time: mean = 0.000 s, max = -0.000 s, min = 9223372036.855 s, total = 0.000 s
	CoreWorker.RecordMetrics - 96 total (1 active), Execution time: mean = 21.460 us, total = 2.060 ms, Queueing time: mean = 45.077 us, max = 20.860 ms, min = -0.016 s, total = 4.327 ms
	CoreWorker.GCStreamingGeneratorMetadata - 48 total (1 active), Execution time: mean = 3.788 us, total = 181.848 us, Queueing time: mean = 62.674 us, max = 20.419 ms, min = -0.018 s, total = 3.008 ms
	CoreWorker.PrintEventStats - 8 total (1 active, 1 running), Execution time: mean = 226.471 us, total = 1.812 ms, Queueing time: mean = -0.000 s, max = 11.356 ms, min = -0.020 s, total = -0.003 s
	PeriodicalRunner.RunFnPeriodically - 7 total (0 active), Execution time: mean = 86.804 us, total = 607.626 us, Queueing time: mean = 247.518 us, max = 588.162 us, min = 36.496 us, total = 1.733 ms
	Publisher.CheckDeadSubscribers - 2 total (1 active), Execution time: mean = 2.765 us, total = 5.531 us, Queueing time: mean = 2.533 ms, max = 5.066 ms, min = 5.066 ms, total = 5.066 ms
	ray::rpc::InternalPubSubGcsService.grpc_client.GcsSubscriberPoll - 1 total (1 active), Execution time: mean = 0.000 s, total = 0.000 s, Queueing time: mean = 0.000 s, max = -0.000 s, min = 9223372036.855 s, total = 0.000 s
	ray::rpc::NodeInfoGcsService.grpc_client.GetAllNodeInfo.OnReplyReceived - 1 total (0 active), Execution time: mean = 62.985 us, total = 62.985 us, Queueing time: mean = 309.221 us, max = 309.221 us, min = 309.221 us, total = 309.221 us
	ray::rpc::InternalPubSubGcsService.grpc_client.GcsSubscriberCommandBatch - 1 total (0 active), Execution time: mean = 521.302 us, total = 521.302 us, Queueing time: mean = 0.000 s, max = -0.000 s, min = 9223372036.855 s, total = 0.000 s
	ray::rpc::InternalPubSubGcsService.grpc_client.GcsSubscriberCommandBatch.OnReplyReceived - 1 total (0 active), Execution time: mean = 158.175 us, total = 158.175 us, Queueing time: mean = 34.006 us, max = 34.006 us, min = 34.006 us, total = 34.006 us
	ray::rpc::WorkerInfoGcsService.grpc_client.AddWorkerInfo.OnReplyReceived - 1 total (0 active), Execution time: mean = 55.237 us, total = 55.237 us, Queueing time: mean = 26.336 us, max = 26.336 us, min = 26.336 us, total = 26.336 us
	ray::rpc::WorkerInfoGcsService.grpc_client.AddWorkerInfo - 1 total (0 active), Execution time: mean = 700.894 us, total = 700.894 us, Queueing time: mean = 0.000 s, max = -0.000 s, min = 9223372036.855 s, total = 0.000 s
	ray::rpc::NodeInfoGcsService.grpc_client.GetAllNodeInfo - 1 total (0 active), Execution time: mean = 494.108 us, total = 494.108 us, Queueing time: mean = 0.000 s, max = -0.000 s, min = 9223372036.855 s, total = 0.000 s

-----------------
Task Event stats:

IO Service Stats:

Global stats: 1441 total (1 active)
Queueing time: mean = 479.868 us, max = 50.921 ms, min = -0.015 s, total = 691.490 ms
Execution time:  mean = 292.100 us, total = 420.916 ms
Event stats:
	ray::rpc::TaskInfoGcsService.grpc_client.AddTaskEventData - 480 total (0 active), Execution time: mean = 687.636 us, total = 330.065 ms, Queueing time: mean = 0.000 s, max = -0.000 s, min = 9223372036.855 s, total = 0.000 s
	ray::rpc::TaskInfoGcsService.grpc_client.AddTaskEventData.OnReplyReceived - 480 total (0 active), Execution time: mean = 25.150 us, total = 12.072 ms, Queueing time: mean = 32.245 us, max = 171.623 us, min = 9.684 us, total = 15.478 ms
	CoreWorker.deadline_timer.flush_task_events - 480 total (1 active), Execution time: mean = 163.803 us, total = 78.625 ms, Queueing time: mean = 1.408 ms, max = 50.921 ms, min = -0.015 s, total = 675.986 ms
	PeriodicalRunner.RunFnPeriodically - 1 total (0 active), Execution time: mean = 153.881 us, total = 153.881 us, Queueing time: mean = 25.966 us, max = 25.966 us, min = 25.966 us, total = 25.966 us
Other Stats:
	grpc_in_progress:0
	current number of task status events in buffer: 0
	current number of profile events in buffer: 0
	current number of dropped task attempts tracked: 0
	total task events sent: 0 MiB
	total number of task attempts sent: 0
	total number of task attempts dropped reported: 0
	total number of sent failure: 0
	num status task events dropped: 0
	num profile task events dropped: 0


[2025-02-16 16:27:37,728 I 583 1610] core_worker.cc:642: Event stats:


Global stats: 7735 total (8 active)
Queueing time: mean = 177.724 us, max = 54.697 ms, min = -0.053 s, total = 1.375 s
Execution time:  mean = 65.047 us, total = 503.140 ms
Event stats:
	CoreWorker.RecoverObjects - 5388 total (1 active), Execution time: mean = 7.186 us, total = 38.719 ms, Queueing time: mean = 222.655 us, max = 6.621 ms, min = -0.015 s, total = 1.200 s
	CoreWorker.ExitIfParentRayletDies - 540 total (1 active), Execution time: mean = 9.528 us, total = 5.145 ms, Queueing time: mean = 184.609 us, max = 54.697 ms, min = -0.053 s, total = 99.689 ms
	CoreWorker.InternalHeartbeat - 540 total (1 active), Execution time: mean = 143.871 us, total = 77.690 ms, Queueing time: mean = 36.148 us, max = 53.185 ms, min = -0.053 s, total = 19.520 ms
	NodeManagerService.grpc_client.ReportWorkerBacklog.OnReplyReceived - 540 total (0 active), Execution time: mean = 16.973 us, total = 9.165 ms, Queueing time: mean = 44.661 us, max = 6.710 ms, min = 14.206 us, total = 24.117 ms
	NodeManagerService.grpc_client.ReportWorkerBacklog - 540 total (0 active), Execution time: mean = 676.333 us, total = 365.220 ms, Queueing time: mean = 0.000 s, max = -0.000 s, min = 9223372036.855 s, total = 0.000 s
	CoreWorker.RecordMetrics - 108 total (1 active), Execution time: mean = 21.326 us, total = 2.303 ms, Queueing time: mean = 84.688 us, max = 27.213 ms, min = -0.022 s, total = 9.146 ms
	CoreWorker.GCStreamingGeneratorMetadata - 54 total (1 active), Execution time: mean = 3.784 us, total = 204.342 us, Queueing time: mean = 59.058 us, max = 24.792 ms, min = -0.023 s, total = 3.189 ms
	CoreWorker.PrintEventStats - 9 total (1 active, 1 running), Execution time: mean = 231.961 us, total = 2.088 ms, Queueing time: mean = 1.355 ms, max = 15.548 ms, min = -0.020 s, total = 12.197 ms
	PeriodicalRunner.RunFnPeriodically - 7 total (0 active), Execution time: mean = 86.804 us, total = 607.626 us, Queueing time: mean = 247.518 us, max = 588.162 us, min = 36.496 us, total = 1.733 ms
	Publisher.CheckDeadSubscribers - 2 total (1 active), Execution time: mean = 2.765 us, total = 5.531 us, Queueing time: mean = 2.533 ms, max = 5.066 ms, min = 5.066 ms, total = 5.066 ms
	ray::rpc::InternalPubSubGcsService.grpc_client.GcsSubscriberPoll - 1 total (1 active), Execution time: mean = 0.000 s, total = 0.000 s, Queueing time: mean = 0.000 s, max = -0.000 s, min = 9223372036.855 s, total = 0.000 s
	ray::rpc::NodeInfoGcsService.grpc_client.GetAllNodeInfo.OnReplyReceived - 1 total (0 active), Execution time: mean = 62.985 us, total = 62.985 us, Queueing time: mean = 309.221 us, max = 309.221 us, min = 309.221 us, total = 309.221 us
	ray::rpc::InternalPubSubGcsService.grpc_client.GcsSubscriberCommandBatch - 1 total (0 active), Execution time: mean = 521.302 us, total = 521.302 us, Queueing time: mean = 0.000 s, max = -0.000 s, min = 9223372036.855 s, total = 0.000 s
	ray::rpc::InternalPubSubGcsService.grpc_client.GcsSubscriberCommandBatch.OnReplyReceived - 1 total (0 active), Execution time: mean = 158.175 us, total = 158.175 us, Queueing time: mean = 34.006 us, max = 34.006 us, min = 34.006 us, total = 34.006 us
	ray::rpc::WorkerInfoGcsService.grpc_client.AddWorkerInfo.OnReplyReceived - 1 total (0 active), Execution time: mean = 55.237 us, total = 55.237 us, Queueing time: mean = 26.336 us, max = 26.336 us, min = 26.336 us, total = 26.336 us
	ray::rpc::WorkerInfoGcsService.grpc_client.AddWorkerInfo - 1 total (0 active), Execution time: mean = 700.894 us, total = 700.894 us, Queueing time: mean = 0.000 s, max = -0.000 s, min = 9223372036.855 s, total = 0.000 s
	ray::rpc::NodeInfoGcsService.grpc_client.GetAllNodeInfo - 1 total (0 active), Execution time: mean = 494.108 us, total = 494.108 us, Queueing time: mean = 0.000 s, max = -0.000 s, min = 9223372036.855 s, total = 0.000 s

-----------------
Task Event stats:

IO Service Stats:

Global stats: 1621 total (1 active)
Queueing time: mean = 466.524 us, max = 54.199 ms, min = -0.015 s, total = 756.236 ms
Execution time:  mean = 294.794 us, total = 477.860 ms
Event stats:
	ray::rpc::TaskInfoGcsService.grpc_client.AddTaskEventData - 540 total (0 active), Execution time: mean = 692.892 us, total = 374.162 ms, Queueing time: mean = 0.000 s, max = -0.000 s, min = 9223372036.855 s, total = 0.000 s
	ray::rpc::TaskInfoGcsService.grpc_client.AddTaskEventData.OnReplyReceived - 540 total (0 active), Execution time: mean = 25.218 us, total = 13.618 ms, Queueing time: mean = 32.280 us, max = 171.623 us, min = 9.684 us, total = 17.431 ms
	CoreWorker.deadline_timer.flush_task_events - 540 total (1 active), Execution time: mean = 166.532 us, total = 89.927 ms, Queueing time: mean = 1.368 ms, max = 54.199 ms, min = -0.015 s, total = 738.778 ms
	PeriodicalRunner.RunFnPeriodically - 1 total (0 active), Execution time: mean = 153.881 us, total = 153.881 us, Queueing time: mean = 25.966 us, max = 25.966 us, min = 25.966 us, total = 25.966 us
Other Stats:
	grpc_in_progress:0
	current number of task status events in buffer: 0
	current number of profile events in buffer: 0
	current number of dropped task attempts tracked: 0
	total task events sent: 0 MiB
	total number of task attempts sent: 0
	total number of task attempts dropped reported: 0
	total number of sent failure: 0
	num status task events dropped: 0
	num profile task events dropped: 0


[2025-02-16 16:28:37,729 I 583 1610] core_worker.cc:642: Event stats:


Global stats: 8596 total (8 active)
Queueing time: mean = 204.731 us, max = 54.697 ms, min = -0.053 s, total = 1.760 s
Execution time:  mean = 69.716 ms, total = 599.279 s
Event stats:
	CoreWorker.RecoverObjects - 5987 total (1 active), Execution time: mean = 7.069 us, total = 42.322 ms, Queueing time: mean = 218.878 us, max = 6.621 ms, min = -0.034 s, total = 1.310 s
	CoreWorker.ExitIfParentRayletDies - 600 total (1 active), Execution time: mean = 9.326 us, total = 5.596 ms, Queueing time: mean = 405.181 us, max = 54.697 ms, min = -0.053 s, total = 243.108 ms
	CoreWorker.InternalHeartbeat - 600 total (1 active), Execution time: mean = 145.194 us, total = 87.116 ms, Queueing time: mean = 256.481 us, max = 53.185 ms, min = -0.053 s, total = 153.889 ms
	NodeManagerService.grpc_client.ReportWorkerBacklog.OnReplyReceived - 600 total (0 active), Execution time: mean = 17.190 us, total = 10.314 ms, Queueing time: mean = 44.436 us, max = 6.710 ms, min = 14.206 us, total = 26.662 ms
	NodeManagerService.grpc_client.ReportWorkerBacklog - 600 total (0 active), Execution time: mean = 684.292 us, total = 410.575 ms, Queueing time: mean = 0.000 s, max = -0.000 s, min = 9223372036.855 s, total = 0.000 s
	CoreWorker.RecordMetrics - 120 total (1 active), Execution time: mean = 21.390 us, total = 2.567 ms, Queueing time: mean = 80.932 us, max = 27.213 ms, min = -0.022 s, total = 9.712 ms
	CoreWorker.GCStreamingGeneratorMetadata - 60 total (1 active), Execution time: mean = 3.769 us, total = 226.137 us, Queueing time: mean = 62.927 us, max = 24.792 ms, min = -0.023 s, total = 3.776 ms
	CoreWorker.PrintEventStats - 10 total (1 active, 1 running), Execution time: mean = 237.409 us, total = 2.374 ms, Queueing time: mean = -0.000 s, max = 15.548 ms, min = -0.020 s, total = -0.002 s
	PeriodicalRunner.RunFnPeriodically - 7 total (0 active), Execution time: mean = 86.804 us, total = 607.626 us, Queueing time: mean = 247.518 us, max = 588.162 us, min = 36.496 us, total = 1.733 ms
	Publisher.CheckDeadSubscribers - 3 total (1 active), Execution time: mean = 3.877 us, total = 11.632 us, Queueing time: mean = 3.936 ms, max = 6.743 ms, min = 5.066 ms, total = 11.809 ms
	ray::rpc::InternalPubSubGcsService.grpc_client.GcsSubscriberPoll - 2 total (1 active), Execution time: mean = 299.357 s, total = 598.715 s, Queueing time: mean = 0.000 s, max = -0.000 s, min = 9223372036.855 s, total = 0.000 s
	ray::rpc::NodeInfoGcsService.grpc_client.GetAllNodeInfo.OnReplyReceived - 1 total (0 active), Execution time: mean = 62.985 us, total = 62.985 us, Queueing time: mean = 309.221 us, max = 309.221 us, min = 309.221 us, total = 309.221 us
	ray::rpc::InternalPubSubGcsService.grpc_client.GcsSubscriberCommandBatch - 1 total (0 active), Execution time: mean = 521.302 us, total = 521.302 us, Queueing time: mean = 0.000 s, max = -0.000 s, min = 9223372036.855 s, total = 0.000 s
	ray::rpc::InternalPubSubGcsService.grpc_client.GcsSubscriberCommandBatch.OnReplyReceived - 1 total (0 active), Execution time: mean = 158.175 us, total = 158.175 us, Queueing time: mean = 34.006 us, max = 34.006 us, min = 34.006 us, total = 34.006 us
	ray::rpc::InternalPubSubGcsService.grpc_client.GcsSubscriberPoll.OnReplyReceived - 1 total (0 active), Execution time: mean = 127.151 us, total = 127.151 us, Queueing time: mean = 32.855 us, max = 32.855 us, min = 32.855 us, total = 32.855 us
	ray::rpc::WorkerInfoGcsService.grpc_client.AddWorkerInfo.OnReplyReceived - 1 total (0 active), Execution time: mean = 55.237 us, total = 55.237 us, Queueing time: mean = 26.336 us, max = 26.336 us, min = 26.336 us, total = 26.336 us
	ray::rpc::WorkerInfoGcsService.grpc_client.AddWorkerInfo - 1 total (0 active), Execution time: mean = 700.894 us, total = 700.894 us, Queueing time: mean = 0.000 s, max = -0.000 s, min = 9223372036.855 s, total = 0.000 s
	ray::rpc::NodeInfoGcsService.grpc_client.GetAllNodeInfo - 1 total (0 active), Execution time: mean = 494.108 us, total = 494.108 us, Queueing time: mean = 0.000 s, max = -0.000 s, min = 9223372036.855 s, total = 0.000 s

-----------------
Task Event stats:

IO Service Stats:

Global stats: 1801 total (1 active)
Queueing time: mean = 478.421 us, max = 54.199 ms, min = -0.015 s, total = 861.636 ms
Execution time:  mean = 298.021 us, total = 536.737 ms
Event stats:
	ray::rpc::TaskInfoGcsService.grpc_client.AddTaskEventData - 600 total (0 active), Execution time: mean = 699.750 us, total = 419.850 ms, Queueing time: mean = 0.000 s, max = -0.000 s, min = 9223372036.855 s, total = 0.000 s
	ray::rpc::TaskInfoGcsService.grpc_client.AddTaskEventData.OnReplyReceived - 600 total (0 active), Execution time: mean = 25.395 us, total = 15.237 ms, Queueing time: mean = 32.228 us, max = 171.623 us, min = 9.684 us, total = 19.337 ms
	CoreWorker.deadline_timer.flush_task_events - 600 total (1 active), Execution time: mean = 169.160 us, total = 101.496 ms, Queueing time: mean = 1.404 ms, max = 54.199 ms, min = -0.015 s, total = 842.273 ms
	PeriodicalRunner.RunFnPeriodically - 1 total (0 active), Execution time: mean = 153.881 us, total = 153.881 us, Queueing time: mean = 25.966 us, max = 25.966 us, min = 25.966 us, total = 25.966 us
Other Stats:
	grpc_in_progress:0
	current number of task status events in buffer: 0
	current number of profile events in buffer: 0
	current number of dropped task attempts tracked: 0
	total task events sent: 0 MiB
	total number of task attempts sent: 0
	total number of task attempts dropped reported: 0
	total number of sent failure: 0
	num status task events dropped: 0
	num profile task events dropped: 0


[2025-02-16 16:29:37,729 I 583 1610] core_worker.cc:642: Event stats:


Global stats: 9454 total (8 active)
Queueing time: mean = 213.634 us, max = 54.697 ms, min = -0.053 s, total = 2.020 s
Execution time:  mean = 63.394 ms, total = 599.330 s
Event stats:
	CoreWorker.RecoverObjects - 6586 total (1 active), Execution time: mean = 7.002 us, total = 46.113 ms, Queueing time: mean = 214.369 us, max = 7.873 ms, min = -0.036 s, total = 1.412 s
	CoreWorker.ExitIfParentRayletDies - 660 total (1 active), Execution time: mean = 9.184 us, total = 6.062 ms, Queueing time: mean = 480.635 us, max = 54.697 ms, min = -0.053 s, total = 317.219 ms
	CoreWorker.InternalHeartbeat - 660 total (1 active), Execution time: mean = 143.595 us, total = 94.773 ms, Queueing time: mean = 334.311 us, max = 53.185 ms, min = -0.053 s, total = 220.646 ms
	NodeManagerService.grpc_client.ReportWorkerBacklog.OnReplyReceived - 660 total (0 active), Execution time: mean = 17.160 us, total = 11.326 ms, Queueing time: mean = 43.285 us, max = 6.710 ms, min = 14.206 us, total = 28.568 ms
	NodeManagerService.grpc_client.ReportWorkerBacklog - 660 total (0 active), Execution time: mean = 679.763 us, total = 448.644 ms, Queueing time: mean = 0.000 s, max = -0.000 s, min = 9223372036.855 s, total = 0.000 s
	CoreWorker.RecordMetrics - 132 total (1 active), Execution time: mean = 21.697 us, total = 2.864 ms, Queueing time: mean = 79.091 us, max = 27.213 ms, min = -0.022 s, total = 10.440 ms
	CoreWorker.GCStreamingGeneratorMetadata - 66 total (1 active), Execution time: mean = 3.786 us, total = 249.855 us, Queueing time: mean = 68.704 us, max = 24.792 ms, min = -0.023 s, total = 4.534 ms
	CoreWorker.PrintEventStats - 11 total (1 active, 1 running), Execution time: mean = 244.841 us, total = 2.693 ms, Queueing time: mean = 1.138 ms, max = 15.548 ms, min = -0.020 s, total = 12.513 ms
	PeriodicalRunner.RunFnPeriodically - 7 total (0 active), Execution time: mean = 86.804 us, total = 607.626 us, Queueing time: mean = 247.518 us, max = 588.162 us, min = 36.496 us, total = 1.733 ms
	Publisher.CheckDeadSubscribers - 3 total (1 active), Execution time: mean = 3.877 us, total = 11.632 us, Queueing time: mean = 3.936 ms, max = 6.743 ms, min = 5.066 ms, total = 11.809 ms
	ray::rpc::InternalPubSubGcsService.grpc_client.GcsSubscriberPoll - 2 total (1 active), Execution time: mean = 299.357 s, total = 598.715 s, Queueing time: mean = 0.000 s, max = -0.000 s, min = 9223372036.855 s, total = 0.000 s
	ray::rpc::NodeInfoGcsService.grpc_client.GetAllNodeInfo.OnReplyReceived - 1 total (0 active), Execution time: mean = 62.985 us, total = 62.985 us, Queueing time: mean = 309.221 us, max = 309.221 us, min = 309.221 us, total = 309.221 us
	ray::rpc::InternalPubSubGcsService.grpc_client.GcsSubscriberCommandBatch - 1 total (0 active), Execution time: mean = 521.302 us, total = 521.302 us, Queueing time: mean = 0.000 s, max = -0.000 s, min = 9223372036.855 s, total = 0.000 s
	ray::rpc::InternalPubSubGcsService.grpc_client.GcsSubscriberCommandBatch.OnReplyReceived - 1 total (0 active), Execution time: mean = 158.175 us, total = 158.175 us, Queueing time: mean = 34.006 us, max = 34.006 us, min = 34.006 us, total = 34.006 us
	ray::rpc::InternalPubSubGcsService.grpc_client.GcsSubscriberPoll.OnReplyReceived - 1 total (0 active), Execution time: mean = 127.151 us, total = 127.151 us, Queueing time: mean = 32.855 us, max = 32.855 us, min = 32.855 us, total = 32.855 us
	ray::rpc::WorkerInfoGcsService.grpc_client.AddWorkerInfo.OnReplyReceived - 1 total (0 active), Execution time: mean = 55.237 us, total = 55.237 us, Queueing time: mean = 26.336 us, max = 26.336 us, min = 26.336 us, total = 26.336 us
	ray::rpc::WorkerInfoGcsService.grpc_client.AddWorkerInfo - 1 total (0 active), Execution time: mean = 700.894 us, total = 700.894 us, Queueing time: mean = 0.000 s, max = -0.000 s, min = 9223372036.855 s, total = 0.000 s
	ray::rpc::NodeInfoGcsService.grpc_client.GetAllNodeInfo - 1 total (0 active), Execution time: mean = 494.108 us, total = 494.108 us, Queueing time: mean = 0.000 s, max = -0.000 s, min = 9223372036.855 s, total = 0.000 s

-----------------
Task Event stats:

IO Service Stats:

Global stats: 1978 total (1 active)
Queueing time: mean = 468.011 us, max = 54.199 ms, min = -0.015 s, total = 925.726 ms
Execution time:  mean = 301.935 us, total = 597.228 ms
Event stats:
	ray::rpc::TaskInfoGcsService.grpc_client.AddTaskEventData - 659 total (0 active), Execution time: mean = 709.903 us, total = 467.826 ms, Queueing time: mean = 0.000 s, max = -0.000 s, min = 9223372036.855 s, total = 0.000 s
	ray::rpc::TaskInfoGcsService.grpc_client.AddTaskEventData.OnReplyReceived - 659 total (0 active), Execution time: mean = 25.496 us, total = 16.802 ms, Queueing time: mean = 39.950 us, max = 4.958 ms, min = 9.249 us, total = 26.327 ms
	CoreWorker.deadline_timer.flush_task_events - 659 total (1 active), Execution time: mean = 170.632 us, total = 112.447 ms, Queueing time: mean = 1.365 ms, max = 54.199 ms, min = -0.015 s, total = 899.373 ms
	PeriodicalRunner.RunFnPeriodically - 1 total (0 active), Execution time: mean = 153.881 us, total = 153.881 us, Queueing time: mean = 25.966 us, max = 25.966 us, min = 25.966 us, total = 25.966 us
Other Stats:
	grpc_in_progress:0
	current number of task status events in buffer: 0
	current number of profile events in buffer: 0
	current number of dropped task attempts tracked: 0
	total task events sent: 0 MiB
	total number of task attempts sent: 0
	total number of task attempts dropped reported: 0
	total number of sent failure: 0
	num status task events dropped: 0
	num profile task events dropped: 0


[2025-02-16 16:30:37,729 I 583 1610] core_worker.cc:642: Event stats:


Global stats: 10312 total (8 active)
Queueing time: mean = 214.244 us, max = 54.697 ms, min = -0.053 s, total = 2.209 s
Execution time:  mean = 58.124 ms, total = 599.379 s
Event stats:
	CoreWorker.RecoverObjects - 7185 total (1 active), Execution time: mean = 6.986 us, total = 50.194 ms, Queueing time: mean = 204.998 us, max = 10.003 ms, min = -0.036 s, total = 1.473 s
	CoreWorker.ExitIfParentRayletDies - 720 total (1 active), Execution time: mean = 9.135 us, total = 6.577 ms, Queueing time: mean = 531.739 us, max = 54.697 ms, min = -0.053 s, total = 382.852 ms
	CoreWorker.InternalHeartbeat - 720 total (1 active), Execution time: mean = 140.912 us, total = 101.457 ms, Queueing time: mean = 389.170 us, max = 53.185 ms, min = -0.053 s, total = 280.202 ms
	NodeManagerService.grpc_client.ReportWorkerBacklog.OnReplyReceived - 720 total (0 active), Execution time: mean = 17.036 us, total = 12.266 ms, Queueing time: mean = 47.837 us, max = 6.710 ms, min = 14.206 us, total = 34.443 ms
	NodeManagerService.grpc_client.ReportWorkerBacklog - 720 total (0 active), Execution time: mean = 672.794 us, total = 484.412 ms, Queueing time: mean = 0.000 s, max = -0.000 s, min = 9223372036.855 s, total = 0.000 s
	CoreWorker.RecordMetrics - 144 total (1 active), Execution time: mean = 21.852 us, total = 3.147 ms, Queueing time: mean = 76.901 us, max = 27.213 ms, min = -0.022 s, total = 11.074 ms
	CoreWorker.GCStreamingGeneratorMetadata - 72 total (1 active), Execution time: mean = 3.763 us, total = 270.912 us, Queueing time: mean = 62.493 us, max = 24.792 ms, min = -0.023 s, total = 4.499 ms
	CoreWorker.PrintEventStats - 12 total (1 active, 1 running), Execution time: mean = 245.450 us, total = 2.945 ms, Queueing time: mean = 779.520 us, max = 15.548 ms, min = -0.020 s, total = 9.354 ms
	PeriodicalRunner.RunFnPeriodically - 7 total (0 active), Execution time: mean = 86.804 us, total = 607.626 us, Queueing time: mean = 247.518 us, max = 588.162 us, min = 36.496 us, total = 1.733 ms
	Publisher.CheckDeadSubscribers - 3 total (1 active), Execution time: mean = 3.877 us, total = 11.632 us, Queueing time: mean = 3.936 ms, max = 6.743 ms, min = 5.066 ms, total = 11.809 ms
	ray::rpc::InternalPubSubGcsService.grpc_client.GcsSubscriberPoll - 2 total (1 active), Execution time: mean = 299.357 s, total = 598.715 s, Queueing time: mean = 0.000 s, max = -0.000 s, min = 9223372036.855 s, total = 0.000 s
	ray::rpc::NodeInfoGcsService.grpc_client.GetAllNodeInfo.OnReplyReceived - 1 total (0 active), Execution time: mean = 62.985 us, total = 62.985 us, Queueing time: mean = 309.221 us, max = 309.221 us, min = 309.221 us, total = 309.221 us
	ray::rpc::InternalPubSubGcsService.grpc_client.GcsSubscriberCommandBatch - 1 total (0 active), Execution time: mean = 521.302 us, total = 521.302 us, Queueing time: mean = 0.000 s, max = -0.000 s, min = 9223372036.855 s, total = 0.000 s
	ray::rpc::InternalPubSubGcsService.grpc_client.GcsSubscriberCommandBatch.OnReplyReceived - 1 total (0 active), Execution time: mean = 158.175 us, total = 158.175 us, Queueing time: mean = 34.006 us, max = 34.006 us, min = 34.006 us, total = 34.006 us
	ray::rpc::InternalPubSubGcsService.grpc_client.GcsSubscriberPoll.OnReplyReceived - 1 total (0 active), Execution time: mean = 127.151 us, total = 127.151 us, Queueing time: mean = 32.855 us, max = 32.855 us, min = 32.855 us, total = 32.855 us
	ray::rpc::WorkerInfoGcsService.grpc_client.AddWorkerInfo.OnReplyReceived - 1 total (0 active), Execution time: mean = 55.237 us, total = 55.237 us, Queueing time: mean = 26.336 us, max = 26.336 us, min = 26.336 us, total = 26.336 us
	ray::rpc::WorkerInfoGcsService.grpc_client.AddWorkerInfo - 1 total (0 active), Execution time: mean = 700.894 us, total = 700.894 us, Queueing time: mean = 0.000 s, max = -0.000 s, min = 9223372036.855 s, total = 0.000 s
	ray::rpc::NodeInfoGcsService.grpc_client.GetAllNodeInfo - 1 total (0 active), Execution time: mean = 494.108 us, total = 494.108 us, Queueing time: mean = 0.000 s, max = -0.000 s, min = 9223372036.855 s, total = 0.000 s

-----------------
Task Event stats:

IO Service Stats:

Global stats: 2158 total (1 active)
Queueing time: mean = 458.300 us, max = 54.199 ms, min = -0.015 s, total = 989.012 ms
Execution time:  mean = 303.442 us, total = 654.827 ms
Event stats:
	ray::rpc::TaskInfoGcsService.grpc_client.AddTaskEventData - 719 total (0 active), Execution time: mean = 711.974 us, total = 511.909 ms, Queueing time: mean = 0.000 s, max = -0.000 s, min = 9223372036.855 s, total = 0.000 s
	ray::rpc::TaskInfoGcsService.grpc_client.AddTaskEventData.OnReplyReceived - 719 total (0 active), Execution time: mean = 25.960 us, total = 18.665 ms, Queueing time: mean = 44.971 us, max = 4.958 ms, min = 9.249 us, total = 32.334 ms
	CoreWorker.deadline_timer.flush_task_events - 719 total (1 active), Execution time: mean = 172.599 us, total = 124.099 ms, Queueing time: mean = 1.331 ms, max = 54.199 ms, min = -0.015 s, total = 956.652 ms
	PeriodicalRunner.RunFnPeriodically - 1 total (0 active), Execution time: mean = 153.881 us, total = 153.881 us, Queueing time: mean = 25.966 us, max = 25.966 us, min = 25.966 us, total = 25.966 us
Other Stats:
	grpc_in_progress:0
	current number of task status events in buffer: 0
	current number of profile events in buffer: 0
	current number of dropped task attempts tracked: 0
	total task events sent: 0 MiB
	total number of task attempts sent: 0
	total number of task attempts dropped reported: 0
	total number of sent failure: 0
	num status task events dropped: 0
	num profile task events dropped: 0


[2025-02-16 16:31:37,730 I 583 1610] core_worker.cc:642: Event stats:


Global stats: 11170 total (8 active)
Queueing time: mean = 235.862 us, max = 54.697 ms, min = -0.053 s, total = 2.635 s
Execution time:  mean = 53.665 ms, total = 599.440 s
Event stats:
	CoreWorker.RecoverObjects - 7784 total (1 active), Execution time: mean = 6.914 us, total = 53.821 ms, Queueing time: mean = 208.268 us, max = 10.003 ms, min = -0.036 s, total = 1.621 s
	CoreWorker.ExitIfParentRayletDies - 780 total (1 active), Execution time: mean = 9.175 us, total = 7.156 ms, Queueing time: mean = 692.879 us, max = 54.697 ms, min = -0.053 s, total = 540.446 ms
	CoreWorker.InternalHeartbeat - 780 total (1 active), Execution time: mean = 142.264 us, total = 110.966 ms, Queueing time: mean = 550.019 us, max = 53.185 ms, min = -0.053 s, total = 429.015 ms
	NodeManagerService.grpc_client.ReportWorkerBacklog.OnReplyReceived - 780 total (0 active), Execution time: mean = 17.310 us, total = 13.502 ms, Queueing time: mean = 47.576 us, max = 6.710 ms, min = 14.206 us, total = 37.110 ms
	NodeManagerService.grpc_client.ReportWorkerBacklog - 780 total (0 active), Execution time: mean = 679.152 us, total = 529.739 ms, Queueing time: mean = 0.000 s, max = -0.000 s, min = 9223372036.855 s, total = 0.000 s
	CoreWorker.RecordMetrics - 156 total (1 active), Execution time: mean = 21.921 us, total = 3.420 ms, Queueing time: mean = 86.547 us, max = 32.129 ms, min = -0.026 s, total = 13.501 ms
	CoreWorker.GCStreamingGeneratorMetadata - 78 total (1 active), Execution time: mean = 3.734 us, total = 291.272 us, Queueing time: mean = 62.925 us, max = 29.621 ms, min = -0.027 s, total = 4.908 ms
	CoreWorker.PrintEventStats - 13 total (1 active, 1 running), Execution time: mean = 247.047 us, total = 3.212 ms, Queueing time: mean = -0.002 s, max = 15.548 ms, min = -0.035 s, total = -0.026 s
	PeriodicalRunner.RunFnPeriodically - 7 total (0 active), Execution time: mean = 86.804 us, total = 607.626 us, Queueing time: mean = 247.518 us, max = 588.162 us, min = 36.496 us, total = 1.733 ms
	Publisher.CheckDeadSubscribers - 3 total (1 active), Execution time: mean = 3.877 us, total = 11.632 us, Queueing time: mean = 3.936 ms, max = 6.743 ms, min = 5.066 ms, total = 11.809 ms
	ray::rpc::InternalPubSubGcsService.grpc_client.GcsSubscriberPoll - 2 total (1 active), Execution time: mean = 299.357 s, total = 598.715 s, Queueing time: mean = 0.000 s, max = -0.000 s, min = 9223372036.855 s, total = 0.000 s
	ray::rpc::NodeInfoGcsService.grpc_client.GetAllNodeInfo.OnReplyReceived - 1 total (0 active), Execution time: mean = 62.985 us, total = 62.985 us, Queueing time: mean = 309.221 us, max = 309.221 us, min = 309.221 us, total = 309.221 us
	ray::rpc::InternalPubSubGcsService.grpc_client.GcsSubscriberCommandBatch - 1 total (0 active), Execution time: mean = 521.302 us, total = 521.302 us, Queueing time: mean = 0.000 s, max = -0.000 s, min = 9223372036.855 s, total = 0.000 s
	ray::rpc::InternalPubSubGcsService.grpc_client.GcsSubscriberCommandBatch.OnReplyReceived - 1 total (0 active), Execution time: mean = 158.175 us, total = 158.175 us, Queueing time: mean = 34.006 us, max = 34.006 us, min = 34.006 us, total = 34.006 us
	ray::rpc::InternalPubSubGcsService.grpc_client.GcsSubscriberPoll.OnReplyReceived - 1 total (0 active), Execution time: mean = 127.151 us, total = 127.151 us, Queueing time: mean = 32.855 us, max = 32.855 us, min = 32.855 us, total = 32.855 us
	ray::rpc::WorkerInfoGcsService.grpc_client.AddWorkerInfo.OnReplyReceived - 1 total (0 active), Execution time: mean = 55.237 us, total = 55.237 us, Queueing time: mean = 26.336 us, max = 26.336 us, min = 26.336 us, total = 26.336 us
	ray::rpc::WorkerInfoGcsService.grpc_client.AddWorkerInfo - 1 total (0 active), Execution time: mean = 700.894 us, total = 700.894 us, Queueing time: mean = 0.000 s, max = -0.000 s, min = 9223372036.855 s, total = 0.000 s
	ray::rpc::NodeInfoGcsService.grpc_client.GetAllNodeInfo - 1 total (0 active), Execution time: mean = 494.108 us, total = 494.108 us, Queueing time: mean = 0.000 s, max = -0.000 s, min = 9223372036.855 s, total = 0.000 s

-----------------
Task Event stats:

IO Service Stats:

Global stats: 2338 total (1 active)
Queueing time: mean = 485.850 us, max = 54.199 ms, min = -0.015 s, total = 1.136 s
Execution time:  mean = 307.236 us, total = 718.317 ms
Event stats:
	ray::rpc::TaskInfoGcsService.grpc_client.AddTaskEventData - 779 total (0 active), Execution time: mean = 721.694 us, total = 562.200 ms, Queueing time: mean = 0.000 s, max = -0.000 s, min = 9223372036.855 s, total = 0.000 s
	ray::rpc::TaskInfoGcsService.grpc_client.AddTaskEventData.OnReplyReceived - 779 total (0 active), Execution time: mean = 26.221 us, total = 20.427 ms, Queueing time: mean = 44.107 us, max = 4.958 ms, min = 9.249 us, total = 34.359 ms
	CoreWorker.deadline_timer.flush_task_events - 779 total (1 active), Execution time: mean = 173.989 us, total = 135.537 ms, Queueing time: mean = 1.414 ms, max = 54.199 ms, min = -0.015 s, total = 1.102 s
	PeriodicalRunner.RunFnPeriodically - 1 total (0 active), Execution time: mean = 153.881 us, total = 153.881 us, Queueing time: mean = 25.966 us, max = 25.966 us, min = 25.966 us, total = 25.966 us
Other Stats:
	grpc_in_progress:0
	current number of task status events in buffer: 0
	current number of profile events in buffer: 0
	current number of dropped task attempts tracked: 0
	total task events sent: 0 MiB
	total number of task attempts sent: 0
	total number of task attempts dropped reported: 0
	total number of sent failure: 0
	num status task events dropped: 0
	num profile task events dropped: 0


[2025-02-16 16:32:37,730 I 583 1610] core_worker.cc:642: Event stats:


Global stats: 12028 total (8 active)
Queueing time: mean = 245.503 us, max = 63.178 ms, min = -0.056 s, total = 2.953 s
Execution time:  mean = 49.843 ms, total = 599.513 s
Event stats:
	CoreWorker.RecoverObjects - 8383 total (1 active), Execution time: mean = 6.893 us, total = 57.786 ms, Queueing time: mean = 206.575 us, max = 30.392 ms, min = -0.056 s, total = 1.732 s
	CoreWorker.ExitIfParentRayletDies - 840 total (1 active), Execution time: mean = 9.214 us, total = 7.740 ms, Queueing time: mean = 744.422 us, max = 63.178 ms, min = -0.053 s, total = 625.314 ms
	CoreWorker.InternalHeartbeat - 840 total (1 active), Execution time: mean = 144.085 us, total = 121.032 ms, Queueing time: mean = 600.547 us, max = 63.108 ms, min = -0.053 s, total = 504.460 ms
	NodeManagerService.grpc_client.ReportWorkerBacklog.OnReplyReceived - 840 total (0 active), Execution time: mean = 17.709 us, total = 14.876 ms, Queueing time: mean = 47.465 us, max = 6.710 ms, min = 14.206 us, total = 39.871 ms
	NodeManagerService.grpc_client.ReportWorkerBacklog - 840 total (0 active), Execution time: mean = 697.946 us, total = 586.275 ms, Queueing time: mean = 0.000 s, max = -0.000 s, min = 9223372036.855 s, total = 0.000 s
	CoreWorker.RecordMetrics - 168 total (1 active), Execution time: mean = 22.144 us, total = 3.720 ms, Queueing time: mean = 84.425 us, max = 60.909 ms, min = -0.055 s, total = 14.183 ms
	CoreWorker.GCStreamingGeneratorMetadata - 84 total (1 active), Execution time: mean = 3.907 us, total = 328.157 us, Queueing time: mean = 66.902 us, max = 58.721 ms, min = -0.056 s, total = 5.620 ms
	CoreWorker.PrintEventStats - 14 total (1 active, 1 running), Execution time: mean = 247.847 us, total = 3.470 ms, Queueing time: mean = 1.271 ms, max = 43.301 ms, min = -0.035 s, total = 17.800 ms
	PeriodicalRunner.RunFnPeriodically - 7 total (0 active), Execution time: mean = 86.804 us, total = 607.626 us, Queueing time: mean = 247.518 us, max = 588.162 us, min = 36.496 us, total = 1.733 ms
	Publisher.CheckDeadSubscribers - 3 total (1 active), Execution time: mean = 3.877 us, total = 11.632 us, Queueing time: mean = 3.936 ms, max = 6.743 ms, min = 5.066 ms, total = 11.809 ms
	ray::rpc::InternalPubSubGcsService.grpc_client.GcsSubscriberPoll - 2 total (1 active), Execution time: mean = 299.357 s, total = 598.715 s, Queueing time: mean = 0.000 s, max = -0.000 s, min = 9223372036.855 s, total = 0.000 s
	ray::rpc::NodeInfoGcsService.grpc_client.GetAllNodeInfo.OnReplyReceived - 1 total (0 active), Execution time: mean = 62.985 us, total = 62.985 us, Queueing time: mean = 309.221 us, max = 309.221 us, min = 309.221 us, total = 309.221 us
	ray::rpc::InternalPubSubGcsService.grpc_client.GcsSubscriberCommandBatch - 1 total (0 active), Execution time: mean = 521.302 us, total = 521.302 us, Queueing time: mean = 0.000 s, max = -0.000 s, min = 9223372036.855 s, total = 0.000 s
	ray::rpc::InternalPubSubGcsService.grpc_client.GcsSubscriberCommandBatch.OnReplyReceived - 1 total (0 active), Execution time: mean = 158.175 us, total = 158.175 us, Queueing time: mean = 34.006 us, max = 34.006 us, min = 34.006 us, total = 34.006 us
	ray::rpc::InternalPubSubGcsService.grpc_client.GcsSubscriberPoll.OnReplyReceived - 1 total (0 active), Execution time: mean = 127.151 us, total = 127.151 us, Queueing time: mean = 32.855 us, max = 32.855 us, min = 32.855 us, total = 32.855 us
	ray::rpc::WorkerInfoGcsService.grpc_client.AddWorkerInfo.OnReplyReceived - 1 total (0 active), Execution time: mean = 55.237 us, total = 55.237 us, Queueing time: mean = 26.336 us, max = 26.336 us, min = 26.336 us, total = 26.336 us
	ray::rpc::WorkerInfoGcsService.grpc_client.AddWorkerInfo - 1 total (0 active), Execution time: mean = 700.894 us, total = 700.894 us, Queueing time: mean = 0.000 s, max = -0.000 s, min = 9223372036.855 s, total = 0.000 s
	ray::rpc::NodeInfoGcsService.grpc_client.GetAllNodeInfo - 1 total (0 active), Execution time: mean = 494.108 us, total = 494.108 us, Queueing time: mean = 0.000 s, max = -0.000 s, min = 9223372036.855 s, total = 0.000 s

-----------------
Task Event stats:

IO Service Stats:

Global stats: 2518 total (1 active)
Queueing time: mean = 478.836 us, max = 64.447 ms, min = -0.016 s, total = 1.206 s
Execution time:  mean = 316.279 us, total = 796.391 ms
Event stats:
	ray::rpc::TaskInfoGcsService.grpc_client.AddTaskEventData - 839 total (0 active), Execution time: mean = 739.735 us, total = 620.638 ms, Queueing time: mean = 0.000 s, max = -0.000 s, min = 9223372036.855 s, total = 0.000 s
	ray::rpc::TaskInfoGcsService.grpc_client.AddTaskEventData.OnReplyReceived - 839 total (0 active), Execution time: mean = 33.576 us, total = 28.170 ms, Queueing time: mean = 43.816 us, max = 4.958 ms, min = 9.249 us, total = 36.761 ms
	CoreWorker.deadline_timer.flush_task_events - 839 total (1 active), Execution time: mean = 175.719 us, total = 147.428 ms, Queueing time: mean = 1.393 ms, max = 64.447 ms, min = -0.016 s, total = 1.169 s
	PeriodicalRunner.RunFnPeriodically - 1 total (0 active), Execution time: mean = 153.881 us, total = 153.881 us, Queueing time: mean = 25.966 us, max = 25.966 us, min = 25.966 us, total = 25.966 us
Other Stats:
	grpc_in_progress:0
	current number of task status events in buffer: 0
	current number of profile events in buffer: 0
	current number of dropped task attempts tracked: 0
	total task events sent: 0 MiB
	total number of task attempts sent: 0
	total number of task attempts dropped reported: 0
	total number of sent failure: 0
	num status task events dropped: 0
	num profile task events dropped: 0


[2025-02-16 16:33:37,731 I 583 1610] core_worker.cc:642: Event stats:


Global stats: 12889 total (8 active)
Queueing time: mean = 259.554 us, max = 63.178 ms, min = -0.056 s, total = 3.345 s
Execution time:  mean = 69.833 ms, total = 900.072 s
Event stats:
	CoreWorker.RecoverObjects - 8982 total (1 active), Execution time: mean = 6.882 us, total = 61.818 ms, Queueing time: mean = 205.284 us, max = 30.392 ms, min = -0.056 s, total = 1.844 s
	CoreWorker.ExitIfParentRayletDies - 900 total (1 active), Execution time: mean = 9.154 us, total = 8.238 ms, Queueing time: mean = 866.623 us, max = 63.178 ms, min = -0.053 s, total = 779.960 ms
	CoreWorker.InternalHeartbeat - 900 total (1 active), Execution time: mean = 142.738 us, total = 128.464 ms, Queueing time: mean = 724.409 us, max = 63.108 ms, min = -0.053 s, total = 651.968 ms
	NodeManagerService.grpc_client.ReportWorkerBacklog.OnReplyReceived - 900 total (0 active), Execution time: mean = 17.721 us, total = 15.949 ms, Queueing time: mean = 46.866 us, max = 6.710 ms, min = 14.206 us, total = 42.179 ms
	NodeManagerService.grpc_client.ReportWorkerBacklog - 900 total (0 active), Execution time: mean = 693.533 us, total = 624.180 ms, Queueing time: mean = 0.000 s, max = -0.000 s, min = 9223372036.855 s, total = 0.000 s
	CoreWorker.RecordMetrics - 180 total (1 active), Execution time: mean = 22.427 us, total = 4.037 ms, Queueing time: mean = 81.557 us, max = 60.909 ms, min = -0.055 s, total = 14.680 ms
	CoreWorker.GCStreamingGeneratorMetadata - 90 total (1 active), Execution time: mean = 3.957 us, total = 356.103 us, Queueing time: mean = 66.429 us, max = 58.721 ms, min = -0.056 s, total = 5.979 ms
	CoreWorker.PrintEventStats - 15 total (1 active, 1 running), Execution time: mean = 260.218 us, total = 3.903 ms, Queueing time: mean = -0.001 s, max = 43.301 ms, min = -0.035 s, total = -0.017 s
	PeriodicalRunner.RunFnPeriodically - 7 total (0 active), Execution time: mean = 86.804 us, total = 607.626 us, Queueing time: mean = 247.518 us, max = 588.162 us, min = 36.496 us, total = 1.733 ms
	Publisher.CheckDeadSubscribers - 4 total (1 active), Execution time: mean = 4.537 us, total = 18.146 us, Queueing time: mean = 5.303 ms, max = 9.403 ms, min = 5.066 ms, total = 21.213 ms
	ray::rpc::InternalPubSubGcsService.grpc_client.GcsSubscriberPoll - 3 total (1 active), Execution time: mean = 299.740 s, total = 899.221 s, Queueing time: mean = 0.000 s, max = -0.000 s, min = 9223372036.855 s, total = 0.000 s
	ray::rpc::InternalPubSubGcsService.grpc_client.GcsSubscriberPoll.OnReplyReceived - 2 total (0 active), Execution time: mean = 777.400 us, total = 1.555 ms, Queueing time: mean = 66.944 us, max = 101.032 us, min = 32.855 us, total = 133.887 us
	ray::rpc::NodeInfoGcsService.grpc_client.GetAllNodeInfo.OnReplyReceived - 1 total (0 active), Execution time: mean = 62.985 us, total = 62.985 us, Queueing time: mean = 309.221 us, max = 309.221 us, min = 309.221 us, total = 309.221 us
	ray::rpc::InternalPubSubGcsService.grpc_client.GcsSubscriberCommandBatch - 1 total (0 active), Execution time: mean = 521.302 us, total = 521.302 us, Queueing time: mean = 0.000 s, max = -0.000 s, min = 9223372036.855 s, total = 0.000 s
	ray::rpc::InternalPubSubGcsService.grpc_client.GcsSubscriberCommandBatch.OnReplyReceived - 1 total (0 active), Execution time: mean = 158.175 us, total = 158.175 us, Queueing time: mean = 34.006 us, max = 34.006 us, min = 34.006 us, total = 34.006 us
	ray::rpc::WorkerInfoGcsService.grpc_client.AddWorkerInfo.OnReplyReceived - 1 total (0 active), Execution time: mean = 55.237 us, total = 55.237 us, Queueing time: mean = 26.336 us, max = 26.336 us, min = 26.336 us, total = 26.336 us
	ray::rpc::WorkerInfoGcsService.grpc_client.AddWorkerInfo - 1 total (0 active), Execution time: mean = 700.894 us, total = 700.894 us, Queueing time: mean = 0.000 s, max = -0.000 s, min = 9223372036.855 s, total = 0.000 s
	ray::rpc::NodeInfoGcsService.grpc_client.GetAllNodeInfo - 1 total (0 active), Execution time: mean = 494.108 us, total = 494.108 us, Queueing time: mean = 0.000 s, max = -0.000 s, min = 9223372036.855 s, total = 0.000 s

-----------------
Task Event stats:

IO Service Stats:

Global stats: 2698 total (1 active)
Queueing time: mean = 501.249 us, max = 64.447 ms, min = -0.016 s, total = 1.352 s
Execution time:  mean = 317.554 us, total = 856.761 ms
Event stats:
	ray::rpc::TaskInfoGcsService.grpc_client.AddTaskEventData - 899 total (0 active), Execution time: mean = 743.471 us, total = 668.380 ms, Queueing time: mean = 0.000 s, max = -0.000 s, min = 9223372036.855 s, total = 0.000 s
	ray::rpc::TaskInfoGcsService.grpc_client.AddTaskEventData.OnReplyReceived - 899 total (0 active), Execution time: mean = 33.097 us, total = 29.755 ms, Queueing time: mean = 43.270 us, max = 4.958 ms, min = 9.249 us, total = 38.899 ms
	CoreWorker.deadline_timer.flush_task_events - 899 total (1 active), Execution time: mean = 176.276 us, total = 158.472 ms, Queueing time: mean = 1.461 ms, max = 64.447 ms, min = -0.016 s, total = 1.313 s
	PeriodicalRunner.RunFnPeriodically - 1 total (0 active), Execution time: mean = 153.881 us, total = 153.881 us, Queueing time: mean = 25.966 us, max = 25.966 us, min = 25.966 us, total = 25.966 us
Other Stats:
	grpc_in_progress:0
	current number of task status events in buffer: 0
	current number of profile events in buffer: 0
	current number of dropped task attempts tracked: 0
	total task events sent: 0 MiB
	total number of task attempts sent: 0
	total number of task attempts dropped reported: 0
	total number of sent failure: 0
	num status task events dropped: 0
	num profile task events dropped: 0


[2025-02-16 16:34:37,731 I 583 1610] core_worker.cc:642: Event stats:


Global stats: 13747 total (8 active)
Queueing time: mean = 260.528 us, max = 63.178 ms, min = -0.056 s, total = 3.581 s
Execution time:  mean = 65.477 ms, total = 900.112 s
Event stats:
	CoreWorker.RecoverObjects - 9581 total (1 active), Execution time: mean = 6.787 us, total = 65.028 ms, Queueing time: mean = 199.416 us, max = 30.392 ms, min = -0.056 s, total = 1.911 s
	CoreWorker.ExitIfParentRayletDies - 960 total (1 active), Execution time: mean = 9.053 us, total = 8.691 ms, Queueing time: mean = 881.251 us, max = 63.178 ms, min = -0.053 s, total = 846.001 ms
	CoreWorker.InternalHeartbeat - 960 total (1 active), Execution time: mean = 140.012 us, total = 134.412 ms, Queueing time: mean = 742.249 us, max = 63.108 ms, min = -0.053 s, total = 712.559 ms
	NodeManagerService.grpc_client.ReportWorkerBacklog.OnReplyReceived - 960 total (0 active), Execution time: mean = 17.529 us, total = 16.828 ms, Queueing time: mean = 45.915 us, max = 6.710 ms, min = 14.206 us, total = 44.078 ms
	NodeManagerService.grpc_client.ReportWorkerBacklog - 960 total (0 active), Execution time: mean = 679.869 us, total = 652.674 ms, Queueing time: mean = 0.000 s, max = -0.000 s, min = 9223372036.855 s, total = 0.000 s
	CoreWorker.RecordMetrics - 192 total (1 active), Execution time: mean = 22.465 us, total = 4.313 ms, Queueing time: mean = 80.916 us, max = 60.909 ms, min = -0.055 s, total = 15.536 ms
	CoreWorker.GCStreamingGeneratorMetadata - 96 total (1 active), Execution time: mean = 3.981 us, total = 382.133 us, Queueing time: mean = 73.661 us, max = 58.721 ms, min = -0.056 s, total = 7.071 ms
	CoreWorker.PrintEventStats - 16 total (1 active, 1 running), Execution time: mean = 284.114 us, total = 4.546 ms, Queueing time: mean = 1.387 ms, max = 43.301 ms, min = -0.035 s, total = 22.184 ms
	PeriodicalRunner.RunFnPeriodically - 7 total (0 active), Execution time: mean = 86.804 us, total = 607.626 us, Queueing time: mean = 247.518 us, max = 588.162 us, min = 36.496 us, total = 1.733 ms
	Publisher.CheckDeadSubscribers - 4 total (1 active), Execution time: mean = 4.537 us, total = 18.146 us, Queueing time: mean = 5.303 ms, max = 9.403 ms, min = 5.066 ms, total = 21.213 ms
	ray::rpc::InternalPubSubGcsService.grpc_client.GcsSubscriberPoll - 3 total (1 active), Execution time: mean = 299.740 s, total = 899.221 s, Queueing time: mean = 0.000 s, max = -0.000 s, min = 9223372036.855 s, total = 0.000 s
	ray::rpc::InternalPubSubGcsService.grpc_client.GcsSubscriberPoll.OnReplyReceived - 2 total (0 active), Execution time: mean = 777.400 us, total = 1.555 ms, Queueing time: mean = 66.944 us, max = 101.032 us, min = 32.855 us, total = 133.887 us
	ray::rpc::NodeInfoGcsService.grpc_client.GetAllNodeInfo.OnReplyReceived - 1 total (0 active), Execution time: mean = 62.985 us, total = 62.985 us, Queueing time: mean = 309.221 us, max = 309.221 us, min = 309.221 us, total = 309.221 us
	ray::rpc::InternalPubSubGcsService.grpc_client.GcsSubscriberCommandBatch - 1 total (0 active), Execution time: mean = 521.302 us, total = 521.302 us, Queueing time: mean = 0.000 s, max = -0.000 s, min = 9223372036.855 s, total = 0.000 s
	ray::rpc::InternalPubSubGcsService.grpc_client.GcsSubscriberCommandBatch.OnReplyReceived - 1 total (0 active), Execution time: mean = 158.175 us, total = 158.175 us, Queueing time: mean = 34.006 us, max = 34.006 us, min = 34.006 us, total = 34.006 us
	ray::rpc::WorkerInfoGcsService.grpc_client.AddWorkerInfo.OnReplyReceived - 1 total (0 active), Execution time: mean = 55.237 us, total = 55.237 us, Queueing time: mean = 26.336 us, max = 26.336 us, min = 26.336 us, total = 26.336 us
	ray::rpc::WorkerInfoGcsService.grpc_client.AddWorkerInfo - 1 total (0 active), Execution time: mean = 700.894 us, total = 700.894 us, Queueing time: mean = 0.000 s, max = -0.000 s, min = 9223372036.855 s, total = 0.000 s
	ray::rpc::NodeInfoGcsService.grpc_client.GetAllNodeInfo - 1 total (0 active), Execution time: mean = 494.108 us, total = 494.108 us, Queueing time: mean = 0.000 s, max = -0.000 s, min = 9223372036.855 s, total = 0.000 s

-----------------
Task Event stats:

IO Service Stats:

Global stats: 2878 total (1 active)
Queueing time: mean = 490.228 us, max = 64.447 ms, min = -0.016 s, total = 1.411 s
Execution time:  mean = 315.982 us, total = 909.396 ms
Event stats:
	ray::rpc::TaskInfoGcsService.grpc_client.AddTaskEventData - 959 total (0 active), Execution time: mean = 739.250 us, total = 708.941 ms, Queueing time: mean = 0.000 s, max = -0.000 s, min = 9223372036.855 s, total = 0.000 s
	ray::rpc::TaskInfoGcsService.grpc_client.AddTaskEventData.OnReplyReceived - 959 total (0 active), Execution time: mean = 32.602 us, total = 31.265 ms, Queueing time: mean = 42.656 us, max = 4.958 ms, min = 9.249 us, total = 40.908 ms
	CoreWorker.deadline_timer.flush_task_events - 959 total (1 active), Execution time: mean = 176.263 us, total = 169.037 ms, Queueing time: mean = 1.429 ms, max = 64.447 ms, min = -0.016 s, total = 1.370 s
	PeriodicalRunner.RunFnPeriodically - 1 total (0 active), Execution time: mean = 153.881 us, total = 153.881 us, Queueing time: mean = 25.966 us, max = 25.966 us, min = 25.966 us, total = 25.966 us
Other Stats:
	grpc_in_progress:0
	current number of task status events in buffer: 0
	current number of profile events in buffer: 0
	current number of dropped task attempts tracked: 0
	total task events sent: 0 MiB
	total number of task attempts sent: 0
	total number of task attempts dropped reported: 0
	total number of sent failure: 0
	num status task events dropped: 0
	num profile task events dropped: 0


[2025-02-16 16:35:37,732 I 583 1610] core_worker.cc:642: Event stats:


Global stats: 14605 total (8 active)
Queueing time: mean = 253.661 us, max = 63.178 ms, min = -0.056 s, total = 3.705 s
Execution time:  mean = 61.633 ms, total = 900.145 s
Event stats:
	CoreWorker.RecoverObjects - 10180 total (1 active), Execution time: mean = 6.665 us, total = 67.849 ms, Queueing time: mean = 192.791 us, max = 30.392 ms, min = -0.056 s, total = 1.963 s
	CoreWorker.ExitIfParentRayletDies - 1020 total (1 active), Execution time: mean = 8.864 us, total = 9.042 ms, Queueing time: mean = 881.628 us, max = 63.178 ms, min = -0.053 s, total = 899.261 ms
	CoreWorker.InternalHeartbeat - 1020 total (1 active), Execution time: mean = 136.961 us, total = 139.701 ms, Queueing time: mean = 745.840 us, max = 63.108 ms, min = -0.053 s, total = 760.757 ms
	NodeManagerService.grpc_client.ReportWorkerBacklog.OnReplyReceived - 1020 total (0 active), Execution time: mean = 17.153 us, total = 17.496 ms, Queueing time: mean = 44.680 us, max = 6.710 ms, min = 14.206 us, total = 45.574 ms
	NodeManagerService.grpc_client.ReportWorkerBacklog - 1020 total (0 active), Execution time: mean = 662.516 us, total = 675.766 ms, Queueing time: mean = 0.000 s, max = -0.000 s, min = 9223372036.855 s, total = 0.000 s
	CoreWorker.RecordMetrics - 204 total (1 active), Execution time: mean = 22.312 us, total = 4.552 ms, Queueing time: mean = 78.192 us, max = 60.909 ms, min = -0.055 s, total = 15.951 ms
	CoreWorker.GCStreamingGeneratorMetadata - 102 total (1 active), Execution time: mean = 3.936 us, total = 401.499 us, Queueing time: mean = 71.639 us, max = 58.721 ms, min = -0.056 s, total = 7.307 ms
	CoreWorker.PrintEventStats - 17 total (1 active, 1 running), Execution time: mean = 286.183 us, total = 4.865 ms, Queueing time: mean = -0.001 s, max = 43.301 ms, min = -0.035 s, total = -0.010 s
	PeriodicalRunner.RunFnPeriodically - 7 total (0 active), Execution time: mean = 86.804 us, total = 607.626 us, Queueing time: mean = 247.518 us, max = 588.162 us, min = 36.496 us, total = 1.733 ms
	Publisher.CheckDeadSubscribers - 4 total (1 active), Execution time: mean = 4.537 us, total = 18.146 us, Queueing time: mean = 5.303 ms, max = 9.403 ms, min = 5.066 ms, total = 21.213 ms
	ray::rpc::InternalPubSubGcsService.grpc_client.GcsSubscriberPoll - 3 total (1 active), Execution time: mean = 299.740 s, total = 899.221 s, Queueing time: mean = 0.000 s, max = -0.000 s, min = 9223372036.855 s, total = 0.000 s
	ray::rpc::InternalPubSubGcsService.grpc_client.GcsSubscriberPoll.OnReplyReceived - 2 total (0 active), Execution time: mean = 777.400 us, total = 1.555 ms, Queueing time: mean = 66.944 us, max = 101.032 us, min = 32.855 us, total = 133.887 us
	ray::rpc::NodeInfoGcsService.grpc_client.GetAllNodeInfo.OnReplyReceived - 1 total (0 active), Execution time: mean = 62.985 us, total = 62.985 us, Queueing time: mean = 309.221 us, max = 309.221 us, min = 309.221 us, total = 309.221 us
	ray::rpc::InternalPubSubGcsService.grpc_client.GcsSubscriberCommandBatch - 1 total (0 active), Execution time: mean = 521.302 us, total = 521.302 us, Queueing time: mean = 0.000 s, max = -0.000 s, min = 9223372036.855 s, total = 0.000 s
	ray::rpc::InternalPubSubGcsService.grpc_client.GcsSubscriberCommandBatch.OnReplyReceived - 1 total (0 active), Execution time: mean = 158.175 us, total = 158.175 us, Queueing time: mean = 34.006 us, max = 34.006 us, min = 34.006 us, total = 34.006 us
	ray::rpc::WorkerInfoGcsService.grpc_client.AddWorkerInfo.OnReplyReceived - 1 total (0 active), Execution time: mean = 55.237 us, total = 55.237 us, Queueing time: mean = 26.336 us, max = 26.336 us, min = 26.336 us, total = 26.336 us
	ray::rpc::WorkerInfoGcsService.grpc_client.AddWorkerInfo - 1 total (0 active), Execution time: mean = 700.894 us, total = 700.894 us, Queueing time: mean = 0.000 s, max = -0.000 s, min = 9223372036.855 s, total = 0.000 s
	ray::rpc::NodeInfoGcsService.grpc_client.GetAllNodeInfo - 1 total (0 active), Execution time: mean = 494.108 us, total = 494.108 us, Queueing time: mean = 0.000 s, max = -0.000 s, min = 9223372036.855 s, total = 0.000 s

-----------------
Task Event stats:

IO Service Stats:

Global stats: 3058 total (1 active)
Queueing time: mean = 474.654 us, max = 64.447 ms, min = -0.016 s, total = 1.451 s
Execution time:  mean = 311.738 us, total = 953.294 ms
Event stats:
	ray::rpc::TaskInfoGcsService.grpc_client.AddTaskEventData - 1019 total (0 active), Execution time: mean = 728.898 us, total = 742.747 ms, Queueing time: mean = 0.000 s, max = -0.000 s, min = 9223372036.855 s, total = 0.000 s
	ray::rpc::TaskInfoGcsService.grpc_client.AddTaskEventData.OnReplyReceived - 1019 total (0 active), Execution time: mean = 31.846 us, total = 32.452 ms, Queueing time: mean = 41.644 us, max = 4.958 ms, min = 9.249 us, total = 42.435 ms
	CoreWorker.deadline_timer.flush_task_events - 1019 total (1 active), Execution time: mean = 174.624 us, total = 177.941 ms, Queueing time: mean = 1.383 ms, max = 64.447 ms, min = -0.016 s, total = 1.409 s
	PeriodicalRunner.RunFnPeriodically - 1 total (0 active), Execution time: mean = 153.881 us, total = 153.881 us, Queueing time: mean = 25.966 us, max = 25.966 us, min = 25.966 us, total = 25.966 us
Other Stats:
	grpc_in_progress:0
	current number of task status events in buffer: 0
	current number of profile events in buffer: 0
	current number of dropped task attempts tracked: 0
	total task events sent: 0 MiB
	total number of task attempts sent: 0
	total number of task attempts dropped reported: 0
	total number of sent failure: 0
	num status task events dropped: 0
	num profile task events dropped: 0


[2025-02-16 16:36:37,732 I 583 1610] core_worker.cc:642: Event stats:


Global stats: 15459 total (8 active)
Queueing time: mean = 263.050 us, max = 63.178 ms, min = -0.056 s, total = 4.066 s
Execution time:  mean = 58.230 ms, total = 900.176 s
Event stats:
	CoreWorker.RecoverObjects - 10779 total (1 active), Execution time: mean = 6.543 us, total = 70.524 ms, Queueing time: mean = 196.024 us, max = 30.392 ms, min = -0.056 s, total = 2.113 s
	CoreWorker.ExitIfParentRayletDies - 1079 total (1 active), Execution time: mean = 8.683 us, total = 9.369 ms, Queueing time: mean = 951.704 us, max = 63.178 ms, min = -0.053 s, total = 1.027 s
	CoreWorker.InternalHeartbeat - 1079 total (1 active), Execution time: mean = 134.199 us, total = 144.801 ms, Queueing time: mean = 818.884 us, max = 63.108 ms, min = -0.053 s, total = 883.575 ms
	NodeManagerService.grpc_client.ReportWorkerBacklog.OnReplyReceived - 1079 total (0 active), Execution time: mean = 16.890 us, total = 18.224 ms, Queueing time: mean = 43.542 us, max = 6.710 ms, min = 14.206 us, total = 46.982 ms
	NodeManagerService.grpc_client.ReportWorkerBacklog - 1079 total (0 active), Execution time: mean = 646.752 us, total = 697.845 ms, Queueing time: mean = 0.000 s, max = -0.000 s, min = 9223372036.855 s, total = 0.000 s
	CoreWorker.RecordMetrics - 216 total (1 active), Execution time: mean = 21.999 us, total = 4.752 ms, Queueing time: mean = 76.371 us, max = 60.909 ms, min = -0.055 s, total = 16.496 ms
	CoreWorker.GCStreamingGeneratorMetadata - 108 total (1 active), Execution time: mean = 3.890 us, total = 420.110 us, Queueing time: mean = 70.544 us, max = 58.721 ms, min = -0.056 s, total = 7.619 ms
	CoreWorker.PrintEventStats - 18 total (1 active, 1 running), Execution time: mean = 281.751 us, total = 5.072 ms, Queueing time: mean = -0.003 s, max = 43.301 ms, min = -0.041 s, total = -0.051 s
	PeriodicalRunner.RunFnPeriodically - 7 total (0 active), Execution time: mean = 86.804 us, total = 607.626 us, Queueing time: mean = 247.518 us, max = 588.162 us, min = 36.496 us, total = 1.733 ms
	Publisher.CheckDeadSubscribers - 4 total (1 active), Execution time: mean = 4.537 us, total = 18.146 us, Queueing time: mean = 5.303 ms, max = 9.403 ms, min = 5.066 ms, total = 21.213 ms
	ray::rpc::InternalPubSubGcsService.grpc_client.GcsSubscriberPoll - 3 total (1 active), Execution time: mean = 299.740 s, total = 899.221 s, Queueing time: mean = 0.000 s, max = -0.000 s, min = 9223372036.855 s, total = 0.000 s
	ray::rpc::InternalPubSubGcsService.grpc_client.GcsSubscriberPoll.OnReplyReceived - 2 total (0 active), Execution time: mean = 777.400 us, total = 1.555 ms, Queueing time: mean = 66.944 us, max = 101.032 us, min = 32.855 us, total = 133.887 us
	ray::rpc::NodeInfoGcsService.grpc_client.GetAllNodeInfo.OnReplyReceived - 1 total (0 active), Execution time: mean = 62.985 us, total = 62.985 us, Queueing time: mean = 309.221 us, max = 309.221 us, min = 309.221 us, total = 309.221 us
	ray::rpc::InternalPubSubGcsService.grpc_client.GcsSubscriberCommandBatch - 1 total (0 active), Execution time: mean = 521.302 us, total = 521.302 us, Queueing time: mean = 0.000 s, max = -0.000 s, min = 9223372036.855 s, total = 0.000 s
	ray::rpc::InternalPubSubGcsService.grpc_client.GcsSubscriberCommandBatch.OnReplyReceived - 1 total (0 active), Execution time: mean = 158.175 us, total = 158.175 us, Queueing time: mean = 34.006 us, max = 34.006 us, min = 34.006 us, total = 34.006 us
	ray::rpc::WorkerInfoGcsService.grpc_client.AddWorkerInfo.OnReplyReceived - 1 total (0 active), Execution time: mean = 55.237 us, total = 55.237 us, Queueing time: mean = 26.336 us, max = 26.336 us, min = 26.336 us, total = 26.336 us
	ray::rpc::WorkerInfoGcsService.grpc_client.AddWorkerInfo - 1 total (0 active), Execution time: mean = 700.894 us, total = 700.894 us, Queueing time: mean = 0.000 s, max = -0.000 s, min = 9223372036.855 s, total = 0.000 s
	ray::rpc::NodeInfoGcsService.grpc_client.GetAllNodeInfo - 1 total (0 active), Execution time: mean = 494.108 us, total = 494.108 us, Queueing time: mean = 0.000 s, max = -0.000 s, min = 9223372036.855 s, total = 0.000 s

-----------------
Task Event stats:

IO Service Stats:

Global stats: 3238 total (1 active)
Queueing time: mean = 496.334 us, max = 64.447 ms, min = -0.016 s, total = 1.607 s
Execution time:  mean = 308.585 us, total = 999.198 ms
Event stats:
	ray::rpc::TaskInfoGcsService.grpc_client.AddTaskEventData - 1079 total (0 active), Execution time: mean = 721.525 us, total = 778.526 ms, Queueing time: mean = 0.000 s, max = -0.000 s, min = 9223372036.855 s, total = 0.000 s
	ray::rpc::TaskInfoGcsService.grpc_client.AddTaskEventData.OnReplyReceived - 1079 total (0 active), Execution time: mean = 31.223 us, total = 33.690 ms, Queueing time: mean = 40.771 us, max = 4.958 ms, min = 9.249 us, total = 43.992 ms
	CoreWorker.deadline_timer.flush_task_events - 1079 total (1 active), Execution time: mean = 173.149 us, total = 186.828 ms, Queueing time: mean = 1.449 ms, max = 64.447 ms, min = -0.016 s, total = 1.563 s
	PeriodicalRunner.RunFnPeriodically - 1 total (0 active), Execution time: mean = 153.881 us, total = 153.881 us, Queueing time: mean = 25.966 us, max = 25.966 us, min = 25.966 us, total = 25.966 us
Other Stats:
	grpc_in_progress:0
	current number of task status events in buffer: 0
	current number of profile events in buffer: 0
	current number of dropped task attempts tracked: 0
	total task events sent: 0 MiB
	total number of task attempts sent: 0
	total number of task attempts dropped reported: 0
	total number of sent failure: 0
	num status task events dropped: 0
	num profile task events dropped: 0


[2025-02-16 16:37:37,732 I 583 1610] core_worker.cc:642: Event stats:


Global stats: 16317 total (8 active)
Queueing time: mean = 266.155 us, max = 63.178 ms, min = -0.057 s, total = 4.343 s
Execution time:  mean = 55.170 ms, total = 900.210 s
Event stats:
	CoreWorker.RecoverObjects - 11378 total (1 active), Execution time: mean = 6.411 us, total = 72.949 ms, Queueing time: mean = 191.679 us, max = 30.392 ms, min = -0.056 s, total = 2.181 s
	CoreWorker.ExitIfParentRayletDies - 1139 total (1 active), Execution time: mean = 8.514 us, total = 9.697 ms, Queueing time: mean = 972.812 us, max = 63.178 ms, min = -0.053 s, total = 1.108 s
	CoreWorker.InternalHeartbeat - 1139 total (1 active), Execution time: mean = 132.204 us, total = 150.580 ms, Queueing time: mean = 842.204 us, max = 63.108 ms, min = -0.053 s, total = 959.271 ms
	NodeManagerService.grpc_client.ReportWorkerBacklog.OnReplyReceived - 1139 total (0 active), Execution time: mean = 16.574 us, total = 18.878 ms, Queueing time: mean = 42.507 us, max = 6.710 ms, min = 14.206 us, total = 48.416 ms
	NodeManagerService.grpc_client.ReportWorkerBacklog - 1139 total (0 active), Execution time: mean = 633.666 us, total = 721.745 ms, Queueing time: mean = 0.000 s, max = -0.000 s, min = 9223372036.855 s, total = 0.000 s
	CoreWorker.RecordMetrics - 228 total (1 active), Execution time: mean = 21.886 us, total = 4.990 ms, Queueing time: mean = 74.801 us, max = 62.534 ms, min = -0.056 s, total = 17.055 ms
	CoreWorker.GCStreamingGeneratorMetadata - 114 total (1 active), Execution time: mean = 3.834 us, total = 437.070 us, Queueing time: mean = 68.975 us, max = 59.693 ms, min = -0.057 s, total = 7.863 ms
	CoreWorker.PrintEventStats - 19 total (1 active, 1 running), Execution time: mean = 276.508 us, total = 5.254 ms, Queueing time: mean = -0.000 s, max = 49.318 ms, min = -0.041 s, total = -0.002 s
	PeriodicalRunner.RunFnPeriodically - 7 total (0 active), Execution time: mean = 86.804 us, total = 607.626 us, Queueing time: mean = 247.518 us, max = 588.162 us, min = 36.496 us, total = 1.733 ms
	Publisher.CheckDeadSubscribers - 4 total (1 active), Execution time: mean = 4.537 us, total = 18.146 us, Queueing time: mean = 5.303 ms, max = 9.403 ms, min = 5.066 ms, total = 21.213 ms
	ray::rpc::InternalPubSubGcsService.grpc_client.GcsSubscriberPoll - 3 total (1 active), Execution time: mean = 299.740 s, total = 899.221 s, Queueing time: mean = 0.000 s, max = -0.000 s, min = 9223372036.855 s, total = 0.000 s
	ray::rpc::InternalPubSubGcsService.grpc_client.GcsSubscriberPoll.OnReplyReceived - 2 total (0 active), Execution time: mean = 777.400 us, total = 1.555 ms, Queueing time: mean = 66.944 us, max = 101.032 us, min = 32.855 us, total = 133.887 us
	ray::rpc::NodeInfoGcsService.grpc_client.GetAllNodeInfo.OnReplyReceived - 1 total (0 active), Execution time: mean = 62.985 us, total = 62.985 us, Queueing time: mean = 309.221 us, max = 309.221 us, min = 309.221 us, total = 309.221 us
	ray::rpc::InternalPubSubGcsService.grpc_client.GcsSubscriberCommandBatch - 1 total (0 active), Execution time: mean = 521.302 us, total = 521.302 us, Queueing time: mean = 0.000 s, max = -0.000 s, min = 9223372036.855 s, total = 0.000 s
	ray::rpc::InternalPubSubGcsService.grpc_client.GcsSubscriberCommandBatch.OnReplyReceived - 1 total (0 active), Execution time: mean = 158.175 us, total = 158.175 us, Queueing time: mean = 34.006 us, max = 34.006 us, min = 34.006 us, total = 34.006 us
	ray::rpc::WorkerInfoGcsService.grpc_client.AddWorkerInfo.OnReplyReceived - 1 total (0 active), Execution time: mean = 55.237 us, total = 55.237 us, Queueing time: mean = 26.336 us, max = 26.336 us, min = 26.336 us, total = 26.336 us
	ray::rpc::WorkerInfoGcsService.grpc_client.AddWorkerInfo - 1 total (0 active), Execution time: mean = 700.894 us, total = 700.894 us, Queueing time: mean = 0.000 s, max = -0.000 s, min = 9223372036.855 s, total = 0.000 s
	ray::rpc::NodeInfoGcsService.grpc_client.GetAllNodeInfo - 1 total (0 active), Execution time: mean = 494.108 us, total = 494.108 us, Queueing time: mean = 0.000 s, max = -0.000 s, min = 9223372036.855 s, total = 0.000 s

-----------------
Task Event stats:

IO Service Stats:

Global stats: 3418 total (1 active)
Queueing time: mean = 489.605 us, max = 64.447 ms, min = -0.016 s, total = 1.673 s
Execution time:  mean = 305.339 us, total = 1.044 s
Event stats:
	ray::rpc::TaskInfoGcsService.grpc_client.AddTaskEventData - 1139 total (0 active), Execution time: mean = 713.857 us, total = 813.083 ms, Queueing time: mean = 0.000 s, max = -0.000 s, min = 9223372036.855 s, total = 0.000 s
	ray::rpc::TaskInfoGcsService.grpc_client.AddTaskEventData.OnReplyReceived - 1139 total (0 active), Execution time: mean = 30.689 us, total = 34.955 ms, Queueing time: mean = 40.067 us, max = 4.958 ms, min = 9.249 us, total = 45.636 ms
	CoreWorker.deadline_timer.flush_task_events - 1139 total (1 active), Execution time: mean = 171.603 us, total = 195.455 ms, Queueing time: mean = 1.429 ms, max = 64.447 ms, min = -0.016 s, total = 1.628 s
	PeriodicalRunner.RunFnPeriodically - 1 total (0 active), Execution time: mean = 153.881 us, total = 153.881 us, Queueing time: mean = 25.966 us, max = 25.966 us, min = 25.966 us, total = 25.966 us
Other Stats:
	grpc_in_progress:0
	current number of task status events in buffer: 0
	current number of profile events in buffer: 0
	current number of dropped task attempts tracked: 0
	total task events sent: 0 MiB
	total number of task attempts sent: 0
	total number of task attempts dropped reported: 0
	total number of sent failure: 0
	num status task events dropped: 0
	num profile task events dropped: 0


[2025-02-16 16:38:37,733 I 583 1610] core_worker.cc:642: Event stats:


Global stats: 17178 total (8 active)
Queueing time: mean = 263.632 us, max = 63.178 ms, min = -0.073 s, total = 4.529 s
Execution time:  mean = 69.896 ms, total = 1200.676 s
Event stats:
	CoreWorker.RecoverObjects - 11977 total (1 active), Execution time: mean = 6.308 us, total = 75.556 ms, Queueing time: mean = 188.672 us, max = 30.392 ms, min = -0.056 s, total = 2.260 s
	CoreWorker.ExitIfParentRayletDies - 1199 total (1 active), Execution time: mean = 8.370 us, total = 10.036 ms, Queueing time: mean = 1.012 ms, max = 63.178 ms, min = -0.053 s, total = 1.214 s
	CoreWorker.InternalHeartbeat - 1199 total (1 active), Execution time: mean = 130.078 us, total = 155.963 ms, Queueing time: mean = 884.198 us, max = 63.108 ms, min = -0.053 s, total = 1.060 s
	NodeManagerService.grpc_client.ReportWorkerBacklog.OnReplyReceived - 1199 total (0 active), Execution time: mean = 16.413 us, total = 19.679 ms, Queueing time: mean = 41.721 us, max = 6.710 ms, min = 14.206 us, total = 50.023 ms
	NodeManagerService.grpc_client.ReportWorkerBacklog - 1199 total (0 active), Execution time: mean = 624.187 us, total = 748.400 ms, Queueing time: mean = 0.000 s, max = -0.000 s, min = 9223372036.855 s, total = 0.000 s
	CoreWorker.RecordMetrics - 240 total (1 active), Execution time: mean = 21.728 us, total = 5.215 ms, Queueing time: mean = 73.020 us, max = 62.534 ms, min = -0.056 s, total = 17.525 ms
	CoreWorker.GCStreamingGeneratorMetadata - 120 total (1 active), Execution time: mean = 3.820 us, total = 458.370 us, Queueing time: mean = 69.181 us, max = 59.693 ms, min = -0.057 s, total = 8.302 ms
	CoreWorker.PrintEventStats - 20 total (1 active, 1 running), Execution time: mean = 273.786 us, total = 5.476 ms, Queueing time: mean = -0.002 s, max = 49.318 ms, min = -0.041 s, total = -0.032 s
	PeriodicalRunner.RunFnPeriodically - 7 total (0 active), Execution time: mean = 86.804 us, total = 607.626 us, Queueing time: mean = 247.518 us, max = 588.162 us, min = 36.496 us, total = 1.733 ms
	Publisher.CheckDeadSubscribers - 5 total (1 active), Execution time: mean = 4.496 us, total = 22.478 us, Queueing time: mean = -0.010 s, max = 9.403 ms, min = -0.073 s, total = -0.052 s
	ray::rpc::InternalPubSubGcsService.grpc_client.GcsSubscriberPoll - 4 total (1 active), Execution time: mean = 299.913 s, total = 1199.650 s, Queueing time: mean = 0.000 s, max = -0.000 s, min = 9223372036.855 s, total = 0.000 s
	ray::rpc::InternalPubSubGcsService.grpc_client.GcsSubscriberPoll.OnReplyReceived - 3 total (0 active), Execution time: mean = 676.624 us, total = 2.030 ms, Queueing time: mean = 50.723 us, max = 101.032 us, min = 18.283 us, total = 152.170 us
	ray::rpc::NodeInfoGcsService.grpc_client.GetAllNodeInfo.OnReplyReceived - 1 total (0 active), Execution time: mean = 62.985 us, total = 62.985 us, Queueing time: mean = 309.221 us, max = 309.221 us, min = 309.221 us, total = 309.221 us
	ray::rpc::InternalPubSubGcsService.grpc_client.GcsSubscriberCommandBatch - 1 total (0 active), Execution time: mean = 521.302 us, total = 521.302 us, Queueing time: mean = 0.000 s, max = -0.000 s, min = 9223372036.855 s, total = 0.000 s
	ray::rpc::InternalPubSubGcsService.grpc_client.GcsSubscriberCommandBatch.OnReplyReceived - 1 total (0 active), Execution time: mean = 158.175 us, total = 158.175 us, Queueing time: mean = 34.006 us, max = 34.006 us, min = 34.006 us, total = 34.006 us
	ray::rpc::WorkerInfoGcsService.grpc_client.AddWorkerInfo.OnReplyReceived - 1 total (0 active), Execution time: mean = 55.237 us, total = 55.237 us, Queueing time: mean = 26.336 us, max = 26.336 us, min = 26.336 us, total = 26.336 us
	ray::rpc::WorkerInfoGcsService.grpc_client.AddWorkerInfo - 1 total (0 active), Execution time: mean = 700.894 us, total = 700.894 us, Queueing time: mean = 0.000 s, max = -0.000 s, min = 9223372036.855 s, total = 0.000 s
	ray::rpc::NodeInfoGcsService.grpc_client.GetAllNodeInfo - 1 total (0 active), Execution time: mean = 494.108 us, total = 494.108 us, Queueing time: mean = 0.000 s, max = -0.000 s, min = 9223372036.855 s, total = 0.000 s

-----------------
Task Event stats:

IO Service Stats:

Global stats: 3598 total (1 active)
Queueing time: mean = 486.563 us, max = 64.447 ms, min = -0.016 s, total = 1.751 s
Execution time:  mean = 301.181 us, total = 1.084 s
Event stats:
	ray::rpc::TaskInfoGcsService.grpc_client.AddTaskEventData - 1199 total (0 active), Execution time: mean = 703.928 us, total = 844.009 ms, Queueing time: mean = 0.000 s, max = -0.000 s, min = 9223372036.855 s, total = 0.000 s
	ray::rpc::TaskInfoGcsService.grpc_client.AddTaskEventData.OnReplyReceived - 1199 total (0 active), Execution time: mean = 30.197 us, total = 36.207 ms, Queueing time: mean = 39.323 us, max = 4.958 ms, min = 9.249 us, total = 47.149 ms
	CoreWorker.deadline_timer.flush_task_events - 1199 total (1 active), Execution time: mean = 169.539 us, total = 203.278 ms, Queueing time: mean = 1.421 ms, max = 64.447 ms, min = -0.016 s, total = 1.703 s
	PeriodicalRunner.RunFnPeriodically - 1 total (0 active), Execution time: mean = 153.881 us, total = 153.881 us, Queueing time: mean = 25.966 us, max = 25.966 us, min = 25.966 us, total = 25.966 us
Other Stats:
	grpc_in_progress:0
	current number of task status events in buffer: 0
	current number of profile events in buffer: 0
	current number of dropped task attempts tracked: 0
	total task events sent: 0 MiB
	total number of task attempts sent: 0
	total number of task attempts dropped reported: 0
	total number of sent failure: 0
	num status task events dropped: 0
	num profile task events dropped: 0


[2025-02-16 16:39:37,733 I 583 1610] core_worker.cc:642: Event stats:


Global stats: 18036 total (8 active)
Queueing time: mean = 269.771 us, max = 63.178 ms, min = -0.073 s, total = 4.866 s
Execution time:  mean = 66.573 ms, total = 1200.710 s
Event stats:
	CoreWorker.RecoverObjects - 12576 total (1 active), Execution time: mean = 6.214 us, total = 78.150 ms, Queueing time: mean = 190.785 us, max = 30.392 ms, min = -0.056 s, total = 2.399 s
	CoreWorker.ExitIfParentRayletDies - 1259 total (1 active), Execution time: mean = 8.325 us, total = 10.481 ms, Queueing time: mean = 1.051 ms, max = 63.178 ms, min = -0.053 s, total = 1.324 s
	CoreWorker.InternalHeartbeat - 1259 total (1 active), Execution time: mean = 128.384 us, total = 161.636 ms, Queueing time: mean = 924.970 us, max = 63.108 ms, min = -0.053 s, total = 1.165 s
	NodeManagerService.grpc_client.ReportWorkerBacklog.OnReplyReceived - 1259 total (0 active), Execution time: mean = 16.137 us, total = 20.317 ms, Queueing time: mean = 40.804 us, max = 6.710 ms, min = 14.206 us, total = 51.372 ms
	NodeManagerService.grpc_client.ReportWorkerBacklog - 1259 total (0 active), Execution time: mean = 613.626 us, total = 772.556 ms, Queueing time: mean = 0.000 s, max = -0.000 s, min = 9223372036.855 s, total = 0.000 s
	CoreWorker.RecordMetrics - 252 total (1 active), Execution time: mean = 21.532 us, total = 5.426 ms, Queueing time: mean = 71.788 us, max = 62.534 ms, min = -0.056 s, total = 18.091 ms
	CoreWorker.GCStreamingGeneratorMetadata - 126 total (1 active), Execution time: mean = 3.804 us, total = 479.362 us, Queueing time: mean = 66.545 us, max = 59.693 ms, min = -0.057 s, total = 8.385 ms
	CoreWorker.PrintEventStats - 21 total (1 active, 1 running), Execution time: mean = 270.998 us, total = 5.691 ms, Queueing time: mean = -0.002 s, max = 49.318 ms, min = -0.041 s, total = -0.050 s
	PeriodicalRunner.RunFnPeriodically - 7 total (0 active), Execution time: mean = 86.804 us, total = 607.626 us, Queueing time: mean = 247.518 us, max = 588.162 us, min = 36.496 us, total = 1.733 ms
	Publisher.CheckDeadSubscribers - 5 total (1 active), Execution time: mean = 4.496 us, total = 22.478 us, Queueing time: mean = -0.010 s, max = 9.403 ms, min = -0.073 s, total = -0.052 s
	ray::rpc::InternalPubSubGcsService.grpc_client.GcsSubscriberPoll - 4 total (1 active), Execution time: mean = 299.913 s, total = 1199.650 s, Queueing time: mean = 0.000 s, max = -0.000 s, min = 9223372036.855 s, total = 0.000 s
	ray::rpc::InternalPubSubGcsService.grpc_client.GcsSubscriberPoll.OnReplyReceived - 3 total (0 active), Execution time: mean = 676.624 us, total = 2.030 ms, Queueing time: mean = 50.723 us, max = 101.032 us, min = 18.283 us, total = 152.170 us
	ray::rpc::NodeInfoGcsService.grpc_client.GetAllNodeInfo.OnReplyReceived - 1 total (0 active), Execution time: mean = 62.985 us, total = 62.985 us, Queueing time: mean = 309.221 us, max = 309.221 us, min = 309.221 us, total = 309.221 us
	ray::rpc::InternalPubSubGcsService.grpc_client.GcsSubscriberCommandBatch - 1 total (0 active), Execution time: mean = 521.302 us, total = 521.302 us, Queueing time: mean = 0.000 s, max = -0.000 s, min = 9223372036.855 s, total = 0.000 s
	ray::rpc::InternalPubSubGcsService.grpc_client.GcsSubscriberCommandBatch.OnReplyReceived - 1 total (0 active), Execution time: mean = 158.175 us, total = 158.175 us, Queueing time: mean = 34.006 us, max = 34.006 us, min = 34.006 us, total = 34.006 us
	ray::rpc::WorkerInfoGcsService.grpc_client.AddWorkerInfo.OnReplyReceived - 1 total (0 active), Execution time: mean = 55.237 us, total = 55.237 us, Queueing time: mean = 26.336 us, max = 26.336 us, min = 26.336 us, total = 26.336 us
	ray::rpc::WorkerInfoGcsService.grpc_client.AddWorkerInfo - 1 total (0 active), Execution time: mean = 700.894 us, total = 700.894 us, Queueing time: mean = 0.000 s, max = -0.000 s, min = 9223372036.855 s, total = 0.000 s
	ray::rpc::NodeInfoGcsService.grpc_client.GetAllNodeInfo - 1 total (0 active), Execution time: mean = 494.108 us, total = 494.108 us, Queueing time: mean = 0.000 s, max = -0.000 s, min = 9223372036.855 s, total = 0.000 s

-----------------
Task Event stats:

IO Service Stats:

Global stats: 3775 total (1 active)
Queueing time: mean = 490.744 us, max = 64.447 ms, min = -0.016 s, total = 1.853 s
Execution time:  mean = 297.051 us, total = 1.121 s
Event stats:
	ray::rpc::TaskInfoGcsService.grpc_client.AddTaskEventData - 1258 total (0 active), Execution time: mean = 694.262 us, total = 873.382 ms, Queueing time: mean = 0.000 s, max = -0.000 s, min = 9223372036.855 s, total = 0.000 s
	ray::rpc::TaskInfoGcsService.grpc_client.AddTaskEventData.OnReplyReceived - 1258 total (0 active), Execution time: mean = 29.598 us, total = 37.234 ms, Queueing time: mean = 38.692 us, max = 4.958 ms, min = 9.249 us, total = 48.674 ms
	CoreWorker.deadline_timer.flush_task_events - 1258 total (1 active), Execution time: mean = 167.407 us, total = 210.598 ms, Queueing time: mean = 1.434 ms, max = 64.447 ms, min = -0.016 s, total = 1.804 s
	PeriodicalRunner.RunFnPeriodically - 1 total (0 active), Execution time: mean = 153.881 us, total = 153.881 us, Queueing time: mean = 25.966 us, max = 25.966 us, min = 25.966 us, total = 25.966 us
Other Stats:
	grpc_in_progress:0
	current number of task status events in buffer: 0
	current number of profile events in buffer: 0
	current number of dropped task attempts tracked: 0
	total task events sent: 0 MiB
	total number of task attempts sent: 0
	total number of task attempts dropped reported: 0
	total number of sent failure: 0
	num status task events dropped: 0
	num profile task events dropped: 0


[2025-02-16 16:40:37,733 I 583 1610] core_worker.cc:642: Event stats:


Global stats: 18894 total (8 active)
Queueing time: mean = 272.913 us, max = 63.178 ms, min = -0.073 s, total = 5.156 s
Execution time:  mean = 63.551 ms, total = 1200.741 s
Event stats:
	CoreWorker.RecoverObjects - 13175 total (1 active), Execution time: mean = 6.134 us, total = 80.813 ms, Queueing time: mean = 187.234 us, max = 30.392 ms, min = -0.056 s, total = 2.467 s
	CoreWorker.ExitIfParentRayletDies - 1319 total (1 active), Execution time: mean = 8.271 us, total = 10.909 ms, Queueing time: mean = 1.078 ms, max = 63.178 ms, min = -0.053 s, total = 1.421 s
	CoreWorker.InternalHeartbeat - 1319 total (1 active), Execution time: mean = 126.297 us, total = 166.586 ms, Queueing time: mean = 953.632 us, max = 63.108 ms, min = -0.053 s, total = 1.258 s
	NodeManagerService.grpc_client.ReportWorkerBacklog.OnReplyReceived - 1319 total (0 active), Execution time: mean = 15.908 us, total = 20.983 ms, Queueing time: mean = 39.924 us, max = 6.710 ms, min = 1.231 us, total = 52.659 ms
	NodeManagerService.grpc_client.ReportWorkerBacklog - 1319 total (0 active), Execution time: mean = 602.279 us, total = 794.406 ms, Queueing time: mean = 0.000 s, max = -0.000 s, min = 9223372036.855 s, total = 0.000 s
	CoreWorker.RecordMetrics - 264 total (1 active), Execution time: mean = 21.490 us, total = 5.673 ms, Queueing time: mean = 71.528 us, max = 62.534 ms, min = -0.056 s, total = 18.883 ms
	CoreWorker.GCStreamingGeneratorMetadata - 132 total (1 active), Execution time: mean = 3.830 us, total = 505.597 us, Queueing time: mean = 69.131 us, max = 59.693 ms, min = -0.057 s, total = 9.125 ms
	CoreWorker.PrintEventStats - 22 total (1 active, 1 running), Execution time: mean = 268.667 us, total = 5.911 ms, Queueing time: mean = -0.001 s, max = 49.318 ms, min = -0.041 s, total = -0.021 s
	PeriodicalRunner.RunFnPeriodically - 7 total (0 active), Execution time: mean = 86.804 us, total = 607.626 us, Queueing time: mean = 247.518 us, max = 588.162 us, min = 36.496 us, total = 1.733 ms
	Publisher.CheckDeadSubscribers - 5 total (1 active), Execution time: mean = 4.496 us, total = 22.478 us, Queueing time: mean = -0.010 s, max = 9.403 ms, min = -0.073 s, total = -0.052 s
	ray::rpc::InternalPubSubGcsService.grpc_client.GcsSubscriberPoll - 4 total (1 active), Execution time: mean = 299.913 s, total = 1199.650 s, Queueing time: mean = 0.000 s, max = -0.000 s, min = 9223372036.855 s, total = 0.000 s
	ray::rpc::InternalPubSubGcsService.grpc_client.GcsSubscriberPoll.OnReplyReceived - 3 total (0 active), Execution time: mean = 676.624 us, total = 2.030 ms, Queueing time: mean = 50.723 us, max = 101.032 us, min = 18.283 us, total = 152.170 us
	ray::rpc::NodeInfoGcsService.grpc_client.GetAllNodeInfo.OnReplyReceived - 1 total (0 active), Execution time: mean = 62.985 us, total = 62.985 us, Queueing time: mean = 309.221 us, max = 309.221 us, min = 309.221 us, total = 309.221 us
	ray::rpc::InternalPubSubGcsService.grpc_client.GcsSubscriberCommandBatch - 1 total (0 active), Execution time: mean = 521.302 us, total = 521.302 us, Queueing time: mean = 0.000 s, max = -0.000 s, min = 9223372036.855 s, total = 0.000 s
	ray::rpc::InternalPubSubGcsService.grpc_client.GcsSubscriberCommandBatch.OnReplyReceived - 1 total (0 active), Execution time: mean = 158.175 us, total = 158.175 us, Queueing time: mean = 34.006 us, max = 34.006 us, min = 34.006 us, total = 34.006 us
	ray::rpc::WorkerInfoGcsService.grpc_client.AddWorkerInfo.OnReplyReceived - 1 total (0 active), Execution time: mean = 55.237 us, total = 55.237 us, Queueing time: mean = 26.336 us, max = 26.336 us, min = 26.336 us, total = 26.336 us
	ray::rpc::WorkerInfoGcsService.grpc_client.AddWorkerInfo - 1 total (0 active), Execution time: mean = 700.894 us, total = 700.894 us, Queueing time: mean = 0.000 s, max = -0.000 s, min = 9223372036.855 s, total = 0.000 s
	ray::rpc::NodeInfoGcsService.grpc_client.GetAllNodeInfo - 1 total (0 active), Execution time: mean = 494.108 us, total = 494.108 us, Queueing time: mean = 0.000 s, max = -0.000 s, min = 9223372036.855 s, total = 0.000 s

-----------------
Task Event stats:

IO Service Stats:

Global stats: 3955 total (1 active)
Queueing time: mean = 494.977 us, max = 64.447 ms, min = -0.016 s, total = 1.958 s
Execution time:  mean = 292.356 us, total = 1.156 s
Event stats:
	ray::rpc::TaskInfoGcsService.grpc_client.AddTaskEventData - 1318 total (0 active), Execution time: mean = 683.138 us, total = 900.376 ms, Queueing time: mean = 0.000 s, max = -0.000 s, min = 9223372036.855 s, total = 0.000 s
	ray::rpc::TaskInfoGcsService.grpc_client.AddTaskEventData.OnReplyReceived - 1318 total (0 active), Execution time: mean = 29.069 us, total = 38.313 ms, Queueing time: mean = 38.035 us, max = 4.958 ms, min = 9.249 us, total = 50.130 ms
	CoreWorker.deadline_timer.flush_task_events - 1318 total (1 active), Execution time: mean = 164.966 us, total = 217.425 ms, Queueing time: mean = 1.447 ms, max = 64.447 ms, min = -0.016 s, total = 1.907 s
	PeriodicalRunner.RunFnPeriodically - 1 total (0 active), Execution time: mean = 153.881 us, total = 153.881 us, Queueing time: mean = 25.966 us, max = 25.966 us, min = 25.966 us, total = 25.966 us
Other Stats:
	grpc_in_progress:0
	current number of task status events in buffer: 0
	current number of profile events in buffer: 0
	current number of dropped task attempts tracked: 0
	total task events sent: 0 MiB
	total number of task attempts sent: 0
	total number of task attempts dropped reported: 0
	total number of sent failure: 0
	num status task events dropped: 0
	num profile task events dropped: 0


[2025-02-16 16:41:37,734 I 583 1610] core_worker.cc:642: Event stats:


Global stats: 19752 total (8 active)
Queueing time: mean = 281.202 us, max = 66.203 ms, min = -0.073 s, total = 5.554 s
Execution time:  mean = 60.792 ms, total = 1200.772 s
Event stats:
	CoreWorker.RecoverObjects - 13774 total (1 active), Execution time: mean = 6.067 us, total = 83.567 ms, Queueing time: mean = 190.672 us, max = 30.392 ms, min = -0.056 s, total = 2.626 s
	CoreWorker.ExitIfParentRayletDies - 1379 total (1 active), Execution time: mean = 8.197 us, total = 11.303 ms, Queueing time: mean = 1.131 ms, max = 63.178 ms, min = -0.053 s, total = 1.560 s
	CoreWorker.InternalHeartbeat - 1379 total (1 active), Execution time: mean = 124.459 us, total = 171.630 ms, Queueing time: mean = 1.009 ms, max = 63.108 ms, min = -0.053 s, total = 1.392 s
	NodeManagerService.grpc_client.ReportWorkerBacklog.OnReplyReceived - 1379 total (0 active), Execution time: mean = 15.678 us, total = 21.621 ms, Queueing time: mean = 39.094 us, max = 6.710 ms, min = 1.231 us, total = 53.911 ms
	NodeManagerService.grpc_client.ReportWorkerBacklog - 1379 total (0 active), Execution time: mean = 591.903 us, total = 816.234 ms, Queueing time: mean = 0.000 s, max = -0.000 s, min = 9223372036.855 s, total = 0.000 s
	CoreWorker.RecordMetrics - 276 total (1 active), Execution time: mean = 21.461 us, total = 5.923 ms, Queueing time: mean = 69.740 us, max = 66.203 ms, min = -0.060 s, total = 19.248 ms
	CoreWorker.GCStreamingGeneratorMetadata - 138 total (1 active), Execution time: mean = 3.837 us, total = 529.506 us, Queueing time: mean = 65.352 us, max = 62.463 ms, min = -0.060 s, total = 9.019 ms
	CoreWorker.PrintEventStats - 23 total (1 active, 1 running), Execution time: mean = 266.188 us, total = 6.122 ms, Queueing time: mean = -0.002 s, max = 49.318 ms, min = -0.041 s, total = -0.057 s
	PeriodicalRunner.RunFnPeriodically - 7 total (0 active), Execution time: mean = 86.804 us, total = 607.626 us, Queueing time: mean = 247.518 us, max = 588.162 us, min = 36.496 us, total = 1.733 ms
	Publisher.CheckDeadSubscribers - 5 total (1 active), Execution time: mean = 4.496 us, total = 22.478 us, Queueing time: mean = -0.010 s, max = 9.403 ms, min = -0.073 s, total = -0.052 s
	ray::rpc::InternalPubSubGcsService.grpc_client.GcsSubscriberPoll - 4 total (1 active), Execution time: mean = 299.913 s, total = 1199.650 s, Queueing time: mean = 0.000 s, max = -0.000 s, min = 9223372036.855 s, total = 0.000 s
	ray::rpc::InternalPubSubGcsService.grpc_client.GcsSubscriberPoll.OnReplyReceived - 3 total (0 active), Execution time: mean = 676.624 us, total = 2.030 ms, Queueing time: mean = 50.723 us, max = 101.032 us, min = 18.283 us, total = 152.170 us
	ray::rpc::NodeInfoGcsService.grpc_client.GetAllNodeInfo.OnReplyReceived - 1 total (0 active), Execution time: mean = 62.985 us, total = 62.985 us, Queueing time: mean = 309.221 us, max = 309.221 us, min = 309.221 us, total = 309.221 us
	ray::rpc::InternalPubSubGcsService.grpc_client.GcsSubscriberCommandBatch - 1 total (0 active), Execution time: mean = 521.302 us, total = 521.302 us, Queueing time: mean = 0.000 s, max = -0.000 s, min = 9223372036.855 s, total = 0.000 s
	ray::rpc::InternalPubSubGcsService.grpc_client.GcsSubscriberCommandBatch.OnReplyReceived - 1 total (0 active), Execution time: mean = 158.175 us, total = 158.175 us, Queueing time: mean = 34.006 us, max = 34.006 us, min = 34.006 us, total = 34.006 us
	ray::rpc::WorkerInfoGcsService.grpc_client.AddWorkerInfo.OnReplyReceived - 1 total (0 active), Execution time: mean = 55.237 us, total = 55.237 us, Queueing time: mean = 26.336 us, max = 26.336 us, min = 26.336 us, total = 26.336 us
	ray::rpc::WorkerInfoGcsService.grpc_client.AddWorkerInfo - 1 total (0 active), Execution time: mean = 700.894 us, total = 700.894 us, Queueing time: mean = 0.000 s, max = -0.000 s, min = 9223372036.855 s, total = 0.000 s
	ray::rpc::NodeInfoGcsService.grpc_client.GetAllNodeInfo - 1 total (0 active), Execution time: mean = 494.108 us, total = 494.108 us, Queueing time: mean = 0.000 s, max = -0.000 s, min = 9223372036.855 s, total = 0.000 s

-----------------
Task Event stats:

IO Service Stats:

Global stats: 4135 total (1 active)
Queueing time: mean = 502.184 us, max = 64.447 ms, min = -0.016 s, total = 2.077 s
Execution time:  mean = 289.121 us, total = 1.196 s
Event stats:
	ray::rpc::TaskInfoGcsService.grpc_client.AddTaskEventData - 1378 total (0 active), Execution time: mean = 675.664 us, total = 931.065 ms, Queueing time: mean = 0.000 s, max = -0.000 s, min = 9223372036.855 s, total = 0.000 s
	ray::rpc::TaskInfoGcsService.grpc_client.AddTaskEventData.OnReplyReceived - 1378 total (0 active), Execution time: mean = 28.611 us, total = 39.426 ms, Queueing time: mean = 37.493 us, max = 4.958 ms, min = 9.249 us, total = 51.665 ms
	CoreWorker.deadline_timer.flush_task_events - 1378 total (1 active), Execution time: mean = 163.185 us, total = 224.869 ms, Queueing time: mean = 1.469 ms, max = 64.447 ms, min = -0.016 s, total = 2.025 s
	PeriodicalRunner.RunFnPeriodically - 1 total (0 active), Execution time: mean = 153.881 us, total = 153.881 us, Queueing time: mean = 25.966 us, max = 25.966 us, min = 25.966 us, total = 25.966 us
Other Stats:
	grpc_in_progress:0
	current number of task status events in buffer: 0
	current number of profile events in buffer: 0
	current number of dropped task attempts tracked: 0
	total task events sent: 0 MiB
	total number of task attempts sent: 0
	total number of task attempts dropped reported: 0
	total number of sent failure: 0
	num status task events dropped: 0
	num profile task events dropped: 0


[2025-02-16 16:42:37,734 I 583 1610] core_worker.cc:642: Event stats:


Global stats: 20610 total (8 active)
Queueing time: mean = 281.801 us, max = 72.758 ms, min = -0.073 s, total = 5.808 s
Execution time:  mean = 58.263 ms, total = 1200.806 s
Event stats:
	CoreWorker.RecoverObjects - 14373 total (1 active), Execution time: mean = 6.000 us, total = 86.241 ms, Queueing time: mean = 187.049 us, max = 30.392 ms, min = -0.056 s, total = 2.688 s
	CoreWorker.ExitIfParentRayletDies - 1439 total (1 active), Execution time: mean = 8.129 us, total = 11.697 ms, Queueing time: mean = 1.134 ms, max = 63.178 ms, min = -0.053 s, total = 1.631 s
	CoreWorker.InternalHeartbeat - 1439 total (1 active), Execution time: mean = 123.073 us, total = 177.102 ms, Queueing time: mean = 1.013 ms, max = 63.108 ms, min = -0.053 s, total = 1.458 s
	NodeManagerService.grpc_client.ReportWorkerBacklog.OnReplyReceived - 1439 total (0 active), Execution time: mean = 15.565 us, total = 22.397 ms, Queueing time: mean = 38.589 us, max = 6.710 ms, min = 1.231 us, total = 55.529 ms
	NodeManagerService.grpc_client.ReportWorkerBacklog - 1439 total (0 active), Execution time: mean = 584.147 us, total = 840.588 ms, Queueing time: mean = 0.000 s, max = -0.000 s, min = 9223372036.855 s, total = 0.000 s
	CoreWorker.RecordMetrics - 288 total (1 active), Execution time: mean = 21.439 us, total = 6.175 ms, Queueing time: mean = 69.902 us, max = 72.758 ms, min = -0.065 s, total = 20.132 ms
	CoreWorker.GCStreamingGeneratorMetadata - 144 total (1 active), Execution time: mean = 3.884 us, total = 559.333 us, Queueing time: mean = 65.218 us, max = 68.371 ms, min = -0.066 s, total = 9.391 ms
	CoreWorker.PrintEventStats - 24 total (1 active, 1 running), Execution time: mean = 273.999 us, total = 6.576 ms, Queueing time: mean = -0.000 s, max = 51.693 ms, min = -0.041 s, total = -0.005 s
	PeriodicalRunner.RunFnPeriodically - 7 total (0 active), Execution time: mean = 86.804 us, total = 607.626 us, Queueing time: mean = 247.518 us, max = 588.162 us, min = 36.496 us, total = 1.733 ms
	Publisher.CheckDeadSubscribers - 5 total (1 active), Execution time: mean = 4.496 us, total = 22.478 us, Queueing time: mean = -0.010 s, max = 9.403 ms, min = -0.073 s, total = -0.052 s
	ray::rpc::InternalPubSubGcsService.grpc_client.GcsSubscriberPoll - 4 total (1 active), Execution time: mean = 299.913 s, total = 1199.650 s, Queueing time: mean = 0.000 s, max = -0.000 s, min = 9223372036.855 s, total = 0.000 s
	ray::rpc::InternalPubSubGcsService.grpc_client.GcsSubscriberPoll.OnReplyReceived - 3 total (0 active), Execution time: mean = 676.624 us, total = 2.030 ms, Queueing time: mean = 50.723 us, max = 101.032 us, min = 18.283 us, total = 152.170 us
	ray::rpc::NodeInfoGcsService.grpc_client.GetAllNodeInfo.OnReplyReceived - 1 total (0 active), Execution time: mean = 62.985 us, total = 62.985 us, Queueing time: mean = 309.221 us, max = 309.221 us, min = 309.221 us, total = 309.221 us
	ray::rpc::InternalPubSubGcsService.grpc_client.GcsSubscriberCommandBatch - 1 total (0 active), Execution time: mean = 521.302 us, total = 521.302 us, Queueing time: mean = 0.000 s, max = -0.000 s, min = 9223372036.855 s, total = 0.000 s
	ray::rpc::InternalPubSubGcsService.grpc_client.GcsSubscriberCommandBatch.OnReplyReceived - 1 total (0 active), Execution time: mean = 158.175 us, total = 158.175 us, Queueing time: mean = 34.006 us, max = 34.006 us, min = 34.006 us, total = 34.006 us
	ray::rpc::WorkerInfoGcsService.grpc_client.AddWorkerInfo.OnReplyReceived - 1 total (0 active), Execution time: mean = 55.237 us, total = 55.237 us, Queueing time: mean = 26.336 us, max = 26.336 us, min = 26.336 us, total = 26.336 us
	ray::rpc::WorkerInfoGcsService.grpc_client.AddWorkerInfo - 1 total (0 active), Execution time: mean = 700.894 us, total = 700.894 us, Queueing time: mean = 0.000 s, max = -0.000 s, min = 9223372036.855 s, total = 0.000 s
	ray::rpc::NodeInfoGcsService.grpc_client.GetAllNodeInfo - 1 total (0 active), Execution time: mean = 494.108 us, total = 494.108 us, Queueing time: mean = 0.000 s, max = -0.000 s, min = 9223372036.855 s, total = 0.000 s

-----------------
Task Event stats:

IO Service Stats:

Global stats: 4315 total (1 active)
Queueing time: mean = 499.957 us, max = 64.447 ms, min = -0.017 s, total = 2.157 s
Execution time:  mean = 286.722 us, total = 1.237 s
Event stats:
	ray::rpc::TaskInfoGcsService.grpc_client.AddTaskEventData - 1438 total (0 active), Execution time: mean = 669.669 us, total = 962.983 ms, Queueing time: mean = 0.000 s, max = -0.000 s, min = 9223372036.855 s, total = 0.000 s
	ray::rpc::TaskInfoGcsService.grpc_client.AddTaskEventData.OnReplyReceived - 1438 total (0 active), Execution time: mean = 28.202 us, total = 40.555 ms, Queueing time: mean = 37.037 us, max = 4.958 ms, min = 9.249 us, total = 53.259 ms
	CoreWorker.deadline_timer.flush_task_events - 1438 total (1 active), Execution time: mean = 162.386 us, total = 233.512 ms, Queueing time: mean = 1.463 ms, max = 64.447 ms, min = -0.017 s, total = 2.104 s
	PeriodicalRunner.RunFnPeriodically - 1 total (0 active), Execution time: mean = 153.881 us, total = 153.881 us, Queueing time: mean = 25.966 us, max = 25.966 us, min = 25.966 us, total = 25.966 us
Other Stats:
	grpc_in_progress:0
	current number of task status events in buffer: 0
	current number of profile events in buffer: 0
	current number of dropped task attempts tracked: 0
	total task events sent: 0 MiB
	total number of task attempts sent: 0
	total number of task attempts dropped reported: 0
	total number of sent failure: 0
	num status task events dropped: 0
	num profile task events dropped: 0


[2025-02-16 16:43:37,734 I 583 1610] core_worker.cc:642: Event stats:


Global stats: 21469 total (8 active)
Queueing time: mean = 280.558 us, max = 72.758 ms, min = -0.073 s, total = 6.023 s
Execution time:  mean = 55.934 ms, total = 1200.843 s
Event stats:
	CoreWorker.RecoverObjects - 14972 total (1 active), Execution time: mean = 5.934 us, total = 88.839 ms, Queueing time: mean = 184.979 us, max = 30.392 ms, min = -0.056 s, total = 2.770 s
	CoreWorker.ExitIfParentRayletDies - 1499 total (1 active), Execution time: mean = 8.061 us, total = 12.084 ms, Queueing time: mean = 1.150 ms, max = 63.178 ms, min = -0.053 s, total = 1.723 s
	CoreWorker.InternalHeartbeat - 1499 total (1 active), Execution time: mean = 121.976 us, total = 182.841 ms, Queueing time: mean = 1.030 ms, max = 63.108 ms, min = -0.053 s, total = 1.545 s
	NodeManagerService.grpc_client.ReportWorkerBacklog.OnReplyReceived - 1499 total (0 active), Execution time: mean = 15.441 us, total = 23.146 ms, Queueing time: mean = 38.134 us, max = 6.710 ms, min = 1.231 us, total = 57.162 ms
	NodeManagerService.grpc_client.ReportWorkerBacklog - 1499 total (0 active), Execution time: mean = 578.568 us, total = 867.273 ms, Queueing time: mean = 0.000 s, max = -0.000 s, min = 9223372036.855 s, total = 0.000 s
	CoreWorker.RecordMetrics - 300 total (1 active), Execution time: mean = 21.496 us, total = 6.449 ms, Queueing time: mean = 68.259 us, max = 72.758 ms, min = -0.065 s, total = 20.478 ms
	CoreWorker.GCStreamingGeneratorMetadata - 150 total (1 active), Execution time: mean = 3.895 us, total = 584.255 us, Queueing time: mean = 64.498 us, max = 68.371 ms, min = -0.066 s, total = 9.675 ms
	CoreWorker.PrintEventStats - 25 total (1 active, 1 running), Execution time: mean = 275.624 us, total = 6.891 ms, Queueing time: mean = -0.002 s, max = 51.693 ms, min = -0.041 s, total = -0.043 s
	PeriodicalRunner.RunFnPeriodically - 7 total (0 active), Execution time: mean = 86.804 us, total = 607.626 us, Queueing time: mean = 247.518 us, max = 588.162 us, min = 36.496 us, total = 1.733 ms
	Publisher.CheckDeadSubscribers - 6 total (1 active), Execution time: mean = 4.693 us, total = 28.157 us, Queueing time: mean = -0.010 s, max = 9.403 ms, min = -0.073 s, total = -0.061 s
	ray::rpc::InternalPubSubGcsService.grpc_client.GcsSubscriberPoll - 4 total (1 active), Execution time: mean = 299.913 s, total = 1199.650 s, Queueing time: mean = 0.000 s, max = -0.000 s, min = 9223372036.855 s, total = 0.000 s
	ray::rpc::InternalPubSubGcsService.grpc_client.GcsSubscriberPoll.OnReplyReceived - 3 total (0 active), Execution time: mean = 676.624 us, total = 2.030 ms, Queueing time: mean = 50.723 us, max = 101.032 us, min = 18.283 us, total = 152.170 us
	ray::rpc::NodeInfoGcsService.grpc_client.GetAllNodeInfo.OnReplyReceived - 1 total (0 active), Execution time: mean = 62.985 us, total = 62.985 us, Queueing time: mean = 309.221 us, max = 309.221 us, min = 309.221 us, total = 309.221 us
	ray::rpc::InternalPubSubGcsService.grpc_client.GcsSubscriberCommandBatch - 1 total (0 active), Execution time: mean = 521.302 us, total = 521.302 us, Queueing time: mean = 0.000 s, max = -0.000 s, min = 9223372036.855 s, total = 0.000 s
	ray::rpc::InternalPubSubGcsService.grpc_client.GcsSubscriberCommandBatch.OnReplyReceived - 1 total (0 active), Execution time: mean = 158.175 us, total = 158.175 us, Queueing time: mean = 34.006 us, max = 34.006 us, min = 34.006 us, total = 34.006 us
	ray::rpc::WorkerInfoGcsService.grpc_client.AddWorkerInfo.OnReplyReceived - 1 total (0 active), Execution time: mean = 55.237 us, total = 55.237 us, Queueing time: mean = 26.336 us, max = 26.336 us, min = 26.336 us, total = 26.336 us
	ray::rpc::WorkerInfoGcsService.grpc_client.AddWorkerInfo - 1 total (0 active), Execution time: mean = 700.894 us, total = 700.894 us, Queueing time: mean = 0.000 s, max = -0.000 s, min = 9223372036.855 s, total = 0.000 s
	ray::rpc::NodeInfoGcsService.grpc_client.GetAllNodeInfo - 1 total (0 active), Execution time: mean = 494.108 us, total = 494.108 us, Queueing time: mean = 0.000 s, max = -0.000 s, min = 9223372036.855 s, total = 0.000 s

-----------------
Task Event stats:

IO Service Stats:

Global stats: 4495 total (1 active)
Queueing time: mean = 499.268 us, max = 64.447 ms, min = -0.017 s, total = 2.244 s
Execution time:  mean = 283.418 us, total = 1.274 s
Event stats:
	ray::rpc::TaskInfoGcsService.grpc_client.AddTaskEventData - 1498 total (0 active), Execution time: mean = 661.855 us, total = 991.459 ms, Queueing time: mean = 0.000 s, max = -0.000 s, min = 9223372036.855 s, total = 0.000 s
	ray::rpc::TaskInfoGcsService.grpc_client.AddTaskEventData.OnReplyReceived - 1498 total (0 active), Execution time: mean = 27.761 us, total = 41.585 ms, Queueing time: mean = 36.630 us, max = 4.958 ms, min = 9.249 us, total = 54.872 ms
	CoreWorker.deadline_timer.flush_task_events - 1498 total (1 active), Execution time: mean = 160.726 us, total = 240.767 ms, Queueing time: mean = 1.461 ms, max = 64.447 ms, min = -0.017 s, total = 2.189 s
	PeriodicalRunner.RunFnPeriodically - 1 total (0 active), Execution time: mean = 153.881 us, total = 153.881 us, Queueing time: mean = 25.966 us, max = 25.966 us, min = 25.966 us, total = 25.966 us
Other Stats:
	grpc_in_progress:0
	current number of task status events in buffer: 0
	current number of profile events in buffer: 0
	current number of dropped task attempts tracked: 0
	total task events sent: 0 MiB
	total number of task attempts sent: 0
	total number of task attempts dropped reported: 0
	total number of sent failure: 0
	num status task events dropped: 0
	num profile task events dropped: 0


[2025-02-16 16:44:37,735 I 583 1610] core_worker.cc:642: Event stats:


Global stats: 22329 total (8 active)
Queueing time: mean = 285.990 us, max = 72.758 ms, min = -0.073 s, total = 6.386 s
Execution time:  mean = 67.239 ms, total = 1501.370 s
Event stats:
	CoreWorker.RecoverObjects - 15571 total (1 active), Execution time: mean = 5.882 us, total = 91.589 ms, Queueing time: mean = 186.268 us, max = 30.392 ms, min = -0.056 s, total = 2.900 s
	CoreWorker.ExitIfParentRayletDies - 1559 total (1 active), Execution time: mean = 7.997 us, total = 12.468 ms, Queueing time: mean = 1.186 ms, max = 63.178 ms, min = -0.053 s, total = 1.849 s
	CoreWorker.InternalHeartbeat - 1559 total (1 active), Execution time: mean = 121.029 us, total = 188.684 ms, Queueing time: mean = 1.068 ms, max = 63.108 ms, min = -0.053 s, total = 1.665 s
	NodeManagerService.grpc_client.ReportWorkerBacklog.OnReplyReceived - 1559 total (0 active), Execution time: mean = 15.293 us, total = 23.841 ms, Queueing time: mean = 37.584 us, max = 6.710 ms, min = 1.231 us, total = 58.593 ms
	NodeManagerService.grpc_client.ReportWorkerBacklog - 1559 total (0 active), Execution time: mean = 572.516 us, total = 892.552 ms, Queueing time: mean = 0.000 s, max = -0.000 s, min = 9223372036.855 s, total = 0.000 s
	CoreWorker.RecordMetrics - 312 total (1 active), Execution time: mean = 21.653 us, total = 6.756 ms, Queueing time: mean = 69.168 us, max = 72.758 ms, min = -0.065 s, total = 21.581 ms
	CoreWorker.GCStreamingGeneratorMetadata - 156 total (1 active), Execution time: mean = 3.933 us, total = 613.493 us, Queueing time: mean = 63.433 us, max = 68.682 ms, min = -0.067 s, total = 9.896 ms
	CoreWorker.PrintEventStats - 26 total (1 active, 1 running), Execution time: mean = 279.362 us, total = 7.263 ms, Queueing time: mean = -0.002 s, max = 51.693 ms, min = -0.041 s, total = -0.060 s
	PeriodicalRunner.RunFnPeriodically - 7 total (0 active), Execution time: mean = 86.804 us, total = 607.626 us, Queueing time: mean = 247.518 us, max = 588.162 us, min = 36.496 us, total = 1.733 ms
	Publisher.CheckDeadSubscribers - 6 total (1 active), Execution time: mean = 4.693 us, total = 28.157 us, Queueing time: mean = -0.010 s, max = 9.403 ms, min = -0.073 s, total = -0.061 s
	ray::rpc::InternalPubSubGcsService.grpc_client.GcsSubscriberPoll - 5 total (1 active), Execution time: mean = 300.028 s, total = 1500.141 s, Queueing time: mean = 0.000 s, max = -0.000 s, min = 9223372036.855 s, total = 0.000 s
	ray::rpc::InternalPubSubGcsService.grpc_client.GcsSubscriberPoll.OnReplyReceived - 4 total (0 active), Execution time: mean = 543.428 us, total = 2.174 ms, Queueing time: mean = 45.712 us, max = 101.032 us, min = 18.283 us, total = 182.849 us
	ray::rpc::NodeInfoGcsService.grpc_client.GetAllNodeInfo.OnReplyReceived - 1 total (0 active), Execution time: mean = 62.985 us, total = 62.985 us, Queueing time: mean = 309.221 us, max = 309.221 us, min = 309.221 us, total = 309.221 us
	ray::rpc::InternalPubSubGcsService.grpc_client.GcsSubscriberCommandBatch - 1 total (0 active), Execution time: mean = 521.302 us, total = 521.302 us, Queueing time: mean = 0.000 s, max = -0.000 s, min = 9223372036.855 s, total = 0.000 s
	ray::rpc::InternalPubSubGcsService.grpc_client.GcsSubscriberCommandBatch.OnReplyReceived - 1 total (0 active), Execution time: mean = 158.175 us, total = 158.175 us, Queueing time: mean = 34.006 us, max = 34.006 us, min = 34.006 us, total = 34.006 us
	ray::rpc::WorkerInfoGcsService.grpc_client.AddWorkerInfo.OnReplyReceived - 1 total (0 active), Execution time: mean = 55.237 us, total = 55.237 us, Queueing time: mean = 26.336 us, max = 26.336 us, min = 26.336 us, total = 26.336 us
	ray::rpc::WorkerInfoGcsService.grpc_client.AddWorkerInfo - 1 total (0 active), Execution time: mean = 700.894 us, total = 700.894 us, Queueing time: mean = 0.000 s, max = -0.000 s, min = 9223372036.855 s, total = 0.000 s
	ray::rpc::NodeInfoGcsService.grpc_client.GetAllNodeInfo - 1 total (0 active), Execution time: mean = 494.108 us, total = 494.108 us, Queueing time: mean = 0.000 s, max = -0.000 s, min = 9223372036.855 s, total = 0.000 s

-----------------
Task Event stats:

IO Service Stats:

Global stats: 4675 total (1 active)
Queueing time: mean = 502.325 us, max = 64.447 ms, min = -0.017 s, total = 2.348 s
Execution time:  mean = 280.350 us, total = 1.311 s
Event stats:
	ray::rpc::TaskInfoGcsService.grpc_client.AddTaskEventData - 1558 total (0 active), Execution time: mean = 654.457 us, total = 1.020 s, Queueing time: mean = 0.000 s, max = -0.000 s, min = 9223372036.855 s, total = 0.000 s
	ray::rpc::TaskInfoGcsService.grpc_client.AddTaskEventData.OnReplyReceived - 1558 total (0 active), Execution time: mean = 27.331 us, total = 42.581 ms, Queueing time: mean = 36.133 us, max = 4.958 ms, min = 9.249 us, total = 56.296 ms
	CoreWorker.deadline_timer.flush_task_events - 1558 total (1 active), Execution time: mean = 159.344 us, total = 248.258 ms, Queueing time: mean = 1.471 ms, max = 64.447 ms, min = -0.017 s, total = 2.292 s
	PeriodicalRunner.RunFnPeriodically - 1 total (0 active), Execution time: mean = 153.881 us, total = 153.881 us, Queueing time: mean = 25.966 us, max = 25.966 us, min = 25.966 us, total = 25.966 us
Other Stats:
	grpc_in_progress:0
	current number of task status events in buffer: 0
	current number of profile events in buffer: 0
	current number of dropped task attempts tracked: 0
	total task events sent: 0 MiB
	total number of task attempts sent: 0
	total number of task attempts dropped reported: 0
	total number of sent failure: 0
	num status task events dropped: 0
	num profile task events dropped: 0


[2025-02-16 16:45:37,735 I 583 1610] core_worker.cc:642: Event stats:


Global stats: 23187 total (8 active)
Queueing time: mean = 286.376 us, max = 72.758 ms, min = -0.073 s, total = 6.640 s
Execution time:  mean = 64.752 ms, total = 1501.402 s
Event stats:
	CoreWorker.RecoverObjects - 16170 total (1 active), Execution time: mean = 5.830 us, total = 94.267 ms, Queueing time: mean = 183.924 us, max = 30.392 ms, min = -0.056 s, total = 2.974 s
	CoreWorker.ExitIfParentRayletDies - 1619 total (1 active), Execution time: mean = 7.919 us, total = 12.820 ms, Queueing time: mean = 1.190 ms, max = 63.178 ms, min = -0.053 s, total = 1.927 s
	CoreWorker.InternalHeartbeat - 1619 total (1 active), Execution time: mean = 119.858 us, total = 194.049 ms, Queueing time: mean = 1.073 ms, max = 63.108 ms, min = -0.053 s, total = 1.738 s
	NodeManagerService.grpc_client.ReportWorkerBacklog.OnReplyReceived - 1619 total (0 active), Execution time: mean = 15.120 us, total = 24.479 ms, Queueing time: mean = 37.027 us, max = 6.710 ms, min = 1.231 us, total = 59.946 ms
	NodeManagerService.grpc_client.ReportWorkerBacklog - 1619 total (0 active), Execution time: mean = 565.345 us, total = 915.293 ms, Queueing time: mean = 0.000 s, max = -0.000 s, min = 9223372036.855 s, total = 0.000 s
	CoreWorker.RecordMetrics - 324 total (1 active), Execution time: mean = 21.604 us, total = 7.000 ms, Queueing time: mean = 65.379 us, max = 72.758 ms, min = -0.065 s, total = 21.183 ms
	CoreWorker.GCStreamingGeneratorMetadata - 162 total (1 active), Execution time: mean = 3.931 us, total = 636.771 us, Queueing time: mean = 63.130 us, max = 68.682 ms, min = -0.067 s, total = 10.227 ms
	CoreWorker.PrintEventStats - 27 total (1 active, 1 running), Execution time: mean = 278.835 us, total = 7.529 ms, Queueing time: mean = -0.001 s, max = 51.693 ms, min = -0.041 s, total = -0.032 s
	PeriodicalRunner.RunFnPeriodically - 7 total (0 active), Execution time: mean = 86.804 us, total = 607.626 us, Queueing time: mean = 247.518 us, max = 588.162 us, min = 36.496 us, total = 1.733 ms
	Publisher.CheckDeadSubscribers - 6 total (1 active), Execution time: mean = 4.693 us, total = 28.157 us, Queueing time: mean = -0.010 s, max = 9.403 ms, min = -0.073 s, total = -0.061 s
	ray::rpc::InternalPubSubGcsService.grpc_client.GcsSubscriberPoll - 5 total (1 active), Execution time: mean = 300.028 s, total = 1500.141 s, Queueing time: mean = 0.000 s, max = -0.000 s, min = 9223372036.855 s, total = 0.000 s
	ray::rpc::InternalPubSubGcsService.grpc_client.GcsSubscriberPoll.OnReplyReceived - 4 total (0 active), Execution time: mean = 543.428 us, total = 2.174 ms, Queueing time: mean = 45.712 us, max = 101.032 us, min = 18.283 us, total = 182.849 us
	ray::rpc::NodeInfoGcsService.grpc_client.GetAllNodeInfo.OnReplyReceived - 1 total (0 active), Execution time: mean = 62.985 us, total = 62.985 us, Queueing time: mean = 309.221 us, max = 309.221 us, min = 309.221 us, total = 309.221 us
	ray::rpc::InternalPubSubGcsService.grpc_client.GcsSubscriberCommandBatch - 1 total (0 active), Execution time: mean = 521.302 us, total = 521.302 us, Queueing time: mean = 0.000 s, max = -0.000 s, min = 9223372036.855 s, total = 0.000 s
	ray::rpc::InternalPubSubGcsService.grpc_client.GcsSubscriberCommandBatch.OnReplyReceived - 1 total (0 active), Execution time: mean = 158.175 us, total = 158.175 us, Queueing time: mean = 34.006 us, max = 34.006 us, min = 34.006 us, total = 34.006 us
	ray::rpc::WorkerInfoGcsService.grpc_client.AddWorkerInfo.OnReplyReceived - 1 total (0 active), Execution time: mean = 55.237 us, total = 55.237 us, Queueing time: mean = 26.336 us, max = 26.336 us, min = 26.336 us, total = 26.336 us
	ray::rpc::WorkerInfoGcsService.grpc_client.AddWorkerInfo - 1 total (0 active), Execution time: mean = 700.894 us, total = 700.894 us, Queueing time: mean = 0.000 s, max = -0.000 s, min = 9223372036.855 s, total = 0.000 s
	ray::rpc::NodeInfoGcsService.grpc_client.GetAllNodeInfo - 1 total (0 active), Execution time: mean = 494.108 us, total = 494.108 us, Queueing time: mean = 0.000 s, max = -0.000 s, min = 9223372036.855 s, total = 0.000 s

-----------------
Task Event stats:

IO Service Stats:

Global stats: 4855 total (1 active)
Queueing time: mean = 501.697 us, max = 64.447 ms, min = -0.017 s, total = 2.436 s
Execution time:  mean = 277.429 us, total = 1.347 s
Event stats:
	ray::rpc::TaskInfoGcsService.grpc_client.AddTaskEventData - 1618 total (0 active), Execution time: mean = 647.694 us, total = 1.048 s, Queueing time: mean = 0.000 s, max = -0.000 s, min = 9223372036.855 s, total = 0.000 s
	ray::rpc::TaskInfoGcsService.grpc_client.AddTaskEventData.OnReplyReceived - 1618 total (0 active), Execution time: mean = 26.943 us, total = 43.593 ms, Queueing time: mean = 35.774 us, max = 4.958 ms, min = 9.249 us, total = 57.883 ms
	CoreWorker.deadline_timer.flush_task_events - 1618 total (1 active), Execution time: mean = 157.727 us, total = 255.202 ms, Queueing time: mean = 1.470 ms, max = 64.447 ms, min = -0.017 s, total = 2.378 s
	PeriodicalRunner.RunFnPeriodically - 1 total (0 active), Execution time: mean = 153.881 us, total = 153.881 us, Queueing time: mean = 25.966 us, max = 25.966 us, min = 25.966 us, total = 25.966 us
Other Stats:
	grpc_in_progress:0
	current number of task status events in buffer: 0
	current number of profile events in buffer: 0
	current number of dropped task attempts tracked: 0
	total task events sent: 0 MiB
	total number of task attempts sent: 0
	total number of task attempts dropped reported: 0
	total number of sent failure: 0
	num status task events dropped: 0
	num profile task events dropped: 0


[2025-02-16 16:46:37,735 I 583 1610] core_worker.cc:642: Event stats:


Global stats: 24041 total (8 active)
Queueing time: mean = 291.580 us, max = 76.176 ms, min = -0.073 s, total = 7.010 s
Execution time:  mean = 62.453 ms, total = 1501.435 s
Event stats:
	CoreWorker.RecoverObjects - 16769 total (1 active), Execution time: mean = 5.775 us, total = 96.836 ms, Queueing time: mean = 186.913 us, max = 30.392 ms, min = -0.056 s, total = 3.134 s
	CoreWorker.ExitIfParentRayletDies - 1678 total (1 active), Execution time: mean = 7.847 us, total = 13.168 ms, Queueing time: mean = 1.221 ms, max = 63.178 ms, min = -0.053 s, total = 2.050 s
	CoreWorker.InternalHeartbeat - 1678 total (1 active), Execution time: mean = 118.715 us, total = 199.203 ms, Queueing time: mean = 1.106 ms, max = 63.108 ms, min = -0.053 s, total = 1.856 s
	NodeManagerService.grpc_client.ReportWorkerBacklog.OnReplyReceived - 1678 total (0 active), Execution time: mean = 14.979 us, total = 25.134 ms, Queueing time: mean = 36.565 us, max = 6.710 ms, min = 1.231 us, total = 61.356 ms
	NodeManagerService.grpc_client.ReportWorkerBacklog - 1678 total (0 active), Execution time: mean = 559.705 us, total = 939.184 ms, Queueing time: mean = 0.000 s, max = -0.000 s, min = 9223372036.855 s, total = 0.000 s
	CoreWorker.RecordMetrics - 336 total (1 active), Execution time: mean = 21.598 us, total = 7.257 ms, Queueing time: mean = 68.115 us, max = 76.176 ms, min = -0.068 s, total = 22.887 ms
	CoreWorker.GCStreamingGeneratorMetadata - 168 total (1 active), Execution time: mean = 3.906 us, total = 656.232 us, Queueing time: mean = 62.195 us, max = 72.105 ms, min = -0.069 s, total = 10.449 ms
	CoreWorker.PrintEventStats - 28 total (1 active, 1 running), Execution time: mean = 276.945 us, total = 7.754 ms, Queueing time: mean = -0.002 s, max = 51.693 ms, min = -0.041 s, total = -0.066 s
	PeriodicalRunner.RunFnPeriodically - 7 total (0 active), Execution time: mean = 86.804 us, total = 607.626 us, Queueing time: mean = 247.518 us, max = 588.162 us, min = 36.496 us, total = 1.733 ms
	Publisher.CheckDeadSubscribers - 6 total (1 active), Execution time: mean = 4.693 us, total = 28.157 us, Queueing time: mean = -0.010 s, max = 9.403 ms, min = -0.073 s, total = -0.061 s
	ray::rpc::InternalPubSubGcsService.grpc_client.GcsSubscriberPoll - 5 total (1 active), Execution time: mean = 300.028 s, total = 1500.141 s, Queueing time: mean = 0.000 s, max = -0.000 s, min = 9223372036.855 s, total = 0.000 s
	ray::rpc::InternalPubSubGcsService.grpc_client.GcsSubscriberPoll.OnReplyReceived - 4 total (0 active), Execution time: mean = 543.428 us, total = 2.174 ms, Queueing time: mean = 45.712 us, max = 101.032 us, min = 18.283 us, total = 182.849 us
	ray::rpc::NodeInfoGcsService.grpc_client.GetAllNodeInfo.OnReplyReceived - 1 total (0 active), Execution time: mean = 62.985 us, total = 62.985 us, Queueing time: mean = 309.221 us, max = 309.221 us, min = 309.221 us, total = 309.221 us
	ray::rpc::InternalPubSubGcsService.grpc_client.GcsSubscriberCommandBatch - 1 total (0 active), Execution time: mean = 521.302 us, total = 521.302 us, Queueing time: mean = 0.000 s, max = -0.000 s, min = 9223372036.855 s, total = 0.000 s
	ray::rpc::InternalPubSubGcsService.grpc_client.GcsSubscriberCommandBatch.OnReplyReceived - 1 total (0 active), Execution time: mean = 158.175 us, total = 158.175 us, Queueing time: mean = 34.006 us, max = 34.006 us, min = 34.006 us, total = 34.006 us
	ray::rpc::WorkerInfoGcsService.grpc_client.AddWorkerInfo.OnReplyReceived - 1 total (0 active), Execution time: mean = 55.237 us, total = 55.237 us, Queueing time: mean = 26.336 us, max = 26.336 us, min = 26.336 us, total = 26.336 us
	ray::rpc::WorkerInfoGcsService.grpc_client.AddWorkerInfo - 1 total (0 active), Execution time: mean = 700.894 us, total = 700.894 us, Queueing time: mean = 0.000 s, max = -0.000 s, min = 9223372036.855 s, total = 0.000 s
	ray::rpc::NodeInfoGcsService.grpc_client.GetAllNodeInfo - 1 total (0 active), Execution time: mean = 494.108 us, total = 494.108 us, Queueing time: mean = 0.000 s, max = -0.000 s, min = 9223372036.855 s, total = 0.000 s

-----------------
Task Event stats:

IO Service Stats:

Global stats: 5035 total (1 active)
Queueing time: mean = 511.833 us, max = 64.447 ms, min = -0.017 s, total = 2.577 s
Execution time:  mean = 275.216 us, total = 1.386 s
Event stats:
	ray::rpc::TaskInfoGcsService.grpc_client.AddTaskEventData - 1678 total (0 active), Execution time: mean = 642.510 us, total = 1.078 s, Queueing time: mean = 0.000 s, max = -0.000 s, min = 9223372036.855 s, total = 0.000 s
	ray::rpc::TaskInfoGcsService.grpc_client.AddTaskEventData.OnReplyReceived - 1678 total (0 active), Execution time: mean = 26.641 us, total = 44.704 ms, Queueing time: mean = 35.435 us, max = 4.958 ms, min = 9.249 us, total = 59.461 ms
	CoreWorker.deadline_timer.flush_task_events - 1678 total (1 active), Execution time: mean = 156.569 us, total = 262.723 ms, Queueing time: mean = 1.500 ms, max = 64.447 ms, min = -0.017 s, total = 2.518 s
	PeriodicalRunner.RunFnPeriodically - 1 total (0 active), Execution time: mean = 153.881 us, total = 153.881 us, Queueing time: mean = 25.966 us, max = 25.966 us, min = 25.966 us, total = 25.966 us
Other Stats:
	grpc_in_progress:0
	current number of task status events in buffer: 0
	current number of profile events in buffer: 0
	current number of dropped task attempts tracked: 0
	total task events sent: 0 MiB
	total number of task attempts sent: 0
	total number of task attempts dropped reported: 0
	total number of sent failure: 0
	num status task events dropped: 0
	num profile task events dropped: 0


[2025-02-16 16:47:37,736 I 583 1610] core_worker.cc:642: Event stats:


Global stats: 24899 total (8 active)
Queueing time: mean = 293.787 us, max = 76.176 ms, min = -0.073 s, total = 7.315 s
Execution time:  mean = 60.302 ms, total = 1501.470 s
Event stats:
	CoreWorker.RecoverObjects - 17368 total (1 active), Execution time: mean = 5.735 us, total = 99.612 ms, Queueing time: mean = 183.678 us, max = 30.392 ms, min = -0.056 s, total = 3.190 s
	CoreWorker.ExitIfParentRayletDies - 1738 total (1 active), Execution time: mean = 7.795 us, total = 13.548 ms, Queueing time: mean = 1.235 ms, max = 63.178 ms, min = -0.053 s, total = 2.146 s
	CoreWorker.InternalHeartbeat - 1738 total (1 active), Execution time: mean = 117.721 us, total = 204.599 ms, Queueing time: mean = 1.120 ms, max = 63.108 ms, min = -0.053 s, total = 1.947 s
	NodeManagerService.grpc_client.ReportWorkerBacklog.OnReplyReceived - 1738 total (0 active), Execution time: mean = 14.885 us, total = 25.871 ms, Queueing time: mean = 36.188 us, max = 6.710 ms, min = 1.231 us, total = 62.894 ms
	NodeManagerService.grpc_client.ReportWorkerBacklog - 1738 total (0 active), Execution time: mean = 554.754 us, total = 964.163 ms, Queueing time: mean = 0.000 s, max = -0.000 s, min = 9223372036.855 s, total = 0.000 s
	CoreWorker.RecordMetrics - 348 total (1 active), Execution time: mean = 21.638 us, total = 7.530 ms, Queueing time: mean = 67.479 us, max = 76.176 ms, min = -0.068 s, total = 23.483 ms
	CoreWorker.GCStreamingGeneratorMetadata - 174 total (1 active), Execution time: mean = 3.898 us, total = 678.320 us, Queueing time: mean = 62.782 us, max = 72.105 ms, min = -0.069 s, total = 10.924 ms
	CoreWorker.PrintEventStats - 29 total (1 active, 1 running), Execution time: mean = 275.961 us, total = 8.003 ms, Queueing time: mean = -0.000 s, max = 59.758 ms, min = -0.041 s, total = -0.006 s
	PeriodicalRunner.RunFnPeriodically - 7 total (0 active), Execution time: mean = 86.804 us, total = 607.626 us, Queueing time: mean = 247.518 us, max = 588.162 us, min = 36.496 us, total = 1.733 ms
	Publisher.CheckDeadSubscribers - 6 total (1 active), Execution time: mean = 4.693 us, total = 28.157 us, Queueing time: mean = -0.010 s, max = 9.403 ms, min = -0.073 s, total = -0.061 s
	ray::rpc::InternalPubSubGcsService.grpc_client.GcsSubscriberPoll - 5 total (1 active), Execution time: mean = 300.028 s, total = 1500.141 s, Queueing time: mean = 0.000 s, max = -0.000 s, min = 9223372036.855 s, total = 0.000 s
	ray::rpc::InternalPubSubGcsService.grpc_client.GcsSubscriberPoll.OnReplyReceived - 4 total (0 active), Execution time: mean = 543.428 us, total = 2.174 ms, Queueing time: mean = 45.712 us, max = 101.032 us, min = 18.283 us, total = 182.849 us
	ray::rpc::NodeInfoGcsService.grpc_client.GetAllNodeInfo.OnReplyReceived - 1 total (0 active), Execution time: mean = 62.985 us, total = 62.985 us, Queueing time: mean = 309.221 us, max = 309.221 us, min = 309.221 us, total = 309.221 us
	ray::rpc::InternalPubSubGcsService.grpc_client.GcsSubscriberCommandBatch - 1 total (0 active), Execution time: mean = 521.302 us, total = 521.302 us, Queueing time: mean = 0.000 s, max = -0.000 s, min = 9223372036.855 s, total = 0.000 s
	ray::rpc::InternalPubSubGcsService.grpc_client.GcsSubscriberCommandBatch.OnReplyReceived - 1 total (0 active), Execution time: mean = 158.175 us, total = 158.175 us, Queueing time: mean = 34.006 us, max = 34.006 us, min = 34.006 us, total = 34.006 us
	ray::rpc::WorkerInfoGcsService.grpc_client.AddWorkerInfo.OnReplyReceived - 1 total (0 active), Execution time: mean = 55.237 us, total = 55.237 us, Queueing time: mean = 26.336 us, max = 26.336 us, min = 26.336 us, total = 26.336 us
	ray::rpc::WorkerInfoGcsService.grpc_client.AddWorkerInfo - 1 total (0 active), Execution time: mean = 700.894 us, total = 700.894 us, Queueing time: mean = 0.000 s, max = -0.000 s, min = 9223372036.855 s, total = 0.000 s
	ray::rpc::NodeInfoGcsService.grpc_client.GetAllNodeInfo - 1 total (0 active), Execution time: mean = 494.108 us, total = 494.108 us, Queueing time: mean = 0.000 s, max = -0.000 s, min = 9223372036.855 s, total = 0.000 s

-----------------
Task Event stats:

IO Service Stats:

Global stats: 5215 total (1 active)
Queueing time: mean = 505.908 us, max = 64.447 ms, min = -0.019 s, total = 2.638 s
Execution time:  mean = 272.826 us, total = 1.423 s
Event stats:
	ray::rpc::TaskInfoGcsService.grpc_client.AddTaskEventData - 1738 total (0 active), Execution time: mean = 636.900 us, total = 1.107 s, Queueing time: mean = 0.000 s, max = -0.000 s, min = 9223372036.855 s, total = 0.000 s
	ray::rpc::TaskInfoGcsService.grpc_client.AddTaskEventData.OnReplyReceived - 1738 total (0 active), Execution time: mean = 26.336 us, total = 45.771 ms, Queueing time: mean = 35.017 us, max = 4.958 ms, min = 9.249 us, total = 60.860 ms
	CoreWorker.deadline_timer.flush_task_events - 1738 total (1 active), Execution time: mean = 155.310 us, total = 269.929 ms, Queueing time: mean = 1.483 ms, max = 64.447 ms, min = -0.019 s, total = 2.577 s
	PeriodicalRunner.RunFnPeriodically - 1 total (0 active), Execution time: mean = 153.881 us, total = 153.881 us, Queueing time: mean = 25.966 us, max = 25.966 us, min = 25.966 us, total = 25.966 us
Other Stats:
	grpc_in_progress:0
	current number of task status events in buffer: 0
	current number of profile events in buffer: 0
	current number of dropped task attempts tracked: 0
	total task events sent: 0 MiB
	total number of task attempts sent: 0
	total number of task attempts dropped reported: 0
	total number of sent failure: 0
	num status task events dropped: 0
	num profile task events dropped: 0


[2025-02-16 16:48:37,736 I 583 1610] core_worker.cc:642: Event stats:


Global stats: 25758 total (8 active)
Queueing time: mean = 294.616 us, max = 76.176 ms, min = -0.073 s, total = 7.589 s
Execution time:  mean = 58.294 ms, total = 1501.524 s
Event stats:
	CoreWorker.RecoverObjects - 17967 total (1 active), Execution time: mean = 5.704 us, total = 102.488 ms, Queueing time: mean = 183.271 us, max = 30.392 ms, min = -0.056 s, total = 3.293 s
	CoreWorker.ExitIfParentRayletDies - 1798 total (1 active), Execution time: mean = 7.918 us, total = 14.237 ms, Queueing time: mean = 1.251 ms, max = 63.178 ms, min = -0.053 s, total = 2.250 s
	CoreWorker.InternalHeartbeat - 1798 total (1 active), Execution time: mean = 118.923 us, total = 213.823 ms, Queueing time: mean = 1.136 ms, max = 63.108 ms, min = -0.053 s, total = 2.042 s
	NodeManagerService.grpc_client.ReportWorkerBacklog.OnReplyReceived - 1798 total (0 active), Execution time: mean = 14.993 us, total = 26.958 ms, Queueing time: mean = 36.267 us, max = 6.710 ms, min = 1.231 us, total = 65.208 ms
	NodeManagerService.grpc_client.ReportWorkerBacklog - 1798 total (0 active), Execution time: mean = 558.465 us, total = 1.004 s, Queueing time: mean = 0.000 s, max = -0.000 s, min = 9223372036.855 s, total = 0.000 s
	CoreWorker.RecordMetrics - 360 total (1 active), Execution time: mean = 21.678 us, total = 7.804 ms, Queueing time: mean = 67.330 us, max = 76.176 ms, min = -0.068 s, total = 24.239 ms
	CoreWorker.GCStreamingGeneratorMetadata - 180 total (1 active), Execution time: mean = 3.933 us, total = 707.999 us, Queueing time: mean = 62.505 us, max = 72.105 ms, min = -0.069 s, total = 11.251 ms
	CoreWorker.PrintEventStats - 30 total (1 active, 1 running), Execution time: mean = 278.755 us, total = 8.363 ms, Queueing time: mean = -0.002 s, max = 59.758 ms, min = -0.042 s, total = -0.048 s
	Publisher.CheckDeadSubscribers - 7 total (1 active), Execution time: mean = 4.518 us, total = 31.628 us, Queueing time: mean = -0.007 s, max = 10.282 ms, min = -0.073 s, total = -0.051 s
	PeriodicalRunner.RunFnPeriodically - 7 total (0 active), Execution time: mean = 86.804 us, total = 607.626 us, Queueing time: mean = 247.518 us, max = 588.162 us, min = 36.496 us, total = 1.733 ms
	ray::rpc::InternalPubSubGcsService.grpc_client.GcsSubscriberPoll - 5 total (1 active), Execution time: mean = 300.028 s, total = 1500.141 s, Queueing time: mean = 0.000 s, max = -0.000 s, min = 9223372036.855 s, total = 0.000 s
	ray::rpc::InternalPubSubGcsService.grpc_client.GcsSubscriberPoll.OnReplyReceived - 4 total (0 active), Execution time: mean = 543.428 us, total = 2.174 ms, Queueing time: mean = 45.712 us, max = 101.032 us, min = 18.283 us, total = 182.849 us
	ray::rpc::NodeInfoGcsService.grpc_client.GetAllNodeInfo.OnReplyReceived - 1 total (0 active), Execution time: mean = 62.985 us, total = 62.985 us, Queueing time: mean = 309.221 us, max = 309.221 us, min = 309.221 us, total = 309.221 us
	ray::rpc::InternalPubSubGcsService.grpc_client.GcsSubscriberCommandBatch - 1 total (0 active), Execution time: mean = 521.302 us, total = 521.302 us, Queueing time: mean = 0.000 s, max = -0.000 s, min = 9223372036.855 s, total = 0.000 s
	ray::rpc::InternalPubSubGcsService.grpc_client.GcsSubscriberCommandBatch.OnReplyReceived - 1 total (0 active), Execution time: mean = 158.175 us, total = 158.175 us, Queueing time: mean = 34.006 us, max = 34.006 us, min = 34.006 us, total = 34.006 us
	ray::rpc::WorkerInfoGcsService.grpc_client.AddWorkerInfo.OnReplyReceived - 1 total (0 active), Execution time: mean = 55.237 us, total = 55.237 us, Queueing time: mean = 26.336 us, max = 26.336 us, min = 26.336 us, total = 26.336 us
	ray::rpc::WorkerInfoGcsService.grpc_client.AddWorkerInfo - 1 total (0 active), Execution time: mean = 700.894 us, total = 700.894 us, Queueing time: mean = 0.000 s, max = -0.000 s, min = 9223372036.855 s, total = 0.000 s
	ray::rpc::NodeInfoGcsService.grpc_client.GetAllNodeInfo - 1 total (0 active), Execution time: mean = 494.108 us, total = 494.108 us, Queueing time: mean = 0.000 s, max = -0.000 s, min = 9223372036.855 s, total = 0.000 s

-----------------
Task Event stats:

IO Service Stats:

Global stats: 5395 total (1 active)
Queueing time: mean = 507.285 us, max = 64.447 ms, min = -0.019 s, total = 2.737 s
Execution time:  mean = 270.165 us, total = 1.458 s
Event stats:
	ray::rpc::TaskInfoGcsService.grpc_client.AddTaskEventData - 1798 total (0 active), Execution time: mean = 630.651 us, total = 1.134 s, Queueing time: mean = 0.000 s, max = -0.000 s, min = 9223372036.855 s, total = 0.000 s
	ray::rpc::TaskInfoGcsService.grpc_client.AddTaskEventData.OnReplyReceived - 1798 total (0 active), Execution time: mean = 25.984 us, total = 46.719 ms, Queueing time: mean = 34.623 us, max = 4.958 ms, min = 9.249 us, total = 62.252 ms
	CoreWorker.deadline_timer.flush_task_events - 1798 total (1 active), Execution time: mean = 153.926 us, total = 276.759 ms, Queueing time: mean = 1.487 ms, max = 64.447 ms, min = -0.019 s, total = 2.675 s
	PeriodicalRunner.RunFnPeriodically - 1 total (0 active), Execution time: mean = 153.881 us, total = 153.881 us, Queueing time: mean = 25.966 us, max = 25.966 us, min = 25.966 us, total = 25.966 us
Other Stats:
	grpc_in_progress:0
	current number of task status events in buffer: 0
	current number of profile events in buffer: 0
	current number of dropped task attempts tracked: 0
	total task events sent: 0 MiB
	total number of task attempts sent: 0
	total number of task attempts dropped reported: 0
	total number of sent failure: 0
	num status task events dropped: 0
	num profile task events dropped: 0


[2025-02-16 16:49:37,736 I 583 1610] core_worker.cc:642: Event stats:


Global stats: 26617 total (8 active)
Queueing time: mean = 296.751 us, max = 76.176 ms, min = -0.073 s, total = 7.899 s
Execution time:  mean = 67.705 ms, total = 1802.093 s
Event stats:
	CoreWorker.RecoverObjects - 18565 total (1 active), Execution time: mean = 5.675 us, total = 105.355 ms, Queueing time: mean = 183.399 us, max = 30.392 ms, min = -0.056 s, total = 3.405 s
	CoreWorker.ExitIfParentRayletDies - 1858 total (1 active), Execution time: mean = 7.973 us, total = 14.814 ms, Queueing time: mean = 1.265 ms, max = 63.178 ms, min = -0.053 s, total = 2.350 s
	CoreWorker.InternalHeartbeat - 1858 total (1 active), Execution time: mean = 120.030 us, total = 223.015 ms, Queueing time: mean = 1.151 ms, max = 63.108 ms, min = -0.053 s, total = 2.138 s
	NodeManagerService.grpc_client.ReportWorkerBacklog.OnReplyReceived - 1858 total (0 active), Execution time: mean = 15.035 us, total = 27.936 ms, Queueing time: mean = 36.082 us, max = 6.710 ms, min = 1.231 us, total = 67.041 ms
	NodeManagerService.grpc_client.ReportWorkerBacklog - 1858 total (0 active), Execution time: mean = 563.372 us, total = 1.047 s, Queueing time: mean = 0.000 s, max = -0.000 s, min = 9223372036.855 s, total = 0.000 s
	CoreWorker.RecordMetrics - 372 total (1 active), Execution time: mean = 21.699 us, total = 8.072 ms, Queueing time: mean = 65.732 us, max = 76.176 ms, min = -0.068 s, total = 24.452 ms
	CoreWorker.GCStreamingGeneratorMetadata - 186 total (1 active), Execution time: mean = 3.912 us, total = 727.600 us, Queueing time: mean = 61.451 us, max = 72.105 ms, min = -0.069 s, total = 11.430 ms
	CoreWorker.PrintEventStats - 31 total (1 active, 1 running), Execution time: mean = 276.978 us, total = 8.586 ms, Queueing time: mean = -0.002 s, max = 59.758 ms, min = -0.042 s, total = -0.049 s
	Publisher.CheckDeadSubscribers - 7 total (1 active), Execution time: mean = 4.518 us, total = 31.628 us, Queueing time: mean = -0.007 s, max = 10.282 ms, min = -0.073 s, total = -0.051 s
	PeriodicalRunner.RunFnPeriodically - 7 total (0 active), Execution time: mean = 86.804 us, total = 607.626 us, Queueing time: mean = 247.518 us, max = 588.162 us, min = 36.496 us, total = 1.733 ms
	ray::rpc::InternalPubSubGcsService.grpc_client.GcsSubscriberPoll - 6 total (1 active), Execution time: mean = 300.109 s, total = 1800.653 s, Queueing time: mean = 0.000 s, max = -0.000 s, min = 9223372036.855 s, total = 0.000 s
	ray::rpc::InternalPubSubGcsService.grpc_client.GcsSubscriberPoll.OnReplyReceived - 5 total (0 active), Execution time: mean = 482.377 us, total = 2.412 ms, Queueing time: mean = 46.855 us, max = 101.032 us, min = 18.283 us, total = 234.274 us
	ray::rpc::NodeInfoGcsService.grpc_client.GetAllNodeInfo.OnReplyReceived - 1 total (0 active), Execution time: mean = 62.985 us, total = 62.985 us, Queueing time: mean = 309.221 us, max = 309.221 us, min = 309.221 us, total = 309.221 us
	ray::rpc::InternalPubSubGcsService.grpc_client.GcsSubscriberCommandBatch - 1 total (0 active), Execution time: mean = 521.302 us, total = 521.302 us, Queueing time: mean = 0.000 s, max = -0.000 s, min = 9223372036.855 s, total = 0.000 s
	ray::rpc::InternalPubSubGcsService.grpc_client.GcsSubscriberCommandBatch.OnReplyReceived - 1 total (0 active), Execution time: mean = 158.175 us, total = 158.175 us, Queueing time: mean = 34.006 us, max = 34.006 us, min = 34.006 us, total = 34.006 us
	ray::rpc::WorkerInfoGcsService.grpc_client.AddWorkerInfo.OnReplyReceived - 1 total (0 active), Execution time: mean = 55.237 us, total = 55.237 us, Queueing time: mean = 26.336 us, max = 26.336 us, min = 26.336 us, total = 26.336 us
	ray::rpc::WorkerInfoGcsService.grpc_client.AddWorkerInfo - 1 total (0 active), Execution time: mean = 700.894 us, total = 700.894 us, Queueing time: mean = 0.000 s, max = -0.000 s, min = 9223372036.855 s, total = 0.000 s
	ray::rpc::NodeInfoGcsService.grpc_client.GetAllNodeInfo - 1 total (0 active), Execution time: mean = 494.108 us, total = 494.108 us, Queueing time: mean = 0.000 s, max = -0.000 s, min = 9223372036.855 s, total = 0.000 s

-----------------
Task Event stats:

IO Service Stats:

Global stats: 5572 total (1 active)
Queueing time: mean = 508.787 us, max = 64.447 ms, min = -0.019 s, total = 2.835 s
Execution time:  mean = 268.600 us, total = 1.497 s
Event stats:
	ray::rpc::TaskInfoGcsService.grpc_client.AddTaskEventData - 1857 total (0 active), Execution time: mean = 626.628 us, total = 1.164 s, Queueing time: mean = 0.000 s, max = -0.000 s, min = 9223372036.855 s, total = 0.000 s
	ray::rpc::TaskInfoGcsService.grpc_client.AddTaskEventData.OnReplyReceived - 1857 total (0 active), Execution time: mean = 25.691 us, total = 47.708 ms, Queueing time: mean = 34.270 us, max = 4.958 ms, min = 9.249 us, total = 63.640 ms
	CoreWorker.deadline_timer.flush_task_events - 1857 total (1 active), Execution time: mean = 153.544 us, total = 285.131 ms, Queueing time: mean = 1.492 ms, max = 64.447 ms, min = -0.019 s, total = 2.771 s
	PeriodicalRunner.RunFnPeriodically - 1 total (0 active), Execution time: mean = 153.881 us, total = 153.881 us, Queueing time: mean = 25.966 us, max = 25.966 us, min = 25.966 us, total = 25.966 us
Other Stats:
	grpc_in_progress:0
	current number of task status events in buffer: 0
	current number of profile events in buffer: 0
	current number of dropped task attempts tracked: 0
	total task events sent: 0 MiB
	total number of task attempts sent: 0
	total number of task attempts dropped reported: 0
	total number of sent failure: 0
	num status task events dropped: 0
	num profile task events dropped: 0


[2025-02-16 16:50:37,737 I 583 1610] core_worker.cc:642: Event stats:


Global stats: 27475 total (8 active)
Queueing time: mean = 295.226 us, max = 76.176 ms, min = -0.073 s, total = 8.111 s
Execution time:  mean = 65.592 ms, total = 1802.135 s
Event stats:
	CoreWorker.RecoverObjects - 19164 total (1 active), Execution time: mean = 5.639 us, total = 108.066 ms, Queueing time: mean = 182.602 us, max = 30.392 ms, min = -0.056 s, total = 3.499 s
	CoreWorker.ExitIfParentRayletDies - 1918 total (1 active), Execution time: mean = 7.972 us, total = 15.291 ms, Queueing time: mean = 1.227 ms, max = 63.178 ms, min = -0.053 s, total = 2.353 s
	CoreWorker.InternalHeartbeat - 1918 total (1 active), Execution time: mean = 119.478 us, total = 229.159 ms, Queueing time: mean = 1.166 ms, max = 63.108 ms, min = -0.053 s, total = 2.237 s
	NodeManagerService.grpc_client.ReportWorkerBacklog.OnReplyReceived - 1918 total (0 active), Execution time: mean = 15.001 us, total = 28.771 ms, Queueing time: mean = 35.998 us, max = 6.710 ms, min = 1.231 us, total = 69.045 ms
	NodeManagerService.grpc_client.ReportWorkerBacklog - 1918 total (0 active), Execution time: mean = 562.166 us, total = 1.078 s, Queueing time: mean = 0.000 s, max = -0.000 s, min = 9223372036.855 s, total = 0.000 s
	CoreWorker.RecordMetrics - 384 total (1 active), Execution time: mean = 21.734 us, total = 8.346 ms, Queueing time: mean = 66.702 us, max = 76.176 ms, min = -0.068 s, total = 25.613 ms
	CoreWorker.GCStreamingGeneratorMetadata - 192 total (1 active), Execution time: mean = 3.881 us, total = 745.199 us, Queueing time: mean = 59.543 us, max = 72.105 ms, min = -0.069 s, total = 11.432 ms
	CoreWorker.PrintEventStats - 32 total (1 active, 1 running), Execution time: mean = 282.908 us, total = 9.053 ms, Queueing time: mean = -0.001 s, max = 59.758 ms, min = -0.042 s, total = -0.036 s
	Publisher.CheckDeadSubscribers - 7 total (1 active), Execution time: mean = 4.518 us, total = 31.628 us, Queueing time: mean = -0.007 s, max = 10.282 ms, min = -0.073 s, total = -0.051 s
	PeriodicalRunner.RunFnPeriodically - 7 total (0 active), Execution time: mean = 86.804 us, total = 607.626 us, Queueing time: mean = 247.518 us, max = 588.162 us, min = 36.496 us, total = 1.733 ms
	ray::rpc::InternalPubSubGcsService.grpc_client.GcsSubscriberPoll - 6 total (1 active), Execution time: mean = 300.109 s, total = 1800.653 s, Queueing time: mean = 0.000 s, max = -0.000 s, min = 9223372036.855 s, total = 0.000 s
	ray::rpc::InternalPubSubGcsService.grpc_client.GcsSubscriberPoll.OnReplyReceived - 5 total (0 active), Execution time: mean = 482.377 us, total = 2.412 ms, Queueing time: mean = 46.855 us, max = 101.032 us, min = 18.283 us, total = 234.274 us
	ray::rpc::NodeInfoGcsService.grpc_client.GetAllNodeInfo.OnReplyReceived - 1 total (0 active), Execution time: mean = 62.985 us, total = 62.985 us, Queueing time: mean = 309.221 us, max = 309.221 us, min = 309.221 us, total = 309.221 us
	ray::rpc::InternalPubSubGcsService.grpc_client.GcsSubscriberCommandBatch - 1 total (0 active), Execution time: mean = 521.302 us, total = 521.302 us, Queueing time: mean = 0.000 s, max = -0.000 s, min = 9223372036.855 s, total = 0.000 s
	ray::rpc::InternalPubSubGcsService.grpc_client.GcsSubscriberCommandBatch.OnReplyReceived - 1 total (0 active), Execution time: mean = 158.175 us, total = 158.175 us, Queueing time: mean = 34.006 us, max = 34.006 us, min = 34.006 us, total = 34.006 us
	ray::rpc::WorkerInfoGcsService.grpc_client.AddWorkerInfo.OnReplyReceived - 1 total (0 active), Execution time: mean = 55.237 us, total = 55.237 us, Queueing time: mean = 26.336 us, max = 26.336 us, min = 26.336 us, total = 26.336 us
	ray::rpc::WorkerInfoGcsService.grpc_client.AddWorkerInfo - 1 total (0 active), Execution time: mean = 700.894 us, total = 700.894 us, Queueing time: mean = 0.000 s, max = -0.000 s, min = 9223372036.855 s, total = 0.000 s
	ray::rpc::NodeInfoGcsService.grpc_client.GetAllNodeInfo - 1 total (0 active), Execution time: mean = 494.108 us, total = 494.108 us, Queueing time: mean = 0.000 s, max = -0.000 s, min = 9223372036.855 s, total = 0.000 s

-----------------
Task Event stats:

IO Service Stats:

Global stats: 5752 total (1 active)
Queueing time: mean = 509.176 us, max = 64.447 ms, min = -0.019 s, total = 2.929 s
Execution time:  mean = 266.969 us, total = 1.536 s
Event stats:
	ray::rpc::TaskInfoGcsService.grpc_client.AddTaskEventData - 1917 total (0 active), Execution time: mean = 622.789 us, total = 1.194 s, Queueing time: mean = 0.000 s, max = -0.000 s, min = 9223372036.855 s, total = 0.000 s
	ray::rpc::TaskInfoGcsService.grpc_client.AddTaskEventData.OnReplyReceived - 1917 total (0 active), Execution time: mean = 25.503 us, total = 48.890 ms, Queueing time: mean = 33.987 us, max = 4.958 ms, min = 9.249 us, total = 65.152 ms
	CoreWorker.deadline_timer.flush_task_events - 1917 total (1 active), Execution time: mean = 152.674 us, total = 292.676 ms, Queueing time: mean = 1.494 ms, max = 64.447 ms, min = -0.019 s, total = 2.864 s
	PeriodicalRunner.RunFnPeriodically - 1 total (0 active), Execution time: mean = 153.881 us, total = 153.881 us, Queueing time: mean = 25.966 us, max = 25.966 us, min = 25.966 us, total = 25.966 us
Other Stats:
	grpc_in_progress:0
	current number of task status events in buffer: 0
	current number of profile events in buffer: 0
	current number of dropped task attempts tracked: 0
	total task events sent: 0 MiB
	total number of task attempts sent: 0
	total number of task attempts dropped reported: 0
	total number of sent failure: 0
	num status task events dropped: 0
	num profile task events dropped: 0


[2025-02-16 16:51:37,737 I 583 1610] core_worker.cc:642: Event stats:


Global stats: 28333 total (8 active)
Queueing time: mean = 293.403 us, max = 76.176 ms, min = -0.073 s, total = 8.313 s
Execution time:  mean = 63.607 ms, total = 1802.170 s
Event stats:
	CoreWorker.RecoverObjects - 19763 total (1 active), Execution time: mean = 5.601 us, total = 110.695 ms, Queueing time: mean = 182.502 us, max = 30.392 ms, min = -0.056 s, total = 3.607 s
	CoreWorker.ExitIfParentRayletDies - 1978 total (1 active), Execution time: mean = 7.912 us, total = 15.649 ms, Queueing time: mean = 1.191 ms, max = 63.178 ms, min = -0.055 s, total = 2.356 s
	CoreWorker.InternalHeartbeat - 1978 total (1 active), Execution time: mean = 118.612 us, total = 234.614 ms, Queueing time: mean = 1.183 ms, max = 63.108 ms, min = -0.053 s, total = 2.341 s
	NodeManagerService.grpc_client.ReportWorkerBacklog.OnReplyReceived - 1978 total (0 active), Execution time: mean = 14.920 us, total = 29.511 ms, Queueing time: mean = 35.839 us, max = 6.710 ms, min = 1.231 us, total = 70.889 ms
	NodeManagerService.grpc_client.ReportWorkerBacklog - 1978 total (0 active), Execution time: mean = 557.825 us, total = 1.103 s, Queueing time: mean = 0.000 s, max = -0.000 s, min = 9223372036.855 s, total = 0.000 s
	CoreWorker.RecordMetrics - 396 total (1 active), Execution time: mean = 21.647 us, total = 8.572 ms, Queueing time: mean = 64.614 us, max = 76.176 ms, min = -0.068 s, total = 25.587 ms
	CoreWorker.GCStreamingGeneratorMetadata - 198 total (1 active), Execution time: mean = 3.836 us, total = 759.610 us, Queueing time: mean = 61.490 us, max = 72.105 ms, min = -0.069 s, total = 12.175 ms
	CoreWorker.PrintEventStats - 33 total (1 active, 1 running), Execution time: mean = 282.108 us, total = 9.310 ms, Queueing time: mean = -0.002 s, max = 59.758 ms, min = -0.042 s, total = -0.051 s
	Publisher.CheckDeadSubscribers - 7 total (1 active), Execution time: mean = 4.518 us, total = 31.628 us, Queueing time: mean = -0.007 s, max = 10.282 ms, min = -0.073 s, total = -0.051 s
	PeriodicalRunner.RunFnPeriodically - 7 total (0 active), Execution time: mean = 86.804 us, total = 607.626 us, Queueing time: mean = 247.518 us, max = 588.162 us, min = 36.496 us, total = 1.733 ms
	ray::rpc::InternalPubSubGcsService.grpc_client.GcsSubscriberPoll - 6 total (1 active), Execution time: mean = 300.109 s, total = 1800.653 s, Queueing time: mean = 0.000 s, max = -0.000 s, min = 9223372036.855 s, total = 0.000 s
	ray::rpc::InternalPubSubGcsService.grpc_client.GcsSubscriberPoll.OnReplyReceived - 5 total (0 active), Execution time: mean = 482.377 us, total = 2.412 ms, Queueing time: mean = 46.855 us, max = 101.032 us, min = 18.283 us, total = 234.274 us
	ray::rpc::NodeInfoGcsService.grpc_client.GetAllNodeInfo.OnReplyReceived - 1 total (0 active), Execution time: mean = 62.985 us, total = 62.985 us, Queueing time: mean = 309.221 us, max = 309.221 us, min = 309.221 us, total = 309.221 us
	ray::rpc::InternalPubSubGcsService.grpc_client.GcsSubscriberCommandBatch - 1 total (0 active), Execution time: mean = 521.302 us, total = 521.302 us, Queueing time: mean = 0.000 s, max = -0.000 s, min = 9223372036.855 s, total = 0.000 s
	ray::rpc::InternalPubSubGcsService.grpc_client.GcsSubscriberCommandBatch.OnReplyReceived - 1 total (0 active), Execution time: mean = 158.175 us, total = 158.175 us, Queueing time: mean = 34.006 us, max = 34.006 us, min = 34.006 us, total = 34.006 us
	ray::rpc::WorkerInfoGcsService.grpc_client.AddWorkerInfo.OnReplyReceived - 1 total (0 active), Execution time: mean = 55.237 us, total = 55.237 us, Queueing time: mean = 26.336 us, max = 26.336 us, min = 26.336 us, total = 26.336 us
	ray::rpc::WorkerInfoGcsService.grpc_client.AddWorkerInfo - 1 total (0 active), Execution time: mean = 700.894 us, total = 700.894 us, Queueing time: mean = 0.000 s, max = -0.000 s, min = 9223372036.855 s, total = 0.000 s
	ray::rpc::NodeInfoGcsService.grpc_client.GetAllNodeInfo - 1 total (0 active), Execution time: mean = 494.108 us, total = 494.108 us, Queueing time: mean = 0.000 s, max = -0.000 s, min = 9223372036.855 s, total = 0.000 s

-----------------
Task Event stats:

IO Service Stats:

Global stats: 5932 total (1 active)
Queueing time: mean = 510.042 us, max = 64.447 ms, min = -0.019 s, total = 3.026 s
Execution time:  mean = 265.066 us, total = 1.572 s
Event stats:
	ray::rpc::TaskInfoGcsService.grpc_client.AddTaskEventData - 1977 total (0 active), Execution time: mean = 618.425 us, total = 1.223 s, Queueing time: mean = 0.000 s, max = -0.000 s, min = 9223372036.855 s, total = 0.000 s
	ray::rpc::TaskInfoGcsService.grpc_client.AddTaskEventData.OnReplyReceived - 1977 total (0 active), Execution time: mean = 25.247 us, total = 49.913 ms, Queueing time: mean = 33.785 us, max = 4.958 ms, min = 9.249 us, total = 66.793 ms
	CoreWorker.deadline_timer.flush_task_events - 1977 total (1 active), Execution time: mean = 151.582 us, total = 299.677 ms, Queueing time: mean = 1.497 ms, max = 64.447 ms, min = -0.019 s, total = 2.959 s
	PeriodicalRunner.RunFnPeriodically - 1 total (0 active), Execution time: mean = 153.881 us, total = 153.881 us, Queueing time: mean = 25.966 us, max = 25.966 us, min = 25.966 us, total = 25.966 us
Other Stats:
	grpc_in_progress:0
	current number of task status events in buffer: 0
	current number of profile events in buffer: 0
	current number of dropped task attempts tracked: 0
	total task events sent: 0 MiB
	total number of task attempts sent: 0
	total number of task attempts dropped reported: 0
	total number of sent failure: 0
	num status task events dropped: 0
	num profile task events dropped: 0


[2025-02-16 16:52:37,737 I 583 1610] core_worker.cc:642: Event stats:


Global stats: 29191 total (8 active)
Queueing time: mean = 292.325 us, max = 76.176 ms, min = -0.073 s, total = 8.533 s
Execution time:  mean = 61.739 ms, total = 1802.209 s
Event stats:
	CoreWorker.RecoverObjects - 20362 total (1 active), Execution time: mean = 5.567 us, total = 113.348 ms, Queueing time: mean = 182.416 us, max = 30.392 ms, min = -0.056 s, total = 3.714 s
	CoreWorker.ExitIfParentRayletDies - 2038 total (1 active), Execution time: mean = 7.850 us, total = 15.999 ms, Queueing time: mean = 1.158 ms, max = 63.178 ms, min = -0.055 s, total = 2.359 s
	CoreWorker.InternalHeartbeat - 2038 total (1 active), Execution time: mean = 118.199 us, total = 240.890 ms, Queueing time: mean = 1.199 ms, max = 63.108 ms, min = -0.053 s, total = 2.444 s
	NodeManagerService.grpc_client.ReportWorkerBacklog.OnReplyReceived - 2038 total (0 active), Execution time: mean = 14.823 us, total = 30.209 ms, Queueing time: mean = 35.457 us, max = 6.710 ms, min = 1.231 us, total = 72.262 ms
	NodeManagerService.grpc_client.ReportWorkerBacklog - 2038 total (0 active), Execution time: mean = 555.126 us, total = 1.131 s, Queueing time: mean = 0.000 s, max = -0.000 s, min = 9223372036.855 s, total = 0.000 s
	CoreWorker.RecordMetrics - 408 total (1 active), Execution time: mean = 21.557 us, total = 8.795 ms, Queueing time: mean = 65.381 us, max = 76.176 ms, min = -0.068 s, total = 26.675 ms
	CoreWorker.GCStreamingGeneratorMetadata - 204 total (1 active), Execution time: mean = 3.772 us, total = 769.480 us, Queueing time: mean = 59.310 us, max = 72.105 ms, min = -0.069 s, total = 12.099 ms
	CoreWorker.PrintEventStats - 34 total (1 active, 1 running), Execution time: mean = 284.530 us, total = 9.674 ms, Queueing time: mean = -0.001 s, max = 59.758 ms, min = -0.042 s, total = -0.047 s
	Publisher.CheckDeadSubscribers - 7 total (1 active), Execution time: mean = 4.518 us, total = 31.628 us, Queueing time: mean = -0.007 s, max = 10.282 ms, min = -0.073 s, total = -0.051 s
	PeriodicalRunner.RunFnPeriodically - 7 total (0 active), Execution time: mean = 86.804 us, total = 607.626 us, Queueing time: mean = 247.518 us, max = 588.162 us, min = 36.496 us, total = 1.733 ms
	ray::rpc::InternalPubSubGcsService.grpc_client.GcsSubscriberPoll - 6 total (1 active), Execution time: mean = 300.109 s, total = 1800.653 s, Queueing time: mean = 0.000 s, max = -0.000 s, min = 9223372036.855 s, total = 0.000 s
	ray::rpc::InternalPubSubGcsService.grpc_client.GcsSubscriberPoll.OnReplyReceived - 5 total (0 active), Execution time: mean = 482.377 us, total = 2.412 ms, Queueing time: mean = 46.855 us, max = 101.032 us, min = 18.283 us, total = 234.274 us
	ray::rpc::NodeInfoGcsService.grpc_client.GetAllNodeInfo.OnReplyReceived - 1 total (0 active), Execution time: mean = 62.985 us, total = 62.985 us, Queueing time: mean = 309.221 us, max = 309.221 us, min = 309.221 us, total = 309.221 us
	ray::rpc::InternalPubSubGcsService.grpc_client.GcsSubscriberCommandBatch - 1 total (0 active), Execution time: mean = 521.302 us, total = 521.302 us, Queueing time: mean = 0.000 s, max = -0.000 s, min = 9223372036.855 s, total = 0.000 s
	ray::rpc::InternalPubSubGcsService.grpc_client.GcsSubscriberCommandBatch.OnReplyReceived - 1 total (0 active), Execution time: mean = 158.175 us, total = 158.175 us, Queueing time: mean = 34.006 us, max = 34.006 us, min = 34.006 us, total = 34.006 us
	ray::rpc::WorkerInfoGcsService.grpc_client.AddWorkerInfo.OnReplyReceived - 1 total (0 active), Execution time: mean = 55.237 us, total = 55.237 us, Queueing time: mean = 26.336 us, max = 26.336 us, min = 26.336 us, total = 26.336 us
	ray::rpc::WorkerInfoGcsService.grpc_client.AddWorkerInfo - 1 total (0 active), Execution time: mean = 700.894 us, total = 700.894 us, Queueing time: mean = 0.000 s, max = -0.000 s, min = 9223372036.855 s, total = 0.000 s
	ray::rpc::NodeInfoGcsService.grpc_client.GetAllNodeInfo - 1 total (0 active), Execution time: mean = 494.108 us, total = 494.108 us, Queueing time: mean = 0.000 s, max = -0.000 s, min = 9223372036.855 s, total = 0.000 s

-----------------
Task Event stats:

IO Service Stats:

Global stats: 6112 total (1 active)
Queueing time: mean = 510.955 us, max = 64.447 ms, min = -0.019 s, total = 3.123 s
Execution time:  mean = 263.418 us, total = 1.610 s
Event stats:
	ray::rpc::TaskInfoGcsService.grpc_client.AddTaskEventData - 2037 total (0 active), Execution time: mean = 614.548 us, total = 1.252 s, Queueing time: mean = 0.000 s, max = -0.000 s, min = 9223372036.855 s, total = 0.000 s
	ray::rpc::TaskInfoGcsService.grpc_client.AddTaskEventData.OnReplyReceived - 2037 total (0 active), Execution time: mean = 25.051 us, total = 51.030 ms, Queueing time: mean = 33.516 us, max = 4.958 ms, min = 9.249 us, total = 68.272 ms
	CoreWorker.deadline_timer.flush_task_events - 2037 total (1 active), Execution time: mean = 150.709 us, total = 306.995 ms, Queueing time: mean = 1.500 ms, max = 64.447 ms, min = -0.019 s, total = 3.055 s
	PeriodicalRunner.RunFnPeriodically - 1 total (0 active), Execution time: mean = 153.881 us, total = 153.881 us, Queueing time: mean = 25.966 us, max = 25.966 us, min = 25.966 us, total = 25.966 us
Other Stats:
	grpc_in_progress:0
	current number of task status events in buffer: 0
	current number of profile events in buffer: 0
	current number of dropped task attempts tracked: 0
	total task events sent: 0 MiB
	total number of task attempts sent: 0
	total number of task attempts dropped reported: 0
	total number of sent failure: 0
	num status task events dropped: 0
	num profile task events dropped: 0


[2025-02-16 16:53:37,738 I 583 1610] core_worker.cc:642: Event stats:


Global stats: 30050 total (8 active)
Queueing time: mean = 291.241 us, max = 76.176 ms, min = -0.073 s, total = 8.752 s
Execution time:  mean = 59.975 ms, total = 1802.247 s
Event stats:
	CoreWorker.RecoverObjects - 20961 total (1 active), Execution time: mean = 5.531 us, total = 115.942 ms, Queueing time: mean = 182.495 us, max = 30.392 ms, min = -0.056 s, total = 3.825 s
	CoreWorker.ExitIfParentRayletDies - 2098 total (1 active), Execution time: mean = 7.807 us, total = 16.380 ms, Queueing time: mean = 1.126 ms, max = 63.178 ms, min = -0.055 s, total = 2.362 s
	CoreWorker.InternalHeartbeat - 2098 total (1 active), Execution time: mean = 117.733 us, total = 247.003 ms, Queueing time: mean = 1.215 ms, max = 63.108 ms, min = -0.053 s, total = 2.550 s
	NodeManagerService.grpc_client.ReportWorkerBacklog.OnReplyReceived - 2098 total (0 active), Execution time: mean = 14.765 us, total = 30.978 ms, Queueing time: mean = 35.281 us, max = 6.710 ms, min = 1.231 us, total = 74.019 ms
	NodeManagerService.grpc_client.ReportWorkerBacklog - 2098 total (0 active), Execution time: mean = 552.614 us, total = 1.159 s, Queueing time: mean = 0.000 s, max = -0.000 s, min = 9223372036.855 s, total = 0.000 s
	CoreWorker.RecordMetrics - 420 total (1 active), Execution time: mean = 21.434 us, total = 9.002 ms, Queueing time: mean = 63.439 us, max = 76.176 ms, min = -0.068 s, total = 26.644 ms
	CoreWorker.GCStreamingGeneratorMetadata - 210 total (1 active), Execution time: mean = 3.746 us, total = 786.641 us, Queueing time: mean = 62.700 us, max = 72.105 ms, min = -0.069 s, total = 13.167 ms
	CoreWorker.PrintEventStats - 35 total (1 active, 1 running), Execution time: mean = 289.341 us, total = 10.127 ms, Queueing time: mean = -0.001 s, max = 59.758 ms, min = -0.042 s, total = -0.052 s
	Publisher.CheckDeadSubscribers - 8 total (1 active), Execution time: mean = 4.367 us, total = 34.934 us, Queueing time: mean = -0.006 s, max = 10.282 ms, min = -0.073 s, total = -0.050 s
	PeriodicalRunner.RunFnPeriodically - 7 total (0 active), Execution time: mean = 86.804 us, total = 607.626 us, Queueing time: mean = 247.518 us, max = 588.162 us, min = 36.496 us, total = 1.733 ms
	ray::rpc::InternalPubSubGcsService.grpc_client.GcsSubscriberPoll - 6 total (1 active), Execution time: mean = 300.109 s, total = 1800.653 s, Queueing time: mean = 0.000 s, max = -0.000 s, min = 9223372036.855 s, total = 0.000 s
	ray::rpc::InternalPubSubGcsService.grpc_client.GcsSubscriberPoll.OnReplyReceived - 5 total (0 active), Execution time: mean = 482.377 us, total = 2.412 ms, Queueing time: mean = 46.855 us, max = 101.032 us, min = 18.283 us, total = 234.274 us
	ray::rpc::NodeInfoGcsService.grpc_client.GetAllNodeInfo.OnReplyReceived - 1 total (0 active), Execution time: mean = 62.985 us, total = 62.985 us, Queueing time: mean = 309.221 us, max = 309.221 us, min = 309.221 us, total = 309.221 us
	ray::rpc::InternalPubSubGcsService.grpc_client.GcsSubscriberCommandBatch - 1 total (0 active), Execution time: mean = 521.302 us, total = 521.302 us, Queueing time: mean = 0.000 s, max = -0.000 s, min = 9223372036.855 s, total = 0.000 s
	ray::rpc::InternalPubSubGcsService.grpc_client.GcsSubscriberCommandBatch.OnReplyReceived - 1 total (0 active), Execution time: mean = 158.175 us, total = 158.175 us, Queueing time: mean = 34.006 us, max = 34.006 us, min = 34.006 us, total = 34.006 us
	ray::rpc::WorkerInfoGcsService.grpc_client.AddWorkerInfo.OnReplyReceived - 1 total (0 active), Execution time: mean = 55.237 us, total = 55.237 us, Queueing time: mean = 26.336 us, max = 26.336 us, min = 26.336 us, total = 26.336 us
	ray::rpc::WorkerInfoGcsService.grpc_client.AddWorkerInfo - 1 total (0 active), Execution time: mean = 700.894 us, total = 700.894 us, Queueing time: mean = 0.000 s, max = -0.000 s, min = 9223372036.855 s, total = 0.000 s
	ray::rpc::NodeInfoGcsService.grpc_client.GetAllNodeInfo - 1 total (0 active), Execution time: mean = 494.108 us, total = 494.108 us, Queueing time: mean = 0.000 s, max = -0.000 s, min = 9223372036.855 s, total = 0.000 s

-----------------
Task Event stats:

IO Service Stats:

Global stats: 6292 total (1 active)
Queueing time: mean = 512.465 us, max = 64.447 ms, min = -0.019 s, total = 3.224 s
Execution time:  mean = 261.959 us, total = 1.648 s
Event stats:
	ray::rpc::TaskInfoGcsService.grpc_client.AddTaskEventData - 2097 total (0 active), Execution time: mean = 611.090 us, total = 1.281 s, Queueing time: mean = 0.000 s, max = -0.000 s, min = 9223372036.855 s, total = 0.000 s
	ray::rpc::TaskInfoGcsService.grpc_client.AddTaskEventData.OnReplyReceived - 2097 total (0 active), Execution time: mean = 24.805 us, total = 52.015 ms, Queueing time: mean = 33.251 us, max = 4.958 ms, min = 9.249 us, total = 69.726 ms
	CoreWorker.deadline_timer.flush_task_events - 2097 total (1 active), Execution time: mean = 150.033 us, total = 314.620 ms, Queueing time: mean = 1.504 ms, max = 64.447 ms, min = -0.019 s, total = 3.155 s
	PeriodicalRunner.RunFnPeriodically - 1 total (0 active), Execution time: mean = 153.881 us, total = 153.881 us, Queueing time: mean = 25.966 us, max = 25.966 us, min = 25.966 us, total = 25.966 us
Other Stats:
	grpc_in_progress:0
	current number of task status events in buffer: 0
	current number of profile events in buffer: 0
	current number of dropped task attempts tracked: 0
	total task events sent: 0 MiB
	total number of task attempts sent: 0
	total number of task attempts dropped reported: 0
	total number of sent failure: 0
	num status task events dropped: 0
	num profile task events dropped: 0


[2025-02-16 16:54:37,738 I 583 1610] core_worker.cc:642: Event stats:


Global stats: 30910 total (8 active)
Queueing time: mean = 290.382 us, max = 76.176 ms, min = -0.073 s, total = 8.976 s
Execution time:  mean = 68.029 ms, total = 2102.782 s
Event stats:
	CoreWorker.RecoverObjects - 21560 total (1 active), Execution time: mean = 5.522 us, total = 119.062 ms, Queueing time: mean = 182.513 us, max = 30.392 ms, min = -0.056 s, total = 3.935 s
	CoreWorker.ExitIfParentRayletDies - 2158 total (1 active), Execution time: mean = 7.858 us, total = 16.958 ms, Queueing time: mean = 1.095 ms, max = 63.178 ms, min = -0.055 s, total = 2.364 s
	CoreWorker.InternalHeartbeat - 2158 total (1 active), Execution time: mean = 117.564 us, total = 253.703 ms, Queueing time: mean = 1.230 ms, max = 63.108 ms, min = -0.053 s, total = 2.655 s
	NodeManagerService.grpc_client.ReportWorkerBacklog.OnReplyReceived - 2158 total (0 active), Execution time: mean = 14.763 us, total = 31.858 ms, Queueing time: mean = 35.172 us, max = 6.710 ms, min = 1.231 us, total = 75.901 ms
	NodeManagerService.grpc_client.ReportWorkerBacklog - 2158 total (0 active), Execution time: mean = 550.908 us, total = 1.189 s, Queueing time: mean = 0.000 s, max = -0.000 s, min = 9223372036.855 s, total = 0.000 s
	CoreWorker.RecordMetrics - 432 total (1 active), Execution time: mean = 21.393 us, total = 9.242 ms, Queueing time: mean = 63.917 us, max = 76.176 ms, min = -0.068 s, total = 27.612 ms
	CoreWorker.GCStreamingGeneratorMetadata - 216 total (1 active), Execution time: mean = 3.746 us, total = 809.184 us, Queueing time: mean = 60.781 us, max = 72.105 ms, min = -0.069 s, total = 13.129 ms
	CoreWorker.PrintEventStats - 36 total (1 active, 1 running), Execution time: mean = 286.473 us, total = 10.313 ms, Queueing time: mean = -0.001 s, max = 59.758 ms, min = -0.042 s, total = -0.048 s
	Publisher.CheckDeadSubscribers - 8 total (1 active), Execution time: mean = 4.367 us, total = 34.934 us, Queueing time: mean = -0.006 s, max = 10.282 ms, min = -0.073 s, total = -0.050 s
	ray::rpc::InternalPubSubGcsService.grpc_client.GcsSubscriberPoll - 7 total (1 active), Execution time: mean = 300.164 s, total = 2101.146 s, Queueing time: mean = 0.000 s, max = -0.000 s, min = 9223372036.855 s, total = 0.000 s
	PeriodicalRunner.RunFnPeriodically - 7 total (0 active), Execution time: mean = 86.804 us, total = 607.626 us, Queueing time: mean = 247.518 us, max = 588.162 us, min = 36.496 us, total = 1.733 ms
	ray::rpc::InternalPubSubGcsService.grpc_client.GcsSubscriberPoll.OnReplyReceived - 6 total (0 active), Execution time: mean = 437.598 us, total = 2.626 ms, Queueing time: mean = 43.548 us, max = 101.032 us, min = 18.283 us, total = 261.288 us
	ray::rpc::NodeInfoGcsService.grpc_client.GetAllNodeInfo.OnReplyReceived - 1 total (0 active), Execution time: mean = 62.985 us, total = 62.985 us, Queueing time: mean = 309.221 us, max = 309.221 us, min = 309.221 us, total = 309.221 us
	ray::rpc::InternalPubSubGcsService.grpc_client.GcsSubscriberCommandBatch - 1 total (0 active), Execution time: mean = 521.302 us, total = 521.302 us, Queueing time: mean = 0.000 s, max = -0.000 s, min = 9223372036.855 s, total = 0.000 s
	ray::rpc::InternalPubSubGcsService.grpc_client.GcsSubscriberCommandBatch.OnReplyReceived - 1 total (0 active), Execution time: mean = 158.175 us, total = 158.175 us, Queueing time: mean = 34.006 us, max = 34.006 us, min = 34.006 us, total = 34.006 us
	ray::rpc::WorkerInfoGcsService.grpc_client.AddWorkerInfo.OnReplyReceived - 1 total (0 active), Execution time: mean = 55.237 us, total = 55.237 us, Queueing time: mean = 26.336 us, max = 26.336 us, min = 26.336 us, total = 26.336 us
	ray::rpc::WorkerInfoGcsService.grpc_client.AddWorkerInfo - 1 total (0 active), Execution time: mean = 700.894 us, total = 700.894 us, Queueing time: mean = 0.000 s, max = -0.000 s, min = 9223372036.855 s, total = 0.000 s
	ray::rpc::NodeInfoGcsService.grpc_client.GetAllNodeInfo - 1 total (0 active), Execution time: mean = 494.108 us, total = 494.108 us, Queueing time: mean = 0.000 s, max = -0.000 s, min = 9223372036.855 s, total = 0.000 s

-----------------
Task Event stats:

IO Service Stats:

Global stats: 6472 total (1 active)
Queueing time: mean = 513.409 us, max = 64.447 ms, min = -0.019 s, total = 3.323 s
Execution time:  mean = 261.796 us, total = 1.694 s
Event stats:
	ray::rpc::TaskInfoGcsService.grpc_client.AddTaskEventData - 2157 total (0 active), Execution time: mean = 610.585 us, total = 1.317 s, Queueing time: mean = 0.000 s, max = -0.000 s, min = 9223372036.855 s, total = 0.000 s
	ray::rpc::TaskInfoGcsService.grpc_client.AddTaskEventData.OnReplyReceived - 2157 total (0 active), Execution time: mean = 24.741 us, total = 53.367 ms, Queueing time: mean = 33.161 us, max = 4.958 ms, min = 9.249 us, total = 71.529 ms
	CoreWorker.deadline_timer.flush_task_events - 2157 total (1 active), Execution time: mean = 150.113 us, total = 323.794 ms, Queueing time: mean = 1.507 ms, max = 64.447 ms, min = -0.019 s, total = 3.251 s
	PeriodicalRunner.RunFnPeriodically - 1 total (0 active), Execution time: mean = 153.881 us, total = 153.881 us, Queueing time: mean = 25.966 us, max = 25.966 us, min = 25.966 us, total = 25.966 us
Other Stats:
	grpc_in_progress:0
	current number of task status events in buffer: 0
	current number of profile events in buffer: 0
	current number of dropped task attempts tracked: 0
	total task events sent: 0 MiB
	total number of task attempts sent: 0
	total number of task attempts dropped reported: 0
	total number of sent failure: 0
	num status task events dropped: 0
	num profile task events dropped: 0


[2025-02-16 16:55:37,801 I 583 1610] core_worker.cc:642: Event stats:


Global stats: 31765 total (8 active)
Queueing time: mean = 290.751 us, max = 76.176 ms, min = -0.073 s, total = 9.236 s
Execution time:  mean = 66.199 ms, total = 2102.827 s
Event stats:
	CoreWorker.RecoverObjects - 22159 total (1 active), Execution time: mean = 5.545 us, total = 122.875 ms, Queueing time: mean = 183.730 us, max = 30.392 ms, min = -0.056 s, total = 4.071 s
	CoreWorker.ExitIfParentRayletDies - 2218 total (1 active), Execution time: mean = 7.963 us, total = 17.662 ms, Queueing time: mean = 1.068 ms, max = 63.178 ms, min = -0.055 s, total = 2.368 s
	CoreWorker.InternalHeartbeat - 2217 total (1 active), Execution time: mean = 117.601 us, total = 260.722 ms, Queueing time: mean = 1.250 ms, max = 63.108 ms, min = -0.053 s, total = 2.771 s
	NodeManagerService.grpc_client.ReportWorkerBacklog.OnReplyReceived - 2217 total (0 active), Execution time: mean = 14.806 us, total = 32.825 ms, Queueing time: mean = 35.201 us, max = 6.710 ms, min = 1.231 us, total = 78.040 ms
	NodeManagerService.grpc_client.ReportWorkerBacklog - 2217 total (0 active), Execution time: mean = 550.513 us, total = 1.220 s, Queueing time: mean = 0.000 s, max = -0.000 s, min = 9223372036.855 s, total = 0.000 s
	CoreWorker.RecordMetrics - 444 total (1 active), Execution time: mean = 21.618 us, total = 9.599 ms, Queueing time: mean = 63.312 us, max = 76.176 ms, min = -0.068 s, total = 28.111 ms
	CoreWorker.GCStreamingGeneratorMetadata - 222 total (1 active), Execution time: mean = 3.745 us, total = 831.435 us, Queueing time: mean = 114.973 us, max = 72.105 ms, min = -0.069 s, total = 25.524 ms
	CoreWorker.PrintEventStats - 37 total (1 active, 1 running), Execution time: mean = 287.867 us, total = 10.651 ms, Queueing time: mean = -0.002 s, max = 59.758 ms, min = -0.042 s, total = -0.059 s
	Publisher.CheckDeadSubscribers - 8 total (1 active), Execution time: mean = 4.367 us, total = 34.934 us, Queueing time: mean = -0.006 s, max = 10.282 ms, min = -0.073 s, total = -0.050 s
	ray::rpc::InternalPubSubGcsService.grpc_client.GcsSubscriberPoll - 7 total (1 active), Execution time: mean = 300.164 s, total = 2101.146 s, Queueing time: mean = 0.000 s, max = -0.000 s, min = 9223372036.855 s, total = 0.000 s
	PeriodicalRunner.RunFnPeriodically - 7 total (0 active), Execution time: mean = 86.804 us, total = 607.626 us, Queueing time: mean = 247.518 us, max = 588.162 us, min = 36.496 us, total = 1.733 ms
	ray::rpc::InternalPubSubGcsService.grpc_client.GcsSubscriberPoll.OnReplyReceived - 6 total (0 active), Execution time: mean = 437.598 us, total = 2.626 ms, Queueing time: mean = 43.548 us, max = 101.032 us, min = 18.283 us, total = 261.288 us
	ray::rpc::NodeInfoGcsService.grpc_client.GetAllNodeInfo.OnReplyReceived - 1 total (0 active), Execution time: mean = 62.985 us, total = 62.985 us, Queueing time: mean = 309.221 us, max = 309.221 us, min = 309.221 us, total = 309.221 us
	ray::rpc::InternalPubSubGcsService.grpc_client.GcsSubscriberCommandBatch - 1 total (0 active), Execution time: mean = 521.302 us, total = 521.302 us, Queueing time: mean = 0.000 s, max = -0.000 s, min = 9223372036.855 s, total = 0.000 s
	ray::rpc::InternalPubSubGcsService.grpc_client.GcsSubscriberCommandBatch.OnReplyReceived - 1 total (0 active), Execution time: mean = 158.175 us, total = 158.175 us, Queueing time: mean = 34.006 us, max = 34.006 us, min = 34.006 us, total = 34.006 us
	ray::rpc::WorkerInfoGcsService.grpc_client.AddWorkerInfo.OnReplyReceived - 1 total (0 active), Execution time: mean = 55.237 us, total = 55.237 us, Queueing time: mean = 26.336 us, max = 26.336 us, min = 26.336 us, total = 26.336 us
	ray::rpc::WorkerInfoGcsService.grpc_client.AddWorkerInfo - 1 total (0 active), Execution time: mean = 700.894 us, total = 700.894 us, Queueing time: mean = 0.000 s, max = -0.000 s, min = 9223372036.855 s, total = 0.000 s
	ray::rpc::NodeInfoGcsService.grpc_client.GetAllNodeInfo - 1 total (0 active), Execution time: mean = 494.108 us, total = 494.108 us, Queueing time: mean = 0.000 s, max = -0.000 s, min = 9223372036.855 s, total = 0.000 s

-----------------
Task Event stats:

IO Service Stats:

Global stats: 6652 total (1 active)
Queueing time: mean = 515.444 us, max = 64.447 ms, min = -0.019 s, total = 3.429 s
Execution time:  mean = 263.163 us, total = 1.751 s
Event stats:
	ray::rpc::TaskInfoGcsService.grpc_client.AddTaskEventData - 2217 total (0 active), Execution time: mean = 613.467 us, total = 1.360 s, Queueing time: mean = 0.000 s, max = -0.000 s, min = 9223372036.855 s, total = 0.000 s
	ray::rpc::TaskInfoGcsService.grpc_client.AddTaskEventData.OnReplyReceived - 2217 total (0 active), Execution time: mean = 24.826 us, total = 55.039 ms, Queueing time: mean = 33.106 us, max = 4.958 ms, min = 9.249 us, total = 73.395 ms
	CoreWorker.deadline_timer.flush_task_events - 2217 total (1 active), Execution time: mean = 151.244 us, total = 335.308 ms, Queueing time: mean = 1.513 ms, max = 64.447 ms, min = -0.019 s, total = 3.355 s
	PeriodicalRunner.RunFnPeriodically - 1 total (0 active), Execution time: mean = 153.881 us, total = 153.881 us, Queueing time: mean = 25.966 us, max = 25.966 us, min = 25.966 us, total = 25.966 us
Other Stats:
	grpc_in_progress:0
	current number of task status events in buffer: 0
	current number of profile events in buffer: 0
	current number of dropped task attempts tracked: 0
	total task events sent: 0 MiB
	total number of task attempts sent: 0
	total number of task attempts dropped reported: 0
	total number of sent failure: 0
	num status task events dropped: 0
	num profile task events dropped: 0


[2025-02-16 16:56:37,802 I 583 1610] core_worker.cc:642: Event stats:


Global stats: 32624 total (8 active)
Queueing time: mean = 297.572 us, max = 76.176 ms, min = -0.073 s, total = 9.708 s
Execution time:  mean = 64.457 ms, total = 2102.861 s
Event stats:
	CoreWorker.RecoverObjects - 22759 total (1 active), Execution time: mean = 5.527 us, total = 125.785 ms, Queueing time: mean = 183.308 us, max = 30.392 ms, min = -0.056 s, total = 4.172 s
	CoreWorker.ExitIfParentRayletDies - 2278 total (1 active), Execution time: mean = 7.994 us, total = 18.211 ms, Queueing time: mean = 1.041 ms, max = 63.178 ms, min = -0.064 s, total = 2.371 s
	CoreWorker.InternalHeartbeat - 2277 total (1 active), Execution time: mean = 116.953 us, total = 266.301 ms, Queueing time: mean = 1.262 ms, max = 63.108 ms, min = -0.053 s, total = 2.873 s
	NodeManagerService.grpc_client.ReportWorkerBacklog.OnReplyReceived - 2277 total (0 active), Execution time: mean = 14.708 us, total = 33.490 ms, Queueing time: mean = 34.895 us, max = 6.710 ms, min = 1.231 us, total = 79.456 ms
	NodeManagerService.grpc_client.ReportWorkerBacklog - 2277 total (0 active), Execution time: mean = 546.696 us, total = 1.245 s, Queueing time: mean = 0.000 s, max = -0.000 s, min = 9223372036.855 s, total = 0.000 s
	CoreWorker.RecordMetrics - 456 total (1 active), Execution time: mean = 21.501 us, total = 9.804 ms, Queueing time: mean = 271.508 us, max = 76.176 ms, min = -0.068 s, total = 123.808 ms
	CoreWorker.GCStreamingGeneratorMetadata - 228 total (1 active), Execution time: mean = 3.728 us, total = 850.067 us, Queueing time: mean = 582.862 us, max = 72.105 ms, min = -0.069 s, total = 132.893 ms
	CoreWorker.PrintEventStats - 38 total (1 active, 1 running), Execution time: mean = 288.871 us, total = 10.977 ms, Queueing time: mean = 79.166 us, max = 62.124 ms, min = -0.042 s, total = 3.008 ms
	Publisher.CheckDeadSubscribers - 8 total (1 active), Execution time: mean = 4.367 us, total = 34.934 us, Queueing time: mean = -0.006 s, max = 10.282 ms, min = -0.073 s, total = -0.050 s
	ray::rpc::InternalPubSubGcsService.grpc_client.GcsSubscriberPoll - 7 total (1 active), Execution time: mean = 300.164 s, total = 2101.146 s, Queueing time: mean = 0.000 s, max = -0.000 s, min = 9223372036.855 s, total = 0.000 s
	PeriodicalRunner.RunFnPeriodically - 7 total (0 active), Execution time: mean = 86.804 us, total = 607.626 us, Queueing time: mean = 247.518 us, max = 588.162 us, min = 36.496 us, total = 1.733 ms
	ray::rpc::InternalPubSubGcsService.grpc_client.GcsSubscriberPoll.OnReplyReceived - 6 total (0 active), Execution time: mean = 437.598 us, total = 2.626 ms, Queueing time: mean = 43.548 us, max = 101.032 us, min = 18.283 us, total = 261.288 us
	ray::rpc::NodeInfoGcsService.grpc_client.GetAllNodeInfo.OnReplyReceived - 1 total (0 active), Execution time: mean = 62.985 us, total = 62.985 us, Queueing time: mean = 309.221 us, max = 309.221 us, min = 309.221 us, total = 309.221 us
	ray::rpc::InternalPubSubGcsService.grpc_client.GcsSubscriberCommandBatch - 1 total (0 active), Execution time: mean = 521.302 us, total = 521.302 us, Queueing time: mean = 0.000 s, max = -0.000 s, min = 9223372036.855 s, total = 0.000 s
	ray::rpc::InternalPubSubGcsService.grpc_client.GcsSubscriberCommandBatch.OnReplyReceived - 1 total (0 active), Execution time: mean = 158.175 us, total = 158.175 us, Queueing time: mean = 34.006 us, max = 34.006 us, min = 34.006 us, total = 34.006 us
	ray::rpc::WorkerInfoGcsService.grpc_client.AddWorkerInfo.OnReplyReceived - 1 total (0 active), Execution time: mean = 55.237 us, total = 55.237 us, Queueing time: mean = 26.336 us, max = 26.336 us, min = 26.336 us, total = 26.336 us
	ray::rpc::WorkerInfoGcsService.grpc_client.AddWorkerInfo - 1 total (0 active), Execution time: mean = 700.894 us, total = 700.894 us, Queueing time: mean = 0.000 s, max = -0.000 s, min = 9223372036.855 s, total = 0.000 s
	ray::rpc::NodeInfoGcsService.grpc_client.GetAllNodeInfo - 1 total (0 active), Execution time: mean = 494.108 us, total = 494.108 us, Queueing time: mean = 0.000 s, max = -0.000 s, min = 9223372036.855 s, total = 0.000 s

-----------------
Task Event stats:

IO Service Stats:

Global stats: 6832 total (1 active)
Queueing time: mean = 518.653 us, max = 64.447 ms, min = -0.019 s, total = 3.543 s
Execution time:  mean = 261.851 us, total = 1.789 s
Event stats:
	ray::rpc::TaskInfoGcsService.grpc_client.AddTaskEventData - 2277 total (0 active), Execution time: mean = 610.421 us, total = 1.390 s, Queueing time: mean = 0.000 s, max = -0.000 s, min = 9223372036.855 s, total = 0.000 s
	ray::rpc::TaskInfoGcsService.grpc_client.AddTaskEventData.OnReplyReceived - 2277 total (0 active), Execution time: mean = 24.637 us, total = 56.098 ms, Queueing time: mean = 32.818 us, max = 4.958 ms, min = 9.249 us, total = 74.726 ms
	CoreWorker.deadline_timer.flush_task_events - 2277 total (1 active), Execution time: mean = 150.543 us, total = 342.787 ms, Queueing time: mean = 1.523 ms, max = 64.447 ms, min = -0.019 s, total = 3.469 s
	PeriodicalRunner.RunFnPeriodically - 1 total (0 active), Execution time: mean = 153.881 us, total = 153.881 us, Queueing time: mean = 25.966 us, max = 25.966 us, min = 25.966 us, total = 25.966 us
Other Stats:
	grpc_in_progress:0
	current number of task status events in buffer: 0
	current number of profile events in buffer: 0
	current number of dropped task attempts tracked: 0
	total task events sent: 0 MiB
	total number of task attempts sent: 0
	total number of task attempts dropped reported: 0
	total number of sent failure: 0
	num status task events dropped: 0
	num profile task events dropped: 0


[2025-02-16 16:57:37,802 I 583 1610] core_worker.cc:642: Event stats:


Global stats: 33482 total (8 active)
Queueing time: mean = 303.673 us, max = 76.176 ms, min = -0.073 s, total = 10.168 s
Execution time:  mean = 62.807 ms, total = 2102.902 s
Event stats:
	CoreWorker.RecoverObjects - 23358 total (1 active), Execution time: mean = 5.534 us, total = 129.257 ms, Queueing time: mean = 182.746 us, max = 30.392 ms, min = -0.056 s, total = 4.269 s
	CoreWorker.ExitIfParentRayletDies - 2338 total (1 active), Execution time: mean = 8.023 us, total = 18.757 ms, Queueing time: mean = 1.015 ms, max = 63.178 ms, min = -0.064 s, total = 2.374 s
	CoreWorker.InternalHeartbeat - 2337 total (1 active), Execution time: mean = 116.139 us, total = 271.416 ms, Queueing time: mean = 1.270 ms, max = 63.108 ms, min = -0.053 s, total = 2.968 s
	NodeManagerService.grpc_client.ReportWorkerBacklog.OnReplyReceived - 2337 total (0 active), Execution time: mean = 14.631 us, total = 34.193 ms, Queueing time: mean = 34.840 us, max = 6.710 ms, min = 1.231 us, total = 81.421 ms
	NodeManagerService.grpc_client.ReportWorkerBacklog - 2337 total (0 active), Execution time: mean = 545.583 us, total = 1.275 s, Queueing time: mean = 0.000 s, max = -0.000 s, min = 9223372036.855 s, total = 0.000 s
	CoreWorker.RecordMetrics - 468 total (1 active), Execution time: mean = 21.437 us, total = 10.033 ms, Queueing time: mean = 474.762 us, max = 76.176 ms, min = -0.068 s, total = 222.189 ms
	CoreWorker.GCStreamingGeneratorMetadata - 234 total (1 active), Execution time: mean = 3.785 us, total = 885.777 us, Queueing time: mean = 1.003 ms, max = 72.105 ms, min = -0.069 s, total = 234.713 ms
	CoreWorker.PrintEventStats - 39 total (1 active, 1 running), Execution time: mean = 286.795 us, total = 11.185 ms, Queueing time: mean = 1.688 ms, max = 62.822 ms, min = -0.042 s, total = 65.830 ms
	Publisher.CheckDeadSubscribers - 8 total (1 active), Execution time: mean = 4.367 us, total = 34.934 us, Queueing time: mean = -0.006 s, max = 10.282 ms, min = -0.073 s, total = -0.050 s
	ray::rpc::InternalPubSubGcsService.grpc_client.GcsSubscriberPoll - 7 total (1 active), Execution time: mean = 300.164 s, total = 2101.146 s, Queueing time: mean = 0.000 s, max = -0.000 s, min = 9223372036.855 s, total = 0.000 s
	PeriodicalRunner.RunFnPeriodically - 7 total (0 active), Execution time: mean = 86.804 us, total = 607.626 us, Queueing time: mean = 247.518 us, max = 588.162 us, min = 36.496 us, total = 1.733 ms
	ray::rpc::InternalPubSubGcsService.grpc_client.GcsSubscriberPoll.OnReplyReceived - 6 total (0 active), Execution time: mean = 437.598 us, total = 2.626 ms, Queueing time: mean = 43.548 us, max = 101.032 us, min = 18.283 us, total = 261.288 us
	ray::rpc::NodeInfoGcsService.grpc_client.GetAllNodeInfo.OnReplyReceived - 1 total (0 active), Execution time: mean = 62.985 us, total = 62.985 us, Queueing time: mean = 309.221 us, max = 309.221 us, min = 309.221 us, total = 309.221 us
	ray::rpc::InternalPubSubGcsService.grpc_client.GcsSubscriberCommandBatch - 1 total (0 active), Execution time: mean = 521.302 us, total = 521.302 us, Queueing time: mean = 0.000 s, max = -0.000 s, min = 9223372036.855 s, total = 0.000 s
	ray::rpc::InternalPubSubGcsService.grpc_client.GcsSubscriberCommandBatch.OnReplyReceived - 1 total (0 active), Execution time: mean = 158.175 us, total = 158.175 us, Queueing time: mean = 34.006 us, max = 34.006 us, min = 34.006 us, total = 34.006 us
	ray::rpc::WorkerInfoGcsService.grpc_client.AddWorkerInfo.OnReplyReceived - 1 total (0 active), Execution time: mean = 55.237 us, total = 55.237 us, Queueing time: mean = 26.336 us, max = 26.336 us, min = 26.336 us, total = 26.336 us
	ray::rpc::WorkerInfoGcsService.grpc_client.AddWorkerInfo - 1 total (0 active), Execution time: mean = 700.894 us, total = 700.894 us, Queueing time: mean = 0.000 s, max = -0.000 s, min = 9223372036.855 s, total = 0.000 s
	ray::rpc::NodeInfoGcsService.grpc_client.GetAllNodeInfo - 1 total (0 active), Execution time: mean = 494.108 us, total = 494.108 us, Queueing time: mean = 0.000 s, max = -0.000 s, min = 9223372036.855 s, total = 0.000 s

-----------------
Task Event stats:

IO Service Stats:

Global stats: 7012 total (1 active)
Queueing time: mean = 519.192 us, max = 64.447 ms, min = -0.019 s, total = 3.641 s
Execution time:  mean = 260.305 us, total = 1.825 s
Event stats:
	ray::rpc::TaskInfoGcsService.grpc_client.AddTaskEventData - 2337 total (0 active), Execution time: mean = 606.678 us, total = 1.418 s, Queueing time: mean = 0.000 s, max = -0.000 s, min = 9223372036.855 s, total = 0.000 s
	ray::rpc::TaskInfoGcsService.grpc_client.AddTaskEventData.OnReplyReceived - 2337 total (0 active), Execution time: mean = 24.474 us, total = 57.196 ms, Queueing time: mean = 32.563 us, max = 4.958 ms, min = 9.249 us, total = 76.100 ms
	CoreWorker.deadline_timer.flush_task_events - 2337 total (1 active), Execution time: mean = 149.807 us, total = 350.099 ms, Queueing time: mean = 1.525 ms, max = 64.447 ms, min = -0.019 s, total = 3.564 s
	PeriodicalRunner.RunFnPeriodically - 1 total (0 active), Execution time: mean = 153.881 us, total = 153.881 us, Queueing time: mean = 25.966 us, max = 25.966 us, min = 25.966 us, total = 25.966 us
Other Stats:
	grpc_in_progress:0
	current number of task status events in buffer: 0
	current number of profile events in buffer: 0
	current number of dropped task attempts tracked: 0
	total task events sent: 0 MiB
	total number of task attempts sent: 0
	total number of task attempts dropped reported: 0
	total number of sent failure: 0
	num status task events dropped: 0
	num profile task events dropped: 0


[2025-02-16 16:58:37,802 I 583 1610] core_worker.cc:642: Event stats:


Global stats: 34341 total (8 active)
Queueing time: mean = 311.183 us, max = 76.176 ms, min = -0.073 s, total = 10.686 s
Execution time:  mean = 61.237 ms, total = 2102.956 s
Event stats:
	CoreWorker.RecoverObjects - 23957 total (1 active), Execution time: mean = 5.526 us, total = 132.376 ms, Queueing time: mean = 183.120 us, max = 30.392 ms, min = -0.056 s, total = 4.387 s
	CoreWorker.ExitIfParentRayletDies - 2398 total (1 active), Execution time: mean = 8.016 us, total = 19.223 ms, Queueing time: mean = 991.058 us, max = 63.178 ms, min = -0.064 s, total = 2.377 s
	CoreWorker.InternalHeartbeat - 2397 total (1 active), Execution time: mean = 117.038 us, total = 280.539 ms, Queueing time: mean = 1.284 ms, max = 63.108 ms, min = -0.053 s, total = 3.078 s
	NodeManagerService.grpc_client.ReportWorkerBacklog.OnReplyReceived - 2397 total (0 active), Execution time: mean = 14.673 us, total = 35.170 ms, Queueing time: mean = 34.706 us, max = 6.710 ms, min = 1.231 us, total = 83.191 ms
	NodeManagerService.grpc_client.ReportWorkerBacklog - 2397 total (0 active), Execution time: mean = 548.768 us, total = 1.315 s, Queueing time: mean = 0.000 s, max = -0.000 s, min = 9223372036.855 s, total = 0.000 s
	CoreWorker.RecordMetrics - 480 total (1 active), Execution time: mean = 21.424 us, total = 10.283 ms, Queueing time: mean = 710.789 us, max = 76.176 ms, min = -0.068 s, total = 341.179 ms
	CoreWorker.GCStreamingGeneratorMetadata - 240 total (1 active), Execution time: mean = 3.778 us, total = 906.794 us, Queueing time: mean = 1.462 ms, max = 72.105 ms, min = -0.069 s, total = 350.787 ms
	CoreWorker.PrintEventStats - 40 total (1 active, 1 running), Execution time: mean = 285.615 us, total = 11.425 ms, Queueing time: mean = 1.647 ms, max = 62.822 ms, min = -0.042 s, total = 65.891 ms
	Publisher.CheckDeadSubscribers - 9 total (1 active), Execution time: mean = 4.532 us, total = 40.786 us, Queueing time: mean = 105.392 us, max = 50.723 ms, min = -0.073 s, total = 948.526 us
	ray::rpc::InternalPubSubGcsService.grpc_client.GcsSubscriberPoll - 7 total (1 active), Execution time: mean = 300.164 s, total = 2101.146 s, Queueing time: mean = 0.000 s, max = -0.000 s, min = 9223372036.855 s, total = 0.000 s
	PeriodicalRunner.RunFnPeriodically - 7 total (0 active), Execution time: mean = 86.804 us, total = 607.626 us, Queueing time: mean = 247.518 us, max = 588.162 us, min = 36.496 us, total = 1.733 ms
	ray::rpc::InternalPubSubGcsService.grpc_client.GcsSubscriberPoll.OnReplyReceived - 6 total (0 active), Execution time: mean = 437.598 us, total = 2.626 ms, Queueing time: mean = 43.548 us, max = 101.032 us, min = 18.283 us, total = 261.288 us
	ray::rpc::NodeInfoGcsService.grpc_client.GetAllNodeInfo.OnReplyReceived - 1 total (0 active), Execution time: mean = 62.985 us, total = 62.985 us, Queueing time: mean = 309.221 us, max = 309.221 us, min = 309.221 us, total = 309.221 us
	ray::rpc::InternalPubSubGcsService.grpc_client.GcsSubscriberCommandBatch - 1 total (0 active), Execution time: mean = 521.302 us, total = 521.302 us, Queueing time: mean = 0.000 s, max = -0.000 s, min = 9223372036.855 s, total = 0.000 s
	ray::rpc::InternalPubSubGcsService.grpc_client.GcsSubscriberCommandBatch.OnReplyReceived - 1 total (0 active), Execution time: mean = 158.175 us, total = 158.175 us, Queueing time: mean = 34.006 us, max = 34.006 us, min = 34.006 us, total = 34.006 us
	ray::rpc::WorkerInfoGcsService.grpc_client.AddWorkerInfo.OnReplyReceived - 1 total (0 active), Execution time: mean = 55.237 us, total = 55.237 us, Queueing time: mean = 26.336 us, max = 26.336 us, min = 26.336 us, total = 26.336 us
	ray::rpc::WorkerInfoGcsService.grpc_client.AddWorkerInfo - 1 total (0 active), Execution time: mean = 700.894 us, total = 700.894 us, Queueing time: mean = 0.000 s, max = -0.000 s, min = 9223372036.855 s, total = 0.000 s
	ray::rpc::NodeInfoGcsService.grpc_client.GetAllNodeInfo - 1 total (0 active), Execution time: mean = 494.108 us, total = 494.108 us, Queueing time: mean = 0.000 s, max = -0.000 s, min = 9223372036.855 s, total = 0.000 s

-----------------
Task Event stats:

IO Service Stats:

Global stats: 7192 total (1 active)
Queueing time: mean = 522.170 us, max = 64.447 ms, min = -0.019 s, total = 3.755 s
Execution time:  mean = 258.907 us, total = 1.862 s
Event stats:
	ray::rpc::TaskInfoGcsService.grpc_client.AddTaskEventData - 2397 total (0 active), Execution time: mean = 603.313 us, total = 1.446 s, Queueing time: mean = 0.000 s, max = -0.000 s, min = 9223372036.855 s, total = 0.000 s
	ray::rpc::TaskInfoGcsService.grpc_client.AddTaskEventData.OnReplyReceived - 2397 total (0 active), Execution time: mean = 24.304 us, total = 58.258 ms, Queueing time: mean = 32.340 us, max = 4.958 ms, min = 9.249 us, total = 77.518 ms
	CoreWorker.deadline_timer.flush_task_events - 2397 total (1 active), Execution time: mean = 149.146 us, total = 357.504 ms, Queueing time: mean = 1.534 ms, max = 64.447 ms, min = -0.019 s, total = 3.678 s
	PeriodicalRunner.RunFnPeriodically - 1 total (0 active), Execution time: mean = 153.881 us, total = 153.881 us, Queueing time: mean = 25.966 us, max = 25.966 us, min = 25.966 us, total = 25.966 us
Other Stats:
	grpc_in_progress:0
	current number of task status events in buffer: 0
	current number of profile events in buffer: 0
	current number of dropped task attempts tracked: 0
	total task events sent: 0 MiB
	total number of task attempts sent: 0
	total number of task attempts dropped reported: 0
	total number of sent failure: 0
	num status task events dropped: 0
	num profile task events dropped: 0


[2025-02-16 16:59:27,195 I 583 1610] raylet_client.cc:369: Error reporting task backlog information: RpcError: RPC Error message: failed to connect to all addresses; last error: UNKNOWN: ipv4:172.19.0.2:41617: Failed to connect to remote host: Connection refused; RPC Error details: 
[2025-02-16 16:59:27,868 W 583 1625] task_event_buffer.cc:475: [1] GCS hasn't replied to the previous flush events call (likely overloaded). Skipping reporting task state events and retry later.[cur_status_events_size=0][cur_profile_events_size=0]
[2025-02-16 16:59:28,195 I 583 1610] raylet_client.cc:369: Error reporting task backlog information: RpcError: RPC Error message: failed to connect to all addresses; last error: UNKNOWN: ipv4:172.19.0.2:41617: Failed to connect to remote host: Connection refused; RPC Error details: 
[2025-02-16 16:59:29,195 I 583 1610] raylet_client.cc:369: Error reporting task backlog information: RpcError: RPC Error message: failed to connect to all addresses; last error: UNKNOWN: ipv4:172.19.0.2:41617: Failed to connect to remote host: Connection refused; RPC Error details: 
[2025-02-16 16:59:30,195 I 583 1610] raylet_client.cc:369: Error reporting task backlog information: RpcError: RPC Error message: failed to connect to all addresses; last error: UNKNOWN: ipv4:172.19.0.2:41617: Failed to connect to remote host: Connection refused; RPC Error details: 
[2025-02-16 16:59:31,195 I 583 1610] raylet_client.cc:369: Error reporting task backlog information: RpcError: RPC Error message: failed to connect to all addresses; last error: UNKNOWN: ipv4:172.19.0.2:41617: Failed to connect to remote host: Connection refused; RPC Error details: 
[2025-02-16 16:59:32,195 I 583 1610] raylet_client.cc:369: Error reporting task backlog information: RpcError: RPC Error message: failed to connect to all addresses; last error: UNKNOWN: ipv4:172.19.0.2:41617: Failed to connect to remote host: Connection refused; RPC Error details: 
[2025-02-16 16:59:33,196 I 583 1610] raylet_client.cc:369: Error reporting task backlog information: RpcError: RPC Error message: failed to connect to all addresses; last error: UNKNOWN: ipv4:172.19.0.2:41617: Failed to connect to remote host: Connection refused; RPC Error details: 
[2025-02-16 16:59:34,196 I 583 1610] raylet_client.cc:369: Error reporting task backlog information: RpcError: RPC Error message: failed to connect to all addresses; last error: UNKNOWN: ipv4:172.19.0.2:41617: Failed to connect to remote host: Connection refused; RPC Error details: 
[2025-02-16 16:59:35,196 I 583 1610] raylet_client.cc:369: Error reporting task backlog information: RpcError: RPC Error message: failed to connect to all addresses; last error: UNKNOWN: ipv4:172.19.0.2:41617: Failed to connect to remote host: Connection refused; RPC Error details: 
[2025-02-16 16:59:36,196 I 583 1610] raylet_client.cc:369: Error reporting task backlog information: RpcError: RPC Error message: failed to connect to all addresses; last error: UNKNOWN: ipv4:172.19.0.2:41617: Failed to connect to remote host: Connection refused; RPC Error details: 
